config.CONGESTION_TYPE, slugifiedstring, i, key, value[2], value[0], value[1] : NON-RECURRENT-MMM non-recurrent-mmm-auckland-20-1-2-3-4-5-6-7-8-9-10-11-12-13-14-15-16-17-18-19-20-21-22-23-24 0 mean_lanes -0.00038266504116402626 0.005941615801498339 -15.526936517181127
config.CONGESTION_TYPE, slugifiedstring, i, key, value[2], value[0], value[1] : NON-RECURRENT-MMM non-recurrent-mmm-auckland-20-1-2-3-4-5-6-7-8-9-10-11-12-13-14-15-16-17-18-19-20-21-22-23-24 1 streets_per_node_count_6 -0.0008995630245271436 0.007967558217240418 -8.857142857142861
config.CONGESTION_TYPE, slugifiedstring, i, key, value[2], value[0], value[1] : NON-RECURRENT-MMM non-recurrent-mmm-auckland-20-1-2-3-4-5-6-7-8-9-10-11-12-13-14-15-16-17-18-19-20-21-22-23-24 2 streets_per_node_avg 0.0041170283583228315 0.007401891410176138 1.7978723404255277
config.CONGESTION_TYPE, slugifiedstring, i, key, value[2], value[0], value[1] : NON-RECURRENT-MMM non-recurrent-mmm-auckland-20-1-2-3-4-5-6-7-8-9-10-11-12-13-14-15-16-17-18-19-20-21-22-23-24 3 n -0.00015039421149518636 0.002765926483762942 -18.391176470588235
config.CONGESTION_TYPE, slugifiedstring, i, key, value[2], value[0], value[1] : NON-RECURRENT-MMM non-recurrent-mmm-auckland-20-1-2-3-4-5-6-7-8-9-10-11-12-13-14-15-16-17-18-19-20-21-22-23-24 4 m -0.0005513990751274858 0.0028897076423679744 -5.240682788051217
config.CONGESTION_TYPE, slugifiedstring, i, key, value[2], value[0], value[1] : NON-RECURRENT-MMM non-recurrent-mmm-auckland-20-1-2-3-4-5-6-7-8-9-10-11-12-13-14-15-16-17-18-19-20-21-22-23-24 5 k_avg 0.007644334299797665 0.02951480939365546 3.861004534356468
config.CONGESTION_TYPE, slugifiedstring, i, key, value[2], value[0], value[1] : NON-RECURRENT-MMM non-recurrent-mmm-auckland-20-1-2-3-4-5-6-7-8-9-10-11-12-13-14-15-16-17-18-19-20-21-22-23-24 6 non_metered_count 0.06255817791910724 0.004749475322699443 0.07592093441149927
config.CONGESTION_TYPE, slugifiedstring, i, key, value[2], value[0], value[1] : NON-RECURRENT-MMM non-recurrent-mmm-auckland-20-1-2-3-4-5-6-7-8-9-10-11-12-13-14-15-16-17-18-19-20-21-22-23-24 7 streets_per_node_count_3 -0.0006717284230827758 0.008544674457063695 -12.72043010752688
config.CONGESTION_TYPE, slugifiedstring, i, key, value[2], value[0], value[1] : NON-RECURRENT-MMM non-recurrent-mmm-auckland-20-1-2-3-4-5-6-7-8-9-10-11-12-13-14-15-16-17-18-19-20-21-22-23-24 8 global_betweenness -0.011699920865698599 0.03093713769045607 -2.6442176870748284
config.CONGESTION_TYPE, slugifiedstring, i, key, value[2], value[0], value[1] : NON-RECURRENT-MMM non-recurrent-mmm-auckland-20-1-2-3-4-5-6-7-8-9-10-11-12-13-14-15-16-17-18-19-20-21-22-23-24 9 betweenness -0.0010249439812705587 0.007648478073221596 -7.46233766233766
config.CONGESTION_TYPE, slugifiedstring, i, key, value[2], value[0], value[1] : NON-RECURRENT-MMM non-recurrent-mmm-auckland-20-1-2-3-4-5-6-7-8-9-10-11-12-13-14-15-16-17-18-19-20-21-22-23-24 10 metered_count -0.004852619079765544 0.03621188211991273 -7.46233766233766
config.CONGESTION_TYPE, slugifiedstring, i, key, value[2], value[0], value[1] : NON-RECURRENT-MMM non-recurrent-mmm-auckland-20-1-2-3-4-5-6-7-8-9-10-11-12-13-14-15-16-17-18-19-20-21-22-23-24 11 total_crossings 0.003319043863901032 0.011854871423672598 3.5717730496453868
config.CONGESTION_TYPE, slugifiedstring, i, key, value[2], value[0], value[1] : NON-RECURRENT-MMM non-recurrent-mmm-auckland-20-1-2-3-4-5-6-7-8-9-10-11-12-13-14-15-16-17-18-19-20-21-22-23-24 12 streets_per_node_count_2 -0.0001865490908465168 0.002303844956617841 -12.349805330937414
config.CONGESTION_TYPE, slugifiedstring, i, key, value[2], value[0], value[1] : NON-RECURRENT-MMM non-recurrent-mmm-auckland-20-1-2-3-4-5-6-7-8-9-10-11-12-13-14-15-16-17-18-19-20-21-22-23-24 13 streets_per_node_count_5 -0.00017326447754946735 0.003239163860371684 -18.694910267725803
config.CONGESTION_TYPE, slugifiedstring, i, key, value[2], value[0], value[1] : NON-RECURRENT-MMM non-recurrent-mmm-auckland-20-1-2-3-4-5-6-7-8-9-10-11-12-13-14-15-16-17-18-19-20-21-22-23-24 14 circuity_avg -0.00010488786625923957 0.002587023697764376 -24.664661319073076
config.CONGESTION_TYPE, slugifiedstring, i, key, value[2], value[0], value[1] : NON-RECURRENT-MMM non-recurrent-mmm-auckland-20-1-2-3-4-5-6-7-8-9-10-11-12-13-14-15-16-17-18-19-20-21-22-23-24 15 streets_per_node_count_1 -0.00010488786625923957 0.002587023697764376 -24.664661319073076
config.CONGESTION_TYPE, slugifiedstring, i, key, value[2], value[0], value[1] : NON-RECURRENT-MMM non-recurrent-mmm-auckland-20-1-2-3-4-5-6-7-8-9-10-11-12-13-14-15-16-17-18-19-20-21-22-23-24 16 streets_per_node_count_4 -0.00010488786625923957 0.002587023697764376 -24.664661319073076
config.CONGESTION_TYPE, slugifiedstring, i, key, value[2], value[0], value[1] : NON-RECURRENT-MMM non-recurrent-mmm-auckland-30-1-2-3-4-5-6-7-8-9-10-11-12-13-14-15-16-17-18-19-20-21-22-23-24 0 mean_lanes -0.00011396420620765347 0.004526670233439511 -39.72010497042811
config.CONGESTION_TYPE, slugifiedstring, i, key, value[2], value[0], value[1] : NON-RECURRENT-MMM non-recurrent-mmm-auckland-30-1-2-3-4-5-6-7-8-9-10-11-12-13-14-15-16-17-18-19-20-21-22-23-24 1 streets_per_node_count_6 -0.00136837511752258 0.012106823111696837 -8.847590808005947
config.CONGESTION_TYPE, slugifiedstring, i, key, value[2], value[0], value[1] : NON-RECURRENT-MMM non-recurrent-mmm-auckland-30-1-2-3-4-5-6-7-8-9-10-11-12-13-14-15-16-17-18-19-20-21-22-23-24 2 streets_per_node_avg -0.0003779677635508076 0.005418061452464813 -14.334718393878319
config.CONGESTION_TYPE, slugifiedstring, i, key, value[2], value[0], value[1] : NON-RECURRENT-MMM non-recurrent-mmm-auckland-30-1-2-3-4-5-6-7-8-9-10-11-12-13-14-15-16-17-18-19-20-21-22-23-24 3 n -0.00013324269313702986 0.0027216379636573395 -20.42617046818728
config.CONGESTION_TYPE, slugifiedstring, i, key, value[2], value[0], value[1] : NON-RECURRENT-MMM non-recurrent-mmm-auckland-30-1-2-3-4-5-6-7-8-9-10-11-12-13-14-15-16-17-18-19-20-21-22-23-24 4 m -5.9280829863657896e-05 0.0024044227853761303 -40.559870550161804
config.CONGESTION_TYPE, slugifiedstring, i, key, value[2], value[0], value[1] : NON-RECURRENT-MMM non-recurrent-mmm-auckland-30-1-2-3-4-5-6-7-8-9-10-11-12-13-14-15-16-17-18-19-20-21-22-23-24 5 k_avg 0.0025152001445736556 0.02590798608327486 10.300566393958462
config.CONGESTION_TYPE, slugifiedstring, i, key, value[2], value[0], value[1] : NON-RECURRENT-MMM non-recurrent-mmm-auckland-30-1-2-3-4-5-6-7-8-9-10-11-12-13-14-15-16-17-18-19-20-21-22-23-24 6 non_metered_count -6.386188154795511e-05 0.0026343589891016893 -41.25088276836158
config.CONGESTION_TYPE, slugifiedstring, i, key, value[2], value[0], value[1] : NON-RECURRENT-MMM non-recurrent-mmm-auckland-30-1-2-3-4-5-6-7-8-9-10-11-12-13-14-15-16-17-18-19-20-21-22-23-24 7 streets_per_node_count_3 -0.0016641503277286074 0.01116958874408738 -6.711886875828526
config.CONGESTION_TYPE, slugifiedstring, i, key, value[2], value[0], value[1] : NON-RECURRENT-MMM non-recurrent-mmm-auckland-30-1-2-3-4-5-6-7-8-9-10-11-12-13-14-15-16-17-18-19-20-21-22-23-24 8 global_betweenness -0.005916564261156049 0.03819373371161079 -6.4553906669050605
config.CONGESTION_TYPE, slugifiedstring, i, key, value[2], value[0], value[1] : NON-RECURRENT-MMM non-recurrent-mmm-auckland-30-1-2-3-4-5-6-7-8-9-10-11-12-13-14-15-16-17-18-19-20-21-22-23-24 9 betweenness -0.00114028881611181 0.006684223914607952 -5.861869221343426
config.CONGESTION_TYPE, slugifiedstring, i, key, value[2], value[0], value[1] : NON-RECURRENT-MMM non-recurrent-mmm-auckland-30-1-2-3-4-5-6-7-8-9-10-11-12-13-14-15-16-17-18-19-20-21-22-23-24 10 metered_count -0.003253726897689119 0.0342998688907267 -10.54171722743152
config.CONGESTION_TYPE, slugifiedstring, i, key, value[2], value[0], value[1] : NON-RECURRENT-MMM non-recurrent-mmm-auckland-30-1-2-3-4-5-6-7-8-9-10-11-12-13-14-15-16-17-18-19-20-21-22-23-24 11 total_crossings 0.0007316737249041826 0.010040774212912702 13.723021438589456
config.CONGESTION_TYPE, slugifiedstring, i, key, value[2], value[0], value[1] : NON-RECURRENT-MMM non-recurrent-mmm-auckland-30-1-2-3-4-5-6-7-8-9-10-11-12-13-14-15-16-17-18-19-20-21-22-23-24 12 streets_per_node_count_2 -0.00032096188674982464 0.0028976148800697364 -9.02790954219526
config.CONGESTION_TYPE, slugifiedstring, i, key, value[2], value[0], value[1] : NON-RECURRENT-MMM non-recurrent-mmm-auckland-30-1-2-3-4-5-6-7-8-9-10-11-12-13-14-15-16-17-18-19-20-21-22-23-24 13 streets_per_node_count_5 -0.00021476658423375715 0.005836761237725191 -27.177231777231782
config.CONGESTION_TYPE, slugifiedstring, i, key, value[2], value[0], value[1] : NON-RECURRENT-MMM non-recurrent-mmm-auckland-30-1-2-3-4-5-6-7-8-9-10-11-12-13-14-15-16-17-18-19-20-21-22-23-24 14 circuity_avg -2.989647346102457e-05 0.001087478127607926 -36.374796145292834
config.CONGESTION_TYPE, slugifiedstring, i, key, value[2], value[0], value[1] : NON-RECURRENT-MMM non-recurrent-mmm-auckland-30-1-2-3-4-5-6-7-8-9-10-11-12-13-14-15-16-17-18-19-20-21-22-23-24 15 streets_per_node_count_1 -2.989647346102457e-05 0.001087478127607926 -36.374796145292834
config.CONGESTION_TYPE, slugifiedstring, i, key, value[2], value[0], value[1] : NON-RECURRENT-MMM non-recurrent-mmm-auckland-30-1-2-3-4-5-6-7-8-9-10-11-12-13-14-15-16-17-18-19-20-21-22-23-24 16 streets_per_node_count_4 -2.989647346102457e-05 0.001087478127607926 -36.374796145292834
config.CONGESTION_TYPE, slugifiedstring, i, key, value[2], value[0], value[1] : NON-RECURRENT-MMM non-recurrent-mmm-auckland-40-1-2-3-4-5-6-7-8-9-10-11-12-13-14-15-16-17-18-19-20-21-22-23-24 0 mean_lanes -9.040637131044992e-05 0.006232197494441619 -68.93537926702794
config.CONGESTION_TYPE, slugifiedstring, i, key, value[2], value[0], value[1] : NON-RECURRENT-MMM non-recurrent-mmm-auckland-40-1-2-3-4-5-6-7-8-9-10-11-12-13-14-15-16-17-18-19-20-21-22-23-24 1 streets_per_node_count_6 -0.0005259153393710897 0.011583214214558605 -22.024864740416717
config.CONGESTION_TYPE, slugifiedstring, i, key, value[2], value[0], value[1] : NON-RECURRENT-MMM non-recurrent-mmm-auckland-40-1-2-3-4-5-6-7-8-9-10-11-12-13-14-15-16-17-18-19-20-21-22-23-24 2 streets_per_node_avg -0.002151456094500245 0.009688686294589115 -4.503315833103102
config.CONGESTION_TYPE, slugifiedstring, i, key, value[2], value[0], value[1] : NON-RECURRENT-MMM non-recurrent-mmm-auckland-40-1-2-3-4-5-6-7-8-9-10-11-12-13-14-15-16-17-18-19-20-21-22-23-24 3 n -0.00016161149361963308 0.005068098919139088 -31.359767833513786
config.CONGESTION_TYPE, slugifiedstring, i, key, value[2], value[0], value[1] : NON-RECURRENT-MMM non-recurrent-mmm-auckland-40-1-2-3-4-5-6-7-8-9-10-11-12-13-14-15-16-17-18-19-20-21-22-23-24 4 m -8.555610948845951e-05 0.0032546029431381623 -38.04056732590405
config.CONGESTION_TYPE, slugifiedstring, i, key, value[2], value[0], value[1] : NON-RECURRENT-MMM non-recurrent-mmm-auckland-40-1-2-3-4-5-6-7-8-9-10-11-12-13-14-15-16-17-18-19-20-21-22-23-24 5 k_avg 0.0034137578640586284 0.02511537154749719 7.357103973870437
config.CONGESTION_TYPE, slugifiedstring, i, key, value[2], value[0], value[1] : NON-RECURRENT-MMM non-recurrent-mmm-auckland-40-1-2-3-4-5-6-7-8-9-10-11-12-13-14-15-16-17-18-19-20-21-22-23-24 6 non_metered_count -0.00013271531642917262 0.0026788403604875695 -20.18486209854467
config.CONGESTION_TYPE, slugifiedstring, i, key, value[2], value[0], value[1] : NON-RECURRENT-MMM non-recurrent-mmm-auckland-40-1-2-3-4-5-6-7-8-9-10-11-12-13-14-15-16-17-18-19-20-21-22-23-24 7 streets_per_node_count_3 -0.00020160458328924777 0.006964532419639218 -34.54550638686129
config.CONGESTION_TYPE, slugifiedstring, i, key, value[2], value[0], value[1] : NON-RECURRENT-MMM non-recurrent-mmm-auckland-40-1-2-3-4-5-6-7-8-9-10-11-12-13-14-15-16-17-18-19-20-21-22-23-24 8 global_betweenness -0.0050534959464642575 0.04779095618044425 -9.457008907641807
config.CONGESTION_TYPE, slugifiedstring, i, key, value[2], value[0], value[1] : NON-RECURRENT-MMM non-recurrent-mmm-auckland-40-1-2-3-4-5-6-7-8-9-10-11-12-13-14-15-16-17-18-19-20-21-22-23-24 9 betweenness -0.0005557044979800805 0.008242891414509691 -14.8332278116726
config.CONGESTION_TYPE, slugifiedstring, i, key, value[2], value[0], value[1] : NON-RECURRENT-MMM non-recurrent-mmm-auckland-40-1-2-3-4-5-6-7-8-9-10-11-12-13-14-15-16-17-18-19-20-21-22-23-24 10 metered_count -0.0012063211606688923 0.03456964488176893 -28.657082383103045
config.CONGESTION_TYPE, slugifiedstring, i, key, value[2], value[0], value[1] : NON-RECURRENT-MMM non-recurrent-mmm-auckland-40-1-2-3-4-5-6-7-8-9-10-11-12-13-14-15-16-17-18-19-20-21-22-23-24 11 total_crossings 0.0006498475429937973 0.011891044730293447 18.29820680018628
config.CONGESTION_TYPE, slugifiedstring, i, key, value[2], value[0], value[1] : NON-RECURRENT-MMM non-recurrent-mmm-auckland-40-1-2-3-4-5-6-7-8-9-10-11-12-13-14-15-16-17-18-19-20-21-22-23-24 12 streets_per_node_count_2 -0.00012502723232750128 0.003609058976106223 -28.86618306204292
config.CONGESTION_TYPE, slugifiedstring, i, key, value[2], value[0], value[1] : NON-RECURRENT-MMM non-recurrent-mmm-auckland-40-1-2-3-4-5-6-7-8-9-10-11-12-13-14-15-16-17-18-19-20-21-22-23-24 13 streets_per_node_count_5 -8.842137270428382e-05 0.004714200646118801 -53.31517145616999
config.CONGESTION_TYPE, slugifiedstring, i, key, value[2], value[0], value[1] : NON-RECURRENT-MMM non-recurrent-mmm-auckland-40-1-2-3-4-5-6-7-8-9-10-11-12-13-14-15-16-17-18-19-20-21-22-23-24 14 circuity_avg -6.673646506565736e-05 0.0025361856533406397 -38.00299657534248
config.CONGESTION_TYPE, slugifiedstring, i, key, value[2], value[0], value[1] : NON-RECURRENT-MMM non-recurrent-mmm-auckland-40-1-2-3-4-5-6-7-8-9-10-11-12-13-14-15-16-17-18-19-20-21-22-23-24 15 streets_per_node_count_1 -6.673646506565736e-05 0.0025361856533406397 -38.00299657534248
config.CONGESTION_TYPE, slugifiedstring, i, key, value[2], value[0], value[1] : NON-RECURRENT-MMM non-recurrent-mmm-auckland-40-1-2-3-4-5-6-7-8-9-10-11-12-13-14-15-16-17-18-19-20-21-22-23-24 16 streets_per_node_count_4 -6.673646506565736e-05 0.0025361856533406397 -38.00299657534248
config.CONGESTION_TYPE, slugifiedstring, i, key, value[2], value[0], value[1] : NON-RECURRENT-MMM non-recurrent-mmm-auckland-60-1-2-3-4-5-6-7-8-9-10-11-12-13-14-15-16-17-18-19-20-21-22-23-24 0 mean_lanes -6.85735639548713e-05 0.006619316116763075 -96.52868736878384
config.CONGESTION_TYPE, slugifiedstring, i, key, value[2], value[0], value[1] : NON-RECURRENT-MMM non-recurrent-mmm-auckland-60-1-2-3-4-5-6-7-8-9-10-11-12-13-14-15-16-17-18-19-20-21-22-23-24 1 streets_per_node_count_6 -0.00020347397492307632 0.011581328811581797 -56.91798578152384
config.CONGESTION_TYPE, slugifiedstring, i, key, value[2], value[0], value[1] : NON-RECURRENT-MMM non-recurrent-mmm-auckland-60-1-2-3-4-5-6-7-8-9-10-11-12-13-14-15-16-17-18-19-20-21-22-23-24 2 streets_per_node_avg -0.00014566874271943405 0.006435909905604079 -44.18181818181813
config.CONGESTION_TYPE, slugifiedstring, i, key, value[2], value[0], value[1] : NON-RECURRENT-MMM non-recurrent-mmm-auckland-60-1-2-3-4-5-6-7-8-9-10-11-12-13-14-15-16-17-18-19-20-21-22-23-24 3 n -0.0008402204035138155 0.007915757804496559 -9.421049252544606
config.CONGESTION_TYPE, slugifiedstring, i, key, value[2], value[0], value[1] : NON-RECURRENT-MMM non-recurrent-mmm-auckland-60-1-2-3-4-5-6-7-8-9-10-11-12-13-14-15-16-17-18-19-20-21-22-23-24 4 m -3.500856022408221e-05 0.002994428836623388 -85.53418985118776
config.CONGESTION_TYPE, slugifiedstring, i, key, value[2], value[0], value[1] : NON-RECURRENT-MMM non-recurrent-mmm-auckland-60-1-2-3-4-5-6-7-8-9-10-11-12-13-14-15-16-17-18-19-20-21-22-23-24 5 k_avg 0.002003005051528255 0.019436977158978998 9.703908207395159
config.CONGESTION_TYPE, slugifiedstring, i, key, value[2], value[0], value[1] : NON-RECURRENT-MMM non-recurrent-mmm-auckland-60-1-2-3-4-5-6-7-8-9-10-11-12-13-14-15-16-17-18-19-20-21-22-23-24 6 non_metered_count -2.5908111982921583e-05 0.001760242692345721 -67.94175868569886
config.CONGESTION_TYPE, slugifiedstring, i, key, value[2], value[0], value[1] : NON-RECURRENT-MMM non-recurrent-mmm-auckland-60-1-2-3-4-5-6-7-8-9-10-11-12-13-14-15-16-17-18-19-20-21-22-23-24 7 streets_per_node_count_3 -0.00021142899206419834 0.008801568387953535 -41.62895685224203
config.CONGESTION_TYPE, slugifiedstring, i, key, value[2], value[0], value[1] : NON-RECURRENT-MMM non-recurrent-mmm-auckland-60-1-2-3-4-5-6-7-8-9-10-11-12-13-14-15-16-17-18-19-20-21-22-23-24 8 global_betweenness -0.048988401612624584 0.04862006776591291 -0.9924812030075145
config.CONGESTION_TYPE, slugifiedstring, i, key, value[2], value[0], value[1] : NON-RECURRENT-MMM non-recurrent-mmm-auckland-60-1-2-3-4-5-6-7-8-9-10-11-12-13-14-15-16-17-18-19-20-21-22-23-24 9 betweenness -0.00034573280140615884 0.014010260818114946 -40.523377478598036
config.CONGESTION_TYPE, slugifiedstring, i, key, value[2], value[0], value[1] : NON-RECURRENT-MMM non-recurrent-mmm-auckland-60-1-2-3-4-5-6-7-8-9-10-11-12-13-14-15-16-17-18-19-20-21-22-23-24 10 metered_count -0.0006906336782327683 0.03473727361621039 -50.29768270944743
config.CONGESTION_TYPE, slugifiedstring, i, key, value[2], value[0], value[1] : NON-RECURRENT-MMM non-recurrent-mmm-auckland-60-1-2-3-4-5-6-7-8-9-10-11-12-13-14-15-16-17-18-19-20-21-22-23-24 11 total_crossings -0.007362314068757998 0.010443451378512852 -1.4185012050531327
config.CONGESTION_TYPE, slugifiedstring, i, key, value[2], value[0], value[1] : NON-RECURRENT-MMM non-recurrent-mmm-auckland-60-1-2-3-4-5-6-7-8-9-10-11-12-13-14-15-16-17-18-19-20-21-22-23-24 12 streets_per_node_count_2 -0.0005194896635086354 0.007905536647254269 -15.217890176794356
config.CONGESTION_TYPE, slugifiedstring, i, key, value[2], value[0], value[1] : NON-RECURRENT-MMM non-recurrent-mmm-auckland-60-1-2-3-4-5-6-7-8-9-10-11-12-13-14-15-16-17-18-19-20-21-22-23-24 13 streets_per_node_count_5 -8.402421519708625e-05 0.004454456146554592 -53.01395718015658
config.CONGESTION_TYPE, slugifiedstring, i, key, value[2], value[0], value[1] : NON-RECURRENT-MMM non-recurrent-mmm-auckland-60-1-2-3-4-5-6-7-8-9-10-11-12-13-14-15-16-17-18-19-20-21-22-23-24 14 circuity_avg -6.131445676041519e-05 0.003022534645779845 -49.29562790697679
config.CONGESTION_TYPE, slugifiedstring, i, key, value[2], value[0], value[1] : NON-RECURRENT-MMM non-recurrent-mmm-auckland-60-1-2-3-4-5-6-7-8-9-10-11-12-13-14-15-16-17-18-19-20-21-22-23-24 15 streets_per_node_count_1 -6.131445676041519e-05 0.003022534645779845 -49.29562790697679
config.CONGESTION_TYPE, slugifiedstring, i, key, value[2], value[0], value[1] : NON-RECURRENT-MMM non-recurrent-mmm-auckland-60-1-2-3-4-5-6-7-8-9-10-11-12-13-14-15-16-17-18-19-20-21-22-23-24 16 streets_per_node_count_4 -6.131445676041519e-05 0.003022534645779845 -49.29562790697679
config.CONGESTION_TYPE, slugifiedstring, i, key, value[2], value[0], value[1] : NON-RECURRENT-MMM non-recurrent-mmm-auckland-70-1-2-3-4-5-6-7-8-9-10-11-12-13-14-15-16-17-18-19-20-21-22-23-24 0 mean_lanes -0.00013746058818079376 0.010847848019623685 -78.91605996444707
config.CONGESTION_TYPE, slugifiedstring, i, key, value[2], value[0], value[1] : NON-RECURRENT-MMM non-recurrent-mmm-auckland-70-1-2-3-4-5-6-7-8-9-10-11-12-13-14-15-16-17-18-19-20-21-22-23-24 1 streets_per_node_count_6 -0.00011889645401052279 0.009900523758752635 -83.27013485092164
config.CONGESTION_TYPE, slugifiedstring, i, key, value[2], value[0], value[1] : NON-RECURRENT-MMM non-recurrent-mmm-auckland-70-1-2-3-4-5-6-7-8-9-10-11-12-13-14-15-16-17-18-19-20-21-22-23-24 2 streets_per_node_avg -5.613802487975626e-05 0.00474285192442943 -84.48555029480087
config.CONGESTION_TYPE, slugifiedstring, i, key, value[2], value[0], value[1] : NON-RECURRENT-MMM non-recurrent-mmm-auckland-70-1-2-3-4-5-6-7-8-9-10-11-12-13-14-15-16-17-18-19-20-21-22-23-24 3 n -0.000525267138259127 0.014096604968319815 -26.837020520719534
config.CONGESTION_TYPE, slugifiedstring, i, key, value[2], value[0], value[1] : NON-RECURRENT-MMM non-recurrent-mmm-auckland-70-1-2-3-4-5-6-7-8-9-10-11-12-13-14-15-16-17-18-19-20-21-22-23-24 4 m -3.803607884788503e-05 0.004870740398127804 -128.0557971710756
config.CONGESTION_TYPE, slugifiedstring, i, key, value[2], value[0], value[1] : NON-RECURRENT-MMM non-recurrent-mmm-auckland-70-1-2-3-4-5-6-7-8-9-10-11-12-13-14-15-16-17-18-19-20-21-22-23-24 5 k_avg -0.0016168821523225264 0.019774413249718924 -12.22996569126235
config.CONGESTION_TYPE, slugifiedstring, i, key, value[2], value[0], value[1] : NON-RECURRENT-MMM non-recurrent-mmm-auckland-70-1-2-3-4-5-6-7-8-9-10-11-12-13-14-15-16-17-18-19-20-21-22-23-24 6 non_metered_count -1.2946192920185746e-05 0.0018670021536393421 -144.21244648133631
config.CONGESTION_TYPE, slugifiedstring, i, key, value[2], value[0], value[1] : NON-RECURRENT-MMM non-recurrent-mmm-auckland-70-1-2-3-4-5-6-7-8-9-10-11-12-13-14-15-16-17-18-19-20-21-22-23-24 7 streets_per_node_count_3 -4.915287643392924e-05 0.004951716751824608 -100.74113889307478
config.CONGESTION_TYPE, slugifiedstring, i, key, value[2], value[0], value[1] : NON-RECURRENT-MMM non-recurrent-mmm-auckland-70-1-2-3-4-5-6-7-8-9-10-11-12-13-14-15-16-17-18-19-20-21-22-23-24 8 global_betweenness -0.005984700219373838 0.0512090848771085 -8.556666666666615
config.CONGESTION_TYPE, slugifiedstring, i, key, value[2], value[0], value[1] : NON-RECURRENT-MMM non-recurrent-mmm-auckland-70-1-2-3-4-5-6-7-8-9-10-11-12-13-14-15-16-17-18-19-20-21-22-23-24 9 betweenness -0.0002885784123720067 0.013329256060973474 -46.18937345802124
config.CONGESTION_TYPE, slugifiedstring, i, key, value[2], value[0], value[1] : NON-RECURRENT-MMM non-recurrent-mmm-auckland-70-1-2-3-4-5-6-7-8-9-10-11-12-13-14-15-16-17-18-19-20-21-22-23-24 10 metered_count -0.0007686589579302703 0.035852843544894486 -46.643369175627186
config.CONGESTION_TYPE, slugifiedstring, i, key, value[2], value[0], value[1] : NON-RECURRENT-MMM non-recurrent-mmm-auckland-70-1-2-3-4-5-6-7-8-9-10-11-12-13-14-15-16-17-18-19-20-21-22-23-24 11 total_crossings 0.0028504863936930046 0.006335418037564822 2.2225743829483235
config.CONGESTION_TYPE, slugifiedstring, i, key, value[2], value[0], value[1] : NON-RECURRENT-MMM non-recurrent-mmm-auckland-70-1-2-3-4-5-6-7-8-9-10-11-12-13-14-15-16-17-18-19-20-21-22-23-24 12 streets_per_node_count_2 -0.00011623503325648344 0.007786981296127229 -66.99341048876829
config.CONGESTION_TYPE, slugifiedstring, i, key, value[2], value[0], value[1] : NON-RECURRENT-MMM non-recurrent-mmm-auckland-70-1-2-3-4-5-6-7-8-9-10-11-12-13-14-15-16-17-18-19-20-21-22-23-24 13 streets_per_node_count_5 -0.00035767258622831265 0.008779674497188276 -24.546679939244655
config.CONGESTION_TYPE, slugifiedstring, i, key, value[2], value[0], value[1] : NON-RECURRENT-MMM non-recurrent-mmm-auckland-70-1-2-3-4-5-6-7-8-9-10-11-12-13-14-15-16-17-18-19-20-21-22-23-24 14 circuity_avg -4.0048153410472876e-05 0.002463838930466762 -61.521911015813544
config.CONGESTION_TYPE, slugifiedstring, i, key, value[2], value[0], value[1] : NON-RECURRENT-MMM non-recurrent-mmm-auckland-70-1-2-3-4-5-6-7-8-9-10-11-12-13-14-15-16-17-18-19-20-21-22-23-24 15 streets_per_node_count_1 -4.0048153410472876e-05 0.002463838930466762 -61.521911015813544
config.CONGESTION_TYPE, slugifiedstring, i, key, value[2], value[0], value[1] : NON-RECURRENT-MMM non-recurrent-mmm-auckland-70-1-2-3-4-5-6-7-8-9-10-11-12-13-14-15-16-17-18-19-20-21-22-23-24 16 streets_per_node_count_4 -4.0048153410472876e-05 0.002463838930466762 -61.521911015813544
config.CONGESTION_TYPE, slugifiedstring, i, key, value[2], value[0], value[1] : NON-RECURRENT-MMM non-recurrent-mmm-auckland-80-1-2-3-4-5-6-7-8-9-10-11-12-13-14-15-16-17-18-19-20-21-22-23-24 0 mean_lanes -5.892837434585603e-05 0.00888115734890255 -150.7110529942371
config.CONGESTION_TYPE, slugifiedstring, i, key, value[2], value[0], value[1] : NON-RECURRENT-MMM non-recurrent-mmm-auckland-80-1-2-3-4-5-6-7-8-9-10-11-12-13-14-15-16-17-18-19-20-21-22-23-24 1 streets_per_node_count_6 -0.0001330259948166408 0.012982569873405424 -97.59423255056447
config.CONGESTION_TYPE, slugifiedstring, i, key, value[2], value[0], value[1] : NON-RECURRENT-MMM non-recurrent-mmm-auckland-80-1-2-3-4-5-6-7-8-9-10-11-12-13-14-15-16-17-18-19-20-21-22-23-24 2 streets_per_node_avg -0.0001648090692582606 0.0077774250985741256 -47.19051647811125
config.CONGESTION_TYPE, slugifiedstring, i, key, value[2], value[0], value[1] : NON-RECURRENT-MMM non-recurrent-mmm-auckland-80-1-2-3-4-5-6-7-8-9-10-11-12-13-14-15-16-17-18-19-20-21-22-23-24 3 n -0.000286836047190512 0.009787956403833304 -34.1238714579423
config.CONGESTION_TYPE, slugifiedstring, i, key, value[2], value[0], value[1] : NON-RECURRENT-MMM non-recurrent-mmm-auckland-80-1-2-3-4-5-6-7-8-9-10-11-12-13-14-15-16-17-18-19-20-21-22-23-24 4 m -4.3291032074917845e-05 0.00433105713604183 -100.04513471858706
config.CONGESTION_TYPE, slugifiedstring, i, key, value[2], value[0], value[1] : NON-RECURRENT-MMM non-recurrent-mmm-auckland-80-1-2-3-4-5-6-7-8-9-10-11-12-13-14-15-16-17-18-19-20-21-22-23-24 5 k_avg -0.0005686811862021289 0.01606719819527378 -28.25343722477737
config.CONGESTION_TYPE, slugifiedstring, i, key, value[2], value[0], value[1] : NON-RECURRENT-MMM non-recurrent-mmm-auckland-80-1-2-3-4-5-6-7-8-9-10-11-12-13-14-15-16-17-18-19-20-21-22-23-24 6 non_metered_count -1.1369951065422847e-05 0.0016354528695635968 -143.83992157513956
config.CONGESTION_TYPE, slugifiedstring, i, key, value[2], value[0], value[1] : NON-RECURRENT-MMM non-recurrent-mmm-auckland-80-1-2-3-4-5-6-7-8-9-10-11-12-13-14-15-16-17-18-19-20-21-22-23-24 7 streets_per_node_count_3 -9.965604688151792e-05 0.010021686184717299 -100.56275056376842
config.CONGESTION_TYPE, slugifiedstring, i, key, value[2], value[0], value[1] : NON-RECURRENT-MMM non-recurrent-mmm-auckland-80-1-2-3-4-5-6-7-8-9-10-11-12-13-14-15-16-17-18-19-20-21-22-23-24 8 global_betweenness -0.0031337162763772925 0.06302516992927876 -20.11195793453851
config.CONGESTION_TYPE, slugifiedstring, i, key, value[2], value[0], value[1] : NON-RECURRENT-MMM non-recurrent-mmm-auckland-80-1-2-3-4-5-6-7-8-9-10-11-12-13-14-15-16-17-18-19-20-21-22-23-24 9 betweenness -0.0002511237336352131 0.014306367946200974 -56.96939806964906
config.CONGESTION_TYPE, slugifiedstring, i, key, value[2], value[0], value[1] : NON-RECURRENT-MMM non-recurrent-mmm-auckland-80-1-2-3-4-5-6-7-8-9-10-11-12-13-14-15-16-17-18-19-20-21-22-23-24 10 metered_count -0.0005248903156317095 0.030202183698992937 -57.53999035521235
config.CONGESTION_TYPE, slugifiedstring, i, key, value[2], value[0], value[1] : NON-RECURRENT-MMM non-recurrent-mmm-auckland-80-1-2-3-4-5-6-7-8-9-10-11-12-13-14-15-16-17-18-19-20-21-22-23-24 11 total_crossings 0.00218137197698221 0.00966696414728381 4.431598209424806
config.CONGESTION_TYPE, slugifiedstring, i, key, value[2], value[0], value[1] : NON-RECURRENT-MMM non-recurrent-mmm-auckland-80-1-2-3-4-5-6-7-8-9-10-11-12-13-14-15-16-17-18-19-20-21-22-23-24 12 streets_per_node_count_2 -0.00010023052897779133 0.005057001954279555 -50.453709122896726
config.CONGESTION_TYPE, slugifiedstring, i, key, value[2], value[0], value[1] : NON-RECURRENT-MMM non-recurrent-mmm-auckland-80-1-2-3-4-5-6-7-8-9-10-11-12-13-14-15-16-17-18-19-20-21-22-23-24 13 streets_per_node_count_5 -7.519340517384455e-05 0.0069125437782988075 -91.93018672737651
config.CONGESTION_TYPE, slugifiedstring, i, key, value[2], value[0], value[1] : NON-RECURRENT-MMM non-recurrent-mmm-auckland-80-1-2-3-4-5-6-7-8-9-10-11-12-13-14-15-16-17-18-19-20-21-22-23-24 14 circuity_avg -1.9201603013801495e-05 0.002106906899037482 -109.72557330359894
config.CONGESTION_TYPE, slugifiedstring, i, key, value[2], value[0], value[1] : NON-RECURRENT-MMM non-recurrent-mmm-auckland-80-1-2-3-4-5-6-7-8-9-10-11-12-13-14-15-16-17-18-19-20-21-22-23-24 15 streets_per_node_count_1 -1.9201603013801495e-05 0.002106906899037482 -109.72557330359894
config.CONGESTION_TYPE, slugifiedstring, i, key, value[2], value[0], value[1] : NON-RECURRENT-MMM non-recurrent-mmm-auckland-80-1-2-3-4-5-6-7-8-9-10-11-12-13-14-15-16-17-18-19-20-21-22-23-24 16 streets_per_node_count_4 -1.9201603013801495e-05 0.002106906899037482 -109.72557330359894
config.CONGESTION_TYPE, slugifiedstring, i, key, value[2], value[0], value[1] : NON-RECURRENT-MMM non-recurrent-mmm-auckland-90-1-2-3-4-5-6-7-8-9-10-11-12-13-14-15-16-17-18-19-20-21-22-23-24 0 mean_lanes -5.7354331604683484e-05 0.009244238593009439 -161.17768849135302
config.CONGESTION_TYPE, slugifiedstring, i, key, value[2], value[0], value[1] : NON-RECURRENT-MMM non-recurrent-mmm-auckland-90-1-2-3-4-5-6-7-8-9-10-11-12-13-14-15-16-17-18-19-20-21-22-23-24 1 streets_per_node_count_6 -0.0001269154373756655 0.00836013548284116 -65.87169894939916
config.CONGESTION_TYPE, slugifiedstring, i, key, value[2], value[0], value[1] : NON-RECURRENT-MMM non-recurrent-mmm-auckland-90-1-2-3-4-5-6-7-8-9-10-11-12-13-14-15-16-17-18-19-20-21-22-23-24 2 streets_per_node_avg -4.747908254240569e-05 0.0030880862967818477 -65.04098502795921
config.CONGESTION_TYPE, slugifiedstring, i, key, value[2], value[0], value[1] : NON-RECURRENT-MMM non-recurrent-mmm-auckland-90-1-2-3-4-5-6-7-8-9-10-11-12-13-14-15-16-17-18-19-20-21-22-23-24 3 n -0.006084455428072051 0.009420206947545456 -1.548241590214161
config.CONGESTION_TYPE, slugifiedstring, i, key, value[2], value[0], value[1] : NON-RECURRENT-MMM non-recurrent-mmm-auckland-90-1-2-3-4-5-6-7-8-9-10-11-12-13-14-15-16-17-18-19-20-21-22-23-24 4 m -4.093917899499744e-05 0.0047027867966785795 -114.8725233902037
config.CONGESTION_TYPE, slugifiedstring, i, key, value[2], value[0], value[1] : NON-RECURRENT-MMM non-recurrent-mmm-auckland-90-1-2-3-4-5-6-7-8-9-10-11-12-13-14-15-16-17-18-19-20-21-22-23-24 5 k_avg 0.0011797316920975534 0.017351934986830388 14.708374033742189
config.CONGESTION_TYPE, slugifiedstring, i, key, value[2], value[0], value[1] : NON-RECURRENT-MMM non-recurrent-mmm-auckland-90-1-2-3-4-5-6-7-8-9-10-11-12-13-14-15-16-17-18-19-20-21-22-23-24 6 non_metered_count -6.160399667186958e-06 0.0016563508881129486 -268.8706865782449
config.CONGESTION_TYPE, slugifiedstring, i, key, value[2], value[0], value[1] : NON-RECURRENT-MMM non-recurrent-mmm-auckland-90-1-2-3-4-5-6-7-8-9-10-11-12-13-14-15-16-17-18-19-20-21-22-23-24 7 streets_per_node_count_3 -8.741638213093112e-05 0.005985428517882504 -68.47032983952147
config.CONGESTION_TYPE, slugifiedstring, i, key, value[2], value[0], value[1] : NON-RECURRENT-MMM non-recurrent-mmm-auckland-90-1-2-3-4-5-6-7-8-9-10-11-12-13-14-15-16-17-18-19-20-21-22-23-24 8 global_betweenness 0.0013829875844592837 0.058953748435025 42.627821896228056
config.CONGESTION_TYPE, slugifiedstring, i, key, value[2], value[0], value[1] : NON-RECURRENT-MMM non-recurrent-mmm-auckland-90-1-2-3-4-5-6-7-8-9-10-11-12-13-14-15-16-17-18-19-20-21-22-23-24 9 betweenness -0.00015655572875000553 0.011549921429955081 -73.7751439833828
config.CONGESTION_TYPE, slugifiedstring, i, key, value[2], value[0], value[1] : NON-RECURRENT-MMM non-recurrent-mmm-auckland-90-1-2-3-4-5-6-7-8-9-10-11-12-13-14-15-16-17-18-19-20-21-22-23-24 10 metered_count -0.0006597278786627485 0.032808701687822295 -49.730658274324696
config.CONGESTION_TYPE, slugifiedstring, i, key, value[2], value[0], value[1] : NON-RECURRENT-MMM non-recurrent-mmm-auckland-90-1-2-3-4-5-6-7-8-9-10-11-12-13-14-15-16-17-18-19-20-21-22-23-24 11 total_crossings 0.0003702365135467995 0.010384313840669767 28.04778421552726
config.CONGESTION_TYPE, slugifiedstring, i, key, value[2], value[0], value[1] : NON-RECURRENT-MMM non-recurrent-mmm-auckland-90-1-2-3-4-5-6-7-8-9-10-11-12-13-14-15-16-17-18-19-20-21-22-23-24 12 streets_per_node_count_2 -0.00021023467417157027 0.006106276545257005 -29.0450496299851
config.CONGESTION_TYPE, slugifiedstring, i, key, value[2], value[0], value[1] : NON-RECURRENT-MMM non-recurrent-mmm-auckland-90-1-2-3-4-5-6-7-8-9-10-11-12-13-14-15-16-17-18-19-20-21-22-23-24 13 streets_per_node_count_5 -0.000427416731148772 0.011544024378493266 -27.00882660223965
config.CONGESTION_TYPE, slugifiedstring, i, key, value[2], value[0], value[1] : NON-RECURRENT-MMM non-recurrent-mmm-auckland-90-1-2-3-4-5-6-7-8-9-10-11-12-13-14-15-16-17-18-19-20-21-22-23-24 14 circuity_avg -1.3863638918927746e-05 0.0012997114272701635 -93.74965944155497
config.CONGESTION_TYPE, slugifiedstring, i, key, value[2], value[0], value[1] : NON-RECURRENT-MMM non-recurrent-mmm-auckland-90-1-2-3-4-5-6-7-8-9-10-11-12-13-14-15-16-17-18-19-20-21-22-23-24 15 streets_per_node_count_1 -1.3863638918927746e-05 0.0012997114272701635 -93.74965944155497
config.CONGESTION_TYPE, slugifiedstring, i, key, value[2], value[0], value[1] : NON-RECURRENT-MMM non-recurrent-mmm-auckland-90-1-2-3-4-5-6-7-8-9-10-11-12-13-14-15-16-17-18-19-20-21-22-23-24 16 streets_per_node_count_4 -1.3863638918927746e-05 0.0012997114272701635 -93.74965944155497
config.CONGESTION_TYPE, slugifiedstring, i, key, value[2], value[0], value[1] : NON-RECURRENT-MMM non-recurrent-mmm-auckland-25-1-2-3-4-5-6-7-8-9-10-11-12-13-14-15-16-17-18-19-20-21-22-23-24 0 mean_lanes -9.51642845562618e-05 0.003967990195221282 -41.69621212121211
config.CONGESTION_TYPE, slugifiedstring, i, key, value[2], value[0], value[1] : NON-RECURRENT-MMM non-recurrent-mmm-auckland-25-1-2-3-4-5-6-7-8-9-10-11-12-13-14-15-16-17-18-19-20-21-22-23-24 1 streets_per_node_count_6 -0.0008075132467159228 0.014955509574450727 -18.520451070336392
config.CONGESTION_TYPE, slugifiedstring, i, key, value[2], value[0], value[1] : NON-RECURRENT-MMM non-recurrent-mmm-auckland-25-1-2-3-4-5-6-7-8-9-10-11-12-13-14-15-16-17-18-19-20-21-22-23-24 2 streets_per_node_avg -0.0011697003610232572 0.009760854630295118 -8.344747899159657
config.CONGESTION_TYPE, slugifiedstring, i, key, value[2], value[0], value[1] : NON-RECURRENT-MMM non-recurrent-mmm-auckland-25-1-2-3-4-5-6-7-8-9-10-11-12-13-14-15-16-17-18-19-20-21-22-23-24 3 n -0.00034383493767766853 0.0028956604929503017 -8.421658696199358
config.CONGESTION_TYPE, slugifiedstring, i, key, value[2], value[0], value[1] : NON-RECURRENT-MMM non-recurrent-mmm-auckland-25-1-2-3-4-5-6-7-8-9-10-11-12-13-14-15-16-17-18-19-20-21-22-23-24 4 m -0.00023958175700218467 0.0026006352319706853 -10.85489673550967
config.CONGESTION_TYPE, slugifiedstring, i, key, value[2], value[0], value[1] : NON-RECURRENT-MMM non-recurrent-mmm-auckland-25-1-2-3-4-5-6-7-8-9-10-11-12-13-14-15-16-17-18-19-20-21-22-23-24 5 k_avg 0.000942664205664544 0.01831393815487748 19.42784932834786
config.CONGESTION_TYPE, slugifiedstring, i, key, value[2], value[0], value[1] : NON-RECURRENT-MMM non-recurrent-mmm-auckland-25-1-2-3-4-5-6-7-8-9-10-11-12-13-14-15-16-17-18-19-20-21-22-23-24 6 non_metered_count -0.00048377449464305874 0.0034505781559123483 -7.132616940581528
config.CONGESTION_TYPE, slugifiedstring, i, key, value[2], value[0], value[1] : NON-RECURRENT-MMM non-recurrent-mmm-auckland-25-1-2-3-4-5-6-7-8-9-10-11-12-13-14-15-16-17-18-19-20-21-22-23-24 7 streets_per_node_count_3 -0.0005303724623799636 0.01128440087978411 -21.276370249592375
config.CONGESTION_TYPE, slugifiedstring, i, key, value[2], value[0], value[1] : NON-RECURRENT-MMM non-recurrent-mmm-auckland-25-1-2-3-4-5-6-7-8-9-10-11-12-13-14-15-16-17-18-19-20-21-22-23-24 8 global_betweenness -0.21310430409929224 0.040976059823853675 -0.19228170917074294
config.CONGESTION_TYPE, slugifiedstring, i, key, value[2], value[0], value[1] : NON-RECURRENT-MMM non-recurrent-mmm-auckland-25-1-2-3-4-5-6-7-8-9-10-11-12-13-14-15-16-17-18-19-20-21-22-23-24 9 betweenness -0.0006819675644722422 0.013305541017340944 -19.510518843572527
config.CONGESTION_TYPE, slugifiedstring, i, key, value[2], value[0], value[1] : NON-RECURRENT-MMM non-recurrent-mmm-auckland-25-1-2-3-4-5-6-7-8-9-10-11-12-13-14-15-16-17-18-19-20-21-22-23-24 10 metered_count -0.0019059401711695881 0.02656765087084883 -13.939393939393952
config.CONGESTION_TYPE, slugifiedstring, i, key, value[2], value[0], value[1] : NON-RECURRENT-MMM non-recurrent-mmm-auckland-25-1-2-3-4-5-6-7-8-9-10-11-12-13-14-15-16-17-18-19-20-21-22-23-24 11 total_crossings -0.00627307761652706 0.009786878435294986 -1.5601398601398557
config.CONGESTION_TYPE, slugifiedstring, i, key, value[2], value[0], value[1] : NON-RECURRENT-MMM non-recurrent-mmm-auckland-25-1-2-3-4-5-6-7-8-9-10-11-12-13-14-15-16-17-18-19-20-21-22-23-24 12 streets_per_node_count_2 -0.0001015916676157661 0.0022675040305385045 -22.319783538887478
config.CONGESTION_TYPE, slugifiedstring, i, key, value[2], value[0], value[1] : NON-RECURRENT-MMM non-recurrent-mmm-auckland-25-1-2-3-4-5-6-7-8-9-10-11-12-13-14-15-16-17-18-19-20-21-22-23-24 13 streets_per_node_count_5 -0.00022855685644040998 0.004102892829132523 -17.95130057803469
config.CONGESTION_TYPE, slugifiedstring, i, key, value[2], value[0], value[1] : NON-RECURRENT-MMM non-recurrent-mmm-auckland-25-1-2-3-4-5-6-7-8-9-10-11-12-13-14-15-16-17-18-19-20-21-22-23-24 14 circuity_avg -8.579197408556584e-05 0.001260195242951536 -14.688964281141992
config.CONGESTION_TYPE, slugifiedstring, i, key, value[2], value[0], value[1] : NON-RECURRENT-MMM non-recurrent-mmm-auckland-25-1-2-3-4-5-6-7-8-9-10-11-12-13-14-15-16-17-18-19-20-21-22-23-24 15 streets_per_node_count_1 -8.579197408556584e-05 0.001260195242951536 -14.688964281141992
config.CONGESTION_TYPE, slugifiedstring, i, key, value[2], value[0], value[1] : NON-RECURRENT-MMM non-recurrent-mmm-auckland-25-1-2-3-4-5-6-7-8-9-10-11-12-13-14-15-16-17-18-19-20-21-22-23-24 16 streets_per_node_count_4 -8.579197408556584e-05 0.001260195242951536 -14.688964281141992
config.CONGESTION_TYPE, slugifiedstring, i, key, value[2], value[0], value[1] : NON-RECURRENT-MMM non-recurrent-mmm-auckland-50-1-2-3-4-5-6-7-8-9-10-11-12-13-14-15-16-17-18-19-20-21-22-23-24 0 mean_lanes -5.945588404020641e-05 0.006365891117842493 -107.06915254237288
config.CONGESTION_TYPE, slugifiedstring, i, key, value[2], value[0], value[1] : NON-RECURRENT-MMM non-recurrent-mmm-auckland-50-1-2-3-4-5-6-7-8-9-10-11-12-13-14-15-16-17-18-19-20-21-22-23-24 1 streets_per_node_count_6 -0.00020879395550229142 0.011510111572170717 -55.12665126957853
config.CONGESTION_TYPE, slugifiedstring, i, key, value[2], value[0], value[1] : NON-RECURRENT-MMM non-recurrent-mmm-auckland-50-1-2-3-4-5-6-7-8-9-10-11-12-13-14-15-16-17-18-19-20-21-22-23-24 2 streets_per_node_avg -0.00013733817913546658 0.006448846146120292 -46.95596072931278
config.CONGESTION_TYPE, slugifiedstring, i, key, value[2], value[0], value[1] : NON-RECURRENT-MMM non-recurrent-mmm-auckland-50-1-2-3-4-5-6-7-8-9-10-11-12-13-14-15-16-17-18-19-20-21-22-23-24 3 n -0.0022415568438551897 0.006655649576010834 -2.9692084741263898
config.CONGESTION_TYPE, slugifiedstring, i, key, value[2], value[0], value[1] : NON-RECURRENT-MMM non-recurrent-mmm-auckland-50-1-2-3-4-5-6-7-8-9-10-11-12-13-14-15-16-17-18-19-20-21-22-23-24 4 m -3.285202508264738e-05 0.003003378279712931 -91.42140468227427
config.CONGESTION_TYPE, slugifiedstring, i, key, value[2], value[0], value[1] : NON-RECURRENT-MMM non-recurrent-mmm-auckland-50-1-2-3-4-5-6-7-8-9-10-11-12-13-14-15-16-17-18-19-20-21-22-23-24 5 k_avg -0.005845039865139748 0.022186070586692287 -3.79570902826714
config.CONGESTION_TYPE, slugifiedstring, i, key, value[2], value[0], value[1] : NON-RECURRENT-MMM non-recurrent-mmm-auckland-50-1-2-3-4-5-6-7-8-9-10-11-12-13-14-15-16-17-18-19-20-21-22-23-24 6 non_metered_count -8.303577222316683e-05 0.002962093022057939 -35.67249322493228
config.CONGESTION_TYPE, slugifiedstring, i, key, value[2], value[0], value[1] : NON-RECURRENT-MMM non-recurrent-mmm-auckland-50-1-2-3-4-5-6-7-8-9-10-11-12-13-14-15-16-17-18-19-20-21-22-23-24 7 streets_per_node_count_3 -0.00012872892217528312 0.007657119986446996 -59.482514551164456
config.CONGESTION_TYPE, slugifiedstring, i, key, value[2], value[0], value[1] : NON-RECURRENT-MMM non-recurrent-mmm-auckland-50-1-2-3-4-5-6-7-8-9-10-11-12-13-14-15-16-17-18-19-20-21-22-23-24 8 global_betweenness 0.08696446379614567 0.047910842407352223 0.550924369747861
config.CONGESTION_TYPE, slugifiedstring, i, key, value[2], value[0], value[1] : NON-RECURRENT-MMM non-recurrent-mmm-auckland-50-1-2-3-4-5-6-7-8-9-10-11-12-13-14-15-16-17-18-19-20-21-22-23-24 9 betweenness -0.0009913570378384713 0.010196770310611208 -10.285668958223141
config.CONGESTION_TYPE, slugifiedstring, i, key, value[2], value[0], value[1] : NON-RECURRENT-MMM non-recurrent-mmm-auckland-50-1-2-3-4-5-6-7-8-9-10-11-12-13-14-15-16-17-18-19-20-21-22-23-24 10 metered_count -0.0014464134071358616 0.03310882078694679 -22.890288919893067
config.CONGESTION_TYPE, slugifiedstring, i, key, value[2], value[0], value[1] : NON-RECURRENT-MMM non-recurrent-mmm-auckland-50-1-2-3-4-5-6-7-8-9-10-11-12-13-14-15-16-17-18-19-20-21-22-23-24 11 total_crossings 0.0008390154940519483 0.011171570327538613 13.315094186862439
config.CONGESTION_TYPE, slugifiedstring, i, key, value[2], value[0], value[1] : NON-RECURRENT-MMM non-recurrent-mmm-auckland-50-1-2-3-4-5-6-7-8-9-10-11-12-13-14-15-16-17-18-19-20-21-22-23-24 12 streets_per_node_count_2 -9.680776231497952e-05 0.004237378641712131 -43.771062778263
config.CONGESTION_TYPE, slugifiedstring, i, key, value[2], value[0], value[1] : NON-RECURRENT-MMM non-recurrent-mmm-auckland-50-1-2-3-4-5-6-7-8-9-10-11-12-13-14-15-16-17-18-19-20-21-22-23-24 13 streets_per_node_count_5 -0.0019718268523034035 0.010715859968191514 -5.434483233491676
config.CONGESTION_TYPE, slugifiedstring, i, key, value[2], value[0], value[1] : NON-RECURRENT-MMM non-recurrent-mmm-auckland-50-1-2-3-4-5-6-7-8-9-10-11-12-13-14-15-16-17-18-19-20-21-22-23-24 14 circuity_avg -4.140229937063043e-05 0.0017373929033208954 -41.96368147981053
config.CONGESTION_TYPE, slugifiedstring, i, key, value[2], value[0], value[1] : NON-RECURRENT-MMM non-recurrent-mmm-auckland-50-1-2-3-4-5-6-7-8-9-10-11-12-13-14-15-16-17-18-19-20-21-22-23-24 15 streets_per_node_count_1 -4.140229937063043e-05 0.0017373929033208954 -41.96368147981053
config.CONGESTION_TYPE, slugifiedstring, i, key, value[2], value[0], value[1] : NON-RECURRENT-MMM non-recurrent-mmm-auckland-50-1-2-3-4-5-6-7-8-9-10-11-12-13-14-15-16-17-18-19-20-21-22-23-24 16 streets_per_node_count_4 -4.140229937063043e-05 0.0017373929033208954 -41.96368147981053
config.CONGESTION_TYPE, slugifiedstring, i, key, value[2], value[0], value[1] : NON-RECURRENT-MMM non-recurrent-mmm-auckland-100-1-2-3-4-5-6-7-8-9-10-11-12-13-14-15-16-17-18-19-20-21-22-23-24 0 mean_lanes -0.00010062468439868774 0.012942880931958525 -128.62530709340854
config.CONGESTION_TYPE, slugifiedstring, i, key, value[2], value[0], value[1] : NON-RECURRENT-MMM non-recurrent-mmm-auckland-100-1-2-3-4-5-6-7-8-9-10-11-12-13-14-15-16-17-18-19-20-21-22-23-24 1 streets_per_node_count_6 -9.210631351487196e-05 0.008808896947755884 -95.6383619276387
config.CONGESTION_TYPE, slugifiedstring, i, key, value[2], value[0], value[1] : NON-RECURRENT-MMM non-recurrent-mmm-auckland-100-1-2-3-4-5-6-7-8-9-10-11-12-13-14-15-16-17-18-19-20-21-22-23-24 2 streets_per_node_avg -2.890954879387232e-05 0.0029796865392563523 -103.06928553267244
config.CONGESTION_TYPE, slugifiedstring, i, key, value[2], value[0], value[1] : NON-RECURRENT-MMM non-recurrent-mmm-auckland-100-1-2-3-4-5-6-7-8-9-10-11-12-13-14-15-16-17-18-19-20-21-22-23-24 3 n -0.0014616059804146405 0.010127781966319093 -6.929214919773358
config.CONGESTION_TYPE, slugifiedstring, i, key, value[2], value[0], value[1] : NON-RECURRENT-MMM non-recurrent-mmm-auckland-100-1-2-3-4-5-6-7-8-9-10-11-12-13-14-15-16-17-18-19-20-21-22-23-24 4 m -7.635943286991117e-05 0.004604377415674746 -60.29873772791029
config.CONGESTION_TYPE, slugifiedstring, i, key, value[2], value[0], value[1] : NON-RECURRENT-MMM non-recurrent-mmm-auckland-100-1-2-3-4-5-6-7-8-9-10-11-12-13-14-15-16-17-18-19-20-21-22-23-24 5 k_avg 0.00033320509970108614 0.016360774176891503 49.101211810889254
config.CONGESTION_TYPE, slugifiedstring, i, key, value[2], value[0], value[1] : NON-RECURRENT-MMM non-recurrent-mmm-auckland-100-1-2-3-4-5-6-7-8-9-10-11-12-13-14-15-16-17-18-19-20-21-22-23-24 6 non_metered_count -6.371734266670116e-06 0.0013247592777569372 -207.91188431799742
config.CONGESTION_TYPE, slugifiedstring, i, key, value[2], value[0], value[1] : NON-RECURRENT-MMM non-recurrent-mmm-auckland-100-1-2-3-4-5-6-7-8-9-10-11-12-13-14-15-16-17-18-19-20-21-22-23-24 7 streets_per_node_count_3 -6.0457145374419636e-05 0.006079485483045632 -100.55859312235998
config.CONGESTION_TYPE, slugifiedstring, i, key, value[2], value[0], value[1] : NON-RECURRENT-MMM non-recurrent-mmm-auckland-100-1-2-3-4-5-6-7-8-9-10-11-12-13-14-15-16-17-18-19-20-21-22-23-24 8 global_betweenness 0.0013725776695800215 0.0578392086020066 42.139115245626954
config.CONGESTION_TYPE, slugifiedstring, i, key, value[2], value[0], value[1] : NON-RECURRENT-MMM non-recurrent-mmm-auckland-100-1-2-3-4-5-6-7-8-9-10-11-12-13-14-15-16-17-18-19-20-21-22-23-24 9 betweenness 0.011370503134659041 0.022431357932678614 1.9727674023768031
config.CONGESTION_TYPE, slugifiedstring, i, key, value[2], value[0], value[1] : NON-RECURRENT-MMM non-recurrent-mmm-auckland-100-1-2-3-4-5-6-7-8-9-10-11-12-13-14-15-16-17-18-19-20-21-22-23-24 10 metered_count -0.0008647785730175876 0.03255825125625278 -37.64923446546891
config.CONGESTION_TYPE, slugifiedstring, i, key, value[2], value[0], value[1] : NON-RECURRENT-MMM non-recurrent-mmm-auckland-100-1-2-3-4-5-6-7-8-9-10-11-12-13-14-15-16-17-18-19-20-21-22-23-24 11 total_crossings 0.00020596756111398981 0.007799805931255323 37.86909884774832
config.CONGESTION_TYPE, slugifiedstring, i, key, value[2], value[0], value[1] : NON-RECURRENT-MMM non-recurrent-mmm-auckland-100-1-2-3-4-5-6-7-8-9-10-11-12-13-14-15-16-17-18-19-20-21-22-23-24 12 streets_per_node_count_2 0.00078756543507118 0.0072718031201188926 9.233268495920811
config.CONGESTION_TYPE, slugifiedstring, i, key, value[2], value[0], value[1] : NON-RECURRENT-MMM non-recurrent-mmm-auckland-100-1-2-3-4-5-6-7-8-9-10-11-12-13-14-15-16-17-18-19-20-21-22-23-24 13 streets_per_node_count_5 -0.0015791045367166035 0.009606007980178292 -6.083199532914932
config.CONGESTION_TYPE, slugifiedstring, i, key, value[2], value[0], value[1] : NON-RECURRENT-MMM non-recurrent-mmm-auckland-100-1-2-3-4-5-6-7-8-9-10-11-12-13-14-15-16-17-18-19-20-21-22-23-24 14 circuity_avg -0.0002317850690603726 0.002467148846768915 -10.64412326803631
config.CONGESTION_TYPE, slugifiedstring, i, key, value[2], value[0], value[1] : NON-RECURRENT-MMM non-recurrent-mmm-auckland-100-1-2-3-4-5-6-7-8-9-10-11-12-13-14-15-16-17-18-19-20-21-22-23-24 15 streets_per_node_count_1 -0.0002317850690603726 0.002467148846768915 -10.64412326803631
config.CONGESTION_TYPE, slugifiedstring, i, key, value[2], value[0], value[1] : NON-RECURRENT-MMM non-recurrent-mmm-auckland-100-1-2-3-4-5-6-7-8-9-10-11-12-13-14-15-16-17-18-19-20-21-22-23-24 16 streets_per_node_count_4 -0.0002317850690603726 0.002467148846768915 -10.64412326803631
