config.CONGESTION_TYPE, slugifiedstring, i, key, value[2], value[0], value[1] : NON-RECURRENT-MMM non-recurrent-mmm-mexicocity-20-1-2-3-4-5-6-7-8-9-10-11-12-13-14-15-16-17-18-19-20-21-22-23-24 0 global_betweenness 0.010698707017721331 0.025392150893480736 2.373385012919897
config.CONGESTION_TYPE, slugifiedstring, i, key, value[2], value[0], value[1] : NON-RECURRENT-MMM non-recurrent-mmm-mexicocity-20-1-2-3-4-5-6-7-8-9-10-11-12-13-14-15-16-17-18-19-20-21-22-23-24 1 streets_per_node_count_3 0.0003263943440736147 0.008014935745171606 24.555988455988455
config.CONGESTION_TYPE, slugifiedstring, i, key, value[2], value[0], value[1] : NON-RECURRENT-MMM non-recurrent-mmm-mexicocity-20-1-2-3-4-5-6-7-8-9-10-11-12-13-14-15-16-17-18-19-20-21-22-23-24 2 streets_per_node_avg 0.0005908283429765541 0.020426076011747323 34.5719298245614
config.CONGESTION_TYPE, slugifiedstring, i, key, value[2], value[0], value[1] : NON-RECURRENT-MMM non-recurrent-mmm-mexicocity-20-1-2-3-4-5-6-7-8-9-10-11-12-13-14-15-16-17-18-19-20-21-22-23-24 3 streets_per_node_count_2 0.0013249396893096062 0.008159582483054505 6.158455776433314
config.CONGESTION_TYPE, slugifiedstring, i, key, value[2], value[0], value[1] : NON-RECURRENT-MMM non-recurrent-mmm-mexicocity-20-1-2-3-4-5-6-7-8-9-10-11-12-13-14-15-16-17-18-19-20-21-22-23-24 4 circuity_avg -0.00035183589208337765 0.001479731600916791 -4.205743740795285
config.CONGESTION_TYPE, slugifiedstring, i, key, value[2], value[0], value[1] : NON-RECURRENT-MMM non-recurrent-mmm-mexicocity-20-1-2-3-4-5-6-7-8-9-10-11-12-13-14-15-16-17-18-19-20-21-22-23-24 5 streets_per_node_count_6 0.0007948228274547005 0.0289838668696358 36.465820895522384
config.CONGESTION_TYPE, slugifiedstring, i, key, value[2], value[0], value[1] : NON-RECURRENT-MMM non-recurrent-mmm-mexicocity-20-1-2-3-4-5-6-7-8-9-10-11-12-13-14-15-16-17-18-19-20-21-22-23-24 6 betweenness 0.0014426466323623354 0.03136679124331446 21.74253246753247
config.CONGESTION_TYPE, slugifiedstring, i, key, value[2], value[0], value[1] : NON-RECURRENT-MMM non-recurrent-mmm-mexicocity-20-1-2-3-4-5-6-7-8-9-10-11-12-13-14-15-16-17-18-19-20-21-22-23-24 7 m 0.0008185074779795099 0.006448439644247617 7.87829044661342
config.CONGESTION_TYPE, slugifiedstring, i, key, value[2], value[0], value[1] : NON-RECURRENT-MMM non-recurrent-mmm-mexicocity-20-1-2-3-4-5-6-7-8-9-10-11-12-13-14-15-16-17-18-19-20-21-22-23-24 8 non_metered_count 0.0006656880093569997 0.024329237706460994 36.54750778816199
config.CONGESTION_TYPE, slugifiedstring, i, key, value[2], value[0], value[1] : NON-RECURRENT-MMM non-recurrent-mmm-mexicocity-20-1-2-3-4-5-6-7-8-9-10-11-12-13-14-15-16-17-18-19-20-21-22-23-24 9 streets_per_node_count_4 0.0006656880093569997 0.024329237706460994 36.54750778816199
config.CONGESTION_TYPE, slugifiedstring, i, key, value[2], value[0], value[1] : NON-RECURRENT-MMM non-recurrent-mmm-mexicocity-20-1-2-3-4-5-6-7-8-9-10-11-12-13-14-15-16-17-18-19-20-21-22-23-24 10 k_avg 0.00833613954650959 0.013781540314839337 1.653228120516502
config.CONGESTION_TYPE, slugifiedstring, i, key, value[2], value[0], value[1] : NON-RECURRENT-MMM non-recurrent-mmm-mexicocity-20-1-2-3-4-5-6-7-8-9-10-11-12-13-14-15-16-17-18-19-20-21-22-23-24 11 streets_per_node_count_1 0.00833613954650959 0.013781540314839337 1.653228120516502
config.CONGESTION_TYPE, slugifiedstring, i, key, value[2], value[0], value[1] : NON-RECURRENT-MMM non-recurrent-mmm-mexicocity-20-1-2-3-4-5-6-7-8-9-10-11-12-13-14-15-16-17-18-19-20-21-22-23-24 12 metered_count 0.0008071159733386246 0.018598165459085395 23.04274239816408
config.CONGESTION_TYPE, slugifiedstring, i, key, value[2], value[0], value[1] : NON-RECURRENT-MMM non-recurrent-mmm-mexicocity-20-1-2-3-4-5-6-7-8-9-10-11-12-13-14-15-16-17-18-19-20-21-22-23-24 13 mean_lanes 0.0009417323073291472 0.028323035130103418 30.07546296296296
config.CONGESTION_TYPE, slugifiedstring, i, key, value[2], value[0], value[1] : NON-RECURRENT-MMM non-recurrent-mmm-mexicocity-20-1-2-3-4-5-6-7-8-9-10-11-12-13-14-15-16-17-18-19-20-21-22-23-24 14 n 0.0014242461822347532 0.00584757244745282 4.10573152337858
config.CONGESTION_TYPE, slugifiedstring, i, key, value[2], value[0], value[1] : NON-RECURRENT-MMM non-recurrent-mmm-mexicocity-20-1-2-3-4-5-6-7-8-9-10-11-12-13-14-15-16-17-18-19-20-21-22-23-24 15 total_crossings 0.0008403607426909199 0.03329674479095206 39.62196601941747
config.CONGESTION_TYPE, slugifiedstring, i, key, value[2], value[0], value[1] : NON-RECURRENT-MMM non-recurrent-mmm-mexicocity-20-1-2-3-4-5-6-7-8-9-10-11-12-13-14-15-16-17-18-19-20-21-22-23-24 16 streets_per_node_count_5 0.0009714675281064323 0.00856661856210116 8.81822429906542
config.CONGESTION_TYPE, slugifiedstring, i, key, value[2], value[0], value[1] : NON-RECURRENT-MMM non-recurrent-mmm-mexicocity-30-1-2-3-4-5-6-7-8-9-10-11-12-13-14-15-16-17-18-19-20-21-22-23-24 0 global_betweenness -0.0017928768993038396 0.02399086440955102 -13.38121118012424
config.CONGESTION_TYPE, slugifiedstring, i, key, value[2], value[0], value[1] : NON-RECURRENT-MMM non-recurrent-mmm-mexicocity-30-1-2-3-4-5-6-7-8-9-10-11-12-13-14-15-16-17-18-19-20-21-22-23-24 1 streets_per_node_count_3 0.000626182723125746 0.038662113815597476 61.742543171114605
config.CONGESTION_TYPE, slugifiedstring, i, key, value[2], value[0], value[1] : NON-RECURRENT-MMM non-recurrent-mmm-mexicocity-30-1-2-3-4-5-6-7-8-9-10-11-12-13-14-15-16-17-18-19-20-21-22-23-24 2 streets_per_node_avg 0.00039353580183190917 0.01825759525068678 46.393733850129195
config.CONGESTION_TYPE, slugifiedstring, i, key, value[2], value[0], value[1] : NON-RECURRENT-MMM non-recurrent-mmm-mexicocity-30-1-2-3-4-5-6-7-8-9-10-11-12-13-14-15-16-17-18-19-20-21-22-23-24 3 streets_per_node_count_2 -0.0007190679486909403 0.008011272151780628 -11.141189322045449
config.CONGESTION_TYPE, slugifiedstring, i, key, value[2], value[0], value[1] : NON-RECURRENT-MMM non-recurrent-mmm-mexicocity-30-1-2-3-4-5-6-7-8-9-10-11-12-13-14-15-16-17-18-19-20-21-22-23-24 4 circuity_avg -0.00017414308618166828 0.0058337082731630225 -33.499511241446726
config.CONGESTION_TYPE, slugifiedstring, i, key, value[2], value[0], value[1] : NON-RECURRENT-MMM non-recurrent-mmm-mexicocity-30-1-2-3-4-5-6-7-8-9-10-11-12-13-14-15-16-17-18-19-20-21-22-23-24 5 streets_per_node_count_6 0.0003986127153084182 0.021418087825975526 53.731572033279804
config.CONGESTION_TYPE, slugifiedstring, i, key, value[2], value[0], value[1] : NON-RECURRENT-MMM non-recurrent-mmm-mexicocity-30-1-2-3-4-5-6-7-8-9-10-11-12-13-14-15-16-17-18-19-20-21-22-23-24 6 betweenness 0.0009963291355902673 0.01266644479676133 12.713112910481328
config.CONGESTION_TYPE, slugifiedstring, i, key, value[2], value[0], value[1] : NON-RECURRENT-MMM non-recurrent-mmm-mexicocity-30-1-2-3-4-5-6-7-8-9-10-11-12-13-14-15-16-17-18-19-20-21-22-23-24 7 m -0.7678700456376124 0.008906507724063322 -0.011598977945112665
config.CONGESTION_TYPE, slugifiedstring, i, key, value[2], value[0], value[1] : NON-RECURRENT-MMM non-recurrent-mmm-mexicocity-30-1-2-3-4-5-6-7-8-9-10-11-12-13-14-15-16-17-18-19-20-21-22-23-24 8 non_metered_count 0.0005622130090996946 0.02834565756553384 50.41800368676178
config.CONGESTION_TYPE, slugifiedstring, i, key, value[2], value[0], value[1] : NON-RECURRENT-MMM non-recurrent-mmm-mexicocity-30-1-2-3-4-5-6-7-8-9-10-11-12-13-14-15-16-17-18-19-20-21-22-23-24 9 streets_per_node_count_4 0.0005622130090996946 0.02834565756553384 50.41800368676178
config.CONGESTION_TYPE, slugifiedstring, i, key, value[2], value[0], value[1] : NON-RECURRENT-MMM non-recurrent-mmm-mexicocity-30-1-2-3-4-5-6-7-8-9-10-11-12-13-14-15-16-17-18-19-20-21-22-23-24 10 k_avg 0.005471863682130665 0.022711806697387604 4.150652870165061
config.CONGESTION_TYPE, slugifiedstring, i, key, value[2], value[0], value[1] : NON-RECURRENT-MMM non-recurrent-mmm-mexicocity-30-1-2-3-4-5-6-7-8-9-10-11-12-13-14-15-16-17-18-19-20-21-22-23-24 11 streets_per_node_count_1 0.005471863682130665 0.022711806697387604 4.150652870165061
config.CONGESTION_TYPE, slugifiedstring, i, key, value[2], value[0], value[1] : NON-RECURRENT-MMM non-recurrent-mmm-mexicocity-30-1-2-3-4-5-6-7-8-9-10-11-12-13-14-15-16-17-18-19-20-21-22-23-24 12 metered_count 0.0014518747293082274 0.008763453531590163 6.0359570661896385
config.CONGESTION_TYPE, slugifiedstring, i, key, value[2], value[0], value[1] : NON-RECURRENT-MMM non-recurrent-mmm-mexicocity-30-1-2-3-4-5-6-7-8-9-10-11-12-13-14-15-16-17-18-19-20-21-22-23-24 13 mean_lanes 0.0006308877126426549 0.03480126773763835 55.16237999288846
config.CONGESTION_TYPE, slugifiedstring, i, key, value[2], value[0], value[1] : NON-RECURRENT-MMM non-recurrent-mmm-mexicocity-30-1-2-3-4-5-6-7-8-9-10-11-12-13-14-15-16-17-18-19-20-21-22-23-24 14 n -0.0013528245366584714 0.010026793075209902 -7.411746906939214
config.CONGESTION_TYPE, slugifiedstring, i, key, value[2], value[0], value[1] : NON-RECURRENT-MMM non-recurrent-mmm-mexicocity-30-1-2-3-4-5-6-7-8-9-10-11-12-13-14-15-16-17-18-19-20-21-22-23-24 15 total_crossings 0.000556024302541418 0.026079769595942444 46.90401026850759
config.CONGESTION_TYPE, slugifiedstring, i, key, value[2], value[0], value[1] : NON-RECURRENT-MMM non-recurrent-mmm-mexicocity-30-1-2-3-4-5-6-7-8-9-10-11-12-13-14-15-16-17-18-19-20-21-22-23-24 16 streets_per_node_count_5 0.015459671113232454 0.011872309829878164 0.767953583418489
config.CONGESTION_TYPE, slugifiedstring, i, key, value[2], value[0], value[1] : NON-RECURRENT-MMM non-recurrent-mmm-mexicocity-40-1-2-3-4-5-6-7-8-9-10-11-12-13-14-15-16-17-18-19-20-21-22-23-24 0 global_betweenness 0.010441745833046957 0.02710410620493031 2.5957446808510554
config.CONGESTION_TYPE, slugifiedstring, i, key, value[2], value[0], value[1] : NON-RECURRENT-MMM non-recurrent-mmm-mexicocity-40-1-2-3-4-5-6-7-8-9-10-11-12-13-14-15-16-17-18-19-20-21-22-23-24 1 streets_per_node_count_3 0.00015427823825594784 0.011430380356624094 74.08938866453138
config.CONGESTION_TYPE, slugifiedstring, i, key, value[2], value[0], value[1] : NON-RECURRENT-MMM non-recurrent-mmm-mexicocity-40-1-2-3-4-5-6-7-8-9-10-11-12-13-14-15-16-17-18-19-20-21-22-23-24 2 streets_per_node_avg 0.00031420280043934997 0.03205559412881136 102.02198734062205
config.CONGESTION_TYPE, slugifiedstring, i, key, value[2], value[0], value[1] : NON-RECURRENT-MMM non-recurrent-mmm-mexicocity-40-1-2-3-4-5-6-7-8-9-10-11-12-13-14-15-16-17-18-19-20-21-22-23-24 3 streets_per_node_count_2 -0.00038390024838062364 0.008111795740388478 -21.12995699952222
config.CONGESTION_TYPE, slugifiedstring, i, key, value[2], value[0], value[1] : NON-RECURRENT-MMM non-recurrent-mmm-mexicocity-40-1-2-3-4-5-6-7-8-9-10-11-12-13-14-15-16-17-18-19-20-21-22-23-24 4 circuity_avg -0.00013482890433110043 0.001519066907314967 -11.266626506024124
config.CONGESTION_TYPE, slugifiedstring, i, key, value[2], value[0], value[1] : NON-RECURRENT-MMM non-recurrent-mmm-mexicocity-40-1-2-3-4-5-6-7-8-9-10-11-12-13-14-15-16-17-18-19-20-21-22-23-24 5 streets_per_node_count_6 0.00028145257923267665 0.02468064334868595 87.6902368987796
config.CONGESTION_TYPE, slugifiedstring, i, key, value[2], value[0], value[1] : NON-RECURRENT-MMM non-recurrent-mmm-mexicocity-40-1-2-3-4-5-6-7-8-9-10-11-12-13-14-15-16-17-18-19-20-21-22-23-24 6 betweenness 0.00039981230254872814 0.013293146638224932 33.24846822742478
config.CONGESTION_TYPE, slugifiedstring, i, key, value[2], value[0], value[1] : NON-RECURRENT-MMM non-recurrent-mmm-mexicocity-40-1-2-3-4-5-6-7-8-9-10-11-12-13-14-15-16-17-18-19-20-21-22-23-24 7 m -0.00015537129184410068 0.005780613166057023 -37.20515609703034
config.CONGESTION_TYPE, slugifiedstring, i, key, value[2], value[0], value[1] : NON-RECURRENT-MMM non-recurrent-mmm-mexicocity-40-1-2-3-4-5-6-7-8-9-10-11-12-13-14-15-16-17-18-19-20-21-22-23-24 8 non_metered_count 0.00020629433763147336 0.010978750641589962 53.218865663693265
config.CONGESTION_TYPE, slugifiedstring, i, key, value[2], value[0], value[1] : NON-RECURRENT-MMM non-recurrent-mmm-mexicocity-40-1-2-3-4-5-6-7-8-9-10-11-12-13-14-15-16-17-18-19-20-21-22-23-24 9 streets_per_node_count_4 0.00020629433763147336 0.010978750641589962 53.218865663693265
config.CONGESTION_TYPE, slugifiedstring, i, key, value[2], value[0], value[1] : NON-RECURRENT-MMM non-recurrent-mmm-mexicocity-40-1-2-3-4-5-6-7-8-9-10-11-12-13-14-15-16-17-18-19-20-21-22-23-24 10 k_avg 0.0008626942894704145 0.029694679788071096 34.420860495436784
config.CONGESTION_TYPE, slugifiedstring, i, key, value[2], value[0], value[1] : NON-RECURRENT-MMM non-recurrent-mmm-mexicocity-40-1-2-3-4-5-6-7-8-9-10-11-12-13-14-15-16-17-18-19-20-21-22-23-24 11 streets_per_node_count_1 0.0008626942894704145 0.029694679788071096 34.420860495436784
config.CONGESTION_TYPE, slugifiedstring, i, key, value[2], value[0], value[1] : NON-RECURRENT-MMM non-recurrent-mmm-mexicocity-40-1-2-3-4-5-6-7-8-9-10-11-12-13-14-15-16-17-18-19-20-21-22-23-24 12 metered_count 0.0007896728518687531 0.018434490886691718 23.344465803866342
config.CONGESTION_TYPE, slugifiedstring, i, key, value[2], value[0], value[1] : NON-RECURRENT-MMM non-recurrent-mmm-mexicocity-40-1-2-3-4-5-6-7-8-9-10-11-12-13-14-15-16-17-18-19-20-21-22-23-24 13 mean_lanes 0.0018781749962033163 0.023705577442681258 12.62160208212839
config.CONGESTION_TYPE, slugifiedstring, i, key, value[2], value[0], value[1] : NON-RECURRENT-MMM non-recurrent-mmm-mexicocity-40-1-2-3-4-5-6-7-8-9-10-11-12-13-14-15-16-17-18-19-20-21-22-23-24 14 n -0.00029287500478675785 0.006937526022569045 -23.68766849059125
config.CONGESTION_TYPE, slugifiedstring, i, key, value[2], value[0], value[1] : NON-RECURRENT-MMM non-recurrent-mmm-mexicocity-40-1-2-3-4-5-6-7-8-9-10-11-12-13-14-15-16-17-18-19-20-21-22-23-24 15 total_crossings 0.0005633614169819972 0.0302973470618563 53.77959183673468
config.CONGESTION_TYPE, slugifiedstring, i, key, value[2], value[0], value[1] : NON-RECURRENT-MMM non-recurrent-mmm-mexicocity-40-1-2-3-4-5-6-7-8-9-10-11-12-13-14-15-16-17-18-19-20-21-22-23-24 16 streets_per_node_count_5 0.0016482475688401742 0.01222821507153046 7.418918918918905
config.CONGESTION_TYPE, slugifiedstring, i, key, value[2], value[0], value[1] : NON-RECURRENT-MMM non-recurrent-mmm-mexicocity-60-1-2-3-4-5-6-7-8-9-10-11-12-13-14-15-16-17-18-19-20-21-22-23-24 0 global_betweenness -0.001633355687736121 0.038232765413042324 -23.40749519538764
config.CONGESTION_TYPE, slugifiedstring, i, key, value[2], value[0], value[1] : NON-RECURRENT-MMM non-recurrent-mmm-mexicocity-60-1-2-3-4-5-6-7-8-9-10-11-12-13-14-15-16-17-18-19-20-21-22-23-24 1 streets_per_node_count_3 0.0001315484824493735 0.015482502852516072 117.6942718322465
config.CONGESTION_TYPE, slugifiedstring, i, key, value[2], value[0], value[1] : NON-RECURRENT-MMM non-recurrent-mmm-mexicocity-60-1-2-3-4-5-6-7-8-9-10-11-12-13-14-15-16-17-18-19-20-21-22-23-24 2 streets_per_node_avg 0.0001342073419461374 0.023168282519383895 172.63051472014268
config.CONGESTION_TYPE, slugifiedstring, i, key, value[2], value[0], value[1] : NON-RECURRENT-MMM non-recurrent-mmm-mexicocity-60-1-2-3-4-5-6-7-8-9-10-11-12-13-14-15-16-17-18-19-20-21-22-23-24 3 streets_per_node_count_2 0.00015911579681229958 0.008970648456820496 56.3781135282419
config.CONGESTION_TYPE, slugifiedstring, i, key, value[2], value[0], value[1] : NON-RECURRENT-MMM non-recurrent-mmm-mexicocity-60-1-2-3-4-5-6-7-8-9-10-11-12-13-14-15-16-17-18-19-20-21-22-23-24 4 circuity_avg -3.458218180238641e-05 0.001641033158553673 -47.453141271741
config.CONGESTION_TYPE, slugifiedstring, i, key, value[2], value[0], value[1] : NON-RECURRENT-MMM non-recurrent-mmm-mexicocity-60-1-2-3-4-5-6-7-8-9-10-11-12-13-14-15-16-17-18-19-20-21-22-23-24 5 streets_per_node_count_6 0.00011081365435663989 0.01499744032626066 135.3392811863534
config.CONGESTION_TYPE, slugifiedstring, i, key, value[2], value[0], value[1] : NON-RECURRENT-MMM non-recurrent-mmm-mexicocity-60-1-2-3-4-5-6-7-8-9-10-11-12-13-14-15-16-17-18-19-20-21-22-23-24 6 betweenness 0.0001867824115929943 0.00966571712542562 51.748540148884956
config.CONGESTION_TYPE, slugifiedstring, i, key, value[2], value[0], value[1] : NON-RECURRENT-MMM non-recurrent-mmm-mexicocity-60-1-2-3-4-5-6-7-8-9-10-11-12-13-14-15-16-17-18-19-20-21-22-23-24 7 m 0.00015941208012178754 0.00593737521986392 37.24545351473921
config.CONGESTION_TYPE, slugifiedstring, i, key, value[2], value[0], value[1] : NON-RECURRENT-MMM non-recurrent-mmm-mexicocity-60-1-2-3-4-5-6-7-8-9-10-11-12-13-14-15-16-17-18-19-20-21-22-23-24 8 non_metered_count 7.426102165712396e-05 0.0066480608186317 89.5228838801458
config.CONGESTION_TYPE, slugifiedstring, i, key, value[2], value[0], value[1] : NON-RECURRENT-MMM non-recurrent-mmm-mexicocity-60-1-2-3-4-5-6-7-8-9-10-11-12-13-14-15-16-17-18-19-20-21-22-23-24 9 streets_per_node_count_4 7.426102165712396e-05 0.0066480608186317 89.5228838801458
config.CONGESTION_TYPE, slugifiedstring, i, key, value[2], value[0], value[1] : NON-RECURRENT-MMM non-recurrent-mmm-mexicocity-60-1-2-3-4-5-6-7-8-9-10-11-12-13-14-15-16-17-18-19-20-21-22-23-24 10 k_avg 0.0004653566009156871 0.034604491424353206 74.3612347096003
config.CONGESTION_TYPE, slugifiedstring, i, key, value[2], value[0], value[1] : NON-RECURRENT-MMM non-recurrent-mmm-mexicocity-60-1-2-3-4-5-6-7-8-9-10-11-12-13-14-15-16-17-18-19-20-21-22-23-24 11 streets_per_node_count_1 0.0004653566009156871 0.034604491424353206 74.3612347096003
config.CONGESTION_TYPE, slugifiedstring, i, key, value[2], value[0], value[1] : NON-RECURRENT-MMM non-recurrent-mmm-mexicocity-60-1-2-3-4-5-6-7-8-9-10-11-12-13-14-15-16-17-18-19-20-21-22-23-24 12 metered_count 0.0012941607658758837 0.011689232242129817 9.032287603170062
config.CONGESTION_TYPE, slugifiedstring, i, key, value[2], value[0], value[1] : NON-RECURRENT-MMM non-recurrent-mmm-mexicocity-60-1-2-3-4-5-6-7-8-9-10-11-12-13-14-15-16-17-18-19-20-21-22-23-24 13 mean_lanes 0.00017335026336908502 0.043404677773867174 250.38714640688505
config.CONGESTION_TYPE, slugifiedstring, i, key, value[2], value[0], value[1] : NON-RECURRENT-MMM non-recurrent-mmm-mexicocity-60-1-2-3-4-5-6-7-8-9-10-11-12-13-14-15-16-17-18-19-20-21-22-23-24 14 n 0.00017917477568860863 0.008577779038726977 47.87380927790008
config.CONGESTION_TYPE, slugifiedstring, i, key, value[2], value[0], value[1] : NON-RECURRENT-MMM non-recurrent-mmm-mexicocity-60-1-2-3-4-5-6-7-8-9-10-11-12-13-14-15-16-17-18-19-20-21-22-23-24 15 total_crossings 0.00027667370731544294 0.01950119570610171 70.48445584266483
config.CONGESTION_TYPE, slugifiedstring, i, key, value[2], value[0], value[1] : NON-RECURRENT-MMM non-recurrent-mmm-mexicocity-60-1-2-3-4-5-6-7-8-9-10-11-12-13-14-15-16-17-18-19-20-21-22-23-24 16 streets_per_node_count_5 0.00020533379915210095 0.0198891201040693 96.86237816764128
config.CONGESTION_TYPE, slugifiedstring, i, key, value[2], value[0], value[1] : NON-RECURRENT-MMM non-recurrent-mmm-mexicocity-70-1-2-3-4-5-6-7-8-9-10-11-12-13-14-15-16-17-18-19-20-21-22-23-24 0 global_betweenness -0.0011187108986179769 0.037299530365159206 -33.34152765583849
config.CONGESTION_TYPE, slugifiedstring, i, key, value[2], value[0], value[1] : NON-RECURRENT-MMM non-recurrent-mmm-mexicocity-70-1-2-3-4-5-6-7-8-9-10-11-12-13-14-15-16-17-18-19-20-21-22-23-24 1 streets_per_node_count_3 0.0001430348824804594 0.024119177308320743 168.6244424440714
config.CONGESTION_TYPE, slugifiedstring, i, key, value[2], value[0], value[1] : NON-RECURRENT-MMM non-recurrent-mmm-mexicocity-70-1-2-3-4-5-6-7-8-9-10-11-12-13-14-15-16-17-18-19-20-21-22-23-24 2 streets_per_node_avg 0.00013716052863333328 0.031137377052756064 227.01412252496186
config.CONGESTION_TYPE, slugifiedstring, i, key, value[2], value[0], value[1] : NON-RECURRENT-MMM non-recurrent-mmm-mexicocity-70-1-2-3-4-5-6-7-8-9-10-11-12-13-14-15-16-17-18-19-20-21-22-23-24 3 streets_per_node_count_2 -0.00045727703825214675 0.006724071746727908 -14.704590837163778
config.CONGESTION_TYPE, slugifiedstring, i, key, value[2], value[0], value[1] : NON-RECURRENT-MMM non-recurrent-mmm-mexicocity-70-1-2-3-4-5-6-7-8-9-10-11-12-13-14-15-16-17-18-19-20-21-22-23-24 4 circuity_avg -2.100127467644179e-05 0.002917981918980403 -138.94308626198074
config.CONGESTION_TYPE, slugifiedstring, i, key, value[2], value[0], value[1] : NON-RECURRENT-MMM non-recurrent-mmm-mexicocity-70-1-2-3-4-5-6-7-8-9-10-11-12-13-14-15-16-17-18-19-20-21-22-23-24 5 streets_per_node_count_6 9.810096078586615e-05 0.017739278464056814 180.82675563981422
config.CONGESTION_TYPE, slugifiedstring, i, key, value[2], value[0], value[1] : NON-RECURRENT-MMM non-recurrent-mmm-mexicocity-70-1-2-3-4-5-6-7-8-9-10-11-12-13-14-15-16-17-18-19-20-21-22-23-24 6 betweenness 0.0006912722011554068 0.025040243995989832 36.22342104041945
config.CONGESTION_TYPE, slugifiedstring, i, key, value[2], value[0], value[1] : NON-RECURRENT-MMM non-recurrent-mmm-mexicocity-70-1-2-3-4-5-6-7-8-9-10-11-12-13-14-15-16-17-18-19-20-21-22-23-24 7 m 0.001220754198908691 0.0044893365164958565 3.6775106082036473
config.CONGESTION_TYPE, slugifiedstring, i, key, value[2], value[0], value[1] : NON-RECURRENT-MMM non-recurrent-mmm-mexicocity-70-1-2-3-4-5-6-7-8-9-10-11-12-13-14-15-16-17-18-19-20-21-22-23-24 8 non_metered_count 6.839729274671703e-05 0.004912361808958328 71.82099775716802
config.CONGESTION_TYPE, slugifiedstring, i, key, value[2], value[0], value[1] : NON-RECURRENT-MMM non-recurrent-mmm-mexicocity-70-1-2-3-4-5-6-7-8-9-10-11-12-13-14-15-16-17-18-19-20-21-22-23-24 9 streets_per_node_count_4 6.839729274671703e-05 0.004912361808958328 71.82099775716802
config.CONGESTION_TYPE, slugifiedstring, i, key, value[2], value[0], value[1] : NON-RECURRENT-MMM non-recurrent-mmm-mexicocity-70-1-2-3-4-5-6-7-8-9-10-11-12-13-14-15-16-17-18-19-20-21-22-23-24 10 k_avg 0.00048581935937213705 0.03695270206203541 76.06263799324984
config.CONGESTION_TYPE, slugifiedstring, i, key, value[2], value[0], value[1] : NON-RECURRENT-MMM non-recurrent-mmm-mexicocity-70-1-2-3-4-5-6-7-8-9-10-11-12-13-14-15-16-17-18-19-20-21-22-23-24 11 streets_per_node_count_1 0.00048581935937213705 0.03695270206203541 76.06263799324984
config.CONGESTION_TYPE, slugifiedstring, i, key, value[2], value[0], value[1] : NON-RECURRENT-MMM non-recurrent-mmm-mexicocity-70-1-2-3-4-5-6-7-8-9-10-11-12-13-14-15-16-17-18-19-20-21-22-23-24 12 metered_count 0.004798548764736251 0.011310476804518738 2.357061969993424
config.CONGESTION_TYPE, slugifiedstring, i, key, value[2], value[0], value[1] : NON-RECURRENT-MMM non-recurrent-mmm-mexicocity-70-1-2-3-4-5-6-7-8-9-10-11-12-13-14-15-16-17-18-19-20-21-22-23-24 13 mean_lanes 0.00015658413209922907 0.021177983405280106 135.24986932813465
config.CONGESTION_TYPE, slugifiedstring, i, key, value[2], value[0], value[1] : NON-RECURRENT-MMM non-recurrent-mmm-mexicocity-70-1-2-3-4-5-6-7-8-9-10-11-12-13-14-15-16-17-18-19-20-21-22-23-24 14 n -0.0006828673098694802 0.007833867863626354 -11.472020625974437
config.CONGESTION_TYPE, slugifiedstring, i, key, value[2], value[0], value[1] : NON-RECURRENT-MMM non-recurrent-mmm-mexicocity-70-1-2-3-4-5-6-7-8-9-10-11-12-13-14-15-16-17-18-19-20-21-22-23-24 15 total_crossings 0.00024327790821617712 0.011957714424242661 49.152487835504644
config.CONGESTION_TYPE, slugifiedstring, i, key, value[2], value[0], value[1] : NON-RECURRENT-MMM non-recurrent-mmm-mexicocity-70-1-2-3-4-5-6-7-8-9-10-11-12-13-14-15-16-17-18-19-20-21-22-23-24 16 streets_per_node_count_5 0.00012734673322985777 0.010546047801734394 82.81365005805867
config.CONGESTION_TYPE, slugifiedstring, i, key, value[2], value[0], value[1] : NON-RECURRENT-MMM non-recurrent-mmm-mexicocity-80-1-2-3-4-5-6-7-8-9-10-11-12-13-14-15-16-17-18-19-20-21-22-23-24 0 global_betweenness 0.0024832492394244164 0.03629983814842979 14.617879499217565
config.CONGESTION_TYPE, slugifiedstring, i, key, value[2], value[0], value[1] : NON-RECURRENT-MMM non-recurrent-mmm-mexicocity-80-1-2-3-4-5-6-7-8-9-10-11-12-13-14-15-16-17-18-19-20-21-22-23-24 1 streets_per_node_count_3 5.834345804719798e-05 0.010633591595063961 182.25850765413543
config.CONGESTION_TYPE, slugifiedstring, i, key, value[2], value[0], value[1] : NON-RECURRENT-MMM non-recurrent-mmm-mexicocity-80-1-2-3-4-5-6-7-8-9-10-11-12-13-14-15-16-17-18-19-20-21-22-23-24 2 streets_per_node_avg 0.00016280098791323513 0.03702082292073762 227.39925227276808
config.CONGESTION_TYPE, slugifiedstring, i, key, value[2], value[0], value[1] : NON-RECURRENT-MMM non-recurrent-mmm-mexicocity-80-1-2-3-4-5-6-7-8-9-10-11-12-13-14-15-16-17-18-19-20-21-22-23-24 3 streets_per_node_count_2 -0.0036263195714247303 0.007844306885984776 -2.1631592945634566
config.CONGESTION_TYPE, slugifiedstring, i, key, value[2], value[0], value[1] : NON-RECURRENT-MMM non-recurrent-mmm-mexicocity-80-1-2-3-4-5-6-7-8-9-10-11-12-13-14-15-16-17-18-19-20-21-22-23-24 4 circuity_avg -1.6168923641836427e-05 0.0020885305266926018 -129.16942234105272
config.CONGESTION_TYPE, slugifiedstring, i, key, value[2], value[0], value[1] : NON-RECURRENT-MMM non-recurrent-mmm-mexicocity-80-1-2-3-4-5-6-7-8-9-10-11-12-13-14-15-16-17-18-19-20-21-22-23-24 5 streets_per_node_count_6 8.184787670187903e-05 0.0166999612816968 204.03658536585363
config.CONGESTION_TYPE, slugifiedstring, i, key, value[2], value[0], value[1] : NON-RECURRENT-MMM non-recurrent-mmm-mexicocity-80-1-2-3-4-5-6-7-8-9-10-11-12-13-14-15-16-17-18-19-20-21-22-23-24 6 betweenness 0.0006297053760832718 0.03199600146632407 50.81106606606602
config.CONGESTION_TYPE, slugifiedstring, i, key, value[2], value[0], value[1] : NON-RECURRENT-MMM non-recurrent-mmm-mexicocity-80-1-2-3-4-5-6-7-8-9-10-11-12-13-14-15-16-17-18-19-20-21-22-23-24 7 m -0.00025189807946939164 0.004368198058729861 -17.341132842025672
config.CONGESTION_TYPE, slugifiedstring, i, key, value[2], value[0], value[1] : NON-RECURRENT-MMM non-recurrent-mmm-mexicocity-80-1-2-3-4-5-6-7-8-9-10-11-12-13-14-15-16-17-18-19-20-21-22-23-24 8 non_metered_count 6.136205480079845e-05 0.004866331207195943 79.30521921069408
config.CONGESTION_TYPE, slugifiedstring, i, key, value[2], value[0], value[1] : NON-RECURRENT-MMM non-recurrent-mmm-mexicocity-80-1-2-3-4-5-6-7-8-9-10-11-12-13-14-15-16-17-18-19-20-21-22-23-24 9 streets_per_node_count_4 6.136205480079845e-05 0.004866331207195943 79.30521921069408
config.CONGESTION_TYPE, slugifiedstring, i, key, value[2], value[0], value[1] : NON-RECURRENT-MMM non-recurrent-mmm-mexicocity-80-1-2-3-4-5-6-7-8-9-10-11-12-13-14-15-16-17-18-19-20-21-22-23-24 10 k_avg 0.00027995585820870714 0.038134386086119534 136.21571032705572
config.CONGESTION_TYPE, slugifiedstring, i, key, value[2], value[0], value[1] : NON-RECURRENT-MMM non-recurrent-mmm-mexicocity-80-1-2-3-4-5-6-7-8-9-10-11-12-13-14-15-16-17-18-19-20-21-22-23-24 11 streets_per_node_count_1 0.00027995585820870714 0.038134386086119534 136.21571032705572
config.CONGESTION_TYPE, slugifiedstring, i, key, value[2], value[0], value[1] : NON-RECURRENT-MMM non-recurrent-mmm-mexicocity-80-1-2-3-4-5-6-7-8-9-10-11-12-13-14-15-16-17-18-19-20-21-22-23-24 12 metered_count -0.0029222191911785077 0.016566728166686643 -5.669228446893271
config.CONGESTION_TYPE, slugifiedstring, i, key, value[2], value[0], value[1] : NON-RECURRENT-MMM non-recurrent-mmm-mexicocity-80-1-2-3-4-5-6-7-8-9-10-11-12-13-14-15-16-17-18-19-20-21-22-23-24 13 mean_lanes 0.00011828894216299664 0.02263204451578263 191.32848854626434
config.CONGESTION_TYPE, slugifiedstring, i, key, value[2], value[0], value[1] : NON-RECURRENT-MMM non-recurrent-mmm-mexicocity-80-1-2-3-4-5-6-7-8-9-10-11-12-13-14-15-16-17-18-19-20-21-22-23-24 14 n -0.0006901058564513744 0.0072573013279782035 -10.516214664944755
config.CONGESTION_TYPE, slugifiedstring, i, key, value[2], value[0], value[1] : NON-RECURRENT-MMM non-recurrent-mmm-mexicocity-80-1-2-3-4-5-6-7-8-9-10-11-12-13-14-15-16-17-18-19-20-21-22-23-24 15 total_crossings 0.00013984047776013705 0.01313996955425443 93.96399214820269
config.CONGESTION_TYPE, slugifiedstring, i, key, value[2], value[0], value[1] : NON-RECURRENT-MMM non-recurrent-mmm-mexicocity-80-1-2-3-4-5-6-7-8-9-10-11-12-13-14-15-16-17-18-19-20-21-22-23-24 16 streets_per_node_count_5 0.000105972574247474 0.010700111714256822 100.97057460611677
config.CONGESTION_TYPE, slugifiedstring, i, key, value[2], value[0], value[1] : NON-RECURRENT-MMM non-recurrent-mmm-mexicocity-90-1-2-3-4-5-6-7-8-9-10-11-12-13-14-15-16-17-18-19-20-21-22-23-24 0 global_betweenness -0.0011395946911697862 0.03539794511370917 -31.061872600839706
config.CONGESTION_TYPE, slugifiedstring, i, key, value[2], value[0], value[1] : NON-RECURRENT-MMM non-recurrent-mmm-mexicocity-90-1-2-3-4-5-6-7-8-9-10-11-12-13-14-15-16-17-18-19-20-21-22-23-24 1 streets_per_node_count_3 6.117835454561706e-05 0.013254607055856281 216.6551741102012
config.CONGESTION_TYPE, slugifiedstring, i, key, value[2], value[0], value[1] : NON-RECURRENT-MMM non-recurrent-mmm-mexicocity-90-1-2-3-4-5-6-7-8-9-10-11-12-13-14-15-16-17-18-19-20-21-22-23-24 2 streets_per_node_avg 0.00012952014274071743 0.03211555992051457 247.95803371530997
config.CONGESTION_TYPE, slugifiedstring, i, key, value[2], value[0], value[1] : NON-RECURRENT-MMM non-recurrent-mmm-mexicocity-90-1-2-3-4-5-6-7-8-9-10-11-12-13-14-15-16-17-18-19-20-21-22-23-24 3 streets_per_node_count_2 0.00013858457458376989 0.005984086689206719 43.180034337728785
config.CONGESTION_TYPE, slugifiedstring, i, key, value[2], value[0], value[1] : NON-RECURRENT-MMM non-recurrent-mmm-mexicocity-90-1-2-3-4-5-6-7-8-9-10-11-12-13-14-15-16-17-18-19-20-21-22-23-24 4 circuity_avg -3.545338496974682e-05 0.0016779385150654247 -47.32802006063025
config.CONGESTION_TYPE, slugifiedstring, i, key, value[2], value[0], value[1] : NON-RECURRENT-MMM non-recurrent-mmm-mexicocity-90-1-2-3-4-5-6-7-8-9-10-11-12-13-14-15-16-17-18-19-20-21-22-23-24 5 streets_per_node_count_6 0.00010759501205505264 0.02265128258502287 210.5235377773181
config.CONGESTION_TYPE, slugifiedstring, i, key, value[2], value[0], value[1] : NON-RECURRENT-MMM non-recurrent-mmm-mexicocity-90-1-2-3-4-5-6-7-8-9-10-11-12-13-14-15-16-17-18-19-20-21-22-23-24 6 betweenness 0.0002708145843689706 0.02452668687760642 90.56634425637174
config.CONGESTION_TYPE, slugifiedstring, i, key, value[2], value[0], value[1] : NON-RECURRENT-MMM non-recurrent-mmm-mexicocity-90-1-2-3-4-5-6-7-8-9-10-11-12-13-14-15-16-17-18-19-20-21-22-23-24 7 m -0.00012618565817017487 0.00468145746669609 -37.09975867766718
config.CONGESTION_TYPE, slugifiedstring, i, key, value[2], value[0], value[1] : NON-RECURRENT-MMM non-recurrent-mmm-mexicocity-90-1-2-3-4-5-6-7-8-9-10-11-12-13-14-15-16-17-18-19-20-21-22-23-24 8 non_metered_count 4.7178011552539796e-05 0.004173225007422041 88.45699235913173
config.CONGESTION_TYPE, slugifiedstring, i, key, value[2], value[0], value[1] : NON-RECURRENT-MMM non-recurrent-mmm-mexicocity-90-1-2-3-4-5-6-7-8-9-10-11-12-13-14-15-16-17-18-19-20-21-22-23-24 9 streets_per_node_count_4 4.7178011552539796e-05 0.004173225007422041 88.45699235913173
config.CONGESTION_TYPE, slugifiedstring, i, key, value[2], value[0], value[1] : NON-RECURRENT-MMM non-recurrent-mmm-mexicocity-90-1-2-3-4-5-6-7-8-9-10-11-12-13-14-15-16-17-18-19-20-21-22-23-24 10 k_avg 0.00037134447224556027 0.052888799566146116 142.4251699407879
config.CONGESTION_TYPE, slugifiedstring, i, key, value[2], value[0], value[1] : NON-RECURRENT-MMM non-recurrent-mmm-mexicocity-90-1-2-3-4-5-6-7-8-9-10-11-12-13-14-15-16-17-18-19-20-21-22-23-24 11 streets_per_node_count_1 0.00037134447224556027 0.052888799566146116 142.4251699407879
config.CONGESTION_TYPE, slugifiedstring, i, key, value[2], value[0], value[1] : NON-RECURRENT-MMM non-recurrent-mmm-mexicocity-90-1-2-3-4-5-6-7-8-9-10-11-12-13-14-15-16-17-18-19-20-21-22-23-24 12 metered_count 0.0003608379496727133 0.008218929546702971 22.777342444600663
config.CONGESTION_TYPE, slugifiedstring, i, key, value[2], value[0], value[1] : NON-RECURRENT-MMM non-recurrent-mmm-mexicocity-90-1-2-3-4-5-6-7-8-9-10-11-12-13-14-15-16-17-18-19-20-21-22-23-24 13 mean_lanes 0.0001266419668666419 0.011810889781443816 93.2620526486379
config.CONGESTION_TYPE, slugifiedstring, i, key, value[2], value[0], value[1] : NON-RECURRENT-MMM non-recurrent-mmm-mexicocity-90-1-2-3-4-5-6-7-8-9-10-11-12-13-14-15-16-17-18-19-20-21-22-23-24 14 n -0.00023804620216041276 0.007044705170856331 -29.59385659977511
config.CONGESTION_TYPE, slugifiedstring, i, key, value[2], value[0], value[1] : NON-RECURRENT-MMM non-recurrent-mmm-mexicocity-90-1-2-3-4-5-6-7-8-9-10-11-12-13-14-15-16-17-18-19-20-21-22-23-24 15 total_crossings 0.00011577446021350608 0.009604412136272073 82.95795219912964
config.CONGESTION_TYPE, slugifiedstring, i, key, value[2], value[0], value[1] : NON-RECURRENT-MMM non-recurrent-mmm-mexicocity-90-1-2-3-4-5-6-7-8-9-10-11-12-13-14-15-16-17-18-19-20-21-22-23-24 16 streets_per_node_count_5 0.00012614708954974542 0.015230324047550444 120.73464478579547
config.CONGESTION_TYPE, slugifiedstring, i, key, value[2], value[0], value[1] : NON-RECURRENT-MMM non-recurrent-mmm-mexicocity-25-1-2-3-4-5-6-7-8-9-10-11-12-13-14-15-16-17-18-19-20-21-22-23-24 0 global_betweenness -0.0018827761249958796 0.028559624690875203 -15.16889040163376
config.CONGESTION_TYPE, slugifiedstring, i, key, value[2], value[0], value[1] : NON-RECURRENT-MMM non-recurrent-mmm-mexicocity-25-1-2-3-4-5-6-7-8-9-10-11-12-13-14-15-16-17-18-19-20-21-22-23-24 1 streets_per_node_count_3 0.0006175589217040189 0.024219159591321864 39.21756894790603
config.CONGESTION_TYPE, slugifiedstring, i, key, value[2], value[0], value[1] : NON-RECURRENT-MMM non-recurrent-mmm-mexicocity-25-1-2-3-4-5-6-7-8-9-10-11-12-13-14-15-16-17-18-19-20-21-22-23-24 2 streets_per_node_avg 0.00040009609381639054 0.015566960373687608 38.9080538757559
config.CONGESTION_TYPE, slugifiedstring, i, key, value[2], value[0], value[1] : NON-RECURRENT-MMM non-recurrent-mmm-mexicocity-25-1-2-3-4-5-6-7-8-9-10-11-12-13-14-15-16-17-18-19-20-21-22-23-24 3 streets_per_node_count_2 -0.003112488340369237 0.005945704888745459 -1.9102737869341269
config.CONGESTION_TYPE, slugifiedstring, i, key, value[2], value[0], value[1] : NON-RECURRENT-MMM non-recurrent-mmm-mexicocity-25-1-2-3-4-5-6-7-8-9-10-11-12-13-14-15-16-17-18-19-20-21-22-23-24 4 circuity_avg 0.00027016618463243306 0.0012089464443796765 4.47482517482517
config.CONGESTION_TYPE, slugifiedstring, i, key, value[2], value[0], value[1] : NON-RECURRENT-MMM non-recurrent-mmm-mexicocity-25-1-2-3-4-5-6-7-8-9-10-11-12-13-14-15-16-17-18-19-20-21-22-23-24 5 streets_per_node_count_6 0.000691008021796811 0.03035701312643028 43.93149163086949
config.CONGESTION_TYPE, slugifiedstring, i, key, value[2], value[0], value[1] : NON-RECURRENT-MMM non-recurrent-mmm-mexicocity-25-1-2-3-4-5-6-7-8-9-10-11-12-13-14-15-16-17-18-19-20-21-22-23-24 6 betweenness 0.0009011420266050208 0.025235008282035246 28.00336410577374
config.CONGESTION_TYPE, slugifiedstring, i, key, value[2], value[0], value[1] : NON-RECURRENT-MMM non-recurrent-mmm-mexicocity-25-1-2-3-4-5-6-7-8-9-10-11-12-13-14-15-16-17-18-19-20-21-22-23-24 7 m 0.001964428158043946 0.0050053518872834055 2.5479943701618595
config.CONGESTION_TYPE, slugifiedstring, i, key, value[2], value[0], value[1] : NON-RECURRENT-MMM non-recurrent-mmm-mexicocity-25-1-2-3-4-5-6-7-8-9-10-11-12-13-14-15-16-17-18-19-20-21-22-23-24 8 non_metered_count 0.00048780953168654426 0.0071496636929994145 14.65667074663402
config.CONGESTION_TYPE, slugifiedstring, i, key, value[2], value[0], value[1] : NON-RECURRENT-MMM non-recurrent-mmm-mexicocity-25-1-2-3-4-5-6-7-8-9-10-11-12-13-14-15-16-17-18-19-20-21-22-23-24 9 streets_per_node_count_4 0.00048780953168654426 0.0071496636929994145 14.65667074663402
config.CONGESTION_TYPE, slugifiedstring, i, key, value[2], value[0], value[1] : NON-RECURRENT-MMM non-recurrent-mmm-mexicocity-25-1-2-3-4-5-6-7-8-9-10-11-12-13-14-15-16-17-18-19-20-21-22-23-24 10 k_avg 0.0008775966420791642 0.021865486969676197 24.91518987341773
config.CONGESTION_TYPE, slugifiedstring, i, key, value[2], value[0], value[1] : NON-RECURRENT-MMM non-recurrent-mmm-mexicocity-25-1-2-3-4-5-6-7-8-9-10-11-12-13-14-15-16-17-18-19-20-21-22-23-24 11 streets_per_node_count_1 0.0008775966420791642 0.021865486969676197 24.91518987341773
config.CONGESTION_TYPE, slugifiedstring, i, key, value[2], value[0], value[1] : NON-RECURRENT-MMM non-recurrent-mmm-mexicocity-25-1-2-3-4-5-6-7-8-9-10-11-12-13-14-15-16-17-18-19-20-21-22-23-24 12 metered_count 0.0016064101057139625 0.01902524064469785 11.843327290475528
config.CONGESTION_TYPE, slugifiedstring, i, key, value[2], value[0], value[1] : NON-RECURRENT-MMM non-recurrent-mmm-mexicocity-25-1-2-3-4-5-6-7-8-9-10-11-12-13-14-15-16-17-18-19-20-21-22-23-24 13 mean_lanes 0.0005620492025642104 0.03229339222559147 57.45652173913042
config.CONGESTION_TYPE, slugifiedstring, i, key, value[2], value[0], value[1] : NON-RECURRENT-MMM non-recurrent-mmm-mexicocity-25-1-2-3-4-5-6-7-8-9-10-11-12-13-14-15-16-17-18-19-20-21-22-23-24 14 n -0.0012214611906809917 0.007576967392839036 -6.203199455411848
config.CONGESTION_TYPE, slugifiedstring, i, key, value[2], value[0], value[1] : NON-RECURRENT-MMM non-recurrent-mmm-mexicocity-25-1-2-3-4-5-6-7-8-9-10-11-12-13-14-15-16-17-18-19-20-21-22-23-24 15 total_crossings 0.0004701237374321094 0.02060920038922854 43.83782129742963
config.CONGESTION_TYPE, slugifiedstring, i, key, value[2], value[0], value[1] : NON-RECURRENT-MMM non-recurrent-mmm-mexicocity-25-1-2-3-4-5-6-7-8-9-10-11-12-13-14-15-16-17-18-19-20-21-22-23-24 16 streets_per_node_count_5 0.0003570206813609442 0.011178612566338175 31.31082637489203
config.CONGESTION_TYPE, slugifiedstring, i, key, value[2], value[0], value[1] : NON-RECURRENT-MMM non-recurrent-mmm-mexicocity-50-1-2-3-4-5-6-7-8-9-10-11-12-13-14-15-16-17-18-19-20-21-22-23-24 0 global_betweenness -0.0022521325580258785 0.03479352841401896 -15.449147648980954
config.CONGESTION_TYPE, slugifiedstring, i, key, value[2], value[0], value[1] : NON-RECURRENT-MMM non-recurrent-mmm-mexicocity-50-1-2-3-4-5-6-7-8-9-10-11-12-13-14-15-16-17-18-19-20-21-22-23-24 1 streets_per_node_count_3 0.0002147127846410272 0.02420294157833449 112.72240550928893
config.CONGESTION_TYPE, slugifiedstring, i, key, value[2], value[0], value[1] : NON-RECURRENT-MMM non-recurrent-mmm-mexicocity-50-1-2-3-4-5-6-7-8-9-10-11-12-13-14-15-16-17-18-19-20-21-22-23-24 2 streets_per_node_avg 0.00020129132556988307 0.024850223934291142 123.45402298850576
config.CONGESTION_TYPE, slugifiedstring, i, key, value[2], value[0], value[1] : NON-RECURRENT-MMM non-recurrent-mmm-mexicocity-50-1-2-3-4-5-6-7-8-9-10-11-12-13-14-15-16-17-18-19-20-21-22-23-24 3 streets_per_node_count_2 -0.0008535390866370841 0.006154636393405362 -7.210725893824531
config.CONGESTION_TYPE, slugifiedstring, i, key, value[2], value[0], value[1] : NON-RECURRENT-MMM non-recurrent-mmm-mexicocity-50-1-2-3-4-5-6-7-8-9-10-11-12-13-14-15-16-17-18-19-20-21-22-23-24 4 circuity_avg -7.124076675480548e-05 0.0019849097407420254 -27.86199294532628
config.CONGESTION_TYPE, slugifiedstring, i, key, value[2], value[0], value[1] : NON-RECURRENT-MMM non-recurrent-mmm-mexicocity-50-1-2-3-4-5-6-7-8-9-10-11-12-13-14-15-16-17-18-19-20-21-22-23-24 5 streets_per_node_count_6 0.00021934276568359346 0.02515817030957615 114.69797160243405
config.CONGESTION_TYPE, slugifiedstring, i, key, value[2], value[0], value[1] : NON-RECURRENT-MMM non-recurrent-mmm-mexicocity-50-1-2-3-4-5-6-7-8-9-10-11-12-13-14-15-16-17-18-19-20-21-22-23-24 6 betweenness 0.0011909447918900334 0.020945293296849073 17.58712363451275
config.CONGESTION_TYPE, slugifiedstring, i, key, value[2], value[0], value[1] : NON-RECURRENT-MMM non-recurrent-mmm-mexicocity-50-1-2-3-4-5-6-7-8-9-10-11-12-13-14-15-16-17-18-19-20-21-22-23-24 7 m -0.00021992240776147907 0.007902026933797567 -35.93097681236674
config.CONGESTION_TYPE, slugifiedstring, i, key, value[2], value[0], value[1] : NON-RECURRENT-MMM non-recurrent-mmm-mexicocity-50-1-2-3-4-5-6-7-8-9-10-11-12-13-14-15-16-17-18-19-20-21-22-23-24 8 non_metered_count 0.00010767884933599755 0.007200335690255284 66.86861658214411
config.CONGESTION_TYPE, slugifiedstring, i, key, value[2], value[0], value[1] : NON-RECURRENT-MMM non-recurrent-mmm-mexicocity-50-1-2-3-4-5-6-7-8-9-10-11-12-13-14-15-16-17-18-19-20-21-22-23-24 9 streets_per_node_count_4 0.00010767884933599755 0.007200335690255284 66.86861658214411
config.CONGESTION_TYPE, slugifiedstring, i, key, value[2], value[0], value[1] : NON-RECURRENT-MMM non-recurrent-mmm-mexicocity-50-1-2-3-4-5-6-7-8-9-10-11-12-13-14-15-16-17-18-19-20-21-22-23-24 10 k_avg 0.0005552767680095644 0.03249049750196674 58.512257983404595
config.CONGESTION_TYPE, slugifiedstring, i, key, value[2], value[0], value[1] : NON-RECURRENT-MMM non-recurrent-mmm-mexicocity-50-1-2-3-4-5-6-7-8-9-10-11-12-13-14-15-16-17-18-19-20-21-22-23-24 11 streets_per_node_count_1 0.0005552767680095644 0.03249049750196674 58.512257983404595
config.CONGESTION_TYPE, slugifiedstring, i, key, value[2], value[0], value[1] : NON-RECURRENT-MMM non-recurrent-mmm-mexicocity-50-1-2-3-4-5-6-7-8-9-10-11-12-13-14-15-16-17-18-19-20-21-22-23-24 12 metered_count -0.02154469629880088 0.01176692892971246 -0.546163601775504
config.CONGESTION_TYPE, slugifiedstring, i, key, value[2], value[0], value[1] : NON-RECURRENT-MMM non-recurrent-mmm-mexicocity-50-1-2-3-4-5-6-7-8-9-10-11-12-13-14-15-16-17-18-19-20-21-22-23-24 13 mean_lanes 0.0002680809377516398 0.031126316756317007 116.10790762435181
config.CONGESTION_TYPE, slugifiedstring, i, key, value[2], value[0], value[1] : NON-RECURRENT-MMM non-recurrent-mmm-mexicocity-50-1-2-3-4-5-6-7-8-9-10-11-12-13-14-15-16-17-18-19-20-21-22-23-24 14 n -0.00014797561025265785 0.007543441677999816 -50.97760141093471
config.CONGESTION_TYPE, slugifiedstring, i, key, value[2], value[0], value[1] : NON-RECURRENT-MMM non-recurrent-mmm-mexicocity-50-1-2-3-4-5-6-7-8-9-10-11-12-13-14-15-16-17-18-19-20-21-22-23-24 15 total_crossings 0.0002687574424808275 0.016294832256307245 60.630254946222294
config.CONGESTION_TYPE, slugifiedstring, i, key, value[2], value[0], value[1] : NON-RECURRENT-MMM non-recurrent-mmm-mexicocity-50-1-2-3-4-5-6-7-8-9-10-11-12-13-14-15-16-17-18-19-20-21-22-23-24 16 streets_per_node_count_5 0.0002529169477765552 0.013491346418703153 53.34299080116358
config.CONGESTION_TYPE, slugifiedstring, i, key, value[2], value[0], value[1] : NON-RECURRENT-MMM non-recurrent-mmm-mexicocity-100-1-2-3-4-5-6-7-8-9-10-11-12-13-14-15-16-17-18-19-20-21-22-23-24 0 global_betweenness 0.0013381564488969425 0.028972764399475277 21.65125342657643
config.CONGESTION_TYPE, slugifiedstring, i, key, value[2], value[0], value[1] : NON-RECURRENT-MMM non-recurrent-mmm-mexicocity-100-1-2-3-4-5-6-7-8-9-10-11-12-13-14-15-16-17-18-19-20-21-22-23-24 1 streets_per_node_count_3 7.675257088893609e-05 0.014172005695894298 184.64535496018414
config.CONGESTION_TYPE, slugifiedstring, i, key, value[2], value[0], value[1] : NON-RECURRENT-MMM non-recurrent-mmm-mexicocity-100-1-2-3-4-5-6-7-8-9-10-11-12-13-14-15-16-17-18-19-20-21-22-23-24 2 streets_per_node_avg 0.00012493631806086185 0.03693455096911859 295.62701656636125
config.CONGESTION_TYPE, slugifiedstring, i, key, value[2], value[0], value[1] : NON-RECURRENT-MMM non-recurrent-mmm-mexicocity-100-1-2-3-4-5-6-7-8-9-10-11-12-13-14-15-16-17-18-19-20-21-22-23-24 3 streets_per_node_count_2 0.0002508734550273877 0.00623434105503618 24.85054090061294
config.CONGESTION_TYPE, slugifiedstring, i, key, value[2], value[0], value[1] : NON-RECURRENT-MMM non-recurrent-mmm-mexicocity-100-1-2-3-4-5-6-7-8-9-10-11-12-13-14-15-16-17-18-19-20-21-22-23-24 4 circuity_avg -1.5021004661650854e-05 0.002225871763247167 -148.1839473047961
config.CONGESTION_TYPE, slugifiedstring, i, key, value[2], value[0], value[1] : NON-RECURRENT-MMM non-recurrent-mmm-mexicocity-100-1-2-3-4-5-6-7-8-9-10-11-12-13-14-15-16-17-18-19-20-21-22-23-24 5 streets_per_node_count_6 5.5352786786458624e-05 0.013540765098283874 244.62661926167834
config.CONGESTION_TYPE, slugifiedstring, i, key, value[2], value[0], value[1] : NON-RECURRENT-MMM non-recurrent-mmm-mexicocity-100-1-2-3-4-5-6-7-8-9-10-11-12-13-14-15-16-17-18-19-20-21-22-23-24 6 betweenness 0.0004074307144028956 0.03311750459727253 81.28377028670366
config.CONGESTION_TYPE, slugifiedstring, i, key, value[2], value[0], value[1] : NON-RECURRENT-MMM non-recurrent-mmm-mexicocity-100-1-2-3-4-5-6-7-8-9-10-11-12-13-14-15-16-17-18-19-20-21-22-23-24 7 m -0.00021737733665932698 0.004137641008091985 -19.03437162162163
config.CONGESTION_TYPE, slugifiedstring, i, key, value[2], value[0], value[1] : NON-RECURRENT-MMM non-recurrent-mmm-mexicocity-100-1-2-3-4-5-6-7-8-9-10-11-12-13-14-15-16-17-18-19-20-21-22-23-24 8 non_metered_count 4.1661626485049405e-05 0.0030147746879903344 72.36334589750618
config.CONGESTION_TYPE, slugifiedstring, i, key, value[2], value[0], value[1] : NON-RECURRENT-MMM non-recurrent-mmm-mexicocity-100-1-2-3-4-5-6-7-8-9-10-11-12-13-14-15-16-17-18-19-20-21-22-23-24 9 streets_per_node_count_4 4.1661626485049405e-05 0.0030147746879903344 72.36334589750618
config.CONGESTION_TYPE, slugifiedstring, i, key, value[2], value[0], value[1] : NON-RECURRENT-MMM non-recurrent-mmm-mexicocity-100-1-2-3-4-5-6-7-8-9-10-11-12-13-14-15-16-17-18-19-20-21-22-23-24 10 k_avg 0.0002330059483651311 0.042154049946973325 180.91405066155642
config.CONGESTION_TYPE, slugifiedstring, i, key, value[2], value[0], value[1] : NON-RECURRENT-MMM non-recurrent-mmm-mexicocity-100-1-2-3-4-5-6-7-8-9-10-11-12-13-14-15-16-17-18-19-20-21-22-23-24 11 streets_per_node_count_1 0.0002330059483651311 0.042154049946973325 180.91405066155642
config.CONGESTION_TYPE, slugifiedstring, i, key, value[2], value[0], value[1] : NON-RECURRENT-MMM non-recurrent-mmm-mexicocity-100-1-2-3-4-5-6-7-8-9-10-11-12-13-14-15-16-17-18-19-20-21-22-23-24 12 metered_count -0.0004157551914946683 0.010289732442740958 -24.74949839050396
config.CONGESTION_TYPE, slugifiedstring, i, key, value[2], value[0], value[1] : NON-RECURRENT-MMM non-recurrent-mmm-mexicocity-100-1-2-3-4-5-6-7-8-9-10-11-12-13-14-15-16-17-18-19-20-21-22-23-24 13 mean_lanes 7.595332770621366e-05 0.026549171351482694 349.5458612975391
config.CONGESTION_TYPE, slugifiedstring, i, key, value[2], value[0], value[1] : NON-RECURRENT-MMM non-recurrent-mmm-mexicocity-100-1-2-3-4-5-6-7-8-9-10-11-12-13-14-15-16-17-18-19-20-21-22-23-24 14 n 0.0001611779793580236 0.00629929306306542 39.082839282113355
config.CONGESTION_TYPE, slugifiedstring, i, key, value[2], value[0], value[1] : NON-RECURRENT-MMM non-recurrent-mmm-mexicocity-100-1-2-3-4-5-6-7-8-9-10-11-12-13-14-15-16-17-18-19-20-21-22-23-24 15 total_crossings 0.00012519227498569179 0.00871946624733432 69.64859651548682
config.CONGESTION_TYPE, slugifiedstring, i, key, value[2], value[0], value[1] : NON-RECURRENT-MMM non-recurrent-mmm-mexicocity-100-1-2-3-4-5-6-7-8-9-10-11-12-13-14-15-16-17-18-19-20-21-22-23-24 16 streets_per_node_count_5 8.22571608743137e-05 0.013216597953874417 160.67413235996503
