config.CONGESTION_TYPE, slugifiedstring, i, key, value[2], value[0], value[1] : NON-RECURRENT-MMM non-recurrent-mmm-capetown-20-1-2-3-4-5-6-7-8-9-10-11-12-13-14-15-16-17-18-19-20-21-22-23-24 0 betweenness -0.0016094625002335504 0.0032410862741364165 -2.0137693631669578
config.CONGESTION_TYPE, slugifiedstring, i, key, value[2], value[0], value[1] : NON-RECURRENT-MMM non-recurrent-mmm-capetown-20-1-2-3-4-5-6-7-8-9-10-11-12-13-14-15-16-17-18-19-20-21-22-23-24 1 streets_per_node_count_1 -0.0016094625002335504 0.0032410862741364165 -2.0137693631669578
config.CONGESTION_TYPE, slugifiedstring, i, key, value[2], value[0], value[1] : NON-RECURRENT-MMM non-recurrent-mmm-capetown-20-1-2-3-4-5-6-7-8-9-10-11-12-13-14-15-16-17-18-19-20-21-22-23-24 2 streets_per_node_count_2 6.477374760321607e-05 0.002286739514717157 35.30349253103303
config.CONGESTION_TYPE, slugifiedstring, i, key, value[2], value[0], value[1] : NON-RECURRENT-MMM non-recurrent-mmm-capetown-20-1-2-3-4-5-6-7-8-9-10-11-12-13-14-15-16-17-18-19-20-21-22-23-24 3 k_avg 0.00017374293518469038 0.005730299399332103 32.98148148148148
config.CONGESTION_TYPE, slugifiedstring, i, key, value[2], value[0], value[1] : NON-RECURRENT-MMM non-recurrent-mmm-capetown-20-1-2-3-4-5-6-7-8-9-10-11-12-13-14-15-16-17-18-19-20-21-22-23-24 4 streets_per_node_count_4 0.00017374293518469038 0.005730299399332103 32.98148148148148
config.CONGESTION_TYPE, slugifiedstring, i, key, value[2], value[0], value[1] : NON-RECURRENT-MMM non-recurrent-mmm-capetown-20-1-2-3-4-5-6-7-8-9-10-11-12-13-14-15-16-17-18-19-20-21-22-23-24 5 metered_count -0.0011646074846070162 0.011847277358654706 -10.172764227642276
config.CONGESTION_TYPE, slugifiedstring, i, key, value[2], value[0], value[1] : NON-RECURRENT-MMM non-recurrent-mmm-capetown-20-1-2-3-4-5-6-7-8-9-10-11-12-13-14-15-16-17-18-19-20-21-22-23-24 6 global_betweenness 0.0004140141824736809 0.006061018437114698 14.63963963963964
config.CONGESTION_TYPE, slugifiedstring, i, key, value[2], value[0], value[1] : NON-RECURRENT-MMM non-recurrent-mmm-capetown-20-1-2-3-4-5-6-7-8-9-10-11-12-13-14-15-16-17-18-19-20-21-22-23-24 7 mean_lanes 8.745593272287357e-05 0.0029389370506990612 33.604776247848534
config.CONGESTION_TYPE, slugifiedstring, i, key, value[2], value[0], value[1] : NON-RECURRENT-MMM non-recurrent-mmm-capetown-20-1-2-3-4-5-6-7-8-9-10-11-12-13-14-15-16-17-18-19-20-21-22-23-24 8 m 7.770281057918272e-05 0.00294863665478813 37.94761904761906
config.CONGESTION_TYPE, slugifiedstring, i, key, value[2], value[0], value[1] : NON-RECURRENT-MMM non-recurrent-mmm-capetown-20-1-2-3-4-5-6-7-8-9-10-11-12-13-14-15-16-17-18-19-20-21-22-23-24 9 streets_per_node_count_6 -0.006079316622969205 0.0031107190258275294 -0.5116889312977122
config.CONGESTION_TYPE, slugifiedstring, i, key, value[2], value[0], value[1] : NON-RECURRENT-MMM non-recurrent-mmm-capetown-20-1-2-3-4-5-6-7-8-9-10-11-12-13-14-15-16-17-18-19-20-21-22-23-24 10 circuity_avg 5.24242478591805e-05 0.0013102250480218744 24.99272953884504
config.CONGESTION_TYPE, slugifiedstring, i, key, value[2], value[0], value[1] : NON-RECURRENT-MMM non-recurrent-mmm-capetown-20-1-2-3-4-5-6-7-8-9-10-11-12-13-14-15-16-17-18-19-20-21-22-23-24 11 total_crossings -0.0006557072299527492 0.011724880728643517 -17.88127413127414
config.CONGESTION_TYPE, slugifiedstring, i, key, value[2], value[0], value[1] : NON-RECURRENT-MMM non-recurrent-mmm-capetown-20-1-2-3-4-5-6-7-8-9-10-11-12-13-14-15-16-17-18-19-20-21-22-23-24 12 streets_per_node_count_3 -0.00029733653487197553 0.004460538893432163 -15.001650891481404
config.CONGESTION_TYPE, slugifiedstring, i, key, value[2], value[0], value[1] : NON-RECURRENT-MMM non-recurrent-mmm-capetown-20-1-2-3-4-5-6-7-8-9-10-11-12-13-14-15-16-17-18-19-20-21-22-23-24 13 non_metered_count -0.0004290105679624866 0.005759128182342728 -13.42421052631579
config.CONGESTION_TYPE, slugifiedstring, i, key, value[2], value[0], value[1] : NON-RECURRENT-MMM non-recurrent-mmm-capetown-20-1-2-3-4-5-6-7-8-9-10-11-12-13-14-15-16-17-18-19-20-21-22-23-24 14 n 0.00010064340218891869 0.0024637387929347335 24.479883820998282
config.CONGESTION_TYPE, slugifiedstring, i, key, value[2], value[0], value[1] : NON-RECURRENT-MMM non-recurrent-mmm-capetown-20-1-2-3-4-5-6-7-8-9-10-11-12-13-14-15-16-17-18-19-20-21-22-23-24 15 streets_per_node_count_5 5.0612491122606446e-05 0.0014607273017045684 28.861003861003866
config.CONGESTION_TYPE, slugifiedstring, i, key, value[2], value[0], value[1] : NON-RECURRENT-MMM non-recurrent-mmm-capetown-20-1-2-3-4-5-6-7-8-9-10-11-12-13-14-15-16-17-18-19-20-21-22-23-24 16 streets_per_node_avg 0.0002780808912427018 0.002475825559483635 8.903256704980848
config.CONGESTION_TYPE, slugifiedstring, i, key, value[2], value[0], value[1] : NON-RECURRENT-MMM non-recurrent-mmm-capetown-30-1-2-3-4-5-6-7-8-9-10-11-12-13-14-15-16-17-18-19-20-21-22-23-24 0 betweenness 7.308843667909722e-05 0.0034007383057015486 46.52908805031447
config.CONGESTION_TYPE, slugifiedstring, i, key, value[2], value[0], value[1] : NON-RECURRENT-MMM non-recurrent-mmm-capetown-30-1-2-3-4-5-6-7-8-9-10-11-12-13-14-15-16-17-18-19-20-21-22-23-24 1 streets_per_node_count_1 7.308843667909722e-05 0.0034007383057015486 46.52908805031447
config.CONGESTION_TYPE, slugifiedstring, i, key, value[2], value[0], value[1] : NON-RECURRENT-MMM non-recurrent-mmm-capetown-30-1-2-3-4-5-6-7-8-9-10-11-12-13-14-15-16-17-18-19-20-21-22-23-24 2 streets_per_node_count_2 5.8109011158849285e-05 0.0034353982965775686 59.11988911988911
config.CONGESTION_TYPE, slugifiedstring, i, key, value[2], value[0], value[1] : NON-RECURRENT-MMM non-recurrent-mmm-capetown-30-1-2-3-4-5-6-7-8-9-10-11-12-13-14-15-16-17-18-19-20-21-22-23-24 3 k_avg 9.317282176055283e-05 0.00538154408943862 57.75873251181321
config.CONGESTION_TYPE, slugifiedstring, i, key, value[2], value[0], value[1] : NON-RECURRENT-MMM non-recurrent-mmm-capetown-30-1-2-3-4-5-6-7-8-9-10-11-12-13-14-15-16-17-18-19-20-21-22-23-24 4 streets_per_node_count_4 9.317282176055283e-05 0.00538154408943862 57.75873251181321
config.CONGESTION_TYPE, slugifiedstring, i, key, value[2], value[0], value[1] : NON-RECURRENT-MMM non-recurrent-mmm-capetown-30-1-2-3-4-5-6-7-8-9-10-11-12-13-14-15-16-17-18-19-20-21-22-23-24 5 metered_count -0.00042565862543102016 0.01305295054435886 -30.66530257936509
config.CONGESTION_TYPE, slugifiedstring, i, key, value[2], value[0], value[1] : NON-RECURRENT-MMM non-recurrent-mmm-capetown-30-1-2-3-4-5-6-7-8-9-10-11-12-13-14-15-16-17-18-19-20-21-22-23-24 6 global_betweenness 0.00013246027669406844 0.005975180018893622 45.10922193446686
config.CONGESTION_TYPE, slugifiedstring, i, key, value[2], value[0], value[1] : NON-RECURRENT-MMM non-recurrent-mmm-capetown-30-1-2-3-4-5-6-7-8-9-10-11-12-13-14-15-16-17-18-19-20-21-22-23-24 7 mean_lanes 9.642277772453905e-05 0.0033159922366782354 34.390133897110644
config.CONGESTION_TYPE, slugifiedstring, i, key, value[2], value[0], value[1] : NON-RECURRENT-MMM non-recurrent-mmm-capetown-30-1-2-3-4-5-6-7-8-9-10-11-12-13-14-15-16-17-18-19-20-21-22-23-24 8 m 3.874706949492495e-05 0.003168444856228748 81.77250299261334
config.CONGESTION_TYPE, slugifiedstring, i, key, value[2], value[0], value[1] : NON-RECURRENT-MMM non-recurrent-mmm-capetown-30-1-2-3-4-5-6-7-8-9-10-11-12-13-14-15-16-17-18-19-20-21-22-23-24 9 streets_per_node_count_6 -0.00012717399419154087 0.004881568688010774 -38.38496006234172
config.CONGESTION_TYPE, slugifiedstring, i, key, value[2], value[0], value[1] : NON-RECURRENT-MMM non-recurrent-mmm-capetown-30-1-2-3-4-5-6-7-8-9-10-11-12-13-14-15-16-17-18-19-20-21-22-23-24 10 circuity_avg 3.6897562931841755e-05 0.0013959282322330993 37.832532051282044
config.CONGESTION_TYPE, slugifiedstring, i, key, value[2], value[0], value[1] : NON-RECURRENT-MMM non-recurrent-mmm-capetown-30-1-2-3-4-5-6-7-8-9-10-11-12-13-14-15-16-17-18-19-20-21-22-23-24 11 total_crossings -0.0004007253882460054 0.01216426662289168 -30.355617536825577
config.CONGESTION_TYPE, slugifiedstring, i, key, value[2], value[0], value[1] : NON-RECURRENT-MMM non-recurrent-mmm-capetown-30-1-2-3-4-5-6-7-8-9-10-11-12-13-14-15-16-17-18-19-20-21-22-23-24 12 streets_per_node_count_3 -0.000117140198576296 0.005043591014891443 -43.05602240896357
config.CONGESTION_TYPE, slugifiedstring, i, key, value[2], value[0], value[1] : NON-RECURRENT-MMM non-recurrent-mmm-capetown-30-1-2-3-4-5-6-7-8-9-10-11-12-13-14-15-16-17-18-19-20-21-22-23-24 13 non_metered_count -0.00024703261396898156 0.005319129203300771 -21.532092940443334
config.CONGESTION_TYPE, slugifiedstring, i, key, value[2], value[0], value[1] : NON-RECURRENT-MMM non-recurrent-mmm-capetown-30-1-2-3-4-5-6-7-8-9-10-11-12-13-14-15-16-17-18-19-20-21-22-23-24 14 n 4.675844648406125e-05 0.003190874318816479 68.24166666666665
config.CONGESTION_TYPE, slugifiedstring, i, key, value[2], value[0], value[1] : NON-RECURRENT-MMM non-recurrent-mmm-capetown-30-1-2-3-4-5-6-7-8-9-10-11-12-13-14-15-16-17-18-19-20-21-22-23-24 15 streets_per_node_count_5 5.9244105071331834e-05 0.0033890561265667246 57.20495098180976
config.CONGESTION_TYPE, slugifiedstring, i, key, value[2], value[0], value[1] : NON-RECURRENT-MMM non-recurrent-mmm-capetown-30-1-2-3-4-5-6-7-8-9-10-11-12-13-14-15-16-17-18-19-20-21-22-23-24 16 streets_per_node_avg -0.00012076136700331662 0.0028110570363006266 -23.27778416273992
config.CONGESTION_TYPE, slugifiedstring, i, key, value[2], value[0], value[1] : NON-RECURRENT-MMM non-recurrent-mmm-capetown-40-1-2-3-4-5-6-7-8-9-10-11-12-13-14-15-16-17-18-19-20-21-22-23-24 0 betweenness 7.572699109627827e-05 0.004882381374180547 64.47346320644317
config.CONGESTION_TYPE, slugifiedstring, i, key, value[2], value[0], value[1] : NON-RECURRENT-MMM non-recurrent-mmm-capetown-40-1-2-3-4-5-6-7-8-9-10-11-12-13-14-15-16-17-18-19-20-21-22-23-24 1 streets_per_node_count_1 7.572699109627827e-05 0.004882381374180547 64.47346320644317
config.CONGESTION_TYPE, slugifiedstring, i, key, value[2], value[0], value[1] : NON-RECURRENT-MMM non-recurrent-mmm-capetown-40-1-2-3-4-5-6-7-8-9-10-11-12-13-14-15-16-17-18-19-20-21-22-23-24 2 streets_per_node_count_2 3.105057062220672e-05 0.0023847089487743153 76.80080916351409
config.CONGESTION_TYPE, slugifiedstring, i, key, value[2], value[0], value[1] : NON-RECURRENT-MMM non-recurrent-mmm-capetown-40-1-2-3-4-5-6-7-8-9-10-11-12-13-14-15-16-17-18-19-20-21-22-23-24 3 k_avg 6.792467499021602e-05 0.007215801578988804 106.23240494015141
config.CONGESTION_TYPE, slugifiedstring, i, key, value[2], value[0], value[1] : NON-RECURRENT-MMM non-recurrent-mmm-capetown-40-1-2-3-4-5-6-7-8-9-10-11-12-13-14-15-16-17-18-19-20-21-22-23-24 4 streets_per_node_count_4 6.792467499021602e-05 0.007215801578988804 106.23240494015141
config.CONGESTION_TYPE, slugifiedstring, i, key, value[2], value[0], value[1] : NON-RECURRENT-MMM non-recurrent-mmm-capetown-40-1-2-3-4-5-6-7-8-9-10-11-12-13-14-15-16-17-18-19-20-21-22-23-24 5 metered_count -0.00028276487845421835 0.012036334919723621 -42.56658388949245
config.CONGESTION_TYPE, slugifiedstring, i, key, value[2], value[0], value[1] : NON-RECURRENT-MMM non-recurrent-mmm-capetown-40-1-2-3-4-5-6-7-8-9-10-11-12-13-14-15-16-17-18-19-20-21-22-23-24 6 global_betweenness 0.0002753765506341421 0.01094701258657247 39.75288586251622
config.CONGESTION_TYPE, slugifiedstring, i, key, value[2], value[0], value[1] : NON-RECURRENT-MMM non-recurrent-mmm-capetown-40-1-2-3-4-5-6-7-8-9-10-11-12-13-14-15-16-17-18-19-20-21-22-23-24 7 mean_lanes 0.0001069885593096814 0.003963286491069451 37.044021497640756
config.CONGESTION_TYPE, slugifiedstring, i, key, value[2], value[0], value[1] : NON-RECURRENT-MMM non-recurrent-mmm-capetown-40-1-2-3-4-5-6-7-8-9-10-11-12-13-14-15-16-17-18-19-20-21-22-23-24 8 m 2.704446756571112e-05 0.003183672839588483 117.71993040177162
config.CONGESTION_TYPE, slugifiedstring, i, key, value[2], value[0], value[1] : NON-RECURRENT-MMM non-recurrent-mmm-capetown-40-1-2-3-4-5-6-7-8-9-10-11-12-13-14-15-16-17-18-19-20-21-22-23-24 9 streets_per_node_count_6 -0.00026697762865123106 0.0035440970129792977 -13.27488385781254
config.CONGESTION_TYPE, slugifiedstring, i, key, value[2], value[0], value[1] : NON-RECURRENT-MMM non-recurrent-mmm-capetown-40-1-2-3-4-5-6-7-8-9-10-11-12-13-14-15-16-17-18-19-20-21-22-23-24 10 circuity_avg 2.152124930597997e-05 0.00091997949041239 42.74749468920288
config.CONGESTION_TYPE, slugifiedstring, i, key, value[2], value[0], value[1] : NON-RECURRENT-MMM non-recurrent-mmm-capetown-40-1-2-3-4-5-6-7-8-9-10-11-12-13-14-15-16-17-18-19-20-21-22-23-24 11 total_crossings -0.00021201429799529563 0.007411451179113845 -34.9573177337233
config.CONGESTION_TYPE, slugifiedstring, i, key, value[2], value[0], value[1] : NON-RECURRENT-MMM non-recurrent-mmm-capetown-40-1-2-3-4-5-6-7-8-9-10-11-12-13-14-15-16-17-18-19-20-21-22-23-24 12 streets_per_node_count_3 -0.00012619597151822612 0.008123785423180475 -64.37436413734633
config.CONGESTION_TYPE, slugifiedstring, i, key, value[2], value[0], value[1] : NON-RECURRENT-MMM non-recurrent-mmm-capetown-40-1-2-3-4-5-6-7-8-9-10-11-12-13-14-15-16-17-18-19-20-21-22-23-24 13 non_metered_count -0.0001380219187572822 0.003777882771036525 -27.371614632311434
config.CONGESTION_TYPE, slugifiedstring, i, key, value[2], value[0], value[1] : NON-RECURRENT-MMM non-recurrent-mmm-capetown-40-1-2-3-4-5-6-7-8-9-10-11-12-13-14-15-16-17-18-19-20-21-22-23-24 14 n 3.347573349147553e-05 0.002569740709784302 76.76428390848184
config.CONGESTION_TYPE, slugifiedstring, i, key, value[2], value[0], value[1] : NON-RECURRENT-MMM non-recurrent-mmm-capetown-40-1-2-3-4-5-6-7-8-9-10-11-12-13-14-15-16-17-18-19-20-21-22-23-24 15 streets_per_node_count_5 3.438307999866573e-05 0.002928654742524496 85.1772075869336
config.CONGESTION_TYPE, slugifiedstring, i, key, value[2], value[0], value[1] : NON-RECURRENT-MMM non-recurrent-mmm-capetown-40-1-2-3-4-5-6-7-8-9-10-11-12-13-14-15-16-17-18-19-20-21-22-23-24 16 streets_per_node_avg -0.00013134003628131736 0.0053462199470720095 -40.70518098244571
config.CONGESTION_TYPE, slugifiedstring, i, key, value[2], value[0], value[1] : NON-RECURRENT-MMM non-recurrent-mmm-capetown-60-1-2-3-4-5-6-7-8-9-10-11-12-13-14-15-16-17-18-19-20-21-22-23-24 0 betweenness 0.00025739692444107736 0.004364671600812617 16.95696873725376
config.CONGESTION_TYPE, slugifiedstring, i, key, value[2], value[0], value[1] : NON-RECURRENT-MMM non-recurrent-mmm-capetown-60-1-2-3-4-5-6-7-8-9-10-11-12-13-14-15-16-17-18-19-20-21-22-23-24 1 streets_per_node_count_1 0.00025739692444107736 0.004364671600812617 16.95696873725376
config.CONGESTION_TYPE, slugifiedstring, i, key, value[2], value[0], value[1] : NON-RECURRENT-MMM non-recurrent-mmm-capetown-60-1-2-3-4-5-6-7-8-9-10-11-12-13-14-15-16-17-18-19-20-21-22-23-24 2 streets_per_node_count_2 -0.00020272067884701293 0.0023662835328632087 -11.672630272952915
config.CONGESTION_TYPE, slugifiedstring, i, key, value[2], value[0], value[1] : NON-RECURRENT-MMM non-recurrent-mmm-capetown-60-1-2-3-4-5-6-7-8-9-10-11-12-13-14-15-16-17-18-19-20-21-22-23-24 3 k_avg 3.791512737706805e-05 0.006126402595175588 161.58201274779253
config.CONGESTION_TYPE, slugifiedstring, i, key, value[2], value[0], value[1] : NON-RECURRENT-MMM non-recurrent-mmm-capetown-60-1-2-3-4-5-6-7-8-9-10-11-12-13-14-15-16-17-18-19-20-21-22-23-24 4 streets_per_node_count_4 3.791512737706805e-05 0.006126402595175588 161.58201274779253
config.CONGESTION_TYPE, slugifiedstring, i, key, value[2], value[0], value[1] : NON-RECURRENT-MMM non-recurrent-mmm-capetown-60-1-2-3-4-5-6-7-8-9-10-11-12-13-14-15-16-17-18-19-20-21-22-23-24 5 metered_count -0.00017081840491706062 0.010927477642746299 -63.97131297445401
config.CONGESTION_TYPE, slugifiedstring, i, key, value[2], value[0], value[1] : NON-RECURRENT-MMM non-recurrent-mmm-capetown-60-1-2-3-4-5-6-7-8-9-10-11-12-13-14-15-16-17-18-19-20-21-22-23-24 6 global_betweenness 0.00026003578849216906 0.012161416429570082 46.76824101824093
config.CONGESTION_TYPE, slugifiedstring, i, key, value[2], value[0], value[1] : NON-RECURRENT-MMM non-recurrent-mmm-capetown-60-1-2-3-4-5-6-7-8-9-10-11-12-13-14-15-16-17-18-19-20-21-22-23-24 7 mean_lanes 1.7612517368333915e-05 0.002113096975879532 119.9769988405368
config.CONGESTION_TYPE, slugifiedstring, i, key, value[2], value[0], value[1] : NON-RECURRENT-MMM non-recurrent-mmm-capetown-60-1-2-3-4-5-6-7-8-9-10-11-12-13-14-15-16-17-18-19-20-21-22-23-24 8 m 2.1562221456045503e-05 0.003039330738839696 140.95628991824236
config.CONGESTION_TYPE, slugifiedstring, i, key, value[2], value[0], value[1] : NON-RECURRENT-MMM non-recurrent-mmm-capetown-60-1-2-3-4-5-6-7-8-9-10-11-12-13-14-15-16-17-18-19-20-21-22-23-24 9 streets_per_node_count_6 1.712000358441867e-05 0.0021199260225430692 123.82742866201647
config.CONGESTION_TYPE, slugifiedstring, i, key, value[2], value[0], value[1] : NON-RECURRENT-MMM non-recurrent-mmm-capetown-60-1-2-3-4-5-6-7-8-9-10-11-12-13-14-15-16-17-18-19-20-21-22-23-24 10 circuity_avg 1.92145897350978e-05 0.000757938686332021 39.445998940458935
config.CONGESTION_TYPE, slugifiedstring, i, key, value[2], value[0], value[1] : NON-RECURRENT-MMM non-recurrent-mmm-capetown-60-1-2-3-4-5-6-7-8-9-10-11-12-13-14-15-16-17-18-19-20-21-22-23-24 11 total_crossings -0.00016981026198757397 0.01111585909923991 -65.46046728349859
config.CONGESTION_TYPE, slugifiedstring, i, key, value[2], value[0], value[1] : NON-RECURRENT-MMM non-recurrent-mmm-capetown-60-1-2-3-4-5-6-7-8-9-10-11-12-13-14-15-16-17-18-19-20-21-22-23-24 12 streets_per_node_count_3 -3.1571743642807685e-05 0.0035676925836852676 -113.00270976633306
config.CONGESTION_TYPE, slugifiedstring, i, key, value[2], value[0], value[1] : NON-RECURRENT-MMM non-recurrent-mmm-capetown-60-1-2-3-4-5-6-7-8-9-10-11-12-13-14-15-16-17-18-19-20-21-22-23-24 13 non_metered_count -0.00102229860226514 0.009258727045994756 -9.056773652511993
config.CONGESTION_TYPE, slugifiedstring, i, key, value[2], value[0], value[1] : NON-RECURRENT-MMM non-recurrent-mmm-capetown-60-1-2-3-4-5-6-7-8-9-10-11-12-13-14-15-16-17-18-19-20-21-22-23-24 14 n -4.614498925075556e-05 0.003442844252654324 -74.60927629532284
config.CONGESTION_TYPE, slugifiedstring, i, key, value[2], value[0], value[1] : NON-RECURRENT-MMM non-recurrent-mmm-capetown-60-1-2-3-4-5-6-7-8-9-10-11-12-13-14-15-16-17-18-19-20-21-22-23-24 15 streets_per_node_count_5 1.888580815476289e-05 0.002072788216214929 109.75374732334046
config.CONGESTION_TYPE, slugifiedstring, i, key, value[2], value[0], value[1] : NON-RECURRENT-MMM non-recurrent-mmm-capetown-60-1-2-3-4-5-6-7-8-9-10-11-12-13-14-15-16-17-18-19-20-21-22-23-24 16 streets_per_node_avg -0.00014032954594528347 0.0049209902651979835 -35.067385361004085
config.CONGESTION_TYPE, slugifiedstring, i, key, value[2], value[0], value[1] : NON-RECURRENT-MMM non-recurrent-mmm-capetown-70-1-2-3-4-5-6-7-8-9-10-11-12-13-14-15-16-17-18-19-20-21-22-23-24 0 betweenness -0.0003774333353924464 0.006381475673211989 -16.907557109593085
config.CONGESTION_TYPE, slugifiedstring, i, key, value[2], value[0], value[1] : NON-RECURRENT-MMM non-recurrent-mmm-capetown-70-1-2-3-4-5-6-7-8-9-10-11-12-13-14-15-16-17-18-19-20-21-22-23-24 1 streets_per_node_count_1 -0.0003774333353924464 0.006381475673211989 -16.907557109593085
config.CONGESTION_TYPE, slugifiedstring, i, key, value[2], value[0], value[1] : NON-RECURRENT-MMM non-recurrent-mmm-capetown-70-1-2-3-4-5-6-7-8-9-10-11-12-13-14-15-16-17-18-19-20-21-22-23-24 2 streets_per_node_count_2 0.00016094196720222852 0.0028445831805928344 17.674589356911042
config.CONGESTION_TYPE, slugifiedstring, i, key, value[2], value[0], value[1] : NON-RECURRENT-MMM non-recurrent-mmm-capetown-70-1-2-3-4-5-6-7-8-9-10-11-12-13-14-15-16-17-18-19-20-21-22-23-24 3 k_avg 4.6562521200651796e-05 0.00951213180627147 204.28730148182603
config.CONGESTION_TYPE, slugifiedstring, i, key, value[2], value[0], value[1] : NON-RECURRENT-MMM non-recurrent-mmm-capetown-70-1-2-3-4-5-6-7-8-9-10-11-12-13-14-15-16-17-18-19-20-21-22-23-24 4 streets_per_node_count_4 4.6562521200651796e-05 0.00951213180627147 204.28730148182603
config.CONGESTION_TYPE, slugifiedstring, i, key, value[2], value[0], value[1] : NON-RECURRENT-MMM non-recurrent-mmm-capetown-70-1-2-3-4-5-6-7-8-9-10-11-12-13-14-15-16-17-18-19-20-21-22-23-24 5 metered_count -0.00022563421441626206 0.011086232592953982 -49.13365032707986
config.CONGESTION_TYPE, slugifiedstring, i, key, value[2], value[0], value[1] : NON-RECURRENT-MMM non-recurrent-mmm-capetown-70-1-2-3-4-5-6-7-8-9-10-11-12-13-14-15-16-17-18-19-20-21-22-23-24 6 global_betweenness 0.0001087961223847323 0.009977336576078938 91.7067295909352
config.CONGESTION_TYPE, slugifiedstring, i, key, value[2], value[0], value[1] : NON-RECURRENT-MMM non-recurrent-mmm-capetown-70-1-2-3-4-5-6-7-8-9-10-11-12-13-14-15-16-17-18-19-20-21-22-23-24 7 mean_lanes 3.6933100379712816e-05 0.0035955992961449797 97.3543856101511
config.CONGESTION_TYPE, slugifiedstring, i, key, value[2], value[0], value[1] : NON-RECURRENT-MMM non-recurrent-mmm-capetown-70-1-2-3-4-5-6-7-8-9-10-11-12-13-14-15-16-17-18-19-20-21-22-23-24 8 m 2.0776735211069544e-05 0.0036033152072125147 173.43028972582374
config.CONGESTION_TYPE, slugifiedstring, i, key, value[2], value[0], value[1] : NON-RECURRENT-MMM non-recurrent-mmm-capetown-70-1-2-3-4-5-6-7-8-9-10-11-12-13-14-15-16-17-18-19-20-21-22-23-24 9 streets_per_node_count_6 1.7700362976478308e-05 0.0029316984754284943 165.6292856437111
config.CONGESTION_TYPE, slugifiedstring, i, key, value[2], value[0], value[1] : NON-RECURRENT-MMM non-recurrent-mmm-capetown-70-1-2-3-4-5-6-7-8-9-10-11-12-13-14-15-16-17-18-19-20-21-22-23-24 10 circuity_avg 1.2132994749491624e-05 0.0015407600336068972 126.98926072406448
config.CONGESTION_TYPE, slugifiedstring, i, key, value[2], value[0], value[1] : NON-RECURRENT-MMM non-recurrent-mmm-capetown-70-1-2-3-4-5-6-7-8-9-10-11-12-13-14-15-16-17-18-19-20-21-22-23-24 11 total_crossings -0.00019044074935849718 0.009151954049886397 -48.056700473585124
config.CONGESTION_TYPE, slugifiedstring, i, key, value[2], value[0], value[1] : NON-RECURRENT-MMM non-recurrent-mmm-capetown-70-1-2-3-4-5-6-7-8-9-10-11-12-13-14-15-16-17-18-19-20-21-22-23-24 12 streets_per_node_count_3 -4.1636130857451346e-05 0.00430737339312239 -103.45277777777778
config.CONGESTION_TYPE, slugifiedstring, i, key, value[2], value[0], value[1] : NON-RECURRENT-MMM non-recurrent-mmm-capetown-70-1-2-3-4-5-6-7-8-9-10-11-12-13-14-15-16-17-18-19-20-21-22-23-24 13 non_metered_count -0.00020947766192291198 0.008566824443724938 -40.896124031007844
config.CONGESTION_TYPE, slugifiedstring, i, key, value[2], value[0], value[1] : NON-RECURRENT-MMM non-recurrent-mmm-capetown-70-1-2-3-4-5-6-7-8-9-10-11-12-13-14-15-16-17-18-19-20-21-22-23-24 14 n 8.484146672125893e-05 0.003919237730570246 46.19483705352059
config.CONGESTION_TYPE, slugifiedstring, i, key, value[2], value[0], value[1] : NON-RECURRENT-MMM non-recurrent-mmm-capetown-70-1-2-3-4-5-6-7-8-9-10-11-12-13-14-15-16-17-18-19-20-21-22-23-24 15 streets_per_node_count_5 2.5334007107048547e-05 0.0027811562585689465 109.77956415726908
config.CONGESTION_TYPE, slugifiedstring, i, key, value[2], value[0], value[1] : NON-RECURRENT-MMM non-recurrent-mmm-capetown-70-1-2-3-4-5-6-7-8-9-10-11-12-13-14-15-16-17-18-19-20-21-22-23-24 16 streets_per_node_avg -0.00023474222618529618 0.005356307942652746 -22.817828857193717
config.CONGESTION_TYPE, slugifiedstring, i, key, value[2], value[0], value[1] : NON-RECURRENT-MMM non-recurrent-mmm-capetown-80-1-2-3-4-5-6-7-8-9-10-11-12-13-14-15-16-17-18-19-20-21-22-23-24 0 betweenness -0.00010043955569146325 0.003962996981671996 -39.456536365471266
config.CONGESTION_TYPE, slugifiedstring, i, key, value[2], value[0], value[1] : NON-RECURRENT-MMM non-recurrent-mmm-capetown-80-1-2-3-4-5-6-7-8-9-10-11-12-13-14-15-16-17-18-19-20-21-22-23-24 1 streets_per_node_count_1 -0.00010043955569146325 0.003962996981671996 -39.456536365471266
config.CONGESTION_TYPE, slugifiedstring, i, key, value[2], value[0], value[1] : NON-RECURRENT-MMM non-recurrent-mmm-capetown-80-1-2-3-4-5-6-7-8-9-10-11-12-13-14-15-16-17-18-19-20-21-22-23-24 2 streets_per_node_count_2 -3.241197018206423e-05 0.0024107096686312064 -74.37714076280429
config.CONGESTION_TYPE, slugifiedstring, i, key, value[2], value[0], value[1] : NON-RECURRENT-MMM non-recurrent-mmm-capetown-80-1-2-3-4-5-6-7-8-9-10-11-12-13-14-15-16-17-18-19-20-21-22-23-24 3 k_avg 3.628409017223121e-05 0.007685267107031194 211.80818012939596
config.CONGESTION_TYPE, slugifiedstring, i, key, value[2], value[0], value[1] : NON-RECURRENT-MMM non-recurrent-mmm-capetown-80-1-2-3-4-5-6-7-8-9-10-11-12-13-14-15-16-17-18-19-20-21-22-23-24 4 streets_per_node_count_4 3.628409017223121e-05 0.007685267107031194 211.80818012939596
config.CONGESTION_TYPE, slugifiedstring, i, key, value[2], value[0], value[1] : NON-RECURRENT-MMM non-recurrent-mmm-capetown-80-1-2-3-4-5-6-7-8-9-10-11-12-13-14-15-16-17-18-19-20-21-22-23-24 5 metered_count -0.00015301401142113073 0.008585867156202307 -56.11164021164029
config.CONGESTION_TYPE, slugifiedstring, i, key, value[2], value[0], value[1] : NON-RECURRENT-MMM non-recurrent-mmm-capetown-80-1-2-3-4-5-6-7-8-9-10-11-12-13-14-15-16-17-18-19-20-21-22-23-24 6 global_betweenness 0.00013644266674189194 0.012398803067330542 90.87189046799642
config.CONGESTION_TYPE, slugifiedstring, i, key, value[2], value[0], value[1] : NON-RECURRENT-MMM non-recurrent-mmm-capetown-80-1-2-3-4-5-6-7-8-9-10-11-12-13-14-15-16-17-18-19-20-21-22-23-24 7 mean_lanes 0.000151912619579193 0.0022086609685738256 14.539022331995511
config.CONGESTION_TYPE, slugifiedstring, i, key, value[2], value[0], value[1] : NON-RECURRENT-MMM non-recurrent-mmm-capetown-80-1-2-3-4-5-6-7-8-9-10-11-12-13-14-15-16-17-18-19-20-21-22-23-24 8 m 1.4146261536682927e-05 0.0023941361511188525 169.24161517236018
config.CONGESTION_TYPE, slugifiedstring, i, key, value[2], value[0], value[1] : NON-RECURRENT-MMM non-recurrent-mmm-capetown-80-1-2-3-4-5-6-7-8-9-10-11-12-13-14-15-16-17-18-19-20-21-22-23-24 9 streets_per_node_count_6 0.00015829008057287192 0.0031175015782783696 19.694863803188014
config.CONGESTION_TYPE, slugifiedstring, i, key, value[2], value[0], value[1] : NON-RECURRENT-MMM non-recurrent-mmm-capetown-80-1-2-3-4-5-6-7-8-9-10-11-12-13-14-15-16-17-18-19-20-21-22-23-24 10 circuity_avg 5.665465561600367e-06 0.000988387098831432 174.45823085229995
config.CONGESTION_TYPE, slugifiedstring, i, key, value[2], value[0], value[1] : NON-RECURRENT-MMM non-recurrent-mmm-capetown-80-1-2-3-4-5-6-7-8-9-10-11-12-13-14-15-16-17-18-19-20-21-22-23-24 11 total_crossings -0.0001350256116668291 0.010479165692385821 -77.60872595224964
config.CONGESTION_TYPE, slugifiedstring, i, key, value[2], value[0], value[1] : NON-RECURRENT-MMM non-recurrent-mmm-capetown-80-1-2-3-4-5-6-7-8-9-10-11-12-13-14-15-16-17-18-19-20-21-22-23-24 12 streets_per_node_count_3 -4.3150001130036594e-05 0.004497792347066819 -104.2362046182177
config.CONGESTION_TYPE, slugifiedstring, i, key, value[2], value[0], value[1] : NON-RECURRENT-MMM non-recurrent-mmm-capetown-80-1-2-3-4-5-6-7-8-9-10-11-12-13-14-15-16-17-18-19-20-21-22-23-24 13 non_metered_count -0.00011306409458846751 0.008551108915324018 -75.63063186813179
config.CONGESTION_TYPE, slugifiedstring, i, key, value[2], value[0], value[1] : NON-RECURRENT-MMM non-recurrent-mmm-capetown-80-1-2-3-4-5-6-7-8-9-10-11-12-13-14-15-16-17-18-19-20-21-22-23-24 14 n -3.65275019573544e-05 0.003162390575205112 -86.57560483870975
config.CONGESTION_TYPE, slugifiedstring, i, key, value[2], value[0], value[1] : NON-RECURRENT-MMM non-recurrent-mmm-capetown-80-1-2-3-4-5-6-7-8-9-10-11-12-13-14-15-16-17-18-19-20-21-22-23-24 15 streets_per_node_count_5 1.473257664290896e-05 0.0019858124828709862 134.79057540330473
config.CONGESTION_TYPE, slugifiedstring, i, key, value[2], value[0], value[1] : NON-RECURRENT-MMM non-recurrent-mmm-capetown-80-1-2-3-4-5-6-7-8-9-10-11-12-13-14-15-16-17-18-19-20-21-22-23-24 16 streets_per_node_avg -0.00012340468603316064 0.0038457145977892084 -31.1634405581309
config.CONGESTION_TYPE, slugifiedstring, i, key, value[2], value[0], value[1] : NON-RECURRENT-MMM non-recurrent-mmm-capetown-90-1-2-3-4-5-6-7-8-9-10-11-12-13-14-15-16-17-18-19-20-21-22-23-24 0 betweenness -0.00012628020948726067 0.008221476316171565 -65.10502595421303
config.CONGESTION_TYPE, slugifiedstring, i, key, value[2], value[0], value[1] : NON-RECURRENT-MMM non-recurrent-mmm-capetown-90-1-2-3-4-5-6-7-8-9-10-11-12-13-14-15-16-17-18-19-20-21-22-23-24 1 streets_per_node_count_1 -0.00012628020948726067 0.008221476316171565 -65.10502595421303
config.CONGESTION_TYPE, slugifiedstring, i, key, value[2], value[0], value[1] : NON-RECURRENT-MMM non-recurrent-mmm-capetown-90-1-2-3-4-5-6-7-8-9-10-11-12-13-14-15-16-17-18-19-20-21-22-23-24 2 streets_per_node_count_2 -1.7222815107657005e-05 0.002844406062515065 -165.15337618938293
config.CONGESTION_TYPE, slugifiedstring, i, key, value[2], value[0], value[1] : NON-RECURRENT-MMM non-recurrent-mmm-capetown-90-1-2-3-4-5-6-7-8-9-10-11-12-13-14-15-16-17-18-19-20-21-22-23-24 3 k_avg 2.1391486722854087e-05 0.005923863085322365 276.9261978875676
config.CONGESTION_TYPE, slugifiedstring, i, key, value[2], value[0], value[1] : NON-RECURRENT-MMM non-recurrent-mmm-capetown-90-1-2-3-4-5-6-7-8-9-10-11-12-13-14-15-16-17-18-19-20-21-22-23-24 4 streets_per_node_count_4 2.1391486722854087e-05 0.005923863085322365 276.9261978875676
config.CONGESTION_TYPE, slugifiedstring, i, key, value[2], value[0], value[1] : NON-RECURRENT-MMM non-recurrent-mmm-capetown-90-1-2-3-4-5-6-7-8-9-10-11-12-13-14-15-16-17-18-19-20-21-22-23-24 5 metered_count -0.00017290930733066684 0.010073653282922415 -58.25975153354727
config.CONGESTION_TYPE, slugifiedstring, i, key, value[2], value[0], value[1] : NON-RECURRENT-MMM non-recurrent-mmm-capetown-90-1-2-3-4-5-6-7-8-9-10-11-12-13-14-15-16-17-18-19-20-21-22-23-24 6 global_betweenness 0.00015188151387315212 0.01141658808884095 75.16772645797971
config.CONGESTION_TYPE, slugifiedstring, i, key, value[2], value[0], value[1] : NON-RECURRENT-MMM non-recurrent-mmm-capetown-90-1-2-3-4-5-6-7-8-9-10-11-12-13-14-15-16-17-18-19-20-21-22-23-24 7 mean_lanes 7.091985061358619e-05 0.0020734707480503144 29.236817761332077
config.CONGESTION_TYPE, slugifiedstring, i, key, value[2], value[0], value[1] : NON-RECURRENT-MMM non-recurrent-mmm-capetown-90-1-2-3-4-5-6-7-8-9-10-11-12-13-14-15-16-17-18-19-20-21-22-23-24 8 m 1.8623876842652097e-05 0.0030353091815385853 162.9794487572625
config.CONGESTION_TYPE, slugifiedstring, i, key, value[2], value[0], value[1] : NON-RECURRENT-MMM non-recurrent-mmm-capetown-90-1-2-3-4-5-6-7-8-9-10-11-12-13-14-15-16-17-18-19-20-21-22-23-24 9 streets_per_node_count_6 -4.2010538595616077e-05 0.003856283998008036 -91.79325300081848
config.CONGESTION_TYPE, slugifiedstring, i, key, value[2], value[0], value[1] : NON-RECURRENT-MMM non-recurrent-mmm-capetown-90-1-2-3-4-5-6-7-8-9-10-11-12-13-14-15-16-17-18-19-20-21-22-23-24 10 circuity_avg 5.236091180798301e-06 0.000730865170406266 139.5822084012749
config.CONGESTION_TYPE, slugifiedstring, i, key, value[2], value[0], value[1] : NON-RECURRENT-MMM non-recurrent-mmm-capetown-90-1-2-3-4-5-6-7-8-9-10-11-12-13-14-15-16-17-18-19-20-21-22-23-24 11 total_crossings -0.00019594258580376105 0.010409937014905802 -53.12748615725366
config.CONGESTION_TYPE, slugifiedstring, i, key, value[2], value[0], value[1] : NON-RECURRENT-MMM non-recurrent-mmm-capetown-90-1-2-3-4-5-6-7-8-9-10-11-12-13-14-15-16-17-18-19-20-21-22-23-24 12 streets_per_node_count_3 -2.2751344100429285e-05 0.0034402789126672176 -151.2121172921078
config.CONGESTION_TYPE, slugifiedstring, i, key, value[2], value[0], value[1] : NON-RECURRENT-MMM non-recurrent-mmm-capetown-90-1-2-3-4-5-6-7-8-9-10-11-12-13-14-15-16-17-18-19-20-21-22-23-24 13 non_metered_count -0.00022747225151273657 0.01688813639497509 -74.24262204583442
config.CONGESTION_TYPE, slugifiedstring, i, key, value[2], value[0], value[1] : NON-RECURRENT-MMM non-recurrent-mmm-capetown-90-1-2-3-4-5-6-7-8-9-10-11-12-13-14-15-16-17-18-19-20-21-22-23-24 14 n -3.4591384251499815e-05 0.003660620665179146 -105.82463652117156
config.CONGESTION_TYPE, slugifiedstring, i, key, value[2], value[0], value[1] : NON-RECURRENT-MMM non-recurrent-mmm-capetown-90-1-2-3-4-5-6-7-8-9-10-11-12-13-14-15-16-17-18-19-20-21-22-23-24 15 streets_per_node_count_5 1.0302260292277157e-05 0.001847194536591346 179.29992877155814
config.CONGESTION_TYPE, slugifiedstring, i, key, value[2], value[0], value[1] : NON-RECURRENT-MMM non-recurrent-mmm-capetown-90-1-2-3-4-5-6-7-8-9-10-11-12-13-14-15-16-17-18-19-20-21-22-23-24 16 streets_per_node_avg -7.352392582319183e-05 0.00436751857644781 -59.402684602977956
config.CONGESTION_TYPE, slugifiedstring, i, key, value[2], value[0], value[1] : NON-RECURRENT-MMM non-recurrent-mmm-capetown-25-1-2-3-4-5-6-7-8-9-10-11-12-13-14-15-16-17-18-19-20-21-22-23-24 0 betweenness 8.920962190693209e-05 0.0027048854698053073 30.320557491289208
config.CONGESTION_TYPE, slugifiedstring, i, key, value[2], value[0], value[1] : NON-RECURRENT-MMM non-recurrent-mmm-capetown-25-1-2-3-4-5-6-7-8-9-10-11-12-13-14-15-16-17-18-19-20-21-22-23-24 1 streets_per_node_count_1 8.920962190693209e-05 0.0027048854698053073 30.320557491289208
config.CONGESTION_TYPE, slugifiedstring, i, key, value[2], value[0], value[1] : NON-RECURRENT-MMM non-recurrent-mmm-capetown-25-1-2-3-4-5-6-7-8-9-10-11-12-13-14-15-16-17-18-19-20-21-22-23-24 2 streets_per_node_count_2 7.680996450929291e-05 0.003365743707619361 43.81910249694431
config.CONGESTION_TYPE, slugifiedstring, i, key, value[2], value[0], value[1] : NON-RECURRENT-MMM non-recurrent-mmm-capetown-25-1-2-3-4-5-6-7-8-9-10-11-12-13-14-15-16-17-18-19-20-21-22-23-24 3 k_avg 8.312222833596019e-05 0.004174634206987199 50.222837988826825
config.CONGESTION_TYPE, slugifiedstring, i, key, value[2], value[0], value[1] : NON-RECURRENT-MMM non-recurrent-mmm-capetown-25-1-2-3-4-5-6-7-8-9-10-11-12-13-14-15-16-17-18-19-20-21-22-23-24 4 streets_per_node_count_4 8.312222833596019e-05 0.004174634206987199 50.222837988826825
config.CONGESTION_TYPE, slugifiedstring, i, key, value[2], value[0], value[1] : NON-RECURRENT-MMM non-recurrent-mmm-capetown-25-1-2-3-4-5-6-7-8-9-10-11-12-13-14-15-16-17-18-19-20-21-22-23-24 5 metered_count -0.00048066437014560216 0.01257657515286692 -26.16498316498317
config.CONGESTION_TYPE, slugifiedstring, i, key, value[2], value[0], value[1] : NON-RECURRENT-MMM non-recurrent-mmm-capetown-25-1-2-3-4-5-6-7-8-9-10-11-12-13-14-15-16-17-18-19-20-21-22-23-24 6 global_betweenness 0.0002782259470148031 0.005520588527609521 19.84210526315792
config.CONGESTION_TYPE, slugifiedstring, i, key, value[2], value[0], value[1] : NON-RECURRENT-MMM non-recurrent-mmm-capetown-25-1-2-3-4-5-6-7-8-9-10-11-12-13-14-15-16-17-18-19-20-21-22-23-24 7 mean_lanes 6.968258704527204e-05 0.0017671364804463874 25.359800136270735
config.CONGESTION_TYPE, slugifiedstring, i, key, value[2], value[0], value[1] : NON-RECURRENT-MMM non-recurrent-mmm-capetown-25-1-2-3-4-5-6-7-8-9-10-11-12-13-14-15-16-17-18-19-20-21-22-23-24 8 m 9.007054421283487e-05 0.003262103786729173 36.217209690893924
config.CONGESTION_TYPE, slugifiedstring, i, key, value[2], value[0], value[1] : NON-RECURRENT-MMM non-recurrent-mmm-capetown-25-1-2-3-4-5-6-7-8-9-10-11-12-13-14-15-16-17-18-19-20-21-22-23-24 9 streets_per_node_count_6 -0.0003833949466574074 0.002762367461543809 -7.205017921146975
config.CONGESTION_TYPE, slugifiedstring, i, key, value[2], value[0], value[1] : NON-RECURRENT-MMM non-recurrent-mmm-capetown-25-1-2-3-4-5-6-7-8-9-10-11-12-13-14-15-16-17-18-19-20-21-22-23-24 10 circuity_avg 3.9035465909676855e-05 0.0011484989368599201 29.42193490190182
config.CONGESTION_TYPE, slugifiedstring, i, key, value[2], value[0], value[1] : NON-RECURRENT-MMM non-recurrent-mmm-capetown-25-1-2-3-4-5-6-7-8-9-10-11-12-13-14-15-16-17-18-19-20-21-22-23-24 11 total_crossings -0.00019609753959692015 0.007208397838156943 -36.75924671453734
config.CONGESTION_TYPE, slugifiedstring, i, key, value[2], value[0], value[1] : NON-RECURRENT-MMM non-recurrent-mmm-capetown-25-1-2-3-4-5-6-7-8-9-10-11-12-13-14-15-16-17-18-19-20-21-22-23-24 12 streets_per_node_count_3 -8.63173976045904e-05 0.004040897057166749 -46.81439859525899
config.CONGESTION_TYPE, slugifiedstring, i, key, value[2], value[0], value[1] : NON-RECURRENT-MMM non-recurrent-mmm-capetown-25-1-2-3-4-5-6-7-8-9-10-11-12-13-14-15-16-17-18-19-20-21-22-23-24 13 non_metered_count -0.00013163248747721405 0.005131639060123604 -38.984593837535016
config.CONGESTION_TYPE, slugifiedstring, i, key, value[2], value[0], value[1] : NON-RECURRENT-MMM non-recurrent-mmm-capetown-25-1-2-3-4-5-6-7-8-9-10-11-12-13-14-15-16-17-18-19-20-21-22-23-24 14 n 0.00010483106397204779 0.0037532260924557697 35.80261375060098
config.CONGESTION_TYPE, slugifiedstring, i, key, value[2], value[0], value[1] : NON-RECURRENT-MMM non-recurrent-mmm-capetown-25-1-2-3-4-5-6-7-8-9-10-11-12-13-14-15-16-17-18-19-20-21-22-23-24 15 streets_per_node_count_5 0.00025413415544275355 0.0032981484268994705 12.97798173233906
config.CONGESTION_TYPE, slugifiedstring, i, key, value[2], value[0], value[1] : NON-RECURRENT-MMM non-recurrent-mmm-capetown-25-1-2-3-4-5-6-7-8-9-10-11-12-13-14-15-16-17-18-19-20-21-22-23-24 16 streets_per_node_avg -0.00016662259843180043 0.005391951654147567 -32.36026628377496
config.CONGESTION_TYPE, slugifiedstring, i, key, value[2], value[0], value[1] : NON-RECURRENT-MMM non-recurrent-mmm-capetown-50-1-2-3-4-5-6-7-8-9-10-11-12-13-14-15-16-17-18-19-20-21-22-23-24 0 betweenness -0.00042013968393511117 0.005639699582809579 -13.423391787195726
config.CONGESTION_TYPE, slugifiedstring, i, key, value[2], value[0], value[1] : NON-RECURRENT-MMM non-recurrent-mmm-capetown-50-1-2-3-4-5-6-7-8-9-10-11-12-13-14-15-16-17-18-19-20-21-22-23-24 1 streets_per_node_count_1 -0.00042013968393511117 0.005639699582809579 -13.423391787195726
config.CONGESTION_TYPE, slugifiedstring, i, key, value[2], value[0], value[1] : NON-RECURRENT-MMM non-recurrent-mmm-capetown-50-1-2-3-4-5-6-7-8-9-10-11-12-13-14-15-16-17-18-19-20-21-22-23-24 2 streets_per_node_count_2 2.858360034553258e-05 0.0017498343823287945 61.21812372045292
config.CONGESTION_TYPE, slugifiedstring, i, key, value[2], value[0], value[1] : NON-RECURRENT-MMM non-recurrent-mmm-capetown-50-1-2-3-4-5-6-7-8-9-10-11-12-13-14-15-16-17-18-19-20-21-22-23-24 3 k_avg 5.152728723840546e-05 0.006584847666564289 127.79340849242931
config.CONGESTION_TYPE, slugifiedstring, i, key, value[2], value[0], value[1] : NON-RECURRENT-MMM non-recurrent-mmm-capetown-50-1-2-3-4-5-6-7-8-9-10-11-12-13-14-15-16-17-18-19-20-21-22-23-24 4 streets_per_node_count_4 5.152728723840546e-05 0.006584847666564289 127.79340849242931
config.CONGESTION_TYPE, slugifiedstring, i, key, value[2], value[0], value[1] : NON-RECURRENT-MMM non-recurrent-mmm-capetown-50-1-2-3-4-5-6-7-8-9-10-11-12-13-14-15-16-17-18-19-20-21-22-23-24 5 metered_count -0.00013174024903076962 0.008114566354113877 -61.595195195195174
config.CONGESTION_TYPE, slugifiedstring, i, key, value[2], value[0], value[1] : NON-RECURRENT-MMM non-recurrent-mmm-capetown-50-1-2-3-4-5-6-7-8-9-10-11-12-13-14-15-16-17-18-19-20-21-22-23-24 6 global_betweenness 0.0002673114536466023 0.009596450663938421 35.899885818680104
config.CONGESTION_TYPE, slugifiedstring, i, key, value[2], value[0], value[1] : NON-RECURRENT-MMM non-recurrent-mmm-capetown-50-1-2-3-4-5-6-7-8-9-10-11-12-13-14-15-16-17-18-19-20-21-22-23-24 7 mean_lanes 0.00010468381253620377 0.0030614466597092276 29.244699686978436
config.CONGESTION_TYPE, slugifiedstring, i, key, value[2], value[0], value[1] : NON-RECURRENT-MMM non-recurrent-mmm-capetown-50-1-2-3-4-5-6-7-8-9-10-11-12-13-14-15-16-17-18-19-20-21-22-23-24 8 m 1.9058902436588e-05 0.002421532912369879 127.05521319638967
config.CONGESTION_TYPE, slugifiedstring, i, key, value[2], value[0], value[1] : NON-RECURRENT-MMM non-recurrent-mmm-capetown-50-1-2-3-4-5-6-7-8-9-10-11-12-13-14-15-16-17-18-19-20-21-22-23-24 9 streets_per_node_count_6 0.0009006911850485908 0.0025549454839343196 2.836649815548583
config.CONGESTION_TYPE, slugifiedstring, i, key, value[2], value[0], value[1] : NON-RECURRENT-MMM non-recurrent-mmm-capetown-50-1-2-3-4-5-6-7-8-9-10-11-12-13-14-15-16-17-18-19-20-21-22-23-24 10 circuity_avg 1.0656204489096062e-05 0.0008430817866597255 79.11651728553136
config.CONGESTION_TYPE, slugifiedstring, i, key, value[2], value[0], value[1] : NON-RECURRENT-MMM non-recurrent-mmm-capetown-50-1-2-3-4-5-6-7-8-9-10-11-12-13-14-15-16-17-18-19-20-21-22-23-24 11 total_crossings -0.00017226282703217282 0.008987572928235299 -52.1736063611491
config.CONGESTION_TYPE, slugifiedstring, i, key, value[2], value[0], value[1] : NON-RECURRENT-MMM non-recurrent-mmm-capetown-50-1-2-3-4-5-6-7-8-9-10-11-12-13-14-15-16-17-18-19-20-21-22-23-24 12 streets_per_node_count_3 -3.520673163260676e-05 0.003493767767991921 -99.23578832737098
config.CONGESTION_TYPE, slugifiedstring, i, key, value[2], value[0], value[1] : NON-RECURRENT-MMM non-recurrent-mmm-capetown-50-1-2-3-4-5-6-7-8-9-10-11-12-13-14-15-16-17-18-19-20-21-22-23-24 13 non_metered_count -0.00010400640212747746 0.006714013357000678 -64.55384687542136
config.CONGESTION_TYPE, slugifiedstring, i, key, value[2], value[0], value[1] : NON-RECURRENT-MMM non-recurrent-mmm-capetown-50-1-2-3-4-5-6-7-8-9-10-11-12-13-14-15-16-17-18-19-20-21-22-23-24 14 n 0.00022578232960387032 0.003032707618304267 13.431997196703037
config.CONGESTION_TYPE, slugifiedstring, i, key, value[2], value[0], value[1] : NON-RECURRENT-MMM non-recurrent-mmm-capetown-50-1-2-3-4-5-6-7-8-9-10-11-12-13-14-15-16-17-18-19-20-21-22-23-24 15 streets_per_node_count_5 4.9646283663612956e-05 0.0018685532691160968 37.637324110235625
config.CONGESTION_TYPE, slugifiedstring, i, key, value[2], value[0], value[1] : NON-RECURRENT-MMM non-recurrent-mmm-capetown-50-1-2-3-4-5-6-7-8-9-10-11-12-13-14-15-16-17-18-19-20-21-22-23-24 16 streets_per_node_avg -7.485395856282609e-05 0.005351453719614867 -71.49192671117464
config.CONGESTION_TYPE, slugifiedstring, i, key, value[2], value[0], value[1] : NON-RECURRENT-MMM non-recurrent-mmm-capetown-100-1-2-3-4-5-6-7-8-9-10-11-12-13-14-15-16-17-18-19-20-21-22-23-24 0 betweenness -0.00019898238247227488 0.008207787280397878 -41.248813982521824
config.CONGESTION_TYPE, slugifiedstring, i, key, value[2], value[0], value[1] : NON-RECURRENT-MMM non-recurrent-mmm-capetown-100-1-2-3-4-5-6-7-8-9-10-11-12-13-14-15-16-17-18-19-20-21-22-23-24 1 streets_per_node_count_1 -0.00019898238247227488 0.008207787280397878 -41.248813982521824
config.CONGESTION_TYPE, slugifiedstring, i, key, value[2], value[0], value[1] : NON-RECURRENT-MMM non-recurrent-mmm-capetown-100-1-2-3-4-5-6-7-8-9-10-11-12-13-14-15-16-17-18-19-20-21-22-23-24 2 streets_per_node_count_2 -1.309582233297841e-05 0.002392055698154775 -182.65792230022907
config.CONGESTION_TYPE, slugifiedstring, i, key, value[2], value[0], value[1] : NON-RECURRENT-MMM non-recurrent-mmm-capetown-100-1-2-3-4-5-6-7-8-9-10-11-12-13-14-15-16-17-18-19-20-21-22-23-24 3 k_avg 3.9772651232918284e-05 0.007713800278953487 193.9473492420609
config.CONGESTION_TYPE, slugifiedstring, i, key, value[2], value[0], value[1] : NON-RECURRENT-MMM non-recurrent-mmm-capetown-100-1-2-3-4-5-6-7-8-9-10-11-12-13-14-15-16-17-18-19-20-21-22-23-24 4 streets_per_node_count_4 3.9772651232918284e-05 0.007713800278953487 193.9473492420609
config.CONGESTION_TYPE, slugifiedstring, i, key, value[2], value[0], value[1] : NON-RECURRENT-MMM non-recurrent-mmm-capetown-100-1-2-3-4-5-6-7-8-9-10-11-12-13-14-15-16-17-18-19-20-21-22-23-24 5 metered_count -0.00015164097342795543 0.007721395098083327 -50.91892331957206
config.CONGESTION_TYPE, slugifiedstring, i, key, value[2], value[0], value[1] : NON-RECURRENT-MMM non-recurrent-mmm-capetown-100-1-2-3-4-5-6-7-8-9-10-11-12-13-14-15-16-17-18-19-20-21-22-23-24 6 global_betweenness 0.00011150677049520771 0.01193989665351583 107.07777295037863
config.CONGESTION_TYPE, slugifiedstring, i, key, value[2], value[0], value[1] : NON-RECURRENT-MMM non-recurrent-mmm-capetown-100-1-2-3-4-5-6-7-8-9-10-11-12-13-14-15-16-17-18-19-20-21-22-23-24 7 mean_lanes 2.4158885570527596e-05 0.0029454332438802987 121.91925141917773
config.CONGESTION_TYPE, slugifiedstring, i, key, value[2], value[0], value[1] : NON-RECURRENT-MMM non-recurrent-mmm-capetown-100-1-2-3-4-5-6-7-8-9-10-11-12-13-14-15-16-17-18-19-20-21-22-23-24 8 m 9.221480528343892e-06 0.0028509493798374785 309.1639537788502
config.CONGESTION_TYPE, slugifiedstring, i, key, value[2], value[0], value[1] : NON-RECURRENT-MMM non-recurrent-mmm-capetown-100-1-2-3-4-5-6-7-8-9-10-11-12-13-14-15-16-17-18-19-20-21-22-23-24 9 streets_per_node_count_6 1.2480911840640015e-05 0.0023475990981814687 188.09515908423282
config.CONGESTION_TYPE, slugifiedstring, i, key, value[2], value[0], value[1] : NON-RECURRENT-MMM non-recurrent-mmm-capetown-100-1-2-3-4-5-6-7-8-9-10-11-12-13-14-15-16-17-18-19-20-21-22-23-24 10 circuity_avg 1.7271187845092035e-05 0.0014832291362292518 85.87881444707591
config.CONGESTION_TYPE, slugifiedstring, i, key, value[2], value[0], value[1] : NON-RECURRENT-MMM non-recurrent-mmm-capetown-100-1-2-3-4-5-6-7-8-9-10-11-12-13-14-15-16-17-18-19-20-21-22-23-24 11 total_crossings -0.00017657236945032982 0.0141245599707168 -79.99303636625928
config.CONGESTION_TYPE, slugifiedstring, i, key, value[2], value[0], value[1] : NON-RECURRENT-MMM non-recurrent-mmm-capetown-100-1-2-3-4-5-6-7-8-9-10-11-12-13-14-15-16-17-18-19-20-21-22-23-24 12 streets_per_node_count_3 -2.472566656761012e-05 0.0027045298129668395 -109.38147230820027
config.CONGESTION_TYPE, slugifiedstring, i, key, value[2], value[0], value[1] : NON-RECURRENT-MMM non-recurrent-mmm-capetown-100-1-2-3-4-5-6-7-8-9-10-11-12-13-14-15-16-17-18-19-20-21-22-23-24 13 non_metered_count -8.589700682458752e-05 0.011553956394569801 -134.50941798431268
config.CONGESTION_TYPE, slugifiedstring, i, key, value[2], value[0], value[1] : NON-RECURRENT-MMM non-recurrent-mmm-capetown-100-1-2-3-4-5-6-7-8-9-10-11-12-13-14-15-16-17-18-19-20-21-22-23-24 14 n -2.6400458982335755e-05 0.004167872078055365 -157.8711976501636
config.CONGESTION_TYPE, slugifiedstring, i, key, value[2], value[0], value[1] : NON-RECURRENT-MMM non-recurrent-mmm-capetown-100-1-2-3-4-5-6-7-8-9-10-11-12-13-14-15-16-17-18-19-20-21-22-23-24 15 streets_per_node_count_5 1.0763077954492339e-05 0.0020120227019660487 186.93748298331911
config.CONGESTION_TYPE, slugifiedstring, i, key, value[2], value[0], value[1] : NON-RECURRENT-MMM non-recurrent-mmm-capetown-100-1-2-3-4-5-6-7-8-9-10-11-12-13-14-15-16-17-18-19-20-21-22-23-24 16 streets_per_node_avg -6.888835764735584e-05 0.007025274424224055 -101.98057645947824
