Loaded config file: Prefix for name of road network object pickle file!
os.getcwd() : /home/niskumar/WCS/urbanscales/modelling
sorted_percentage_nan_per_column : maxspeed                         7.744108
n                                0.000000
lane_density                     0.000000
streets_per_node_proportion_6    0.000000
streets_per_node_count_6         0.000000
streets_per_node_proportion_5    0.000000
streets_per_node_count_5         0.000000
streets_per_node_proportion_4    0.000000
streets_per_node_count_4         0.000000
streets_per_node_proportion_3    0.000000
streets_per_node_count_3         0.000000
streets_per_node_proportion_2    0.000000
streets_per_node_count_2         0.000000
streets_per_node_proportion_1    0.000000
streets_per_node_count_1         0.000000
mean_lanes                       0.000000
m                                0.000000
betweenness                      0.000000
total_crossings                  0.000000
non_metered_count                0.000000
metered_count                    0.000000
self_loop_proportion             0.000000
circuity_avg                     0.000000
street_length_avg                0.000000
street_segment_count             0.000000
street_length_total              0.000000
streets_per_node_avg             0.000000
edge_length_avg                  0.000000
edge_length_total                0.000000
k_avg                            0.000000
global_betweenness               0.000000
dtype: float64
city, scale, tod, config.shift_tile_marker, X.shape, Y.shape : NewYorkCity 20 [1, 2, 3, 4, 5, 6, 7, 8, 9, 10, 11, 12, 13, 14, 15, 16, 17, 18, 19, 20, 21, 22, 23, 24] 3 (297, 17) (297,)
X.shape, Y.shape, "Inside the model-fitting function" : (297, 17) (297,) Inside the model-fitting function
Dict: model_trials.best_params_
Key: Value
{'randomforestregressor__max_depth': 50,
 'randomforestregressor__max_features': 'sqrt',
 'randomforestregressor__n_estimators': 1000}
Dict: model_trials.best_params_
Key: Value
{'xgbregressor__learning_rate': 0.001,
 'xgbregressor__max_depth': 10,
 'xgbregressor__n_estimators': 500}
config.CONGESTION_TYPE, slugifiedstring, i, key, value[2], value[0], value[1] : NON-RECURRENT-MMM non-recurrent-mmm-newyorkcity-20-1-2-3-4-5-6-7-8-9-10-11-12-13-14-15-16-17-18-19-20-21-22-23-24 0 streets_per_node_avg 0.00036645333442348764 0.0048113607921414815 13.129532030895064
config.CONGESTION_TYPE, slugifiedstring, i, key, value[2], value[0], value[1] : NON-RECURRENT-MMM non-recurrent-mmm-newyorkcity-20-1-2-3-4-5-6-7-8-9-10-11-12-13-14-15-16-17-18-19-20-21-22-23-24 1 circuity_avg 4.031817748375475e-05 0.0014328459998072841 35.53846153846153
config.CONGESTION_TYPE, slugifiedstring, i, key, value[2], value[0], value[1] : NON-RECURRENT-MMM non-recurrent-mmm-newyorkcity-20-1-2-3-4-5-6-7-8-9-10-11-12-13-14-15-16-17-18-19-20-21-22-23-24 2 k_avg -0.004347318820857506 0.03869591477906127 -8.90109890109889
config.CONGESTION_TYPE, slugifiedstring, i, key, value[2], value[0], value[1] : NON-RECURRENT-MMM non-recurrent-mmm-newyorkcity-20-1-2-3-4-5-6-7-8-9-10-11-12-13-14-15-16-17-18-19-20-21-22-23-24 3 betweenness 0.001079521530040837 0.01349755274754004 12.503273322422245
config.CONGESTION_TYPE, slugifiedstring, i, key, value[2], value[0], value[1] : NON-RECURRENT-MMM non-recurrent-mmm-newyorkcity-20-1-2-3-4-5-6-7-8-9-10-11-12-13-14-15-16-17-18-19-20-21-22-23-24 4 streets_per_node_count_2 -0.0008763077560554991 0.006784473101350419 -7.742112350904193
config.CONGESTION_TYPE, slugifiedstring, i, key, value[2], value[0], value[1] : NON-RECURRENT-MMM non-recurrent-mmm-newyorkcity-20-1-2-3-4-5-6-7-8-9-10-11-12-13-14-15-16-17-18-19-20-21-22-23-24 5 total_crossings -0.0007561786600380119 0.0253964222610233 -33.58521418701059
config.CONGESTION_TYPE, slugifiedstring, i, key, value[2], value[0], value[1] : NON-RECURRENT-MMM non-recurrent-mmm-newyorkcity-20-1-2-3-4-5-6-7-8-9-10-11-12-13-14-15-16-17-18-19-20-21-22-23-24 6 non_metered_count -0.0009232608504597018 0.030299003865589706 -32.81738183797515
config.CONGESTION_TYPE, slugifiedstring, i, key, value[2], value[0], value[1] : NON-RECURRENT-MMM non-recurrent-mmm-newyorkcity-20-1-2-3-4-5-6-7-8-9-10-11-12-13-14-15-16-17-18-19-20-21-22-23-24 7 streets_per_node_count_3 -0.0002928733064014321 0.0064747971170120485 -22.10784313725489
config.CONGESTION_TYPE, slugifiedstring, i, key, value[2], value[0], value[1] : NON-RECURRENT-MMM non-recurrent-mmm-newyorkcity-20-1-2-3-4-5-6-7-8-9-10-11-12-13-14-15-16-17-18-19-20-21-22-23-24 8 m -0.00020488179068799356 0.011257229989351804 -54.94499999999999
config.CONGESTION_TYPE, slugifiedstring, i, key, value[2], value[0], value[1] : NON-RECURRENT-MMM non-recurrent-mmm-newyorkcity-20-1-2-3-4-5-6-7-8-9-10-11-12-13-14-15-16-17-18-19-20-21-22-23-24 9 metered_count -0.0007954724749748927 0.014594358764174305 -18.34678033911223
config.CONGESTION_TYPE, slugifiedstring, i, key, value[2], value[0], value[1] : NON-RECURRENT-MMM non-recurrent-mmm-newyorkcity-20-1-2-3-4-5-6-7-8-9-10-11-12-13-14-15-16-17-18-19-20-21-22-23-24 10 n -0.0002991947644385982 0.0068068076684206676 -22.75042372881356
config.CONGESTION_TYPE, slugifiedstring, i, key, value[2], value[0], value[1] : NON-RECURRENT-MMM non-recurrent-mmm-newyorkcity-20-1-2-3-4-5-6-7-8-9-10-11-12-13-14-15-16-17-18-19-20-21-22-23-24 11 mean_lanes 0.0023643527007837883 0.016708054382309986 7.066650579150576
config.CONGESTION_TYPE, slugifiedstring, i, key, value[2], value[0], value[1] : NON-RECURRENT-MMM non-recurrent-mmm-newyorkcity-20-1-2-3-4-5-6-7-8-9-10-11-12-13-14-15-16-17-18-19-20-21-22-23-24 12 streets_per_node_count_1 0 0 0
config.CONGESTION_TYPE, slugifiedstring, i, key, value[2], value[0], value[1] : NON-RECURRENT-MMM non-recurrent-mmm-newyorkcity-20-1-2-3-4-5-6-7-8-9-10-11-12-13-14-15-16-17-18-19-20-21-22-23-24 13 streets_per_node_count_5 0.0008251022119237153 0.018377478047645602 22.272971496220748
config.CONGESTION_TYPE, slugifiedstring, i, key, value[2], value[0], value[1] : NON-RECURRENT-MMM non-recurrent-mmm-newyorkcity-20-1-2-3-4-5-6-7-8-9-10-11-12-13-14-15-16-17-18-19-20-21-22-23-24 14 global_betweenness -0.002144871585896108 0.019854542774662056 -9.256751269035533
config.CONGESTION_TYPE, slugifiedstring, i, key, value[2], value[0], value[1] : NON-RECURRENT-MMM non-recurrent-mmm-newyorkcity-20-1-2-3-4-5-6-7-8-9-10-11-12-13-14-15-16-17-18-19-20-21-22-23-24 15 streets_per_node_count_4 0 0 0
config.CONGESTION_TYPE, slugifiedstring, i, key, value[2], value[0], value[1] : NON-RECURRENT-MMM non-recurrent-mmm-newyorkcity-20-1-2-3-4-5-6-7-8-9-10-11-12-13-14-15-16-17-18-19-20-21-22-23-24 16 streets_per_node_count_6 0.00037360285319219664 0.006065220565354606 16.234406438631794
SHAP Values for each feature:
Slug                           Feature Name         Mean Abs SHAP Value
SHAP-- non-recurrent-mmm-newyorkcity-20-1-2-3-4-5-6-7-8-9-10-11-12-13-14-15-16-17-18-19-20-21-22-23-24 streets_per_node_avg          0.0024
SHAP-- non-recurrent-mmm-newyorkcity-20-1-2-3-4-5-6-7-8-9-10-11-12-13-14-15-16-17-18-19-20-21-22-23-24 circuity_avg                  0.0005
SHAP-- non-recurrent-mmm-newyorkcity-20-1-2-3-4-5-6-7-8-9-10-11-12-13-14-15-16-17-18-19-20-21-22-23-24 k_avg                         0.0194
SHAP-- non-recurrent-mmm-newyorkcity-20-1-2-3-4-5-6-7-8-9-10-11-12-13-14-15-16-17-18-19-20-21-22-23-24 betweenness                   0.0067
SHAP-- non-recurrent-mmm-newyorkcity-20-1-2-3-4-5-6-7-8-9-10-11-12-13-14-15-16-17-18-19-20-21-22-23-24 streets_per_node_count_2          0.0031
SHAP-- non-recurrent-mmm-newyorkcity-20-1-2-3-4-5-6-7-8-9-10-11-12-13-14-15-16-17-18-19-20-21-22-23-24 total_crossings               0.0126
SHAP-- non-recurrent-mmm-newyorkcity-20-1-2-3-4-5-6-7-8-9-10-11-12-13-14-15-16-17-18-19-20-21-22-23-24 non_metered_count             0.0151
SHAP-- non-recurrent-mmm-newyorkcity-20-1-2-3-4-5-6-7-8-9-10-11-12-13-14-15-16-17-18-19-20-21-22-23-24 streets_per_node_count_3          0.0033
SHAP-- non-recurrent-mmm-newyorkcity-20-1-2-3-4-5-6-7-8-9-10-11-12-13-14-15-16-17-18-19-20-21-22-23-24 m                             0.0047
SHAP-- non-recurrent-mmm-newyorkcity-20-1-2-3-4-5-6-7-8-9-10-11-12-13-14-15-16-17-18-19-20-21-22-23-24 metered_count                 0.0070
SHAP-- non-recurrent-mmm-newyorkcity-20-1-2-3-4-5-6-7-8-9-10-11-12-13-14-15-16-17-18-19-20-21-22-23-24 n                             0.0032
SHAP-- non-recurrent-mmm-newyorkcity-20-1-2-3-4-5-6-7-8-9-10-11-12-13-14-15-16-17-18-19-20-21-22-23-24 mean_lanes                    0.0080
SHAP-- non-recurrent-mmm-newyorkcity-20-1-2-3-4-5-6-7-8-9-10-11-12-13-14-15-16-17-18-19-20-21-22-23-24 streets_per_node_count_1          0.0000
SHAP-- non-recurrent-mmm-newyorkcity-20-1-2-3-4-5-6-7-8-9-10-11-12-13-14-15-16-17-18-19-20-21-22-23-24 streets_per_node_count_5          0.0092
SHAP-- non-recurrent-mmm-newyorkcity-20-1-2-3-4-5-6-7-8-9-10-11-12-13-14-15-16-17-18-19-20-21-22-23-24 global_betweenness            0.0090
SHAP-- non-recurrent-mmm-newyorkcity-20-1-2-3-4-5-6-7-8-9-10-11-12-13-14-15-16-17-18-19-20-21-22-23-24 streets_per_node_count_4          0.0000
SHAP-- non-recurrent-mmm-newyorkcity-20-1-2-3-4-5-6-7-8-9-10-11-12-13-14-15-16-17-18-19-20-21-22-23-24 streets_per_node_count_6          0.0026
NON-RECURRENT-MMM NewYorkCity 20 LR 0.21873741902497115 XpVar
NON-RECURRENT-MMM NewYorkCity 20 RF 0.3330806185315219 XpVar
NON-RECURRENT-MMM NewYorkCity 20 GBM 0.19367579277370858 XpVar
NON-RECURRENT-MMM NewYorkCity 20 LLR -6.344131569286608e-17 XpVar
NON-RECURRENT-MMM NewYorkCity 20 RLR 0.2273694333953857 XpVar
NON-RECURRENT-MMM NewYorkCity 20 LR 0.01166670044353777 MSE
NON-RECURRENT-MMM NewYorkCity 20 RF 0.010509693789029956 MSE
NON-RECURRENT-MMM NewYorkCity 20 GBM 0.012291058001314392 MSE
NON-RECURRENT-MMM NewYorkCity 20 LLR 0.014735748493170536 MSE
NON-RECURRENT-MMM NewYorkCity 20 RLR 0.011586429937959502 MSE
NON-RECURRENT-MMM NewYorkCity 20 LR 0.198557405305628 R2
NON-RECURRENT-MMM NewYorkCity 20 RF 0.3139673238404689 R2
NON-RECURRENT-MMM NewYorkCity 20 GBM 0.1757667252577036 R2
NON-RECURRENT-MMM NewYorkCity 20 LLR -0.01960361391970917 R2
NON-RECURRENT-MMM NewYorkCity 20 RLR 0.2072113318398217 R2
t_spatial, t_non_spatial, "seconds" : 9.5367431640625e-07 229.38240027427673 seconds
sorted_percentage_nan_per_column : maxspeed                         16.199377
n                                 0.000000
lane_density                      0.000000
streets_per_node_proportion_6     0.000000
streets_per_node_count_6          0.000000
streets_per_node_proportion_5     0.000000
streets_per_node_count_5          0.000000
streets_per_node_proportion_4     0.000000
streets_per_node_count_4          0.000000
streets_per_node_proportion_3     0.000000
streets_per_node_count_3          0.000000
streets_per_node_proportion_2     0.000000
streets_per_node_count_2          0.000000
streets_per_node_proportion_1     0.000000
streets_per_node_count_1          0.000000
mean_lanes                        0.000000
m                                 0.000000
betweenness                       0.000000
total_crossings                   0.000000
non_metered_count                 0.000000
metered_count                     0.000000
self_loop_proportion              0.000000
circuity_avg                      0.000000
street_length_avg                 0.000000
street_segment_count              0.000000
street_length_total               0.000000
streets_per_node_avg              0.000000
edge_length_avg                   0.000000
edge_length_total                 0.000000
k_avg                             0.000000
global_betweenness                0.000000
dtype: float64
city, scale, tod, config.shift_tile_marker, X.shape, Y.shape : NewYorkCity 30 [1, 2, 3, 4, 5, 6, 7, 8, 9, 10, 11, 12, 13, 14, 15, 16, 17, 18, 19, 20, 21, 22, 23, 24] 3 (642, 17) (642,)
X.shape, Y.shape, "Inside the model-fitting function" : (642, 17) (642,) Inside the model-fitting function
Dict: model_trials.best_params_
Key: Value
{'randomforestregressor__max_depth': 10,
 'randomforestregressor__max_features': 'sqrt',
 'randomforestregressor__n_estimators': 200}
Dict: model_trials.best_params_
Key: Value
{'xgbregressor__learning_rate': 0.001,
 'xgbregressor__max_depth': 10,
 'xgbregressor__n_estimators': 1000}
config.CONGESTION_TYPE, slugifiedstring, i, key, value[2], value[0], value[1] : NON-RECURRENT-MMM non-recurrent-mmm-newyorkcity-30-1-2-3-4-5-6-7-8-9-10-11-12-13-14-15-16-17-18-19-20-21-22-23-24 0 streets_per_node_avg -0.0002037626220232825 0.00512211619178593 -25.137663330621365
config.CONGESTION_TYPE, slugifiedstring, i, key, value[2], value[0], value[1] : NON-RECURRENT-MMM non-recurrent-mmm-newyorkcity-30-1-2-3-4-5-6-7-8-9-10-11-12-13-14-15-16-17-18-19-20-21-22-23-24 1 circuity_avg 9.639283090507862e-05 0.0011381920654153733 11.807849761526256
config.CONGESTION_TYPE, slugifiedstring, i, key, value[2], value[0], value[1] : NON-RECURRENT-MMM non-recurrent-mmm-newyorkcity-30-1-2-3-4-5-6-7-8-9-10-11-12-13-14-15-16-17-18-19-20-21-22-23-24 2 k_avg -0.0036689705118801374 0.043070583861743096 -11.739146913904165
config.CONGESTION_TYPE, slugifiedstring, i, key, value[2], value[0], value[1] : NON-RECURRENT-MMM non-recurrent-mmm-newyorkcity-30-1-2-3-4-5-6-7-8-9-10-11-12-13-14-15-16-17-18-19-20-21-22-23-24 3 betweenness 0.0014334213809700644 0.010994842879264933 7.670349434737886
config.CONGESTION_TYPE, slugifiedstring, i, key, value[2], value[0], value[1] : NON-RECURRENT-MMM non-recurrent-mmm-newyorkcity-30-1-2-3-4-5-6-7-8-9-10-11-12-13-14-15-16-17-18-19-20-21-22-23-24 4 streets_per_node_count_2 0.003357869720760909 0.005876480834075482 1.750062189054745
config.CONGESTION_TYPE, slugifiedstring, i, key, value[2], value[0], value[1] : NON-RECURRENT-MMM non-recurrent-mmm-newyorkcity-30-1-2-3-4-5-6-7-8-9-10-11-12-13-14-15-16-17-18-19-20-21-22-23-24 5 total_crossings -0.0004614003887743316 0.025376363186172604 -54.998573481012045
config.CONGESTION_TYPE, slugifiedstring, i, key, value[2], value[0], value[1] : NON-RECURRENT-MMM non-recurrent-mmm-newyorkcity-30-1-2-3-4-5-6-7-8-9-10-11-12-13-14-15-16-17-18-19-20-21-22-23-24 6 non_metered_count -0.00040901320865254116 0.030324971461511564 -74.14179009380791
config.CONGESTION_TYPE, slugifiedstring, i, key, value[2], value[0], value[1] : NON-RECURRENT-MMM non-recurrent-mmm-newyorkcity-30-1-2-3-4-5-6-7-8-9-10-11-12-13-14-15-16-17-18-19-20-21-22-23-24 7 streets_per_node_count_3 0.0007926417665532706 0.00624581985665172 7.879751131221724
config.CONGESTION_TYPE, slugifiedstring, i, key, value[2], value[0], value[1] : NON-RECURRENT-MMM non-recurrent-mmm-newyorkcity-30-1-2-3-4-5-6-7-8-9-10-11-12-13-14-15-16-17-18-19-20-21-22-23-24 8 m -7.489303097798682e-05 0.006192410658080318 -82.68340294440003
config.CONGESTION_TYPE, slugifiedstring, i, key, value[2], value[0], value[1] : NON-RECURRENT-MMM non-recurrent-mmm-newyorkcity-30-1-2-3-4-5-6-7-8-9-10-11-12-13-14-15-16-17-18-19-20-21-22-23-24 9 metered_count -0.0004331168751677844 0.01825044650800159 -42.13746347549164
config.CONGESTION_TYPE, slugifiedstring, i, key, value[2], value[0], value[1] : NON-RECURRENT-MMM non-recurrent-mmm-newyorkcity-30-1-2-3-4-5-6-7-8-9-10-11-12-13-14-15-16-17-18-19-20-21-22-23-24 10 n -0.00013495258877427204 0.005188200776885178 -38.44461839530328
config.CONGESTION_TYPE, slugifiedstring, i, key, value[2], value[0], value[1] : NON-RECURRENT-MMM non-recurrent-mmm-newyorkcity-30-1-2-3-4-5-6-7-8-9-10-11-12-13-14-15-16-17-18-19-20-21-22-23-24 11 mean_lanes 0.0005892155247293818 0.01237327159015917 20.99956818999641
config.CONGESTION_TYPE, slugifiedstring, i, key, value[2], value[0], value[1] : NON-RECURRENT-MMM non-recurrent-mmm-newyorkcity-30-1-2-3-4-5-6-7-8-9-10-11-12-13-14-15-16-17-18-19-20-21-22-23-24 12 streets_per_node_count_1 0 0 0
config.CONGESTION_TYPE, slugifiedstring, i, key, value[2], value[0], value[1] : NON-RECURRENT-MMM non-recurrent-mmm-newyorkcity-30-1-2-3-4-5-6-7-8-9-10-11-12-13-14-15-16-17-18-19-20-21-22-23-24 13 streets_per_node_count_5 0.0005146601421761593 0.017214672554361155 33.448622000475154
config.CONGESTION_TYPE, slugifiedstring, i, key, value[2], value[0], value[1] : NON-RECURRENT-MMM non-recurrent-mmm-newyorkcity-30-1-2-3-4-5-6-7-8-9-10-11-12-13-14-15-16-17-18-19-20-21-22-23-24 14 global_betweenness -0.0008780703136067064 0.03062584139040082 -34.87857511615903
config.CONGESTION_TYPE, slugifiedstring, i, key, value[2], value[0], value[1] : NON-RECURRENT-MMM non-recurrent-mmm-newyorkcity-30-1-2-3-4-5-6-7-8-9-10-11-12-13-14-15-16-17-18-19-20-21-22-23-24 15 streets_per_node_count_4 0 0 0
config.CONGESTION_TYPE, slugifiedstring, i, key, value[2], value[0], value[1] : NON-RECURRENT-MMM non-recurrent-mmm-newyorkcity-30-1-2-3-4-5-6-7-8-9-10-11-12-13-14-15-16-17-18-19-20-21-22-23-24 16 streets_per_node_count_6 -0.00023655617169826679 0.0038748806787174137 -16.38038293779931
SHAP Values for each feature:
Slug                           Feature Name         Mean Abs SHAP Value
SHAP-- non-recurrent-mmm-newyorkcity-30-1-2-3-4-5-6-7-8-9-10-11-12-13-14-15-16-17-18-19-20-21-22-23-24 streets_per_node_avg          0.0025
SHAP-- non-recurrent-mmm-newyorkcity-30-1-2-3-4-5-6-7-8-9-10-11-12-13-14-15-16-17-18-19-20-21-22-23-24 circuity_avg                  0.0005
SHAP-- non-recurrent-mmm-newyorkcity-30-1-2-3-4-5-6-7-8-9-10-11-12-13-14-15-16-17-18-19-20-21-22-23-24 k_avg                         0.0215
SHAP-- non-recurrent-mmm-newyorkcity-30-1-2-3-4-5-6-7-8-9-10-11-12-13-14-15-16-17-18-19-20-21-22-23-24 betweenness                   0.0054
SHAP-- non-recurrent-mmm-newyorkcity-30-1-2-3-4-5-6-7-8-9-10-11-12-13-14-15-16-17-18-19-20-21-22-23-24 streets_per_node_count_2          0.0027
SHAP-- non-recurrent-mmm-newyorkcity-30-1-2-3-4-5-6-7-8-9-10-11-12-13-14-15-16-17-18-19-20-21-22-23-24 total_crossings               0.0122
SHAP-- non-recurrent-mmm-newyorkcity-30-1-2-3-4-5-6-7-8-9-10-11-12-13-14-15-16-17-18-19-20-21-22-23-24 non_metered_count             0.0152
SHAP-- non-recurrent-mmm-newyorkcity-30-1-2-3-4-5-6-7-8-9-10-11-12-13-14-15-16-17-18-19-20-21-22-23-24 streets_per_node_count_3          0.0030
SHAP-- non-recurrent-mmm-newyorkcity-30-1-2-3-4-5-6-7-8-9-10-11-12-13-14-15-16-17-18-19-20-21-22-23-24 m                             0.0029
SHAP-- non-recurrent-mmm-newyorkcity-30-1-2-3-4-5-6-7-8-9-10-11-12-13-14-15-16-17-18-19-20-21-22-23-24 metered_count                 0.0082
SHAP-- non-recurrent-mmm-newyorkcity-30-1-2-3-4-5-6-7-8-9-10-11-12-13-14-15-16-17-18-19-20-21-22-23-24 n                             0.0025
SHAP-- non-recurrent-mmm-newyorkcity-30-1-2-3-4-5-6-7-8-9-10-11-12-13-14-15-16-17-18-19-20-21-22-23-24 mean_lanes                    0.0060
SHAP-- non-recurrent-mmm-newyorkcity-30-1-2-3-4-5-6-7-8-9-10-11-12-13-14-15-16-17-18-19-20-21-22-23-24 streets_per_node_count_1          0.0000
SHAP-- non-recurrent-mmm-newyorkcity-30-1-2-3-4-5-6-7-8-9-10-11-12-13-14-15-16-17-18-19-20-21-22-23-24 streets_per_node_count_5          0.0084
SHAP-- non-recurrent-mmm-newyorkcity-30-1-2-3-4-5-6-7-8-9-10-11-12-13-14-15-16-17-18-19-20-21-22-23-24 global_betweenness            0.0131
SHAP-- non-recurrent-mmm-newyorkcity-30-1-2-3-4-5-6-7-8-9-10-11-12-13-14-15-16-17-18-19-20-21-22-23-24 streets_per_node_count_4          0.0000
SHAP-- non-recurrent-mmm-newyorkcity-30-1-2-3-4-5-6-7-8-9-10-11-12-13-14-15-16-17-18-19-20-21-22-23-24 streets_per_node_count_6          0.0019
NON-RECURRENT-MMM NewYorkCity 30 LR 0.3482100068744997 XpVar
NON-RECURRENT-MMM NewYorkCity 30 RF 0.3696765057346618 XpVar
NON-RECURRENT-MMM NewYorkCity 30 GBM 0.26588631258624434 XpVar
NON-RECURRENT-MMM NewYorkCity 30 LLR 3.172065784643304e-17 XpVar
NON-RECURRENT-MMM NewYorkCity 30 RLR 0.3478887332689554 XpVar
NON-RECURRENT-MMM NewYorkCity 30 LR 0.010093281443198269 MSE
NON-RECURRENT-MMM NewYorkCity 30 RF 0.00984965718266589 MSE
NON-RECURRENT-MMM NewYorkCity 30 GBM 0.011565327284150186 MSE
NON-RECURRENT-MMM NewYorkCity 30 LLR 0.015449595292528163 MSE
NON-RECURRENT-MMM NewYorkCity 30 RLR 0.010091220843760403 MSE
NON-RECURRENT-MMM NewYorkCity 30 LR 0.34485716046693404 R2
NON-RECURRENT-MMM NewYorkCity 30 RF 0.3659602495176424 R2
NON-RECURRENT-MMM NewYorkCity 30 GBM 0.2614148334721359 R2
NON-RECURRENT-MMM NewYorkCity 30 LLR -0.007056906985315248 R2
NON-RECURRENT-MMM NewYorkCity 30 RLR 0.3444740770199136 R2
t_spatial, t_non_spatial, "seconds" : 2.86102294921875e-06 379.26428508758545 seconds
sorted_percentage_nan_per_column : maxspeed                         21.878025
n                                 0.000000
lane_density                      0.000000
streets_per_node_proportion_6     0.000000
streets_per_node_count_6          0.000000
streets_per_node_proportion_5     0.000000
streets_per_node_count_5          0.000000
streets_per_node_proportion_4     0.000000
streets_per_node_count_4          0.000000
streets_per_node_proportion_3     0.000000
streets_per_node_count_3          0.000000
streets_per_node_proportion_2     0.000000
streets_per_node_count_2          0.000000
streets_per_node_proportion_1     0.000000
streets_per_node_count_1          0.000000
mean_lanes                        0.000000
m                                 0.000000
betweenness                       0.000000
total_crossings                   0.000000
non_metered_count                 0.000000
metered_count                     0.000000
self_loop_proportion              0.000000
circuity_avg                      0.000000
street_length_avg                 0.000000
street_segment_count              0.000000
street_length_total               0.000000
streets_per_node_avg              0.000000
edge_length_avg                   0.000000
edge_length_total                 0.000000
k_avg                             0.000000
global_betweenness                0.000000
dtype: float64
city, scale, tod, config.shift_tile_marker, X.shape, Y.shape : NewYorkCity 40 [1, 2, 3, 4, 5, 6, 7, 8, 9, 10, 11, 12, 13, 14, 15, 16, 17, 18, 19, 20, 21, 22, 23, 24] 3 (1033, 17) (1033,)
X.shape, Y.shape, "Inside the model-fitting function" : (1033, 17) (1033,) Inside the model-fitting function
Dict: model_trials.best_params_
Key: Value
{'randomforestregressor__max_depth': 50,
 'randomforestregressor__max_features': 'sqrt',
 'randomforestregressor__n_estimators': 100}
Dict: model_trials.best_params_
Key: Value
{'xgbregressor__learning_rate': 0.01,
 'xgbregressor__max_depth': 20,
 'xgbregressor__n_estimators': 100}
config.CONGESTION_TYPE, slugifiedstring, i, key, value[2], value[0], value[1] : NON-RECURRENT-MMM non-recurrent-mmm-newyorkcity-40-1-2-3-4-5-6-7-8-9-10-11-12-13-14-15-16-17-18-19-20-21-22-23-24 0 streets_per_node_avg -0.0026118917433980977 0.00905434023811167 -3.4665832766605718
config.CONGESTION_TYPE, slugifiedstring, i, key, value[2], value[0], value[1] : NON-RECURRENT-MMM non-recurrent-mmm-newyorkcity-40-1-2-3-4-5-6-7-8-9-10-11-12-13-14-15-16-17-18-19-20-21-22-23-24 1 circuity_avg 4.4903241215961844e-05 0.0017181980871263439 38.26445576306355
config.CONGESTION_TYPE, slugifiedstring, i, key, value[2], value[0], value[1] : NON-RECURRENT-MMM non-recurrent-mmm-newyorkcity-40-1-2-3-4-5-6-7-8-9-10-11-12-13-14-15-16-17-18-19-20-21-22-23-24 2 k_avg -0.010836282681419646 0.05493244008430429 -5.069306670865444
config.CONGESTION_TYPE, slugifiedstring, i, key, value[2], value[0], value[1] : NON-RECURRENT-MMM non-recurrent-mmm-newyorkcity-40-1-2-3-4-5-6-7-8-9-10-11-12-13-14-15-16-17-18-19-20-21-22-23-24 3 betweenness 0.0005194039881754721 0.011005556407931192 21.18881768041632
config.CONGESTION_TYPE, slugifiedstring, i, key, value[2], value[0], value[1] : NON-RECURRENT-MMM non-recurrent-mmm-newyorkcity-40-1-2-3-4-5-6-7-8-9-10-11-12-13-14-15-16-17-18-19-20-21-22-23-24 4 streets_per_node_count_2 0.00019320405302527792 0.006614868877755874 34.23773349563436
config.CONGESTION_TYPE, slugifiedstring, i, key, value[2], value[0], value[1] : NON-RECURRENT-MMM non-recurrent-mmm-newyorkcity-40-1-2-3-4-5-6-7-8-9-10-11-12-13-14-15-16-17-18-19-20-21-22-23-24 5 total_crossings -0.00026375639908751605 0.023050809948567112 -87.39431546803422
config.CONGESTION_TYPE, slugifiedstring, i, key, value[2], value[0], value[1] : NON-RECURRENT-MMM non-recurrent-mmm-newyorkcity-40-1-2-3-4-5-6-7-8-9-10-11-12-13-14-15-16-17-18-19-20-21-22-23-24 6 non_metered_count -0.00021435685392460246 0.026306674552661766 -122.72373880759994
config.CONGESTION_TYPE, slugifiedstring, i, key, value[2], value[0], value[1] : NON-RECURRENT-MMM non-recurrent-mmm-newyorkcity-40-1-2-3-4-5-6-7-8-9-10-11-12-13-14-15-16-17-18-19-20-21-22-23-24 7 streets_per_node_count_3 -0.0005279589374975089 0.007511117400883679 -14.226707547533692
config.CONGESTION_TYPE, slugifiedstring, i, key, value[2], value[0], value[1] : NON-RECURRENT-MMM non-recurrent-mmm-newyorkcity-40-1-2-3-4-5-6-7-8-9-10-11-12-13-14-15-16-17-18-19-20-21-22-23-24 8 m -8.855458815450739e-05 0.0072356649300169855 -81.70852669307675
config.CONGESTION_TYPE, slugifiedstring, i, key, value[2], value[0], value[1] : NON-RECURRENT-MMM non-recurrent-mmm-newyorkcity-40-1-2-3-4-5-6-7-8-9-10-11-12-13-14-15-16-17-18-19-20-21-22-23-24 9 metered_count -0.0003241950383737811 0.019567421362679846 -60.356942724458236
config.CONGESTION_TYPE, slugifiedstring, i, key, value[2], value[0], value[1] : NON-RECURRENT-MMM non-recurrent-mmm-newyorkcity-40-1-2-3-4-5-6-7-8-9-10-11-12-13-14-15-16-17-18-19-20-21-22-23-24 10 n -0.00038644731383094907 0.005955934231525641 -15.412021298538662
config.CONGESTION_TYPE, slugifiedstring, i, key, value[2], value[0], value[1] : NON-RECURRENT-MMM non-recurrent-mmm-newyorkcity-40-1-2-3-4-5-6-7-8-9-10-11-12-13-14-15-16-17-18-19-20-21-22-23-24 11 mean_lanes -0.0006926064275827139 0.02176128110689596 -31.41940392156863
config.CONGESTION_TYPE, slugifiedstring, i, key, value[2], value[0], value[1] : NON-RECURRENT-MMM non-recurrent-mmm-newyorkcity-40-1-2-3-4-5-6-7-8-9-10-11-12-13-14-15-16-17-18-19-20-21-22-23-24 12 streets_per_node_count_1 0 0 0
config.CONGESTION_TYPE, slugifiedstring, i, key, value[2], value[0], value[1] : NON-RECURRENT-MMM non-recurrent-mmm-newyorkcity-40-1-2-3-4-5-6-7-8-9-10-11-12-13-14-15-16-17-18-19-20-21-22-23-24 13 streets_per_node_count_5 0.001007578997086093 0.017220705989883234 17.091172046743054
config.CONGESTION_TYPE, slugifiedstring, i, key, value[2], value[0], value[1] : NON-RECURRENT-MMM non-recurrent-mmm-newyorkcity-40-1-2-3-4-5-6-7-8-9-10-11-12-13-14-15-16-17-18-19-20-21-22-23-24 14 global_betweenness -0.0009178776071655484 0.022242390385521067 -24.232414225908258
config.CONGESTION_TYPE, slugifiedstring, i, key, value[2], value[0], value[1] : NON-RECURRENT-MMM non-recurrent-mmm-newyorkcity-40-1-2-3-4-5-6-7-8-9-10-11-12-13-14-15-16-17-18-19-20-21-22-23-24 15 streets_per_node_count_4 0 0 0
config.CONGESTION_TYPE, slugifiedstring, i, key, value[2], value[0], value[1] : NON-RECURRENT-MMM non-recurrent-mmm-newyorkcity-40-1-2-3-4-5-6-7-8-9-10-11-12-13-14-15-16-17-18-19-20-21-22-23-24 16 streets_per_node_count_6 -0.00035155368200886345 0.012074347639872671 -34.34567253250458
SHAP Values for each feature:
Slug                           Feature Name         Mean Abs SHAP Value
SHAP-- non-recurrent-mmm-newyorkcity-40-1-2-3-4-5-6-7-8-9-10-11-12-13-14-15-16-17-18-19-20-21-22-23-24 streets_per_node_avg          0.0042
SHAP-- non-recurrent-mmm-newyorkcity-40-1-2-3-4-5-6-7-8-9-10-11-12-13-14-15-16-17-18-19-20-21-22-23-24 circuity_avg                  0.0009
SHAP-- non-recurrent-mmm-newyorkcity-40-1-2-3-4-5-6-7-8-9-10-11-12-13-14-15-16-17-18-19-20-21-22-23-24 k_avg                         0.0275
SHAP-- non-recurrent-mmm-newyorkcity-40-1-2-3-4-5-6-7-8-9-10-11-12-13-14-15-16-17-18-19-20-21-22-23-24 betweenness                   0.0053
SHAP-- non-recurrent-mmm-newyorkcity-40-1-2-3-4-5-6-7-8-9-10-11-12-13-14-15-16-17-18-19-20-21-22-23-24 streets_per_node_count_2          0.0033
SHAP-- non-recurrent-mmm-newyorkcity-40-1-2-3-4-5-6-7-8-9-10-11-12-13-14-15-16-17-18-19-20-21-22-23-24 total_crossings               0.0111
SHAP-- non-recurrent-mmm-newyorkcity-40-1-2-3-4-5-6-7-8-9-10-11-12-13-14-15-16-17-18-19-20-21-22-23-24 non_metered_count             0.0133
SHAP-- non-recurrent-mmm-newyorkcity-40-1-2-3-4-5-6-7-8-9-10-11-12-13-14-15-16-17-18-19-20-21-22-23-24 streets_per_node_count_3          0.0038
SHAP-- non-recurrent-mmm-newyorkcity-40-1-2-3-4-5-6-7-8-9-10-11-12-13-14-15-16-17-18-19-20-21-22-23-24 m                             0.0035
SHAP-- non-recurrent-mmm-newyorkcity-40-1-2-3-4-5-6-7-8-9-10-11-12-13-14-15-16-17-18-19-20-21-22-23-24 metered_count                 0.0095
SHAP-- non-recurrent-mmm-newyorkcity-40-1-2-3-4-5-6-7-8-9-10-11-12-13-14-15-16-17-18-19-20-21-22-23-24 n                             0.0031
SHAP-- non-recurrent-mmm-newyorkcity-40-1-2-3-4-5-6-7-8-9-10-11-12-13-14-15-16-17-18-19-20-21-22-23-24 mean_lanes                    0.0106
SHAP-- non-recurrent-mmm-newyorkcity-40-1-2-3-4-5-6-7-8-9-10-11-12-13-14-15-16-17-18-19-20-21-22-23-24 streets_per_node_count_1          0.0000
SHAP-- non-recurrent-mmm-newyorkcity-40-1-2-3-4-5-6-7-8-9-10-11-12-13-14-15-16-17-18-19-20-21-22-23-24 streets_per_node_count_5          0.0084
SHAP-- non-recurrent-mmm-newyorkcity-40-1-2-3-4-5-6-7-8-9-10-11-12-13-14-15-16-17-18-19-20-21-22-23-24 global_betweenness            0.0107
SHAP-- non-recurrent-mmm-newyorkcity-40-1-2-3-4-5-6-7-8-9-10-11-12-13-14-15-16-17-18-19-20-21-22-23-24 streets_per_node_count_4          0.0000
SHAP-- non-recurrent-mmm-newyorkcity-40-1-2-3-4-5-6-7-8-9-10-11-12-13-14-15-16-17-18-19-20-21-22-23-24 streets_per_node_count_6          0.0055
NON-RECURRENT-MMM NewYorkCity 40 LR 0.2976698711288931 XpVar
NON-RECURRENT-MMM NewYorkCity 40 RF 0.32117254764305914 XpVar
NON-RECURRENT-MMM NewYorkCity 40 GBM 0.19225564668972886 XpVar
NON-RECURRENT-MMM NewYorkCity 40 LLR -3.172065784643304e-17 XpVar
NON-RECURRENT-MMM NewYorkCity 40 RLR 0.29877221693583284 XpVar
NON-RECURRENT-MMM NewYorkCity 40 LR 0.01275977091401001 MSE
NON-RECURRENT-MMM NewYorkCity 40 RF 0.012240968033447753 MSE
NON-RECURRENT-MMM NewYorkCity 40 GBM 0.014460893947597827 MSE
NON-RECURRENT-MMM NewYorkCity 40 LLR 0.018000822941871292 MSE
NON-RECURRENT-MMM NewYorkCity 40 RLR 0.012745349913874554 MSE
NON-RECURRENT-MMM NewYorkCity 40 LR 0.28427112245025243 R2
NON-RECURRENT-MMM NewYorkCity 40 RF 0.3073021073306119 R2
NON-RECURRENT-MMM NewYorkCity 40 GBM 0.1782802559485543 R2
NON-RECURRENT-MMM NewYorkCity 40 LLR -0.01700506229289592 R2
NON-RECURRENT-MMM NewYorkCity 40 RLR 0.2851577414548344 R2
t_spatial, t_non_spatial, "seconds" : 1.6689300537109375e-06 544.1616768836975 seconds
sorted_percentage_nan_per_column : maxspeed                         33.948339
n                                 0.000000
lane_density                      0.000000
streets_per_node_proportion_6     0.000000
streets_per_node_count_6          0.000000
streets_per_node_proportion_5     0.000000
streets_per_node_count_5          0.000000
streets_per_node_proportion_4     0.000000
streets_per_node_count_4          0.000000
streets_per_node_proportion_3     0.000000
streets_per_node_count_3          0.000000
streets_per_node_proportion_2     0.000000
streets_per_node_count_2          0.000000
streets_per_node_proportion_1     0.000000
streets_per_node_count_1          0.000000
mean_lanes                        0.000000
m                                 0.000000
betweenness                       0.000000
total_crossings                   0.000000
non_metered_count                 0.000000
metered_count                     0.000000
self_loop_proportion              0.000000
circuity_avg                      0.000000
street_length_avg                 0.000000
street_segment_count              0.000000
street_length_total               0.000000
streets_per_node_avg              0.000000
edge_length_avg                   0.000000
edge_length_total                 0.000000
k_avg                             0.000000
global_betweenness                0.000000
dtype: float64
city, scale, tod, config.shift_tile_marker, X.shape, Y.shape : NewYorkCity 60 [1, 2, 3, 4, 5, 6, 7, 8, 9, 10, 11, 12, 13, 14, 15, 16, 17, 18, 19, 20, 21, 22, 23, 24] 3 (2168, 17) (2168,)
X.shape, Y.shape, "Inside the model-fitting function" : (2168, 17) (2168,) Inside the model-fitting function
Dict: model_trials.best_params_
Key: Value
{'randomforestregressor__max_depth': 10,
 'randomforestregressor__max_features': 'sqrt',
 'randomforestregressor__n_estimators': 1000}
Dict: model_trials.best_params_
Key: Value
{'xgbregressor__learning_rate': 0.01,
 'xgbregressor__max_depth': 10,
 'xgbregressor__n_estimators': 100}
config.CONGESTION_TYPE, slugifiedstring, i, key, value[2], value[0], value[1] : NON-RECURRENT-MMM non-recurrent-mmm-newyorkcity-60-1-2-3-4-5-6-7-8-9-10-11-12-13-14-15-16-17-18-19-20-21-22-23-24 0 streets_per_node_avg -0.00044643445590775003 0.0050489559249867035 -11.309512198650737
config.CONGESTION_TYPE, slugifiedstring, i, key, value[2], value[0], value[1] : NON-RECURRENT-MMM non-recurrent-mmm-newyorkcity-60-1-2-3-4-5-6-7-8-9-10-11-12-13-14-15-16-17-18-19-20-21-22-23-24 1 circuity_avg 3.490439352991878e-05 0.0010413012482371508 29.832956339567545
config.CONGESTION_TYPE, slugifiedstring, i, key, value[2], value[0], value[1] : NON-RECURRENT-MMM non-recurrent-mmm-newyorkcity-60-1-2-3-4-5-6-7-8-9-10-11-12-13-14-15-16-17-18-19-20-21-22-23-24 2 k_avg -0.001058379001358857 0.05145618169125139 -48.61791629008758
config.CONGESTION_TYPE, slugifiedstring, i, key, value[2], value[0], value[1] : NON-RECURRENT-MMM non-recurrent-mmm-newyorkcity-60-1-2-3-4-5-6-7-8-9-10-11-12-13-14-15-16-17-18-19-20-21-22-23-24 3 betweenness 0.00014631140574701714 0.015442873021869823 105.54797791070132
config.CONGESTION_TYPE, slugifiedstring, i, key, value[2], value[0], value[1] : NON-RECURRENT-MMM non-recurrent-mmm-newyorkcity-60-1-2-3-4-5-6-7-8-9-10-11-12-13-14-15-16-17-18-19-20-21-22-23-24 4 streets_per_node_count_2 5.427249529584259e-05 0.006108515840858463 112.55269925513062
config.CONGESTION_TYPE, slugifiedstring, i, key, value[2], value[0], value[1] : NON-RECURRENT-MMM non-recurrent-mmm-newyorkcity-60-1-2-3-4-5-6-7-8-9-10-11-12-13-14-15-16-17-18-19-20-21-22-23-24 5 total_crossings -8.515065010323205e-05 0.024172129681757804 -283.8748694514113
config.CONGESTION_TYPE, slugifiedstring, i, key, value[2], value[0], value[1] : NON-RECURRENT-MMM non-recurrent-mmm-newyorkcity-60-1-2-3-4-5-6-7-8-9-10-11-12-13-14-15-16-17-18-19-20-21-22-23-24 6 non_metered_count -9.06119602730587e-05 0.02383715405908158 -263.06851752515263
config.CONGESTION_TYPE, slugifiedstring, i, key, value[2], value[0], value[1] : NON-RECURRENT-MMM non-recurrent-mmm-newyorkcity-60-1-2-3-4-5-6-7-8-9-10-11-12-13-14-15-16-17-18-19-20-21-22-23-24 7 streets_per_node_count_3 -7.77315039481288e-05 0.004052753045533964 -52.13784424187156
config.CONGESTION_TYPE, slugifiedstring, i, key, value[2], value[0], value[1] : NON-RECURRENT-MMM non-recurrent-mmm-newyorkcity-60-1-2-3-4-5-6-7-8-9-10-11-12-13-14-15-16-17-18-19-20-21-22-23-24 8 m -3.1489718325107813e-05 0.009190032254222207 -291.8423137146541
config.CONGESTION_TYPE, slugifiedstring, i, key, value[2], value[0], value[1] : NON-RECURRENT-MMM non-recurrent-mmm-newyorkcity-60-1-2-3-4-5-6-7-8-9-10-11-12-13-14-15-16-17-18-19-20-21-22-23-24 9 metered_count -0.0001376279235463183 0.01880060735280363 -136.60459933100958
config.CONGESTION_TYPE, slugifiedstring, i, key, value[2], value[0], value[1] : NON-RECURRENT-MMM non-recurrent-mmm-newyorkcity-60-1-2-3-4-5-6-7-8-9-10-11-12-13-14-15-16-17-18-19-20-21-22-23-24 10 n 0.00040240329224218175 0.005100318706271157 12.674644578209836
config.CONGESTION_TYPE, slugifiedstring, i, key, value[2], value[0], value[1] : NON-RECURRENT-MMM non-recurrent-mmm-newyorkcity-60-1-2-3-4-5-6-7-8-9-10-11-12-13-14-15-16-17-18-19-20-21-22-23-24 11 mean_lanes -0.0003246376430684442 0.03739207250724765 -115.18095114855237
config.CONGESTION_TYPE, slugifiedstring, i, key, value[2], value[0], value[1] : NON-RECURRENT-MMM non-recurrent-mmm-newyorkcity-60-1-2-3-4-5-6-7-8-9-10-11-12-13-14-15-16-17-18-19-20-21-22-23-24 12 streets_per_node_count_1 0 0 0
config.CONGESTION_TYPE, slugifiedstring, i, key, value[2], value[0], value[1] : NON-RECURRENT-MMM non-recurrent-mmm-newyorkcity-60-1-2-3-4-5-6-7-8-9-10-11-12-13-14-15-16-17-18-19-20-21-22-23-24 13 streets_per_node_count_5 0.0001903755954039122 0.020731947373461786 108.9002365533022
config.CONGESTION_TYPE, slugifiedstring, i, key, value[2], value[0], value[1] : NON-RECURRENT-MMM non-recurrent-mmm-newyorkcity-60-1-2-3-4-5-6-7-8-9-10-11-12-13-14-15-16-17-18-19-20-21-22-23-24 14 global_betweenness -0.001536587366630805 0.025621438923002737 -16.674248063864752
config.CONGESTION_TYPE, slugifiedstring, i, key, value[2], value[0], value[1] : NON-RECURRENT-MMM non-recurrent-mmm-newyorkcity-60-1-2-3-4-5-6-7-8-9-10-11-12-13-14-15-16-17-18-19-20-21-22-23-24 15 streets_per_node_count_4 0 0 0
config.CONGESTION_TYPE, slugifiedstring, i, key, value[2], value[0], value[1] : NON-RECURRENT-MMM non-recurrent-mmm-newyorkcity-60-1-2-3-4-5-6-7-8-9-10-11-12-13-14-15-16-17-18-19-20-21-22-23-24 16 streets_per_node_count_6 0.00019844945935158423 0.0034615322047898086 17.44289057828655
SHAP Values for each feature:
Slug                           Feature Name         Mean Abs SHAP Value
SHAP-- non-recurrent-mmm-newyorkcity-60-1-2-3-4-5-6-7-8-9-10-11-12-13-14-15-16-17-18-19-20-21-22-23-24 streets_per_node_avg          0.0025
SHAP-- non-recurrent-mmm-newyorkcity-60-1-2-3-4-5-6-7-8-9-10-11-12-13-14-15-16-17-18-19-20-21-22-23-24 circuity_avg                  0.0005
SHAP-- non-recurrent-mmm-newyorkcity-60-1-2-3-4-5-6-7-8-9-10-11-12-13-14-15-16-17-18-19-20-21-22-23-24 k_avg                         0.0247
SHAP-- non-recurrent-mmm-newyorkcity-60-1-2-3-4-5-6-7-8-9-10-11-12-13-14-15-16-17-18-19-20-21-22-23-24 betweenness                   0.0074
SHAP-- non-recurrent-mmm-newyorkcity-60-1-2-3-4-5-6-7-8-9-10-11-12-13-14-15-16-17-18-19-20-21-22-23-24 streets_per_node_count_2          0.0030
SHAP-- non-recurrent-mmm-newyorkcity-60-1-2-3-4-5-6-7-8-9-10-11-12-13-14-15-16-17-18-19-20-21-22-23-24 total_crossings               0.0118
SHAP-- non-recurrent-mmm-newyorkcity-60-1-2-3-4-5-6-7-8-9-10-11-12-13-14-15-16-17-18-19-20-21-22-23-24 non_metered_count             0.0118
SHAP-- non-recurrent-mmm-newyorkcity-60-1-2-3-4-5-6-7-8-9-10-11-12-13-14-15-16-17-18-19-20-21-22-23-24 streets_per_node_count_3          0.0020
SHAP-- non-recurrent-mmm-newyorkcity-60-1-2-3-4-5-6-7-8-9-10-11-12-13-14-15-16-17-18-19-20-21-22-23-24 m                             0.0038
SHAP-- non-recurrent-mmm-newyorkcity-60-1-2-3-4-5-6-7-8-9-10-11-12-13-14-15-16-17-18-19-20-21-22-23-24 metered_count                 0.0090
SHAP-- non-recurrent-mmm-newyorkcity-60-1-2-3-4-5-6-7-8-9-10-11-12-13-14-15-16-17-18-19-20-21-22-23-24 n                             0.0025
SHAP-- non-recurrent-mmm-newyorkcity-60-1-2-3-4-5-6-7-8-9-10-11-12-13-14-15-16-17-18-19-20-21-22-23-24 mean_lanes                    0.0147
SHAP-- non-recurrent-mmm-newyorkcity-60-1-2-3-4-5-6-7-8-9-10-11-12-13-14-15-16-17-18-19-20-21-22-23-24 streets_per_node_count_1          0.0000
SHAP-- non-recurrent-mmm-newyorkcity-60-1-2-3-4-5-6-7-8-9-10-11-12-13-14-15-16-17-18-19-20-21-22-23-24 streets_per_node_count_5          0.0102
SHAP-- non-recurrent-mmm-newyorkcity-60-1-2-3-4-5-6-7-8-9-10-11-12-13-14-15-16-17-18-19-20-21-22-23-24 global_betweenness            0.0108
SHAP-- non-recurrent-mmm-newyorkcity-60-1-2-3-4-5-6-7-8-9-10-11-12-13-14-15-16-17-18-19-20-21-22-23-24 streets_per_node_count_4          0.0000
SHAP-- non-recurrent-mmm-newyorkcity-60-1-2-3-4-5-6-7-8-9-10-11-12-13-14-15-16-17-18-19-20-21-22-23-24 streets_per_node_count_6          0.0017
NON-RECURRENT-MMM NewYorkCity 60 LR 0.2979808372544462 XpVar
NON-RECURRENT-MMM NewYorkCity 60 RF 0.3685951179275664 XpVar
NON-RECURRENT-MMM NewYorkCity 60 GBM 0.29286683656093837 XpVar
NON-RECURRENT-MMM NewYorkCity 60 LLR -6.344131569286608e-17 XpVar
NON-RECURRENT-MMM NewYorkCity 60 RLR 0.29797960526226724 XpVar
NON-RECURRENT-MMM NewYorkCity 60 LR 0.013898065642550504 MSE
NON-RECURRENT-MMM NewYorkCity 60 RF 0.012531852583401228 MSE
NON-RECURRENT-MMM NewYorkCity 60 GBM 0.014057996136748258 MSE
NON-RECURRENT-MMM NewYorkCity 60 LLR 0.019797010170751923 MSE
NON-RECURRENT-MMM NewYorkCity 60 RLR 0.013897924175152116 MSE
NON-RECURRENT-MMM NewYorkCity 60 LR 0.2950361625259329 R2
NON-RECURRENT-MMM NewYorkCity 60 RF 0.3656480076386824 R2
NON-RECURRENT-MMM NewYorkCity 60 GBM 0.28929418024504366 R2
NON-RECURRENT-MMM NewYorkCity 60 LLR -0.0059500788331145705 R2
NON-RECURRENT-MMM NewYorkCity 60 RLR 0.2950217073753266 R2
t_spatial, t_non_spatial, "seconds" : 1.430511474609375e-06 1076.0740857124329 seconds

 Complete: python urbanscales/modelling/SHAP_analysis.py

