Loaded config file: Prefix for name of road network object pickle file!
os.getcwd() : /home/niskumar/WCS/urbanscales/modelling
sorted_percentage_nan_per_column : maxspeed                         37.464689
n                                 0.000000
lane_density                      0.000000
streets_per_node_proportion_6     0.000000
streets_per_node_count_6          0.000000
streets_per_node_proportion_5     0.000000
streets_per_node_count_5          0.000000
streets_per_node_proportion_4     0.000000
streets_per_node_count_4          0.000000
streets_per_node_proportion_3     0.000000
streets_per_node_count_3          0.000000
streets_per_node_proportion_2     0.000000
streets_per_node_count_2          0.000000
streets_per_node_proportion_1     0.000000
streets_per_node_count_1          0.000000
mean_lanes                        0.000000
m                                 0.000000
betweenness                       0.000000
total_crossings                   0.000000
non_metered_count                 0.000000
metered_count                     0.000000
self_loop_proportion              0.000000
circuity_avg                      0.000000
street_length_avg                 0.000000
street_segment_count              0.000000
street_length_total               0.000000
streets_per_node_avg              0.000000
edge_length_avg                   0.000000
edge_length_total                 0.000000
k_avg                             0.000000
global_betweenness                0.000000
dtype: float64
city, scale, tod, config.shift_tile_marker, X.shape, Y.shape : NewYorkCity 70 [1, 2, 3, 4, 5, 6, 7, 8, 9, 10, 11, 12, 13, 14, 15, 16, 17, 18, 19, 20, 21, 22, 23, 24] 3 (2832, 17) (2832,)
X.shape, Y.shape, "Inside the model-fitting function" : (2832, 17) (2832,) Inside the model-fitting function
Dict: model_trials.best_params_
Key: Value
{'randomforestregressor__max_depth': 10,
 'randomforestregressor__max_features': 'sqrt',
 'randomforestregressor__n_estimators': 100}
Dict: model_trials.best_params_
Key: Value
{'xgbregressor__learning_rate': 0.001,
 'xgbregressor__max_depth': 10,
 'xgbregressor__n_estimators': 1000}
config.CONGESTION_TYPE, slugifiedstring, i, key, value[2], value[0], value[1] : NON-RECURRENT-MMM non-recurrent-mmm-newyorkcity-70-1-2-3-4-5-6-7-8-9-10-11-12-13-14-15-16-17-18-19-20-21-22-23-24 0 circuity_avg 0.00043255027294596777 0.00190923158287308 4.4138952216349026
config.CONGESTION_TYPE, slugifiedstring, i, key, value[2], value[0], value[1] : NON-RECURRENT-MMM non-recurrent-mmm-newyorkcity-70-1-2-3-4-5-6-7-8-9-10-11-12-13-14-15-16-17-18-19-20-21-22-23-24 1 streets_per_node_avg -0.0006620459483424569 0.00691677075529346 -10.447569043524481
config.CONGESTION_TYPE, slugifiedstring, i, key, value[2], value[0], value[1] : NON-RECURRENT-MMM non-recurrent-mmm-newyorkcity-70-1-2-3-4-5-6-7-8-9-10-11-12-13-14-15-16-17-18-19-20-21-22-23-24 2 streets_per_node_count_2 9.581995194341567e-05 0.0054516001447559945 56.89420662593648
config.CONGESTION_TYPE, slugifiedstring, i, key, value[2], value[0], value[1] : NON-RECURRENT-MMM non-recurrent-mmm-newyorkcity-70-1-2-3-4-5-6-7-8-9-10-11-12-13-14-15-16-17-18-19-20-21-22-23-24 3 n -0.0002498381773611346 0.005437558782521385 -21.764322970790545
config.CONGESTION_TYPE, slugifiedstring, i, key, value[2], value[0], value[1] : NON-RECURRENT-MMM non-recurrent-mmm-newyorkcity-70-1-2-3-4-5-6-7-8-9-10-11-12-13-14-15-16-17-18-19-20-21-22-23-24 4 total_crossings -5.941462504915805e-05 0.022229468858173257 -374.1413640123319
config.CONGESTION_TYPE, slugifiedstring, i, key, value[2], value[0], value[1] : NON-RECURRENT-MMM non-recurrent-mmm-newyorkcity-70-1-2-3-4-5-6-7-8-9-10-11-12-13-14-15-16-17-18-19-20-21-22-23-24 5 streets_per_node_count_5 0.0001800400088396234 0.024343169810351138 135.2097790221485
config.CONGESTION_TYPE, slugifiedstring, i, key, value[2], value[0], value[1] : NON-RECURRENT-MMM non-recurrent-mmm-newyorkcity-70-1-2-3-4-5-6-7-8-9-10-11-12-13-14-15-16-17-18-19-20-21-22-23-24 6 streets_per_node_count_6 -5.250378413709563e-05 0.005361089518058171 -102.10863095238096
config.CONGESTION_TYPE, slugifiedstring, i, key, value[2], value[0], value[1] : NON-RECURRENT-MMM non-recurrent-mmm-newyorkcity-70-1-2-3-4-5-6-7-8-9-10-11-12-13-14-15-16-17-18-19-20-21-22-23-24 7 global_betweenness -0.0021389936391244405 0.026249200701634733 -12.271752576309382
config.CONGESTION_TYPE, slugifiedstring, i, key, value[2], value[0], value[1] : NON-RECURRENT-MMM non-recurrent-mmm-newyorkcity-70-1-2-3-4-5-6-7-8-9-10-11-12-13-14-15-16-17-18-19-20-21-22-23-24 8 betweenness 0.00010076691674182663 0.011233872018102888 111.48373277000246
config.CONGESTION_TYPE, slugifiedstring, i, key, value[2], value[0], value[1] : NON-RECURRENT-MMM non-recurrent-mmm-newyorkcity-70-1-2-3-4-5-6-7-8-9-10-11-12-13-14-15-16-17-18-19-20-21-22-23-24 9 streets_per_node_count_3 0.0001163797582448305 0.004202649262601694 36.111513943520094
config.CONGESTION_TYPE, slugifiedstring, i, key, value[2], value[0], value[1] : NON-RECURRENT-MMM non-recurrent-mmm-newyorkcity-70-1-2-3-4-5-6-7-8-9-10-11-12-13-14-15-16-17-18-19-20-21-22-23-24 10 m -2.6348727275819753e-05 0.006810107700440447 -258.4605939084613
config.CONGESTION_TYPE, slugifiedstring, i, key, value[2], value[0], value[1] : NON-RECURRENT-MMM non-recurrent-mmm-newyorkcity-70-1-2-3-4-5-6-7-8-9-10-11-12-13-14-15-16-17-18-19-20-21-22-23-24 11 streets_per_node_count_1 0 0 0
config.CONGESTION_TYPE, slugifiedstring, i, key, value[2], value[0], value[1] : NON-RECURRENT-MMM non-recurrent-mmm-newyorkcity-70-1-2-3-4-5-6-7-8-9-10-11-12-13-14-15-16-17-18-19-20-21-22-23-24 12 metered_count -0.00010706596118379578 0.021063784247302673 -196.73651657732125
config.CONGESTION_TYPE, slugifiedstring, i, key, value[2], value[0], value[1] : NON-RECURRENT-MMM non-recurrent-mmm-newyorkcity-70-1-2-3-4-5-6-7-8-9-10-11-12-13-14-15-16-17-18-19-20-21-22-23-24 13 k_avg -0.0008944570782877693 0.04928710763181474 -55.102820278602394
config.CONGESTION_TYPE, slugifiedstring, i, key, value[2], value[0], value[1] : NON-RECURRENT-MMM non-recurrent-mmm-newyorkcity-70-1-2-3-4-5-6-7-8-9-10-11-12-13-14-15-16-17-18-19-20-21-22-23-24 14 non_metered_count -6.278729331216855e-05 0.021054441705098025 -335.3296597835274
config.CONGESTION_TYPE, slugifiedstring, i, key, value[2], value[0], value[1] : NON-RECURRENT-MMM non-recurrent-mmm-newyorkcity-70-1-2-3-4-5-6-7-8-9-10-11-12-13-14-15-16-17-18-19-20-21-22-23-24 15 streets_per_node_count_4 0 0 0
config.CONGESTION_TYPE, slugifiedstring, i, key, value[2], value[0], value[1] : NON-RECURRENT-MMM non-recurrent-mmm-newyorkcity-70-1-2-3-4-5-6-7-8-9-10-11-12-13-14-15-16-17-18-19-20-21-22-23-24 16 mean_lanes -0.00030424936351113773 0.035936485223364276 -118.11523550499965
SHAP Values for each feature:
Slug                           Feature Name         Mean Abs SHAP Value
SHAP-- non-recurrent-mmm-newyorkcity-70-1-2-3-4-5-6-7-8-9-10-11-12-13-14-15-16-17-18-19-20-21-22-23-24 circuity_avg                  0.0007
SHAP-- non-recurrent-mmm-newyorkcity-70-1-2-3-4-5-6-7-8-9-10-11-12-13-14-15-16-17-18-19-20-21-22-23-24 streets_per_node_avg          0.0029
SHAP-- non-recurrent-mmm-newyorkcity-70-1-2-3-4-5-6-7-8-9-10-11-12-13-14-15-16-17-18-19-20-21-22-23-24 streets_per_node_count_2          0.0026
SHAP-- non-recurrent-mmm-newyorkcity-70-1-2-3-4-5-6-7-8-9-10-11-12-13-14-15-16-17-18-19-20-21-22-23-24 n                             0.0027
SHAP-- non-recurrent-mmm-newyorkcity-70-1-2-3-4-5-6-7-8-9-10-11-12-13-14-15-16-17-18-19-20-21-22-23-24 total_crossings               0.0107
SHAP-- non-recurrent-mmm-newyorkcity-70-1-2-3-4-5-6-7-8-9-10-11-12-13-14-15-16-17-18-19-20-21-22-23-24 streets_per_node_count_5          0.0120
SHAP-- non-recurrent-mmm-newyorkcity-70-1-2-3-4-5-6-7-8-9-10-11-12-13-14-15-16-17-18-19-20-21-22-23-24 streets_per_node_count_6          0.0026
SHAP-- non-recurrent-mmm-newyorkcity-70-1-2-3-4-5-6-7-8-9-10-11-12-13-14-15-16-17-18-19-20-21-22-23-24 global_betweenness            0.0109
SHAP-- non-recurrent-mmm-newyorkcity-70-1-2-3-4-5-6-7-8-9-10-11-12-13-14-15-16-17-18-19-20-21-22-23-24 betweenness                   0.0053
SHAP-- non-recurrent-mmm-newyorkcity-70-1-2-3-4-5-6-7-8-9-10-11-12-13-14-15-16-17-18-19-20-21-22-23-24 streets_per_node_count_3          0.0020
SHAP-- non-recurrent-mmm-newyorkcity-70-1-2-3-4-5-6-7-8-9-10-11-12-13-14-15-16-17-18-19-20-21-22-23-24 m                             0.0031
SHAP-- non-recurrent-mmm-newyorkcity-70-1-2-3-4-5-6-7-8-9-10-11-12-13-14-15-16-17-18-19-20-21-22-23-24 streets_per_node_count_1          0.0000
SHAP-- non-recurrent-mmm-newyorkcity-70-1-2-3-4-5-6-7-8-9-10-11-12-13-14-15-16-17-18-19-20-21-22-23-24 metered_count                 0.0087
SHAP-- non-recurrent-mmm-newyorkcity-70-1-2-3-4-5-6-7-8-9-10-11-12-13-14-15-16-17-18-19-20-21-22-23-24 k_avg                         0.0242
SHAP-- non-recurrent-mmm-newyorkcity-70-1-2-3-4-5-6-7-8-9-10-11-12-13-14-15-16-17-18-19-20-21-22-23-24 non_metered_count             0.0101
SHAP-- non-recurrent-mmm-newyorkcity-70-1-2-3-4-5-6-7-8-9-10-11-12-13-14-15-16-17-18-19-20-21-22-23-24 streets_per_node_count_4          0.0000
SHAP-- non-recurrent-mmm-newyorkcity-70-1-2-3-4-5-6-7-8-9-10-11-12-13-14-15-16-17-18-19-20-21-22-23-24 mean_lanes                    0.0157
NON-RECURRENT-MMM NewYorkCity 70 LR 0.2792205314504819 XpVar
NON-RECURRENT-MMM NewYorkCity 70 RF 0.2938285055547419 XpVar
NON-RECURRENT-MMM NewYorkCity 70 GBM 0.21855644295674326 XpVar
NON-RECURRENT-MMM NewYorkCity 70 LLR -3.172065784643304e-17 XpVar
NON-RECURRENT-MMM NewYorkCity 70 RLR 0.2791023125826431 XpVar
NON-RECURRENT-MMM NewYorkCity 70 LR 0.015432262755567971 MSE
NON-RECURRENT-MMM NewYorkCity 70 RF 0.01508789712053658 MSE
NON-RECURRENT-MMM NewYorkCity 70 GBM 0.01667814395290088 MSE
NON-RECURRENT-MMM NewYorkCity 70 LLR 0.02121078820987863 MSE
NON-RECURRENT-MMM NewYorkCity 70 RLR 0.015434953655789714 MSE
NON-RECURRENT-MMM NewYorkCity 70 LR 0.2769525137858576 R2
NON-RECURRENT-MMM NewYorkCity 70 RF 0.29236351101079583 R2
NON-RECURRENT-MMM NewYorkCity 70 GBM 0.21720312288016658 R2
NON-RECURRENT-MMM NewYorkCity 70 LLR -0.0009468920460291574 R2
NON-RECURRENT-MMM NewYorkCity 70 RLR 0.2768562288477588 R2
t_spatial, t_non_spatial, "seconds" : 1.430511474609375e-06 1128.6267702579498 seconds
sorted_percentage_nan_per_column : maxspeed                         40.465632
n                                 0.000000
lane_density                      0.000000
streets_per_node_proportion_6     0.000000
streets_per_node_count_6          0.000000
streets_per_node_proportion_5     0.000000
streets_per_node_count_5          0.000000
streets_per_node_proportion_4     0.000000
streets_per_node_count_4          0.000000
streets_per_node_proportion_3     0.000000
streets_per_node_count_3          0.000000
streets_per_node_proportion_2     0.000000
streets_per_node_count_2          0.000000
streets_per_node_proportion_1     0.000000
streets_per_node_count_1          0.000000
mean_lanes                        0.000000
m                                 0.000000
betweenness                       0.000000
total_crossings                   0.000000
non_metered_count                 0.000000
metered_count                     0.000000
self_loop_proportion              0.000000
circuity_avg                      0.000000
street_length_avg                 0.000000
street_segment_count              0.000000
street_length_total               0.000000
streets_per_node_avg              0.000000
edge_length_avg                   0.000000
edge_length_total                 0.000000
k_avg                             0.000000
global_betweenness                0.000000
dtype: float64
city, scale, tod, config.shift_tile_marker, X.shape, Y.shape : NewYorkCity 80 [1, 2, 3, 4, 5, 6, 7, 8, 9, 10, 11, 12, 13, 14, 15, 16, 17, 18, 19, 20, 21, 22, 23, 24] 3 (3608, 17) (3608,)
X.shape, Y.shape, "Inside the model-fitting function" : (3608, 17) (3608,) Inside the model-fitting function
Dict: model_trials.best_params_
Key: Value
{'randomforestregressor__max_depth': 10,
 'randomforestregressor__max_features': 'sqrt',
 'randomforestregressor__n_estimators': 500}
Dict: model_trials.best_params_
Key: Value
{'xgbregressor__learning_rate': 0.001,
 'xgbregressor__max_depth': 10,
 'xgbregressor__n_estimators': 1000}
config.CONGESTION_TYPE, slugifiedstring, i, key, value[2], value[0], value[1] : NON-RECURRENT-MMM non-recurrent-mmm-newyorkcity-80-1-2-3-4-5-6-7-8-9-10-11-12-13-14-15-16-17-18-19-20-21-22-23-24 0 circuity_avg -4.0307804944329086e-05 0.003006843515118026 -74.59705432411693
config.CONGESTION_TYPE, slugifiedstring, i, key, value[2], value[0], value[1] : NON-RECURRENT-MMM non-recurrent-mmm-newyorkcity-80-1-2-3-4-5-6-7-8-9-10-11-12-13-14-15-16-17-18-19-20-21-22-23-24 1 streets_per_node_avg 8.193023984494608e-05 0.005609115129077432 68.46208603432319
config.CONGESTION_TYPE, slugifiedstring, i, key, value[2], value[0], value[1] : NON-RECURRENT-MMM non-recurrent-mmm-newyorkcity-80-1-2-3-4-5-6-7-8-9-10-11-12-13-14-15-16-17-18-19-20-21-22-23-24 2 streets_per_node_count_2 2.4066127426918714e-05 0.004445358156109705 184.714311415863
config.CONGESTION_TYPE, slugifiedstring, i, key, value[2], value[0], value[1] : NON-RECURRENT-MMM non-recurrent-mmm-newyorkcity-80-1-2-3-4-5-6-7-8-9-10-11-12-13-14-15-16-17-18-19-20-21-22-23-24 3 n -0.00010186132339707456 0.0030930919497825613 -30.36571533363167
config.CONGESTION_TYPE, slugifiedstring, i, key, value[2], value[0], value[1] : NON-RECURRENT-MMM non-recurrent-mmm-newyorkcity-80-1-2-3-4-5-6-7-8-9-10-11-12-13-14-15-16-17-18-19-20-21-22-23-24 4 total_crossings -4.927395003045786e-05 0.023038906638190446 -467.5676828009391
config.CONGESTION_TYPE, slugifiedstring, i, key, value[2], value[0], value[1] : NON-RECURRENT-MMM non-recurrent-mmm-newyorkcity-80-1-2-3-4-5-6-7-8-9-10-11-12-13-14-15-16-17-18-19-20-21-22-23-24 5 streets_per_node_count_5 0.00015891346521911437 0.016762112203246624 105.47949590133567
config.CONGESTION_TYPE, slugifiedstring, i, key, value[2], value[0], value[1] : NON-RECURRENT-MMM non-recurrent-mmm-newyorkcity-80-1-2-3-4-5-6-7-8-9-10-11-12-13-14-15-16-17-18-19-20-21-22-23-24 6 streets_per_node_count_6 -9.524540054276543e-05 0.004457153913105336 -46.79652652732625
config.CONGESTION_TYPE, slugifiedstring, i, key, value[2], value[0], value[1] : NON-RECURRENT-MMM non-recurrent-mmm-newyorkcity-80-1-2-3-4-5-6-7-8-9-10-11-12-13-14-15-16-17-18-19-20-21-22-23-24 7 global_betweenness -0.0004357607933813026 0.02530923503975316 -58.080569487138064
config.CONGESTION_TYPE, slugifiedstring, i, key, value[2], value[0], value[1] : NON-RECURRENT-MMM non-recurrent-mmm-newyorkcity-80-1-2-3-4-5-6-7-8-9-10-11-12-13-14-15-16-17-18-19-20-21-22-23-24 8 betweenness 8.67796386659397e-05 0.01731104031649251 199.48274252594865
config.CONGESTION_TYPE, slugifiedstring, i, key, value[2], value[0], value[1] : NON-RECURRENT-MMM non-recurrent-mmm-newyorkcity-80-1-2-3-4-5-6-7-8-9-10-11-12-13-14-15-16-17-18-19-20-21-22-23-24 9 streets_per_node_count_3 -5.738343924966008e-05 0.0032415112280778854 -56.48861885002975
config.CONGESTION_TYPE, slugifiedstring, i, key, value[2], value[0], value[1] : NON-RECURRENT-MMM non-recurrent-mmm-newyorkcity-80-1-2-3-4-5-6-7-8-9-10-11-12-13-14-15-16-17-18-19-20-21-22-23-24 10 m -1.9039584871235537e-05 0.005980651404283992 -314.1166913423301
config.CONGESTION_TYPE, slugifiedstring, i, key, value[2], value[0], value[1] : NON-RECURRENT-MMM non-recurrent-mmm-newyorkcity-80-1-2-3-4-5-6-7-8-9-10-11-12-13-14-15-16-17-18-19-20-21-22-23-24 11 streets_per_node_count_1 0 0 0
config.CONGESTION_TYPE, slugifiedstring, i, key, value[2], value[0], value[1] : NON-RECURRENT-MMM non-recurrent-mmm-newyorkcity-80-1-2-3-4-5-6-7-8-9-10-11-12-13-14-15-16-17-18-19-20-21-22-23-24 12 metered_count -0.00010832541631719649 0.024478618513405166 -225.97299272524674
config.CONGESTION_TYPE, slugifiedstring, i, key, value[2], value[0], value[1] : NON-RECURRENT-MMM non-recurrent-mmm-newyorkcity-80-1-2-3-4-5-6-7-8-9-10-11-12-13-14-15-16-17-18-19-20-21-22-23-24 13 k_avg -0.0007128049826034535 0.05135627974298691 -72.04814920823492
config.CONGESTION_TYPE, slugifiedstring, i, key, value[2], value[0], value[1] : NON-RECURRENT-MMM non-recurrent-mmm-newyorkcity-80-1-2-3-4-5-6-7-8-9-10-11-12-13-14-15-16-17-18-19-20-21-22-23-24 14 non_metered_count -4.3312228295146e-05 0.021651986182238882 -499.90469284318533
config.CONGESTION_TYPE, slugifiedstring, i, key, value[2], value[0], value[1] : NON-RECURRENT-MMM non-recurrent-mmm-newyorkcity-80-1-2-3-4-5-6-7-8-9-10-11-12-13-14-15-16-17-18-19-20-21-22-23-24 15 streets_per_node_count_4 0 0 0
config.CONGESTION_TYPE, slugifiedstring, i, key, value[2], value[0], value[1] : NON-RECURRENT-MMM non-recurrent-mmm-newyorkcity-80-1-2-3-4-5-6-7-8-9-10-11-12-13-14-15-16-17-18-19-20-21-22-23-24 16 mean_lanes -0.0002966097159041079 0.03477046285819984 -117.22631118881122
SHAP Values for each feature:
Slug                           Feature Name         Mean Abs SHAP Value
SHAP-- non-recurrent-mmm-newyorkcity-80-1-2-3-4-5-6-7-8-9-10-11-12-13-14-15-16-17-18-19-20-21-22-23-24 circuity_avg                  0.0009
SHAP-- non-recurrent-mmm-newyorkcity-80-1-2-3-4-5-6-7-8-9-10-11-12-13-14-15-16-17-18-19-20-21-22-23-24 streets_per_node_avg          0.0028
SHAP-- non-recurrent-mmm-newyorkcity-80-1-2-3-4-5-6-7-8-9-10-11-12-13-14-15-16-17-18-19-20-21-22-23-24 streets_per_node_count_2          0.0022
SHAP-- non-recurrent-mmm-newyorkcity-80-1-2-3-4-5-6-7-8-9-10-11-12-13-14-15-16-17-18-19-20-21-22-23-24 n                             0.0016
SHAP-- non-recurrent-mmm-newyorkcity-80-1-2-3-4-5-6-7-8-9-10-11-12-13-14-15-16-17-18-19-20-21-22-23-24 total_crossings               0.0110
SHAP-- non-recurrent-mmm-newyorkcity-80-1-2-3-4-5-6-7-8-9-10-11-12-13-14-15-16-17-18-19-20-21-22-23-24 streets_per_node_count_5          0.0078
SHAP-- non-recurrent-mmm-newyorkcity-80-1-2-3-4-5-6-7-8-9-10-11-12-13-14-15-16-17-18-19-20-21-22-23-24 streets_per_node_count_6          0.0022
SHAP-- non-recurrent-mmm-newyorkcity-80-1-2-3-4-5-6-7-8-9-10-11-12-13-14-15-16-17-18-19-20-21-22-23-24 global_betweenness            0.0101
SHAP-- non-recurrent-mmm-newyorkcity-80-1-2-3-4-5-6-7-8-9-10-11-12-13-14-15-16-17-18-19-20-21-22-23-24 betweenness                   0.0084
SHAP-- non-recurrent-mmm-newyorkcity-80-1-2-3-4-5-6-7-8-9-10-11-12-13-14-15-16-17-18-19-20-21-22-23-24 streets_per_node_count_3          0.0016
SHAP-- non-recurrent-mmm-newyorkcity-80-1-2-3-4-5-6-7-8-9-10-11-12-13-14-15-16-17-18-19-20-21-22-23-24 m                             0.0031
SHAP-- non-recurrent-mmm-newyorkcity-80-1-2-3-4-5-6-7-8-9-10-11-12-13-14-15-16-17-18-19-20-21-22-23-24 streets_per_node_count_1          0.0000
SHAP-- non-recurrent-mmm-newyorkcity-80-1-2-3-4-5-6-7-8-9-10-11-12-13-14-15-16-17-18-19-20-21-22-23-24 metered_count                 0.0101
SHAP-- non-recurrent-mmm-newyorkcity-80-1-2-3-4-5-6-7-8-9-10-11-12-13-14-15-16-17-18-19-20-21-22-23-24 k_avg                         0.0253
SHAP-- non-recurrent-mmm-newyorkcity-80-1-2-3-4-5-6-7-8-9-10-11-12-13-14-15-16-17-18-19-20-21-22-23-24 non_metered_count             0.0107
SHAP-- non-recurrent-mmm-newyorkcity-80-1-2-3-4-5-6-7-8-9-10-11-12-13-14-15-16-17-18-19-20-21-22-23-24 streets_per_node_count_4          0.0000
SHAP-- non-recurrent-mmm-newyorkcity-80-1-2-3-4-5-6-7-8-9-10-11-12-13-14-15-16-17-18-19-20-21-22-23-24 mean_lanes                    0.0162
NON-RECURRENT-MMM NewYorkCity 80 LR 0.2724564108142938 XpVar
NON-RECURRENT-MMM NewYorkCity 80 RF 0.31421434501480794 XpVar
NON-RECURRENT-MMM NewYorkCity 80 GBM 0.23338471045516282 XpVar
NON-RECURRENT-MMM NewYorkCity 80 LLR 0.0 XpVar
NON-RECURRENT-MMM NewYorkCity 80 RLR 0.2726466309114164 XpVar
NON-RECURRENT-MMM NewYorkCity 80 LR 0.015178445929496994 MSE
NON-RECURRENT-MMM NewYorkCity 80 RF 0.014319919409137861 MSE
NON-RECURRENT-MMM NewYorkCity 80 GBM 0.01589212837847519 MSE
NON-RECURRENT-MMM NewYorkCity 80 LLR 0.02073012626819578 MSE
NON-RECURRENT-MMM NewYorkCity 80 RLR 0.01517577921532683 MSE
NON-RECURRENT-MMM NewYorkCity 80 LR 0.2708681979198153 R2
NON-RECURRENT-MMM NewYorkCity 80 RF 0.312200187530787 R2
NON-RECURRENT-MMM NewYorkCity 80 GBM 0.23158448117949826 R2
NON-RECURRENT-MMM NewYorkCity 80 LLR -0.0029068735944908853 R2
NON-RECURRENT-MMM NewYorkCity 80 RLR 0.27106732598665545 R2
t_spatial, t_non_spatial, "seconds" : 9.5367431640625e-07 1477.1639921665192 seconds
sorted_percentage_nan_per_column : maxspeed                         43.590328
n                                 0.000000
lane_density                      0.000000
streets_per_node_proportion_6     0.000000
streets_per_node_count_6          0.000000
streets_per_node_proportion_5     0.000000
streets_per_node_count_5          0.000000
streets_per_node_proportion_4     0.000000
streets_per_node_count_4          0.000000
streets_per_node_proportion_3     0.000000
streets_per_node_count_3          0.000000
streets_per_node_proportion_2     0.000000
streets_per_node_count_2          0.000000
streets_per_node_proportion_1     0.000000
streets_per_node_count_1          0.000000
mean_lanes                        0.000000
m                                 0.000000
betweenness                       0.000000
total_crossings                   0.000000
non_metered_count                 0.000000
metered_count                     0.000000
self_loop_proportion              0.000000
circuity_avg                      0.000000
street_length_avg                 0.000000
street_segment_count              0.000000
street_length_total               0.000000
streets_per_node_avg              0.000000
edge_length_avg                   0.000000
edge_length_total                 0.000000
k_avg                             0.000000
global_betweenness                0.000000
dtype: float64
city, scale, tod, config.shift_tile_marker, X.shape, Y.shape : NewYorkCity 90 [1, 2, 3, 4, 5, 6, 7, 8, 9, 10, 11, 12, 13, 14, 15, 16, 17, 18, 19, 20, 21, 22, 23, 24] 3 (4384, 17) (4384,)
X.shape, Y.shape, "Inside the model-fitting function" : (4384, 17) (4384,) Inside the model-fitting function
Dict: model_trials.best_params_
Key: Value
{'randomforestregressor__max_depth': 10,
 'randomforestregressor__max_features': 'sqrt',
 'randomforestregressor__n_estimators': 1000}
Dict: model_trials.best_params_
Key: Value
{'xgbregressor__learning_rate': 0.001,
 'xgbregressor__max_depth': 10,
 'xgbregressor__n_estimators': 1000}
config.CONGESTION_TYPE, slugifiedstring, i, key, value[2], value[0], value[1] : NON-RECURRENT-MMM non-recurrent-mmm-newyorkcity-90-1-2-3-4-5-6-7-8-9-10-11-12-13-14-15-16-17-18-19-20-21-22-23-24 0 circuity_avg -0.00021301121052091319 0.01135650805287563 -53.314133209719785
config.CONGESTION_TYPE, slugifiedstring, i, key, value[2], value[0], value[1] : NON-RECURRENT-MMM non-recurrent-mmm-newyorkcity-90-1-2-3-4-5-6-7-8-9-10-11-12-13-14-15-16-17-18-19-20-21-22-23-24 1 streets_per_node_avg 8.162103394781567e-05 0.005475455524546223 67.08387850179588
config.CONGESTION_TYPE, slugifiedstring, i, key, value[2], value[0], value[1] : NON-RECURRENT-MMM non-recurrent-mmm-newyorkcity-90-1-2-3-4-5-6-7-8-9-10-11-12-13-14-15-16-17-18-19-20-21-22-23-24 2 streets_per_node_count_2 3.5368506324383066e-05 0.006327535505131392 178.90310229949364
config.CONGESTION_TYPE, slugifiedstring, i, key, value[2], value[0], value[1] : NON-RECURRENT-MMM non-recurrent-mmm-newyorkcity-90-1-2-3-4-5-6-7-8-9-10-11-12-13-14-15-16-17-18-19-20-21-22-23-24 3 n 5.8512105751039305e-05 0.003702479643648711 63.27715600259262
config.CONGESTION_TYPE, slugifiedstring, i, key, value[2], value[0], value[1] : NON-RECURRENT-MMM non-recurrent-mmm-newyorkcity-90-1-2-3-4-5-6-7-8-9-10-11-12-13-14-15-16-17-18-19-20-21-22-23-24 4 total_crossings -3.918935718183103e-05 0.02272249365369232 -579.8128698121877
config.CONGESTION_TYPE, slugifiedstring, i, key, value[2], value[0], value[1] : NON-RECURRENT-MMM non-recurrent-mmm-newyorkcity-90-1-2-3-4-5-6-7-8-9-10-11-12-13-14-15-16-17-18-19-20-21-22-23-24 5 streets_per_node_count_5 0.00013622850899806699 0.018666280067767417 137.02183342572062
config.CONGESTION_TYPE, slugifiedstring, i, key, value[2], value[0], value[1] : NON-RECURRENT-MMM non-recurrent-mmm-newyorkcity-90-1-2-3-4-5-6-7-8-9-10-11-12-13-14-15-16-17-18-19-20-21-22-23-24 6 streets_per_node_count_6 -3.781166572170157e-05 0.003603087813872954 -95.29037520833162
config.CONGESTION_TYPE, slugifiedstring, i, key, value[2], value[0], value[1] : NON-RECURRENT-MMM non-recurrent-mmm-newyorkcity-90-1-2-3-4-5-6-7-8-9-10-11-12-13-14-15-16-17-18-19-20-21-22-23-24 7 global_betweenness -0.0003304237873869532 0.021217334758720886 -64.2124918623781
config.CONGESTION_TYPE, slugifiedstring, i, key, value[2], value[0], value[1] : NON-RECURRENT-MMM non-recurrent-mmm-newyorkcity-90-1-2-3-4-5-6-7-8-9-10-11-12-13-14-15-16-17-18-19-20-21-22-23-24 8 betweenness 0.00020834577482469247 0.020706941080502916 99.38738185560169
config.CONGESTION_TYPE, slugifiedstring, i, key, value[2], value[0], value[1] : NON-RECURRENT-MMM non-recurrent-mmm-newyorkcity-90-1-2-3-4-5-6-7-8-9-10-11-12-13-14-15-16-17-18-19-20-21-22-23-24 9 streets_per_node_count_3 -1.4572613314292318e-05 0.0032566515346251915 -223.47752351537247
config.CONGESTION_TYPE, slugifiedstring, i, key, value[2], value[0], value[1] : NON-RECURRENT-MMM non-recurrent-mmm-newyorkcity-90-1-2-3-4-5-6-7-8-9-10-11-12-13-14-15-16-17-18-19-20-21-22-23-24 10 m -1.8495564843575204e-05 0.006547281339356692 -353.99196481587956
config.CONGESTION_TYPE, slugifiedstring, i, key, value[2], value[0], value[1] : NON-RECURRENT-MMM non-recurrent-mmm-newyorkcity-90-1-2-3-4-5-6-7-8-9-10-11-12-13-14-15-16-17-18-19-20-21-22-23-24 11 streets_per_node_count_1 0 0 0
config.CONGESTION_TYPE, slugifiedstring, i, key, value[2], value[0], value[1] : NON-RECURRENT-MMM non-recurrent-mmm-newyorkcity-90-1-2-3-4-5-6-7-8-9-10-11-12-13-14-15-16-17-18-19-20-21-22-23-24 12 metered_count -6.493566753871421e-05 0.022692118417598724 -349.4553806514707
config.CONGESTION_TYPE, slugifiedstring, i, key, value[2], value[0], value[1] : NON-RECURRENT-MMM non-recurrent-mmm-newyorkcity-90-1-2-3-4-5-6-7-8-9-10-11-12-13-14-15-16-17-18-19-20-21-22-23-24 13 k_avg -0.0007017103012658389 0.05416992213022324 -77.19698860413519
config.CONGESTION_TYPE, slugifiedstring, i, key, value[2], value[0], value[1] : NON-RECURRENT-MMM non-recurrent-mmm-newyorkcity-90-1-2-3-4-5-6-7-8-9-10-11-12-13-14-15-16-17-18-19-20-21-22-23-24 14 non_metered_count -3.9326056487940637e-05 0.02226139695402051 -566.0724451445312
config.CONGESTION_TYPE, slugifiedstring, i, key, value[2], value[0], value[1] : NON-RECURRENT-MMM non-recurrent-mmm-newyorkcity-90-1-2-3-4-5-6-7-8-9-10-11-12-13-14-15-16-17-18-19-20-21-22-23-24 15 streets_per_node_count_4 0 0 0
config.CONGESTION_TYPE, slugifiedstring, i, key, value[2], value[0], value[1] : NON-RECURRENT-MMM non-recurrent-mmm-newyorkcity-90-1-2-3-4-5-6-7-8-9-10-11-12-13-14-15-16-17-18-19-20-21-22-23-24 16 mean_lanes -0.00014245139620646044 0.0354314915854464 -248.72688179267925
SHAP Values for each feature:
Slug                           Feature Name         Mean Abs SHAP Value
SHAP-- non-recurrent-mmm-newyorkcity-90-1-2-3-4-5-6-7-8-9-10-11-12-13-14-15-16-17-18-19-20-21-22-23-24 circuity_avg                  0.0021
SHAP-- non-recurrent-mmm-newyorkcity-90-1-2-3-4-5-6-7-8-9-10-11-12-13-14-15-16-17-18-19-20-21-22-23-24 streets_per_node_avg          0.0026
SHAP-- non-recurrent-mmm-newyorkcity-90-1-2-3-4-5-6-7-8-9-10-11-12-13-14-15-16-17-18-19-20-21-22-23-24 streets_per_node_count_2          0.0031
SHAP-- non-recurrent-mmm-newyorkcity-90-1-2-3-4-5-6-7-8-9-10-11-12-13-14-15-16-17-18-19-20-21-22-23-24 n                             0.0018
SHAP-- non-recurrent-mmm-newyorkcity-90-1-2-3-4-5-6-7-8-9-10-11-12-13-14-15-16-17-18-19-20-21-22-23-24 total_crossings               0.0108
SHAP-- non-recurrent-mmm-newyorkcity-90-1-2-3-4-5-6-7-8-9-10-11-12-13-14-15-16-17-18-19-20-21-22-23-24 streets_per_node_count_5          0.0090
SHAP-- non-recurrent-mmm-newyorkcity-90-1-2-3-4-5-6-7-8-9-10-11-12-13-14-15-16-17-18-19-20-21-22-23-24 streets_per_node_count_6          0.0018
SHAP-- non-recurrent-mmm-newyorkcity-90-1-2-3-4-5-6-7-8-9-10-11-12-13-14-15-16-17-18-19-20-21-22-23-24 global_betweenness            0.0094
SHAP-- non-recurrent-mmm-newyorkcity-90-1-2-3-4-5-6-7-8-9-10-11-12-13-14-15-16-17-18-19-20-21-22-23-24 betweenness                   0.0095
SHAP-- non-recurrent-mmm-newyorkcity-90-1-2-3-4-5-6-7-8-9-10-11-12-13-14-15-16-17-18-19-20-21-22-23-24 streets_per_node_count_3          0.0016
SHAP-- non-recurrent-mmm-newyorkcity-90-1-2-3-4-5-6-7-8-9-10-11-12-13-14-15-16-17-18-19-20-21-22-23-24 m                             0.0032
SHAP-- non-recurrent-mmm-newyorkcity-90-1-2-3-4-5-6-7-8-9-10-11-12-13-14-15-16-17-18-19-20-21-22-23-24 streets_per_node_count_1          0.0000
SHAP-- non-recurrent-mmm-newyorkcity-90-1-2-3-4-5-6-7-8-9-10-11-12-13-14-15-16-17-18-19-20-21-22-23-24 metered_count                 0.0085
SHAP-- non-recurrent-mmm-newyorkcity-90-1-2-3-4-5-6-7-8-9-10-11-12-13-14-15-16-17-18-19-20-21-22-23-24 k_avg                         0.0262
SHAP-- non-recurrent-mmm-newyorkcity-90-1-2-3-4-5-6-7-8-9-10-11-12-13-14-15-16-17-18-19-20-21-22-23-24 non_metered_count             0.0110
SHAP-- non-recurrent-mmm-newyorkcity-90-1-2-3-4-5-6-7-8-9-10-11-12-13-14-15-16-17-18-19-20-21-22-23-24 streets_per_node_count_4          0.0000
SHAP-- non-recurrent-mmm-newyorkcity-90-1-2-3-4-5-6-7-8-9-10-11-12-13-14-15-16-17-18-19-20-21-22-23-24 mean_lanes                    0.0153
NON-RECURRENT-MMM NewYorkCity 90 LR 0.25165580438671226 XpVar
NON-RECURRENT-MMM NewYorkCity 90 RF 0.2910163579382436 XpVar
NON-RECURRENT-MMM NewYorkCity 90 GBM 0.21679056986169096 XpVar
NON-RECURRENT-MMM NewYorkCity 90 LLR -6.344131569286608e-17 XpVar
NON-RECURRENT-MMM NewYorkCity 90 RLR 0.2517117202332103 XpVar
NON-RECURRENT-MMM NewYorkCity 90 LR 0.01809922814716242 MSE
NON-RECURRENT-MMM NewYorkCity 90 RF 0.017177760752438025 MSE
NON-RECURRENT-MMM NewYorkCity 90 GBM 0.01887304808718531 MSE
NON-RECURRENT-MMM NewYorkCity 90 LLR 0.023819396994796314 MSE
NON-RECURRENT-MMM NewYorkCity 90 RLR 0.018097725586895794 MSE
NON-RECURRENT-MMM NewYorkCity 90 LR 0.24869145132874704 R2
NON-RECURRENT-MMM NewYorkCity 90 RF 0.2888823181509657 R2
NON-RECURRENT-MMM NewYorkCity 90 GBM 0.21425943199723768 R2
NON-RECURRENT-MMM NewYorkCity 90 LLR -0.0027742909272189414 R2
NON-RECURRENT-MMM NewYorkCity 90 RLR 0.2487486102388305 R2
t_spatial, t_non_spatial, "seconds" : 1.430511474609375e-06 1937.2268731594086 seconds

 Complete: python urbanscales/modelling/SHAP_analysis.py

