config.CONGESTION_TYPE, slugifiedstring, i, key, value[2], value[0], value[1] : RECURRENT recurrent-capetown-20-1-2-3-4-5-6-7-8-9-10-11-12-13-14-15-16-17-18-19-20-21-22-23-24 0 streets_per_node_count_6 -0.0020769824065713463 0.044562434695156486 -21.45537417850329
config.CONGESTION_TYPE, slugifiedstring, i, key, value[2], value[0], value[1] : RECURRENT recurrent-capetown-20-1-2-3-4-5-6-7-8-9-10-11-12-13-14-15-16-17-18-19-20-21-22-23-24 1 n -0.0013362591051080445 0.03516426418997606 -26.315453384418902
config.CONGESTION_TYPE, slugifiedstring, i, key, value[2], value[0], value[1] : RECURRENT recurrent-capetown-20-1-2-3-4-5-6-7-8-9-10-11-12-13-14-15-16-17-18-19-20-21-22-23-24 2 total_crossings -0.00859482908099162 0.1678515754634922 -19.529367469879517
config.CONGESTION_TYPE, slugifiedstring, i, key, value[2], value[0], value[1] : RECURRENT recurrent-capetown-20-1-2-3-4-5-6-7-8-9-10-11-12-13-14-15-16-17-18-19-20-21-22-23-24 3 streets_per_node_count_1 -0.00859482908099162 0.1678515754634922 -19.529367469879517
config.CONGESTION_TYPE, slugifiedstring, i, key, value[2], value[0], value[1] : RECURRENT recurrent-capetown-20-1-2-3-4-5-6-7-8-9-10-11-12-13-14-15-16-17-18-19-20-21-22-23-24 4 streets_per_node_count_3 -0.004847650019618366 0.08531138434261248 -17.598503191723537
config.CONGESTION_TYPE, slugifiedstring, i, key, value[2], value[0], value[1] : RECURRENT recurrent-capetown-20-1-2-3-4-5-6-7-8-9-10-11-12-13-14-15-16-17-18-19-20-21-22-23-24 5 streets_per_node_count_2 -0.0008794102294856986 0.025369971502218733 -28.848847388386346
config.CONGESTION_TYPE, slugifiedstring, i, key, value[2], value[0], value[1] : RECURRENT recurrent-capetown-20-1-2-3-4-5-6-7-8-9-10-11-12-13-14-15-16-17-18-19-20-21-22-23-24 6 streets_per_node_avg -0.002109860315477623 0.03022998785348315 -14.327956989247312
config.CONGESTION_TYPE, slugifiedstring, i, key, value[2], value[0], value[1] : RECURRENT recurrent-capetown-20-1-2-3-4-5-6-7-8-9-10-11-12-13-14-15-16-17-18-19-20-21-22-23-24 7 non_metered_count -0.0030909878358110756 0.07111381215033535 -23.00682368478978
config.CONGESTION_TYPE, slugifiedstring, i, key, value[2], value[0], value[1] : RECURRENT recurrent-capetown-20-1-2-3-4-5-6-7-8-9-10-11-12-13-14-15-16-17-18-19-20-21-22-23-24 8 metered_count -0.006939000128695037 0.1052775952524132 -15.171868179834135
config.CONGESTION_TYPE, slugifiedstring, i, key, value[2], value[0], value[1] : RECURRENT recurrent-capetown-20-1-2-3-4-5-6-7-8-9-10-11-12-13-14-15-16-17-18-19-20-21-22-23-24 9 streets_per_node_count_4 -0.006939000128695037 0.1052775952524132 -15.171868179834135
config.CONGESTION_TYPE, slugifiedstring, i, key, value[2], value[0], value[1] : RECURRENT recurrent-capetown-20-1-2-3-4-5-6-7-8-9-10-11-12-13-14-15-16-17-18-19-20-21-22-23-24 10 m -0.009622105298635122 0.018930490724003386 -1.9673959218351769
config.CONGESTION_TYPE, slugifiedstring, i, key, value[2], value[0], value[1] : RECURRENT recurrent-capetown-20-1-2-3-4-5-6-7-8-9-10-11-12-13-14-15-16-17-18-19-20-21-22-23-24 11 circuity_avg -0.004050523668422282 0.004881315544909563 -1.2051072761194064
config.CONGESTION_TYPE, slugifiedstring, i, key, value[2], value[0], value[1] : RECURRENT recurrent-capetown-20-1-2-3-4-5-6-7-8-9-10-11-12-13-14-15-16-17-18-19-20-21-22-23-24 12 streets_per_node_count_5 0.09797638208254116 0.017161818554768355 0.17516281158769686
config.CONGESTION_TYPE, slugifiedstring, i, key, value[2], value[0], value[1] : RECURRENT recurrent-capetown-20-1-2-3-4-5-6-7-8-9-10-11-12-13-14-15-16-17-18-19-20-21-22-23-24 13 global_betweenness 0.0016767540875700028 0.025394815833582267 15.145223752151466
config.CONGESTION_TYPE, slugifiedstring, i, key, value[2], value[0], value[1] : RECURRENT recurrent-capetown-20-1-2-3-4-5-6-7-8-9-10-11-12-13-14-15-16-17-18-19-20-21-22-23-24 14 k_avg 0.01627479409030197 0.013768992460525238 0.8460317460317412
config.CONGESTION_TYPE, slugifiedstring, i, key, value[2], value[0], value[1] : RECURRENT recurrent-capetown-20-1-2-3-4-5-6-7-8-9-10-11-12-13-14-15-16-17-18-19-20-21-22-23-24 15 mean_lanes 0.0008300864951947495 0.01742681029335593 20.993969175787356
config.CONGESTION_TYPE, slugifiedstring, i, key, value[2], value[0], value[1] : RECURRENT recurrent-capetown-20-1-2-3-4-5-6-7-8-9-10-11-12-13-14-15-16-17-18-19-20-21-22-23-24 16 betweenness -0.001859507724608364 0.02717742059042993 -14.615384615384613
config.CONGESTION_TYPE, slugifiedstring, i, key, value[2], value[0], value[1] : RECURRENT recurrent-capetown-30-1-2-3-4-5-6-7-8-9-10-11-12-13-14-15-16-17-18-19-20-21-22-23-24 0 streets_per_node_count_6 -0.0010904672646458373 0.059939656099714814 -54.966946778711474
config.CONGESTION_TYPE, slugifiedstring, i, key, value[2], value[0], value[1] : RECURRENT recurrent-capetown-30-1-2-3-4-5-6-7-8-9-10-11-12-13-14-15-16-17-18-19-20-21-22-23-24 1 n -0.0008877596174864986 0.03664869046945436 -41.28222296618682
config.CONGESTION_TYPE, slugifiedstring, i, key, value[2], value[0], value[1] : RECURRENT recurrent-capetown-30-1-2-3-4-5-6-7-8-9-10-11-12-13-14-15-16-17-18-19-20-21-22-23-24 2 total_crossings -0.003388442037624862 0.146440023053058 -43.21750864468248
config.CONGESTION_TYPE, slugifiedstring, i, key, value[2], value[0], value[1] : RECURRENT recurrent-capetown-30-1-2-3-4-5-6-7-8-9-10-11-12-13-14-15-16-17-18-19-20-21-22-23-24 3 streets_per_node_count_1 -0.003388442037624862 0.146440023053058 -43.21750864468248
config.CONGESTION_TYPE, slugifiedstring, i, key, value[2], value[0], value[1] : RECURRENT recurrent-capetown-30-1-2-3-4-5-6-7-8-9-10-11-12-13-14-15-16-17-18-19-20-21-22-23-24 4 streets_per_node_count_3 -0.0011949387042720916 0.06459068551809752 -54.05355545617175
config.CONGESTION_TYPE, slugifiedstring, i, key, value[2], value[0], value[1] : RECURRENT recurrent-capetown-30-1-2-3-4-5-6-7-8-9-10-11-12-13-14-15-16-17-18-19-20-21-22-23-24 5 streets_per_node_count_2 -0.0007655934387121328 0.021387652054662497 -27.936044084495308
config.CONGESTION_TYPE, slugifiedstring, i, key, value[2], value[0], value[1] : RECURRENT recurrent-capetown-30-1-2-3-4-5-6-7-8-9-10-11-12-13-14-15-16-17-18-19-20-21-22-23-24 6 streets_per_node_avg -0.0010083860096837495 0.058063083294796695 -57.58021505376345
config.CONGESTION_TYPE, slugifiedstring, i, key, value[2], value[0], value[1] : RECURRENT recurrent-capetown-30-1-2-3-4-5-6-7-8-9-10-11-12-13-14-15-16-17-18-19-20-21-22-23-24 7 non_metered_count -0.0026466366905804222 0.10863129808209498 -41.04503593890385
config.CONGESTION_TYPE, slugifiedstring, i, key, value[2], value[0], value[1] : RECURRENT recurrent-capetown-30-1-2-3-4-5-6-7-8-9-10-11-12-13-14-15-16-17-18-19-20-21-22-23-24 8 metered_count -0.0024888110987970136 0.09456388160890872 -37.99560426848663
config.CONGESTION_TYPE, slugifiedstring, i, key, value[2], value[0], value[1] : RECURRENT recurrent-capetown-30-1-2-3-4-5-6-7-8-9-10-11-12-13-14-15-16-17-18-19-20-21-22-23-24 9 streets_per_node_count_4 -0.0024888110987970136 0.09456388160890872 -37.99560426848663
config.CONGESTION_TYPE, slugifiedstring, i, key, value[2], value[0], value[1] : RECURRENT recurrent-capetown-30-1-2-3-4-5-6-7-8-9-10-11-12-13-14-15-16-17-18-19-20-21-22-23-24 10 m -0.0009830660889084235 0.025433845712623117 -25.8719591689551
config.CONGESTION_TYPE, slugifiedstring, i, key, value[2], value[0], value[1] : RECURRENT recurrent-capetown-30-1-2-3-4-5-6-7-8-9-10-11-12-13-14-15-16-17-18-19-20-21-22-23-24 11 circuity_avg 0.00012639689068189372 0.00519187205331291 41.075947559338516
config.CONGESTION_TYPE, slugifiedstring, i, key, value[2], value[0], value[1] : RECURRENT recurrent-capetown-30-1-2-3-4-5-6-7-8-9-10-11-12-13-14-15-16-17-18-19-20-21-22-23-24 12 streets_per_node_count_5 -0.0008124973427243522 0.019277914091327925 -23.72674109516214
config.CONGESTION_TYPE, slugifiedstring, i, key, value[2], value[0], value[1] : RECURRENT recurrent-capetown-30-1-2-3-4-5-6-7-8-9-10-11-12-13-14-15-16-17-18-19-20-21-22-23-24 13 global_betweenness 0.0009322766614708851 0.023567503707353207 25.27951699463327
config.CONGESTION_TYPE, slugifiedstring, i, key, value[2], value[0], value[1] : RECURRENT recurrent-capetown-30-1-2-3-4-5-6-7-8-9-10-11-12-13-14-15-16-17-18-19-20-21-22-23-24 14 k_avg 0.015475312544567467 0.01693267598880533 1.0941734417344264
config.CONGESTION_TYPE, slugifiedstring, i, key, value[2], value[0], value[1] : RECURRENT recurrent-capetown-30-1-2-3-4-5-6-7-8-9-10-11-12-13-14-15-16-17-18-19-20-21-22-23-24 15 mean_lanes 0.000605596268832977 0.018454028271869122 30.47249334516414
config.CONGESTION_TYPE, slugifiedstring, i, key, value[2], value[0], value[1] : RECURRENT recurrent-capetown-30-1-2-3-4-5-6-7-8-9-10-11-12-13-14-15-16-17-18-19-20-21-22-23-24 16 betweenness 0.0005584811543792525 0.019413566491433328 34.761363636363626
config.CONGESTION_TYPE, slugifiedstring, i, key, value[2], value[0], value[1] : RECURRENT recurrent-capetown-40-1-2-3-4-5-6-7-8-9-10-11-12-13-14-15-16-17-18-19-20-21-22-23-24 0 streets_per_node_count_6 -0.000923844651420041 0.053636053749446286 -58.05743819266837
config.CONGESTION_TYPE, slugifiedstring, i, key, value[2], value[0], value[1] : RECURRENT recurrent-capetown-40-1-2-3-4-5-6-7-8-9-10-11-12-13-14-15-16-17-18-19-20-21-22-23-24 1 n -0.00031525108233681343 0.01849563450422033 -58.66953530221235
config.CONGESTION_TYPE, slugifiedstring, i, key, value[2], value[0], value[1] : RECURRENT recurrent-capetown-40-1-2-3-4-5-6-7-8-9-10-11-12-13-14-15-16-17-18-19-20-21-22-23-24 2 total_crossings -0.0032365834418438843 0.15100390889821325 -46.65534246575339
config.CONGESTION_TYPE, slugifiedstring, i, key, value[2], value[0], value[1] : RECURRENT recurrent-capetown-40-1-2-3-4-5-6-7-8-9-10-11-12-13-14-15-16-17-18-19-20-21-22-23-24 3 streets_per_node_count_1 -0.0032365834418438843 0.15100390889821325 -46.65534246575339
config.CONGESTION_TYPE, slugifiedstring, i, key, value[2], value[0], value[1] : RECURRENT recurrent-capetown-40-1-2-3-4-5-6-7-8-9-10-11-12-13-14-15-16-17-18-19-20-21-22-23-24 4 streets_per_node_count_3 -0.0010513830406658454 0.08091154586887271 -76.95724844261429
config.CONGESTION_TYPE, slugifiedstring, i, key, value[2], value[0], value[1] : RECURRENT recurrent-capetown-40-1-2-3-4-5-6-7-8-9-10-11-12-13-14-15-16-17-18-19-20-21-22-23-24 5 streets_per_node_count_2 -0.0016033423884934382 0.013231289577500856 -8.252316955166066
config.CONGESTION_TYPE, slugifiedstring, i, key, value[2], value[0], value[1] : RECURRENT recurrent-capetown-40-1-2-3-4-5-6-7-8-9-10-11-12-13-14-15-16-17-18-19-20-21-22-23-24 6 streets_per_node_avg -0.0011176729635909122 0.07454024985454008 -66.69236197237308
config.CONGESTION_TYPE, slugifiedstring, i, key, value[2], value[0], value[1] : RECURRENT recurrent-capetown-40-1-2-3-4-5-6-7-8-9-10-11-12-13-14-15-16-17-18-19-20-21-22-23-24 7 non_metered_count -0.001437006958646801 0.0740324785835168 -51.51852476290833
config.CONGESTION_TYPE, slugifiedstring, i, key, value[2], value[0], value[1] : RECURRENT recurrent-capetown-40-1-2-3-4-5-6-7-8-9-10-11-12-13-14-15-16-17-18-19-20-21-22-23-24 8 metered_count -0.002566582074181633 0.13798455545364915 -53.76198830409356
config.CONGESTION_TYPE, slugifiedstring, i, key, value[2], value[0], value[1] : RECURRENT recurrent-capetown-40-1-2-3-4-5-6-7-8-9-10-11-12-13-14-15-16-17-18-19-20-21-22-23-24 9 streets_per_node_count_4 -0.002566582074181633 0.13798455545364915 -53.76198830409356
config.CONGESTION_TYPE, slugifiedstring, i, key, value[2], value[0], value[1] : RECURRENT recurrent-capetown-40-1-2-3-4-5-6-7-8-9-10-11-12-13-14-15-16-17-18-19-20-21-22-23-24 10 m -0.00036798275160176654 0.02430671967081865 -66.05396466278819
config.CONGESTION_TYPE, slugifiedstring, i, key, value[2], value[0], value[1] : RECURRENT recurrent-capetown-40-1-2-3-4-5-6-7-8-9-10-11-12-13-14-15-16-17-18-19-20-21-22-23-24 11 circuity_avg 0.00469250518258141 0.009137632242737876 1.9472822910578316
config.CONGESTION_TYPE, slugifiedstring, i, key, value[2], value[0], value[1] : RECURRENT recurrent-capetown-40-1-2-3-4-5-6-7-8-9-10-11-12-13-14-15-16-17-18-19-20-21-22-23-24 12 streets_per_node_count_5 0.000335207703644198 0.014916785158650057 44.500126329087266
config.CONGESTION_TYPE, slugifiedstring, i, key, value[2], value[0], value[1] : RECURRENT recurrent-capetown-40-1-2-3-4-5-6-7-8-9-10-11-12-13-14-15-16-17-18-19-20-21-22-23-24 13 global_betweenness 0.0004101868718877242 0.01857137265181861 45.27539500801464
config.CONGESTION_TYPE, slugifiedstring, i, key, value[2], value[0], value[1] : RECURRENT recurrent-capetown-40-1-2-3-4-5-6-7-8-9-10-11-12-13-14-15-16-17-18-19-20-21-22-23-24 14 k_avg -0.00033579349970215604 0.023276293367625878 -69.31728395061731
config.CONGESTION_TYPE, slugifiedstring, i, key, value[2], value[0], value[1] : RECURRENT recurrent-capetown-40-1-2-3-4-5-6-7-8-9-10-11-12-13-14-15-16-17-18-19-20-21-22-23-24 15 mean_lanes 0.00030358055559488246 0.015504128489768513 51.07088778919763
config.CONGESTION_TYPE, slugifiedstring, i, key, value[2], value[0], value[1] : RECURRENT recurrent-capetown-40-1-2-3-4-5-6-7-8-9-10-11-12-13-14-15-16-17-18-19-20-21-22-23-24 16 betweenness 0.0036172546994216134 0.0221174830304774 6.114438951178613
config.CONGESTION_TYPE, slugifiedstring, i, key, value[2], value[0], value[1] : RECURRENT recurrent-capetown-60-1-2-3-4-5-6-7-8-9-10-11-12-13-14-15-16-17-18-19-20-21-22-23-24 0 streets_per_node_count_6 -0.0004026485296182798 0.03598808008741396 -89.37839689004079
config.CONGESTION_TYPE, slugifiedstring, i, key, value[2], value[0], value[1] : RECURRENT recurrent-capetown-60-1-2-3-4-5-6-7-8-9-10-11-12-13-14-15-16-17-18-19-20-21-22-23-24 1 n -0.00038625902351931975 0.05482237448783144 -141.93163434300806
config.CONGESTION_TYPE, slugifiedstring, i, key, value[2], value[0], value[1] : RECURRENT recurrent-capetown-60-1-2-3-4-5-6-7-8-9-10-11-12-13-14-15-16-17-18-19-20-21-22-23-24 2 total_crossings -0.0022266300097272904 0.16675856378771167 -74.89280350089939
config.CONGESTION_TYPE, slugifiedstring, i, key, value[2], value[0], value[1] : RECURRENT recurrent-capetown-60-1-2-3-4-5-6-7-8-9-10-11-12-13-14-15-16-17-18-19-20-21-22-23-24 3 streets_per_node_count_1 -0.0022266300097272904 0.16675856378771167 -74.89280350089939
config.CONGESTION_TYPE, slugifiedstring, i, key, value[2], value[0], value[1] : RECURRENT recurrent-capetown-60-1-2-3-4-5-6-7-8-9-10-11-12-13-14-15-16-17-18-19-20-21-22-23-24 4 streets_per_node_count_3 -0.0005419298136875451 0.06240975354421614 -115.16205967623529
config.CONGESTION_TYPE, slugifiedstring, i, key, value[2], value[0], value[1] : RECURRENT recurrent-capetown-60-1-2-3-4-5-6-7-8-9-10-11-12-13-14-15-16-17-18-19-20-21-22-23-24 5 streets_per_node_count_2 -0.00025525474353391245 0.029767892626947727 -116.62033079119976
config.CONGESTION_TYPE, slugifiedstring, i, key, value[2], value[0], value[1] : RECURRENT recurrent-capetown-60-1-2-3-4-5-6-7-8-9-10-11-12-13-14-15-16-17-18-19-20-21-22-23-24 6 streets_per_node_avg -0.0004417197757677651 0.05144147568823658 -116.45726207033579
config.CONGESTION_TYPE, slugifiedstring, i, key, value[2], value[0], value[1] : RECURRENT recurrent-capetown-60-1-2-3-4-5-6-7-8-9-10-11-12-13-14-15-16-17-18-19-20-21-22-23-24 7 non_metered_count -0.0010295689237635193 0.07021573672667752 -68.1991609362185
config.CONGESTION_TYPE, slugifiedstring, i, key, value[2], value[0], value[1] : RECURRENT recurrent-capetown-60-1-2-3-4-5-6-7-8-9-10-11-12-13-14-15-16-17-18-19-20-21-22-23-24 8 metered_count -0.0019393524689051507 0.16641969147365648 -85.81198835279679
config.CONGESTION_TYPE, slugifiedstring, i, key, value[2], value[0], value[1] : RECURRENT recurrent-capetown-60-1-2-3-4-5-6-7-8-9-10-11-12-13-14-15-16-17-18-19-20-21-22-23-24 9 streets_per_node_count_4 -0.0019393524689051507 0.16641969147365648 -85.81198835279679
config.CONGESTION_TYPE, slugifiedstring, i, key, value[2], value[0], value[1] : RECURRENT recurrent-capetown-60-1-2-3-4-5-6-7-8-9-10-11-12-13-14-15-16-17-18-19-20-21-22-23-24 10 m -0.00032152931506660505 0.039090216482168635 -121.57590194869499
config.CONGESTION_TYPE, slugifiedstring, i, key, value[2], value[0], value[1] : RECURRENT recurrent-capetown-60-1-2-3-4-5-6-7-8-9-10-11-12-13-14-15-16-17-18-19-20-21-22-23-24 11 circuity_avg -0.0002089392915336803 0.0061684231790585 -29.522561954624848
config.CONGESTION_TYPE, slugifiedstring, i, key, value[2], value[0], value[1] : RECURRENT recurrent-capetown-60-1-2-3-4-5-6-7-8-9-10-11-12-13-14-15-16-17-18-19-20-21-22-23-24 12 streets_per_node_count_5 -0.00021720556653657947 0.01677233474247708 -77.21871501692135
config.CONGESTION_TYPE, slugifiedstring, i, key, value[2], value[0], value[1] : RECURRENT recurrent-capetown-60-1-2-3-4-5-6-7-8-9-10-11-12-13-14-15-16-17-18-19-20-21-22-23-24 13 global_betweenness 0.00040297822181732543 0.027400988998118336 67.99620305669896
config.CONGESTION_TYPE, slugifiedstring, i, key, value[2], value[0], value[1] : RECURRENT recurrent-capetown-60-1-2-3-4-5-6-7-8-9-10-11-12-13-14-15-16-17-18-19-20-21-22-23-24 14 k_avg -0.00031400324696661267 0.02719215911707152 -86.59833737312533
config.CONGESTION_TYPE, slugifiedstring, i, key, value[2], value[0], value[1] : RECURRENT recurrent-capetown-60-1-2-3-4-5-6-7-8-9-10-11-12-13-14-15-16-17-18-19-20-21-22-23-24 15 mean_lanes -0.0006376670827219133 0.01899271401583035 -29.784686289213823
config.CONGESTION_TYPE, slugifiedstring, i, key, value[2], value[0], value[1] : RECURRENT recurrent-capetown-60-1-2-3-4-5-6-7-8-9-10-11-12-13-14-15-16-17-18-19-20-21-22-23-24 16 betweenness -0.001669076438353732 0.01629983048657932 -9.765778314297222
config.CONGESTION_TYPE, slugifiedstring, i, key, value[2], value[0], value[1] : RECURRENT recurrent-capetown-70-1-2-3-4-5-6-7-8-9-10-11-12-13-14-15-16-17-18-19-20-21-22-23-24 0 streets_per_node_count_6 -0.0004425752683373069 0.04573507701694465 -103.33852858241471
config.CONGESTION_TYPE, slugifiedstring, i, key, value[2], value[0], value[1] : RECURRENT recurrent-capetown-70-1-2-3-4-5-6-7-8-9-10-11-12-13-14-15-16-17-18-19-20-21-22-23-24 1 n -0.00022149982299607166 0.03802072489915065 -171.65126538193647
config.CONGESTION_TYPE, slugifiedstring, i, key, value[2], value[0], value[1] : RECURRENT recurrent-capetown-70-1-2-3-4-5-6-7-8-9-10-11-12-13-14-15-16-17-18-19-20-21-22-23-24 2 total_crossings -0.001544518473821991 0.15375921399499043 -99.55155383444867
config.CONGESTION_TYPE, slugifiedstring, i, key, value[2], value[0], value[1] : RECURRENT recurrent-capetown-70-1-2-3-4-5-6-7-8-9-10-11-12-13-14-15-16-17-18-19-20-21-22-23-24 3 streets_per_node_count_1 -0.001544518473821991 0.15375921399499043 -99.55155383444867
config.CONGESTION_TYPE, slugifiedstring, i, key, value[2], value[0], value[1] : RECURRENT recurrent-capetown-70-1-2-3-4-5-6-7-8-9-10-11-12-13-14-15-16-17-18-19-20-21-22-23-24 4 streets_per_node_count_3 -0.0005353088186317531 0.08232078225436942 -153.7818533697632
config.CONGESTION_TYPE, slugifiedstring, i, key, value[2], value[0], value[1] : RECURRENT recurrent-capetown-70-1-2-3-4-5-6-7-8-9-10-11-12-13-14-15-16-17-18-19-20-21-22-23-24 5 streets_per_node_count_2 -0.0001590834532513847 0.022527784915256262 -141.6098560524564
config.CONGESTION_TYPE, slugifiedstring, i, key, value[2], value[0], value[1] : RECURRENT recurrent-capetown-70-1-2-3-4-5-6-7-8-9-10-11-12-13-14-15-16-17-18-19-20-21-22-23-24 6 streets_per_node_avg -0.0008172462742598569 0.0684372301466466 -83.74125683060117
config.CONGESTION_TYPE, slugifiedstring, i, key, value[2], value[0], value[1] : RECURRENT recurrent-capetown-70-1-2-3-4-5-6-7-8-9-10-11-12-13-14-15-16-17-18-19-20-21-22-23-24 7 non_metered_count -0.0007373242807908239 0.07018942910058037 -95.19478868280055
config.CONGESTION_TYPE, slugifiedstring, i, key, value[2], value[0], value[1] : RECURRENT recurrent-capetown-70-1-2-3-4-5-6-7-8-9-10-11-12-13-14-15-16-17-18-19-20-21-22-23-24 8 metered_count -0.003135223578586419 0.169180457551863 -53.96120988224436
config.CONGESTION_TYPE, slugifiedstring, i, key, value[2], value[0], value[1] : RECURRENT recurrent-capetown-70-1-2-3-4-5-6-7-8-9-10-11-12-13-14-15-16-17-18-19-20-21-22-23-24 9 streets_per_node_count_4 -0.003135223578586419 0.169180457551863 -53.96120988224436
config.CONGESTION_TYPE, slugifiedstring, i, key, value[2], value[0], value[1] : RECURRENT recurrent-capetown-70-1-2-3-4-5-6-7-8-9-10-11-12-13-14-15-16-17-18-19-20-21-22-23-24 10 m -0.00024119067885145618 0.038340672315621244 -158.96415441176475
config.CONGESTION_TYPE, slugifiedstring, i, key, value[2], value[0], value[1] : RECURRENT recurrent-capetown-70-1-2-3-4-5-6-7-8-9-10-11-12-13-14-15-16-17-18-19-20-21-22-23-24 11 circuity_avg -0.0018008507054120537 0.008269206385126113 -4.591833382009327
config.CONGESTION_TYPE, slugifiedstring, i, key, value[2], value[0], value[1] : RECURRENT recurrent-capetown-70-1-2-3-4-5-6-7-8-9-10-11-12-13-14-15-16-17-18-19-20-21-22-23-24 12 streets_per_node_count_5 -0.00025862247599925425 0.024135767665499054 -93.32432369709682
config.CONGESTION_TYPE, slugifiedstring, i, key, value[2], value[0], value[1] : RECURRENT recurrent-capetown-70-1-2-3-4-5-6-7-8-9-10-11-12-13-14-15-16-17-18-19-20-21-22-23-24 13 global_betweenness 0.00033470458739750576 0.02060925038926574 61.574448529411825
config.CONGESTION_TYPE, slugifiedstring, i, key, value[2], value[0], value[1] : RECURRENT recurrent-capetown-70-1-2-3-4-5-6-7-8-9-10-11-12-13-14-15-16-17-18-19-20-21-22-23-24 14 k_avg -0.0006628111470498685 0.021118601499754912 -31.862170082311536
config.CONGESTION_TYPE, slugifiedstring, i, key, value[2], value[0], value[1] : RECURRENT recurrent-capetown-70-1-2-3-4-5-6-7-8-9-10-11-12-13-14-15-16-17-18-19-20-21-22-23-24 15 mean_lanes -0.0005162139165178845 0.018235808403316178 -35.32606894119715
config.CONGESTION_TYPE, slugifiedstring, i, key, value[2], value[0], value[1] : RECURRENT recurrent-capetown-70-1-2-3-4-5-6-7-8-9-10-11-12-13-14-15-16-17-18-19-20-21-22-23-24 16 betweenness -0.0002930317649662274 0.029174657156963962 -99.56141498969032
config.CONGESTION_TYPE, slugifiedstring, i, key, value[2], value[0], value[1] : RECURRENT recurrent-capetown-80-1-2-3-4-5-6-7-8-9-10-11-12-13-14-15-16-17-18-19-20-21-22-23-24 0 streets_per_node_count_6 -0.0003635603786815361 0.05095819794934142 -140.16433290707596
config.CONGESTION_TYPE, slugifiedstring, i, key, value[2], value[0], value[1] : RECURRENT recurrent-capetown-80-1-2-3-4-5-6-7-8-9-10-11-12-13-14-15-16-17-18-19-20-21-22-23-24 1 n -0.00022690983288841638 0.0476607606515877 -210.042729505799
config.CONGESTION_TYPE, slugifiedstring, i, key, value[2], value[0], value[1] : RECURRENT recurrent-capetown-80-1-2-3-4-5-6-7-8-9-10-11-12-13-14-15-16-17-18-19-20-21-22-23-24 2 total_crossings -0.0014992041823871226 0.15427782043605356 -102.90647681518817
config.CONGESTION_TYPE, slugifiedstring, i, key, value[2], value[0], value[1] : RECURRENT recurrent-capetown-80-1-2-3-4-5-6-7-8-9-10-11-12-13-14-15-16-17-18-19-20-21-22-23-24 3 streets_per_node_count_1 -0.0014992041823871226 0.15427782043605356 -102.90647681518817
config.CONGESTION_TYPE, slugifiedstring, i, key, value[2], value[0], value[1] : RECURRENT recurrent-capetown-80-1-2-3-4-5-6-7-8-9-10-11-12-13-14-15-16-17-18-19-20-21-22-23-24 4 streets_per_node_count_3 -0.00046140628270690897 0.07764845583996355 -168.28651613590364
config.CONGESTION_TYPE, slugifiedstring, i, key, value[2], value[0], value[1] : RECURRENT recurrent-capetown-80-1-2-3-4-5-6-7-8-9-10-11-12-13-14-15-16-17-18-19-20-21-22-23-24 5 streets_per_node_count_2 -0.00012814376561019888 0.02595245378304566 -202.52607420629852
config.CONGESTION_TYPE, slugifiedstring, i, key, value[2], value[0], value[1] : RECURRENT recurrent-capetown-80-1-2-3-4-5-6-7-8-9-10-11-12-13-14-15-16-17-18-19-20-21-22-23-24 6 streets_per_node_avg -0.0006398781629769946 0.0510036064713515 -79.70830921008508
config.CONGESTION_TYPE, slugifiedstring, i, key, value[2], value[0], value[1] : RECURRENT recurrent-capetown-80-1-2-3-4-5-6-7-8-9-10-11-12-13-14-15-16-17-18-19-20-21-22-23-24 7 non_metered_count -0.000762792773243831 0.07634319799209699 -100.08379820831556
config.CONGESTION_TYPE, slugifiedstring, i, key, value[2], value[0], value[1] : RECURRENT recurrent-capetown-80-1-2-3-4-5-6-7-8-9-10-11-12-13-14-15-16-17-18-19-20-21-22-23-24 8 metered_count -0.002939140466251907 0.17618474473930504 -59.944309148307525
config.CONGESTION_TYPE, slugifiedstring, i, key, value[2], value[0], value[1] : RECURRENT recurrent-capetown-80-1-2-3-4-5-6-7-8-9-10-11-12-13-14-15-16-17-18-19-20-21-22-23-24 9 streets_per_node_count_4 -0.002939140466251907 0.17618474473930504 -59.944309148307525
config.CONGESTION_TYPE, slugifiedstring, i, key, value[2], value[0], value[1] : RECURRENT recurrent-capetown-80-1-2-3-4-5-6-7-8-9-10-11-12-13-14-15-16-17-18-19-20-21-22-23-24 10 m -0.00021277183595138122 0.03849386573093837 -180.91617040769574
config.CONGESTION_TYPE, slugifiedstring, i, key, value[2], value[0], value[1] : RECURRENT recurrent-capetown-80-1-2-3-4-5-6-7-8-9-10-11-12-13-14-15-16-17-18-19-20-21-22-23-24 11 circuity_avg -0.003573086526379305 0.015167618302379067 -4.2449624968216995
config.CONGESTION_TYPE, slugifiedstring, i, key, value[2], value[0], value[1] : RECURRENT recurrent-capetown-80-1-2-3-4-5-6-7-8-9-10-11-12-13-14-15-16-17-18-19-20-21-22-23-24 12 streets_per_node_count_5 0.0021058690906743645 0.022224432377260423 10.553567871658856
config.CONGESTION_TYPE, slugifiedstring, i, key, value[2], value[0], value[1] : RECURRENT recurrent-capetown-80-1-2-3-4-5-6-7-8-9-10-11-12-13-14-15-16-17-18-19-20-21-22-23-24 13 global_betweenness 0.0004711578096534177 0.023370370917288084 49.602002637883174
config.CONGESTION_TYPE, slugifiedstring, i, key, value[2], value[0], value[1] : RECURRENT recurrent-capetown-80-1-2-3-4-5-6-7-8-9-10-11-12-13-14-15-16-17-18-19-20-21-22-23-24 14 k_avg -0.00047451588626410194 0.039994073904454704 -84.28395141695034
config.CONGESTION_TYPE, slugifiedstring, i, key, value[2], value[0], value[1] : RECURRENT recurrent-capetown-80-1-2-3-4-5-6-7-8-9-10-11-12-13-14-15-16-17-18-19-20-21-22-23-24 15 mean_lanes -0.0003125463027292544 0.019855188562868664 -63.5271906577899
config.CONGESTION_TYPE, slugifiedstring, i, key, value[2], value[0], value[1] : RECURRENT recurrent-capetown-80-1-2-3-4-5-6-7-8-9-10-11-12-13-14-15-16-17-18-19-20-21-22-23-24 16 betweenness -0.00014686293651500857 0.024783505503011116 -168.75262126110613
config.CONGESTION_TYPE, slugifiedstring, i, key, value[2], value[0], value[1] : RECURRENT recurrent-capetown-90-1-2-3-4-5-6-7-8-9-10-11-12-13-14-15-16-17-18-19-20-21-22-23-24 0 streets_per_node_count_6 -0.0003533328486155831 0.060544038196669675 -171.3512865670183
config.CONGESTION_TYPE, slugifiedstring, i, key, value[2], value[0], value[1] : RECURRENT recurrent-capetown-90-1-2-3-4-5-6-7-8-9-10-11-12-13-14-15-16-17-18-19-20-21-22-23-24 1 n -0.0002023624213473564 0.039220742320605864 -193.81435574583884
config.CONGESTION_TYPE, slugifiedstring, i, key, value[2], value[0], value[1] : RECURRENT recurrent-capetown-90-1-2-3-4-5-6-7-8-9-10-11-12-13-14-15-16-17-18-19-20-21-22-23-24 2 total_crossings -0.0013211388656992624 0.12855239527515816 -97.30422638585912
config.CONGESTION_TYPE, slugifiedstring, i, key, value[2], value[0], value[1] : RECURRENT recurrent-capetown-90-1-2-3-4-5-6-7-8-9-10-11-12-13-14-15-16-17-18-19-20-21-22-23-24 3 streets_per_node_count_1 -0.0013211388656992624 0.12855239527515816 -97.30422638585912
config.CONGESTION_TYPE, slugifiedstring, i, key, value[2], value[0], value[1] : RECURRENT recurrent-capetown-90-1-2-3-4-5-6-7-8-9-10-11-12-13-14-15-16-17-18-19-20-21-22-23-24 4 streets_per_node_count_3 -0.0004248494632357202 0.08440048243445028 -198.65973653736773
config.CONGESTION_TYPE, slugifiedstring, i, key, value[2], value[0], value[1] : RECURRENT recurrent-capetown-90-1-2-3-4-5-6-7-8-9-10-11-12-13-14-15-16-17-18-19-20-21-22-23-24 5 streets_per_node_count_2 -0.00012499717296343427 0.022471166193393666 -179.77339535484703
config.CONGESTION_TYPE, slugifiedstring, i, key, value[2], value[0], value[1] : RECURRENT recurrent-capetown-90-1-2-3-4-5-6-7-8-9-10-11-12-13-14-15-16-17-18-19-20-21-22-23-24 6 streets_per_node_avg -0.00042115532296229795 0.050747809048329436 -120.49665831452023
config.CONGESTION_TYPE, slugifiedstring, i, key, value[2], value[0], value[1] : RECURRENT recurrent-capetown-90-1-2-3-4-5-6-7-8-9-10-11-12-13-14-15-16-17-18-19-20-21-22-23-24 7 non_metered_count -0.0007183689511494764 0.0630998980225518 -87.83773007113462
config.CONGESTION_TYPE, slugifiedstring, i, key, value[2], value[0], value[1] : RECURRENT recurrent-capetown-90-1-2-3-4-5-6-7-8-9-10-11-12-13-14-15-16-17-18-19-20-21-22-23-24 8 metered_count -0.003376720179952316 0.20101324223863964 -59.5291381951223
config.CONGESTION_TYPE, slugifiedstring, i, key, value[2], value[0], value[1] : RECURRENT recurrent-capetown-90-1-2-3-4-5-6-7-8-9-10-11-12-13-14-15-16-17-18-19-20-21-22-23-24 9 streets_per_node_count_4 -0.003376720179952316 0.20101324223863964 -59.5291381951223
config.CONGESTION_TYPE, slugifiedstring, i, key, value[2], value[0], value[1] : RECURRENT recurrent-capetown-90-1-2-3-4-5-6-7-8-9-10-11-12-13-14-15-16-17-18-19-20-21-22-23-24 10 m -0.00021545681314861964 0.04548489920399668 -211.1091245586266
config.CONGESTION_TYPE, slugifiedstring, i, key, value[2], value[0], value[1] : RECURRENT recurrent-capetown-90-1-2-3-4-5-6-7-8-9-10-11-12-13-14-15-16-17-18-19-20-21-22-23-24 11 circuity_avg -0.0001752452190898637 0.012054055357996928 -68.78393271211439
config.CONGESTION_TYPE, slugifiedstring, i, key, value[2], value[0], value[1] : RECURRENT recurrent-capetown-90-1-2-3-4-5-6-7-8-9-10-11-12-13-14-15-16-17-18-19-20-21-22-23-24 12 streets_per_node_count_5 -0.0004052173081792886 0.024182177791371363 -59.677060439560364
config.CONGESTION_TYPE, slugifiedstring, i, key, value[2], value[0], value[1] : RECURRENT recurrent-capetown-90-1-2-3-4-5-6-7-8-9-10-11-12-13-14-15-16-17-18-19-20-21-22-23-24 13 global_betweenness 0.0002666935984750953 0.02694780218831417 101.0440533346009
config.CONGESTION_TYPE, slugifiedstring, i, key, value[2], value[0], value[1] : RECURRENT recurrent-capetown-90-1-2-3-4-5-6-7-8-9-10-11-12-13-14-15-16-17-18-19-20-21-22-23-24 14 k_avg -0.00011568351211949773 0.0291403176566144 -251.8968963054415
config.CONGESTION_TYPE, slugifiedstring, i, key, value[2], value[0], value[1] : RECURRENT recurrent-capetown-90-1-2-3-4-5-6-7-8-9-10-11-12-13-14-15-16-17-18-19-20-21-22-23-24 15 mean_lanes -0.00017030540646644732 0.02020885038767885 -118.66241246815787
config.CONGESTION_TYPE, slugifiedstring, i, key, value[2], value[0], value[1] : RECURRENT recurrent-capetown-90-1-2-3-4-5-6-7-8-9-10-11-12-13-14-15-16-17-18-19-20-21-22-23-24 16 betweenness -0.00025559445926134016 0.02248010154555699 -87.95222560975606
config.CONGESTION_TYPE, slugifiedstring, i, key, value[2], value[0], value[1] : RECURRENT recurrent-capetown-25-1-2-3-4-5-6-7-8-9-10-11-12-13-14-15-16-17-18-19-20-21-22-23-24 0 streets_per_node_count_6 -0.0006312755169177558 0.026792918750882293 -42.44251207729468
config.CONGESTION_TYPE, slugifiedstring, i, key, value[2], value[0], value[1] : RECURRENT recurrent-capetown-25-1-2-3-4-5-6-7-8-9-10-11-12-13-14-15-16-17-18-19-20-21-22-23-24 1 n -0.0012487525958054676 0.05633997943413038 -45.11700686218802
config.CONGESTION_TYPE, slugifiedstring, i, key, value[2], value[0], value[1] : RECURRENT recurrent-capetown-25-1-2-3-4-5-6-7-8-9-10-11-12-13-14-15-16-17-18-19-20-21-22-23-24 2 total_crossings -0.0028435861002821493 0.13610555894452614 -47.86405410091902
config.CONGESTION_TYPE, slugifiedstring, i, key, value[2], value[0], value[1] : RECURRENT recurrent-capetown-25-1-2-3-4-5-6-7-8-9-10-11-12-13-14-15-16-17-18-19-20-21-22-23-24 3 streets_per_node_count_1 -0.0028435861002821493 0.13610555894452614 -47.86405410091902
config.CONGESTION_TYPE, slugifiedstring, i, key, value[2], value[0], value[1] : RECURRENT recurrent-capetown-25-1-2-3-4-5-6-7-8-9-10-11-12-13-14-15-16-17-18-19-20-21-22-23-24 4 streets_per_node_count_3 -0.0011460806729758917 0.06104905786986509 -53.26767941330539
config.CONGESTION_TYPE, slugifiedstring, i, key, value[2], value[0], value[1] : RECURRENT recurrent-capetown-25-1-2-3-4-5-6-7-8-9-10-11-12-13-14-15-16-17-18-19-20-21-22-23-24 5 streets_per_node_count_2 -0.0006674586012499992 0.028873062550220006 -43.25820731974579
config.CONGESTION_TYPE, slugifiedstring, i, key, value[2], value[0], value[1] : RECURRENT recurrent-capetown-25-1-2-3-4-5-6-7-8-9-10-11-12-13-14-15-16-17-18-19-20-21-22-23-24 6 streets_per_node_avg -0.0011832088912272875 0.04886132838325117 -41.29560616517138
config.CONGESTION_TYPE, slugifiedstring, i, key, value[2], value[0], value[1] : RECURRENT recurrent-capetown-25-1-2-3-4-5-6-7-8-9-10-11-12-13-14-15-16-17-18-19-20-21-22-23-24 7 non_metered_count -0.0019692604861210232 0.0879274807053037 -44.650000000000006
config.CONGESTION_TYPE, slugifiedstring, i, key, value[2], value[0], value[1] : RECURRENT recurrent-capetown-25-1-2-3-4-5-6-7-8-9-10-11-12-13-14-15-16-17-18-19-20-21-22-23-24 8 metered_count -0.002137380587688358 0.10989726279887088 -51.416796536796525
config.CONGESTION_TYPE, slugifiedstring, i, key, value[2], value[0], value[1] : RECURRENT recurrent-capetown-25-1-2-3-4-5-6-7-8-9-10-11-12-13-14-15-16-17-18-19-20-21-22-23-24 9 streets_per_node_count_4 -0.002137380587688358 0.10989726279887088 -51.416796536796525
config.CONGESTION_TYPE, slugifiedstring, i, key, value[2], value[0], value[1] : RECURRENT recurrent-capetown-25-1-2-3-4-5-6-7-8-9-10-11-12-13-14-15-16-17-18-19-20-21-22-23-24 10 m -0.0005697224592130541 0.027868232698235226 -48.915453915453924
config.CONGESTION_TYPE, slugifiedstring, i, key, value[2], value[0], value[1] : RECURRENT recurrent-capetown-25-1-2-3-4-5-6-7-8-9-10-11-12-13-14-15-16-17-18-19-20-21-22-23-24 11 circuity_avg 9.208390755575065e-05 0.0038527523238377926 41.83958333333334
config.CONGESTION_TYPE, slugifiedstring, i, key, value[2], value[0], value[1] : RECURRENT recurrent-capetown-25-1-2-3-4-5-6-7-8-9-10-11-12-13-14-15-16-17-18-19-20-21-22-23-24 12 streets_per_node_count_5 -0.0007571478723727208 0.01971344472214527 -26.036452642160953
config.CONGESTION_TYPE, slugifiedstring, i, key, value[2], value[0], value[1] : RECURRENT recurrent-capetown-25-1-2-3-4-5-6-7-8-9-10-11-12-13-14-15-16-17-18-19-20-21-22-23-24 13 global_betweenness 0.0007844453430041495 0.019039106102758545 24.27078734363502
config.CONGESTION_TYPE, slugifiedstring, i, key, value[2], value[0], value[1] : RECURRENT recurrent-capetown-25-1-2-3-4-5-6-7-8-9-10-11-12-13-14-15-16-17-18-19-20-21-22-23-24 14 k_avg 0.0005100347400540132 0.013659006322303179 26.78054110756588
config.CONGESTION_TYPE, slugifiedstring, i, key, value[2], value[0], value[1] : RECURRENT recurrent-capetown-25-1-2-3-4-5-6-7-8-9-10-11-12-13-14-15-16-17-18-19-20-21-22-23-24 15 mean_lanes 0.000603019745619183 0.01749897008303477 29.01890064158141
config.CONGESTION_TYPE, slugifiedstring, i, key, value[2], value[0], value[1] : RECURRENT recurrent-capetown-25-1-2-3-4-5-6-7-8-9-10-11-12-13-14-15-16-17-18-19-20-21-22-23-24 16 betweenness 0.02767611230571353 0.01847058104417152 0.6673835125448022
config.CONGESTION_TYPE, slugifiedstring, i, key, value[2], value[0], value[1] : RECURRENT recurrent-capetown-50-1-2-3-4-5-6-7-8-9-10-11-12-13-14-15-16-17-18-19-20-21-22-23-24 0 streets_per_node_count_6 -0.0004672897138576673 0.03971443182779803 -84.9888851606409
config.CONGESTION_TYPE, slugifiedstring, i, key, value[2], value[0], value[1] : RECURRENT recurrent-capetown-50-1-2-3-4-5-6-7-8-9-10-11-12-13-14-15-16-17-18-19-20-21-22-23-24 1 n -0.00041876840018381645 0.04364908339160414 -104.23203702200209
config.CONGESTION_TYPE, slugifiedstring, i, key, value[2], value[0], value[1] : RECURRENT recurrent-capetown-50-1-2-3-4-5-6-7-8-9-10-11-12-13-14-15-16-17-18-19-20-21-22-23-24 2 total_crossings -0.0021764486654878646 0.16203170384824733 -74.44774894882573
config.CONGESTION_TYPE, slugifiedstring, i, key, value[2], value[0], value[1] : RECURRENT recurrent-capetown-50-1-2-3-4-5-6-7-8-9-10-11-12-13-14-15-16-17-18-19-20-21-22-23-24 3 streets_per_node_count_1 -0.0021764486654878646 0.16203170384824733 -74.44774894882573
config.CONGESTION_TYPE, slugifiedstring, i, key, value[2], value[0], value[1] : RECURRENT recurrent-capetown-50-1-2-3-4-5-6-7-8-9-10-11-12-13-14-15-16-17-18-19-20-21-22-23-24 4 streets_per_node_count_3 -0.0007227971292457849 0.07201464879655423 -99.63328004871732
config.CONGESTION_TYPE, slugifiedstring, i, key, value[2], value[0], value[1] : RECURRENT recurrent-capetown-50-1-2-3-4-5-6-7-8-9-10-11-12-13-14-15-16-17-18-19-20-21-22-23-24 5 streets_per_node_count_2 -0.00018253323156046202 0.018436823194977213 -101.00529661016947
config.CONGESTION_TYPE, slugifiedstring, i, key, value[2], value[0], value[1] : RECURRENT recurrent-capetown-50-1-2-3-4-5-6-7-8-9-10-11-12-13-14-15-16-17-18-19-20-21-22-23-24 6 streets_per_node_avg -0.0009138599608290174 0.06897577272273442 -75.47739881301106
config.CONGESTION_TYPE, slugifiedstring, i, key, value[2], value[0], value[1] : RECURRENT recurrent-capetown-50-1-2-3-4-5-6-7-8-9-10-11-12-13-14-15-16-17-18-19-20-21-22-23-24 7 non_metered_count -0.001151916745308833 0.0776682688849837 -67.42524509803923
config.CONGESTION_TYPE, slugifiedstring, i, key, value[2], value[0], value[1] : RECURRENT recurrent-capetown-50-1-2-3-4-5-6-7-8-9-10-11-12-13-14-15-16-17-18-19-20-21-22-23-24 8 metered_count -0.0022962321539835547 0.140969399497902 -61.39161462979479
config.CONGESTION_TYPE, slugifiedstring, i, key, value[2], value[0], value[1] : RECURRENT recurrent-capetown-50-1-2-3-4-5-6-7-8-9-10-11-12-13-14-15-16-17-18-19-20-21-22-23-24 9 streets_per_node_count_4 -0.0022962321539835547 0.140969399497902 -61.39161462979479
config.CONGESTION_TYPE, slugifiedstring, i, key, value[2], value[0], value[1] : RECURRENT recurrent-capetown-50-1-2-3-4-5-6-7-8-9-10-11-12-13-14-15-16-17-18-19-20-21-22-23-24 10 m -0.00039632693351005887 0.03023487482945216 -76.28771166692559
config.CONGESTION_TYPE, slugifiedstring, i, key, value[2], value[0], value[1] : RECURRENT recurrent-capetown-50-1-2-3-4-5-6-7-8-9-10-11-12-13-14-15-16-17-18-19-20-21-22-23-24 11 circuity_avg -0.00048751826440141785 0.007672447589822348 -15.737764408155442
config.CONGESTION_TYPE, slugifiedstring, i, key, value[2], value[0], value[1] : RECURRENT recurrent-capetown-50-1-2-3-4-5-6-7-8-9-10-11-12-13-14-15-16-17-18-19-20-21-22-23-24 12 streets_per_node_count_5 -0.0005267796516395151 0.03411221890673666 -64.75614386502588
config.CONGESTION_TYPE, slugifiedstring, i, key, value[2], value[0], value[1] : RECURRENT recurrent-capetown-50-1-2-3-4-5-6-7-8-9-10-11-12-13-14-15-16-17-18-19-20-21-22-23-24 13 global_betweenness 0.0005024003904101296 0.026398243753237897 52.5442341549296
config.CONGESTION_TYPE, slugifiedstring, i, key, value[2], value[0], value[1] : RECURRENT recurrent-capetown-50-1-2-3-4-5-6-7-8-9-10-11-12-13-14-15-16-17-18-19-20-21-22-23-24 14 k_avg -0.00037728705761846633 0.02253735992935787 -59.73531154664971
config.CONGESTION_TYPE, slugifiedstring, i, key, value[2], value[0], value[1] : RECURRENT recurrent-capetown-50-1-2-3-4-5-6-7-8-9-10-11-12-13-14-15-16-17-18-19-20-21-22-23-24 15 mean_lanes -0.000570960122564603 0.0174783008954772 -30.612121941142334
config.CONGESTION_TYPE, slugifiedstring, i, key, value[2], value[0], value[1] : RECURRENT recurrent-capetown-50-1-2-3-4-5-6-7-8-9-10-11-12-13-14-15-16-17-18-19-20-21-22-23-24 16 betweenness 0.001235662763331817 0.01754636590220807 14.19996330948453
config.CONGESTION_TYPE, slugifiedstring, i, key, value[2], value[0], value[1] : RECURRENT recurrent-capetown-100-1-2-3-4-5-6-7-8-9-10-11-12-13-14-15-16-17-18-19-20-21-22-23-24 0 streets_per_node_count_6 -0.00034218974968505065 0.05761159312756312 -168.3615397030112
config.CONGESTION_TYPE, slugifiedstring, i, key, value[2], value[0], value[1] : RECURRENT recurrent-capetown-100-1-2-3-4-5-6-7-8-9-10-11-12-13-14-15-16-17-18-19-20-21-22-23-24 1 n -0.00014530111410949794 0.043796124197439654 -301.41629997713017
config.CONGESTION_TYPE, slugifiedstring, i, key, value[2], value[0], value[1] : RECURRENT recurrent-capetown-100-1-2-3-4-5-6-7-8-9-10-11-12-13-14-15-16-17-18-19-20-21-22-23-24 2 total_crossings -0.0010675354959931774 0.15109502784236545 -141.53630339176198
config.CONGESTION_TYPE, slugifiedstring, i, key, value[2], value[0], value[1] : RECURRENT recurrent-capetown-100-1-2-3-4-5-6-7-8-9-10-11-12-13-14-15-16-17-18-19-20-21-22-23-24 3 streets_per_node_count_1 -0.0010675354959931774 0.15109502784236545 -141.53630339176198
config.CONGESTION_TYPE, slugifiedstring, i, key, value[2], value[0], value[1] : RECURRENT recurrent-capetown-100-1-2-3-4-5-6-7-8-9-10-11-12-13-14-15-16-17-18-19-20-21-22-23-24 4 streets_per_node_count_3 -0.00022940990756573106 0.049472158374830766 -215.64961557144557
config.CONGESTION_TYPE, slugifiedstring, i, key, value[2], value[0], value[1] : RECURRENT recurrent-capetown-100-1-2-3-4-5-6-7-8-9-10-11-12-13-14-15-16-17-18-19-20-21-22-23-24 5 streets_per_node_count_2 -7.437661781332416e-05 0.020471598701968467 -275.2423988053554
config.CONGESTION_TYPE, slugifiedstring, i, key, value[2], value[0], value[1] : RECURRENT recurrent-capetown-100-1-2-3-4-5-6-7-8-9-10-11-12-13-14-15-16-17-18-19-20-21-22-23-24 6 streets_per_node_avg -0.0005150504370693245 0.0827245978810771 -160.6145571913039
config.CONGESTION_TYPE, slugifiedstring, i, key, value[2], value[0], value[1] : RECURRENT recurrent-capetown-100-1-2-3-4-5-6-7-8-9-10-11-12-13-14-15-16-17-18-19-20-21-22-23-24 7 non_metered_count -0.0005462969007032027 0.08033345052723104 -147.05089928905772
config.CONGESTION_TYPE, slugifiedstring, i, key, value[2], value[0], value[1] : RECURRENT recurrent-capetown-100-1-2-3-4-5-6-7-8-9-10-11-12-13-14-15-16-17-18-19-20-21-22-23-24 8 metered_count -0.0029155123920091073 0.19717985165077667 -67.63128573598624
config.CONGESTION_TYPE, slugifiedstring, i, key, value[2], value[0], value[1] : RECURRENT recurrent-capetown-100-1-2-3-4-5-6-7-8-9-10-11-12-13-14-15-16-17-18-19-20-21-22-23-24 9 streets_per_node_count_4 -0.0029155123920091073 0.19717985165077667 -67.63128573598624
config.CONGESTION_TYPE, slugifiedstring, i, key, value[2], value[0], value[1] : RECURRENT recurrent-capetown-100-1-2-3-4-5-6-7-8-9-10-11-12-13-14-15-16-17-18-19-20-21-22-23-24 10 m -0.00015801330479804556 0.04041562114723601 -255.7735324812718
config.CONGESTION_TYPE, slugifiedstring, i, key, value[2], value[0], value[1] : RECURRENT recurrent-capetown-100-1-2-3-4-5-6-7-8-9-10-11-12-13-14-15-16-17-18-19-20-21-22-23-24 11 circuity_avg -0.0005298029936017527 0.01317214047930568 -24.86233682780403
config.CONGESTION_TYPE, slugifiedstring, i, key, value[2], value[0], value[1] : RECURRENT recurrent-capetown-100-1-2-3-4-5-6-7-8-9-10-11-12-13-14-15-16-17-18-19-20-21-22-23-24 12 streets_per_node_count_5 0.0006175146143728066 0.026100097314216846 42.26636375355429
config.CONGESTION_TYPE, slugifiedstring, i, key, value[2], value[0], value[1] : RECURRENT recurrent-capetown-100-1-2-3-4-5-6-7-8-9-10-11-12-13-14-15-16-17-18-19-20-21-22-23-24 13 global_betweenness 0.0002687996530879441 0.023769451113319805 88.42813165961593
config.CONGESTION_TYPE, slugifiedstring, i, key, value[2], value[0], value[1] : RECURRENT recurrent-capetown-100-1-2-3-4-5-6-7-8-9-10-11-12-13-14-15-16-17-18-19-20-21-22-23-24 14 k_avg -0.0001944677369259361 0.03305528564093527 -169.9782501892564
config.CONGESTION_TYPE, slugifiedstring, i, key, value[2], value[0], value[1] : RECURRENT recurrent-capetown-100-1-2-3-4-5-6-7-8-9-10-11-12-13-14-15-16-17-18-19-20-21-22-23-24 15 mean_lanes -0.0002629887408674057 0.022802521455752667 -86.70531438168791
config.CONGESTION_TYPE, slugifiedstring, i, key, value[2], value[0], value[1] : RECURRENT recurrent-capetown-100-1-2-3-4-5-6-7-8-9-10-11-12-13-14-15-16-17-18-19-20-21-22-23-24 16 betweenness -0.00015135331575972526 0.023892507658145122 -157.85916243866563
