config.CONGESTION_TYPE, slugifiedstring, i, key, value[2], value[0], value[1] : RECURRENT recurrent-mumbai-20-1-2-3-4-5-6-7-8-9-10-11-12-13-14-15-16-17-18-19-20-21-22-23-24 0 streets_per_node_count_6 0.038158163551565004 0.10185351199450636 2.6692456479690563
config.CONGESTION_TYPE, slugifiedstring, i, key, value[2], value[0], value[1] : RECURRENT recurrent-mumbai-20-1-2-3-4-5-6-7-8-9-10-11-12-13-14-15-16-17-18-19-20-21-22-23-24 1 k_avg 0.007246005560876063 0.07036676511339644 9.711111111111112
config.CONGESTION_TYPE, slugifiedstring, i, key, value[2], value[0], value[1] : RECURRENT recurrent-mumbai-20-1-2-3-4-5-6-7-8-9-10-11-12-13-14-15-16-17-18-19-20-21-22-23-24 2 mean_lanes 0.028161930248403293 0.49714950372278693 17.65324675324675
config.CONGESTION_TYPE, slugifiedstring, i, key, value[2], value[0], value[1] : RECURRENT recurrent-mumbai-20-1-2-3-4-5-6-7-8-9-10-11-12-13-14-15-16-17-18-19-20-21-22-23-24 3 streets_per_node_avg 0.015397871339602527 0.12525763127626133 8.134736842105259
config.CONGESTION_TYPE, slugifiedstring, i, key, value[2], value[0], value[1] : RECURRENT recurrent-mumbai-20-1-2-3-4-5-6-7-8-9-10-11-12-13-14-15-16-17-18-19-20-21-22-23-24 4 betweenness -0.02649173043130491 0.06206891000882985 -2.34295415959253
config.CONGESTION_TYPE, slugifiedstring, i, key, value[2], value[0], value[1] : RECURRENT recurrent-mumbai-20-1-2-3-4-5-6-7-8-9-10-11-12-13-14-15-16-17-18-19-20-21-22-23-24 5 streets_per_node_count_5 -0.06759513949273972 0.056290435129299085 -0.8327586206896598
config.CONGESTION_TYPE, slugifiedstring, i, key, value[2], value[0], value[1] : RECURRENT recurrent-mumbai-20-1-2-3-4-5-6-7-8-9-10-11-12-13-14-15-16-17-18-19-20-21-22-23-24 6 metered_count -0.012404222737688734 0.12794997660083826 -10.315033783783782
config.CONGESTION_TYPE, slugifiedstring, i, key, value[2], value[0], value[1] : RECURRENT recurrent-mumbai-20-1-2-3-4-5-6-7-8-9-10-11-12-13-14-15-16-17-18-19-20-21-22-23-24 7 streets_per_node_count_4 -0.012404222737688734 0.12794997660083826 -10.315033783783782
config.CONGESTION_TYPE, slugifiedstring, i, key, value[2], value[0], value[1] : RECURRENT recurrent-mumbai-20-1-2-3-4-5-6-7-8-9-10-11-12-13-14-15-16-17-18-19-20-21-22-23-24 8 streets_per_node_count_3 -0.28491771380549863 0.06619300421744095 -0.23232323232323893
config.CONGESTION_TYPE, slugifiedstring, i, key, value[2], value[0], value[1] : RECURRENT recurrent-mumbai-20-1-2-3-4-5-6-7-8-9-10-11-12-13-14-15-16-17-18-19-20-21-22-23-24 9 global_betweenness 0.01678146425729992 0.11604437375309362 6.915032679738566
config.CONGESTION_TYPE, slugifiedstring, i, key, value[2], value[0], value[1] : RECURRENT recurrent-mumbai-20-1-2-3-4-5-6-7-8-9-10-11-12-13-14-15-16-17-18-19-20-21-22-23-24 10 m -0.06782210633486575 0.11142203183585109 -1.642857142857146
config.CONGESTION_TYPE, slugifiedstring, i, key, value[2], value[0], value[1] : RECURRENT recurrent-mumbai-20-1-2-3-4-5-6-7-8-9-10-11-12-13-14-15-16-17-18-19-20-21-22-23-24 11 n 0.04226681319393518 0.15907691511171976 3.7636363636363654
config.CONGESTION_TYPE, slugifiedstring, i, key, value[2], value[0], value[1] : RECURRENT recurrent-mumbai-20-1-2-3-4-5-6-7-8-9-10-11-12-13-14-15-16-17-18-19-20-21-22-23-24 12 streets_per_node_count_1 0.04226681319393518 0.15907691511171976 3.7636363636363654
config.CONGESTION_TYPE, slugifiedstring, i, key, value[2], value[0], value[1] : RECURRENT recurrent-mumbai-20-1-2-3-4-5-6-7-8-9-10-11-12-13-14-15-16-17-18-19-20-21-22-23-24 13 total_crossings -0.004422100718354767 0.07260843707276395 -16.41944444444444
config.CONGESTION_TYPE, slugifiedstring, i, key, value[2], value[0], value[1] : RECURRENT recurrent-mumbai-20-1-2-3-4-5-6-7-8-9-10-11-12-13-14-15-16-17-18-19-20-21-22-23-24 14 circuity_avg 0.0011472153052685579 0.009676342337137859 8.434634974533111
config.CONGESTION_TYPE, slugifiedstring, i, key, value[2], value[0], value[1] : RECURRENT recurrent-mumbai-20-1-2-3-4-5-6-7-8-9-10-11-12-13-14-15-16-17-18-19-20-21-22-23-24 15 non_metered_count -0.002533114554558723 0.02379016752489734 -9.391666666666666
config.CONGESTION_TYPE, slugifiedstring, i, key, value[2], value[0], value[1] : RECURRENT recurrent-mumbai-20-1-2-3-4-5-6-7-8-9-10-11-12-13-14-15-16-17-18-19-20-21-22-23-24 16 streets_per_node_count_2 0.19836952328898314 0.16760200539110054 0.844897959183676
config.CONGESTION_TYPE, slugifiedstring, i, key, value[2], value[0], value[1] : RECURRENT recurrent-mumbai-30-1-2-3-4-5-6-7-8-9-10-11-12-13-14-15-16-17-18-19-20-21-22-23-24 0 streets_per_node_count_6 -0.02490281600874858 0.09439089593834567 -3.7903703703703755
config.CONGESTION_TYPE, slugifiedstring, i, key, value[2], value[0], value[1] : RECURRENT recurrent-mumbai-30-1-2-3-4-5-6-7-8-9-10-11-12-13-14-15-16-17-18-19-20-21-22-23-24 1 k_avg 0.006390423238559097 0.06431020726545998 10.063528637261363
config.CONGESTION_TYPE, slugifiedstring, i, key, value[2], value[0], value[1] : RECURRENT recurrent-mumbai-30-1-2-3-4-5-6-7-8-9-10-11-12-13-14-15-16-17-18-19-20-21-22-23-24 2 mean_lanes 0.011655174845000494 0.08172174920389887 7.011627906976749
config.CONGESTION_TYPE, slugifiedstring, i, key, value[2], value[0], value[1] : RECURRENT recurrent-mumbai-30-1-2-3-4-5-6-7-8-9-10-11-12-13-14-15-16-17-18-19-20-21-22-23-24 3 streets_per_node_avg 0.1936030841533138 0.15287408481307146 0.7896262886597967
config.CONGESTION_TYPE, slugifiedstring, i, key, value[2], value[0], value[1] : RECURRENT recurrent-mumbai-30-1-2-3-4-5-6-7-8-9-10-11-12-13-14-15-16-17-18-19-20-21-22-23-24 4 betweenness 0.00359348483042891 0.05356950842749343 14.907397959183676
config.CONGESTION_TYPE, slugifiedstring, i, key, value[2], value[0], value[1] : RECURRENT recurrent-mumbai-30-1-2-3-4-5-6-7-8-9-10-11-12-13-14-15-16-17-18-19-20-21-22-23-24 5 streets_per_node_count_5 0.012877997287098781 0.07735364667572187 6.006651884700659
config.CONGESTION_TYPE, slugifiedstring, i, key, value[2], value[0], value[1] : RECURRENT recurrent-mumbai-30-1-2-3-4-5-6-7-8-9-10-11-12-13-14-15-16-17-18-19-20-21-22-23-24 6 metered_count -0.03134492545147343 0.13979606877624134 -4.459926663174436
config.CONGESTION_TYPE, slugifiedstring, i, key, value[2], value[0], value[1] : RECURRENT recurrent-mumbai-30-1-2-3-4-5-6-7-8-9-10-11-12-13-14-15-16-17-18-19-20-21-22-23-24 7 streets_per_node_count_4 -0.03134492545147343 0.13979606877624134 -4.459926663174436
config.CONGESTION_TYPE, slugifiedstring, i, key, value[2], value[0], value[1] : RECURRENT recurrent-mumbai-30-1-2-3-4-5-6-7-8-9-10-11-12-13-14-15-16-17-18-19-20-21-22-23-24 8 streets_per_node_count_3 -0.06141499607676861 0.13274766393378296 -2.1614861583292893
config.CONGESTION_TYPE, slugifiedstring, i, key, value[2], value[0], value[1] : RECURRENT recurrent-mumbai-30-1-2-3-4-5-6-7-8-9-10-11-12-13-14-15-16-17-18-19-20-21-22-23-24 9 global_betweenness 0.02180065980621483 0.10140451135823483 4.651442307692307
config.CONGESTION_TYPE, slugifiedstring, i, key, value[2], value[0], value[1] : RECURRENT recurrent-mumbai-30-1-2-3-4-5-6-7-8-9-10-11-12-13-14-15-16-17-18-19-20-21-22-23-24 10 m 0.02238021021808336 0.13142006252032873 5.872154963680387
config.CONGESTION_TYPE, slugifiedstring, i, key, value[2], value[0], value[1] : RECURRENT recurrent-mumbai-30-1-2-3-4-5-6-7-8-9-10-11-12-13-14-15-16-17-18-19-20-21-22-23-24 11 n 0.009129119870828152 0.09341986367816216 10.23317307692308
config.CONGESTION_TYPE, slugifiedstring, i, key, value[2], value[0], value[1] : RECURRENT recurrent-mumbai-30-1-2-3-4-5-6-7-8-9-10-11-12-13-14-15-16-17-18-19-20-21-22-23-24 12 streets_per_node_count_1 0.009129119870828152 0.09341986367816216 10.23317307692308
config.CONGESTION_TYPE, slugifiedstring, i, key, value[2], value[0], value[1] : RECURRENT recurrent-mumbai-30-1-2-3-4-5-6-7-8-9-10-11-12-13-14-15-16-17-18-19-20-21-22-23-24 13 total_crossings -0.00821961001720171 0.12243395851203936 -14.895348837209298
config.CONGESTION_TYPE, slugifiedstring, i, key, value[2], value[0], value[1] : RECURRENT recurrent-mumbai-30-1-2-3-4-5-6-7-8-9-10-11-12-13-14-15-16-17-18-19-20-21-22-23-24 14 circuity_avg -0.0031659936158376953 0.009718864123036618 -3.0697674418604564
config.CONGESTION_TYPE, slugifiedstring, i, key, value[2], value[0], value[1] : RECURRENT recurrent-mumbai-30-1-2-3-4-5-6-7-8-9-10-11-12-13-14-15-16-17-18-19-20-21-22-23-24 15 non_metered_count -0.002162025907783843 0.02511529878061755 -11.616557734204797
config.CONGESTION_TYPE, slugifiedstring, i, key, value[2], value[0], value[1] : RECURRENT recurrent-mumbai-30-1-2-3-4-5-6-7-8-9-10-11-12-13-14-15-16-17-18-19-20-21-22-23-24 16 streets_per_node_count_2 0.008544769829337434 0.11669496245244376 13.65688775510204
config.CONGESTION_TYPE, slugifiedstring, i, key, value[2], value[0], value[1] : RECURRENT recurrent-mumbai-40-1-2-3-4-5-6-7-8-9-10-11-12-13-14-15-16-17-18-19-20-21-22-23-24 0 streets_per_node_count_6 -0.00936183761184861 0.08724983952674475 -9.319734345351051
config.CONGESTION_TYPE, slugifiedstring, i, key, value[2], value[0], value[1] : RECURRENT recurrent-mumbai-40-1-2-3-4-5-6-7-8-9-10-11-12-13-14-15-16-17-18-19-20-21-22-23-24 1 k_avg 0.007377223731024835 0.049417941018724 6.698717948717942
config.CONGESTION_TYPE, slugifiedstring, i, key, value[2], value[0], value[1] : RECURRENT recurrent-mumbai-40-1-2-3-4-5-6-7-8-9-10-11-12-13-14-15-16-17-18-19-20-21-22-23-24 2 mean_lanes 0.006852712714749863 0.24283559158011514 35.43641791044776
config.CONGESTION_TYPE, slugifiedstring, i, key, value[2], value[0], value[1] : RECURRENT recurrent-mumbai-40-1-2-3-4-5-6-7-8-9-10-11-12-13-14-15-16-17-18-19-20-21-22-23-24 3 streets_per_node_avg 0.005034835308960976 0.13400228397498254 26.615028248587578
config.CONGESTION_TYPE, slugifiedstring, i, key, value[2], value[0], value[1] : RECURRENT recurrent-mumbai-40-1-2-3-4-5-6-7-8-9-10-11-12-13-14-15-16-17-18-19-20-21-22-23-24 4 betweenness 0.0046841993525899754 0.05978193022484719 12.762464985994399
config.CONGESTION_TYPE, slugifiedstring, i, key, value[2], value[0], value[1] : RECURRENT recurrent-mumbai-40-1-2-3-4-5-6-7-8-9-10-11-12-13-14-15-16-17-18-19-20-21-22-23-24 5 streets_per_node_count_5 0.004219775836583728 0.0966734414254268 22.90961538461538
config.CONGESTION_TYPE, slugifiedstring, i, key, value[2], value[0], value[1] : RECURRENT recurrent-mumbai-40-1-2-3-4-5-6-7-8-9-10-11-12-13-14-15-16-17-18-19-20-21-22-23-24 6 metered_count -0.003451378961715562 0.12497603749626082 -36.21046511627907
config.CONGESTION_TYPE, slugifiedstring, i, key, value[2], value[0], value[1] : RECURRENT recurrent-mumbai-40-1-2-3-4-5-6-7-8-9-10-11-12-13-14-15-16-17-18-19-20-21-22-23-24 7 streets_per_node_count_4 -0.003451378961715562 0.12497603749626082 -36.21046511627907
config.CONGESTION_TYPE, slugifiedstring, i, key, value[2], value[0], value[1] : RECURRENT recurrent-mumbai-40-1-2-3-4-5-6-7-8-9-10-11-12-13-14-15-16-17-18-19-20-21-22-23-24 8 streets_per_node_count_3 -0.014021116531322542 0.10390965442577996 -7.410940076965375
config.CONGESTION_TYPE, slugifiedstring, i, key, value[2], value[0], value[1] : RECURRENT recurrent-mumbai-40-1-2-3-4-5-6-7-8-9-10-11-12-13-14-15-16-17-18-19-20-21-22-23-24 9 global_betweenness 0.004845509709008812 0.12578334990508855 25.95874478823788
config.CONGESTION_TYPE, slugifiedstring, i, key, value[2], value[0], value[1] : RECURRENT recurrent-mumbai-40-1-2-3-4-5-6-7-8-9-10-11-12-13-14-15-16-17-18-19-20-21-22-23-24 10 m 0.007141937527995339 0.11595909477272431 16.236363636363635
config.CONGESTION_TYPE, slugifiedstring, i, key, value[2], value[0], value[1] : RECURRENT recurrent-mumbai-40-1-2-3-4-5-6-7-8-9-10-11-12-13-14-15-16-17-18-19-20-21-22-23-24 11 n 0.011689197269814405 0.11590912940324674 9.915918666422428
config.CONGESTION_TYPE, slugifiedstring, i, key, value[2], value[0], value[1] : RECURRENT recurrent-mumbai-40-1-2-3-4-5-6-7-8-9-10-11-12-13-14-15-16-17-18-19-20-21-22-23-24 12 streets_per_node_count_1 0.011689197269814405 0.11590912940324674 9.915918666422428
config.CONGESTION_TYPE, slugifiedstring, i, key, value[2], value[0], value[1] : RECURRENT recurrent-mumbai-40-1-2-3-4-5-6-7-8-9-10-11-12-13-14-15-16-17-18-19-20-21-22-23-24 13 total_crossings -0.005472342552577707 0.2168090526738327 -39.61905721192588
config.CONGESTION_TYPE, slugifiedstring, i, key, value[2], value[0], value[1] : RECURRENT recurrent-mumbai-40-1-2-3-4-5-6-7-8-9-10-11-12-13-14-15-16-17-18-19-20-21-22-23-24 14 circuity_avg 0.016012582054852623 0.03422582858095914 2.137433454749228
config.CONGESTION_TYPE, slugifiedstring, i, key, value[2], value[0], value[1] : RECURRENT recurrent-mumbai-40-1-2-3-4-5-6-7-8-9-10-11-12-13-14-15-16-17-18-19-20-21-22-23-24 15 non_metered_count -0.001147452199964635 0.032723767797422365 -28.518632670215737
config.CONGESTION_TYPE, slugifiedstring, i, key, value[2], value[0], value[1] : RECURRENT recurrent-mumbai-40-1-2-3-4-5-6-7-8-9-10-11-12-13-14-15-16-17-18-19-20-21-22-23-24 16 streets_per_node_count_2 0.01030401635497125 0.08175130512727376 7.933926180914128
config.CONGESTION_TYPE, slugifiedstring, i, key, value[2], value[0], value[1] : RECURRENT recurrent-mumbai-60-1-2-3-4-5-6-7-8-9-10-11-12-13-14-15-16-17-18-19-20-21-22-23-24 0 streets_per_node_count_6 -0.021887944325246957 0.08302720836125838 -3.7932848844781404
config.CONGESTION_TYPE, slugifiedstring, i, key, value[2], value[0], value[1] : RECURRENT recurrent-mumbai-60-1-2-3-4-5-6-7-8-9-10-11-12-13-14-15-16-17-18-19-20-21-22-23-24 1 k_avg 0.0013254292716249401 0.06485539572175032 48.93161567364464
config.CONGESTION_TYPE, slugifiedstring, i, key, value[2], value[0], value[1] : RECURRENT recurrent-mumbai-60-1-2-3-4-5-6-7-8-9-10-11-12-13-14-15-16-17-18-19-20-21-22-23-24 2 mean_lanes 0.0021479457281573366 0.12220916215828515 56.89583333333334
config.CONGESTION_TYPE, slugifiedstring, i, key, value[2], value[0], value[1] : RECURRENT recurrent-mumbai-60-1-2-3-4-5-6-7-8-9-10-11-12-13-14-15-16-17-18-19-20-21-22-23-24 3 streets_per_node_avg 0.013799606267242553 0.06293081035221984 4.560333761232357
config.CONGESTION_TYPE, slugifiedstring, i, key, value[2], value[0], value[1] : RECURRENT recurrent-mumbai-60-1-2-3-4-5-6-7-8-9-10-11-12-13-14-15-16-17-18-19-20-21-22-23-24 4 betweenness 0.0038446485027753457 0.055855323248215114 14.528070175438586
config.CONGESTION_TYPE, slugifiedstring, i, key, value[2], value[0], value[1] : RECURRENT recurrent-mumbai-60-1-2-3-4-5-6-7-8-9-10-11-12-13-14-15-16-17-18-19-20-21-22-23-24 5 streets_per_node_count_5 -0.04468292309660734 0.10585528620047906 -2.3690322580645216
config.CONGESTION_TYPE, slugifiedstring, i, key, value[2], value[0], value[1] : RECURRENT recurrent-mumbai-60-1-2-3-4-5-6-7-8-9-10-11-12-13-14-15-16-17-18-19-20-21-22-23-24 6 metered_count -0.005967623198403266 0.12580130445583912 -21.08063801506424
config.CONGESTION_TYPE, slugifiedstring, i, key, value[2], value[0], value[1] : RECURRENT recurrent-mumbai-60-1-2-3-4-5-6-7-8-9-10-11-12-13-14-15-16-17-18-19-20-21-22-23-24 7 streets_per_node_count_4 -0.005967623198403266 0.12580130445583912 -21.08063801506424
config.CONGESTION_TYPE, slugifiedstring, i, key, value[2], value[0], value[1] : RECURRENT recurrent-mumbai-60-1-2-3-4-5-6-7-8-9-10-11-12-13-14-15-16-17-18-19-20-21-22-23-24 8 streets_per_node_count_3 -0.35180785347127685 0.10993995420977401 -0.3125
config.CONGESTION_TYPE, slugifiedstring, i, key, value[2], value[0], value[1] : RECURRENT recurrent-mumbai-60-1-2-3-4-5-6-7-8-9-10-11-12-13-14-15-16-17-18-19-20-21-22-23-24 9 global_betweenness 0.009388977836313045 0.14036825091231037 14.950322959483259
config.CONGESTION_TYPE, slugifiedstring, i, key, value[2], value[0], value[1] : RECURRENT recurrent-mumbai-60-1-2-3-4-5-6-7-8-9-10-11-12-13-14-15-16-17-18-19-20-21-22-23-24 10 m 0.0035943152068811015 0.10886181551486532 30.287220026350468
config.CONGESTION_TYPE, slugifiedstring, i, key, value[2], value[0], value[1] : RECURRENT recurrent-mumbai-60-1-2-3-4-5-6-7-8-9-10-11-12-13-14-15-16-17-18-19-20-21-22-23-24 11 n 0.0030982014539419093 0.08517307265726226 27.491134428619773
config.CONGESTION_TYPE, slugifiedstring, i, key, value[2], value[0], value[1] : RECURRENT recurrent-mumbai-60-1-2-3-4-5-6-7-8-9-10-11-12-13-14-15-16-17-18-19-20-21-22-23-24 12 streets_per_node_count_1 0.0030982014539419093 0.08517307265726226 27.491134428619773
config.CONGESTION_TYPE, slugifiedstring, i, key, value[2], value[0], value[1] : RECURRENT recurrent-mumbai-60-1-2-3-4-5-6-7-8-9-10-11-12-13-14-15-16-17-18-19-20-21-22-23-24 13 total_crossings -0.0033404752189360246 0.22065750287402122 -66.05572213893055
config.CONGESTION_TYPE, slugifiedstring, i, key, value[2], value[0], value[1] : RECURRENT recurrent-mumbai-60-1-2-3-4-5-6-7-8-9-10-11-12-13-14-15-16-17-18-19-20-21-22-23-24 14 circuity_avg 0.003222814598955737 0.020669808565679015 6.413589094568607
config.CONGESTION_TYPE, slugifiedstring, i, key, value[2], value[0], value[1] : RECURRENT recurrent-mumbai-60-1-2-3-4-5-6-7-8-9-10-11-12-13-14-15-16-17-18-19-20-21-22-23-24 15 non_metered_count -0.0015644356573953965 0.04413259306401706 -28.20991253644314
config.CONGESTION_TYPE, slugifiedstring, i, key, value[2], value[0], value[1] : RECURRENT recurrent-mumbai-60-1-2-3-4-5-6-7-8-9-10-11-12-13-14-15-16-17-18-19-20-21-22-23-24 16 streets_per_node_count_2 0.005748281864283786 0.11096896928695558 19.304719550453342
config.CONGESTION_TYPE, slugifiedstring, i, key, value[2], value[0], value[1] : RECURRENT recurrent-mumbai-70-1-2-3-4-5-6-7-8-9-10-11-12-13-14-15-16-17-18-19-20-21-22-23-24 0 streets_per_node_count_6 -0.003208161101918167 0.11264374140702141 -35.11162246174965
config.CONGESTION_TYPE, slugifiedstring, i, key, value[2], value[0], value[1] : RECURRENT recurrent-mumbai-70-1-2-3-4-5-6-7-8-9-10-11-12-13-14-15-16-17-18-19-20-21-22-23-24 1 k_avg 0.002167389896148157 0.06606013072410374 30.47911722828667
config.CONGESTION_TYPE, slugifiedstring, i, key, value[2], value[0], value[1] : RECURRENT recurrent-mumbai-70-1-2-3-4-5-6-7-8-9-10-11-12-13-14-15-16-17-18-19-20-21-22-23-24 2 mean_lanes 0.0030137765028026343 0.13621441347272695 45.197251138581635
config.CONGESTION_TYPE, slugifiedstring, i, key, value[2], value[0], value[1] : RECURRENT recurrent-mumbai-70-1-2-3-4-5-6-7-8-9-10-11-12-13-14-15-16-17-18-19-20-21-22-23-24 3 streets_per_node_avg 0.012994764386368696 0.08223458978755534 6.328286326900866
config.CONGESTION_TYPE, slugifiedstring, i, key, value[2], value[0], value[1] : RECURRENT recurrent-mumbai-70-1-2-3-4-5-6-7-8-9-10-11-12-13-14-15-16-17-18-19-20-21-22-23-24 4 betweenness 0.003950947994796116 0.07916409731623661 20.03673483440062
config.CONGESTION_TYPE, slugifiedstring, i, key, value[2], value[0], value[1] : RECURRENT recurrent-mumbai-70-1-2-3-4-5-6-7-8-9-10-11-12-13-14-15-16-17-18-19-20-21-22-23-24 5 streets_per_node_count_5 -0.008051450023661715 0.10304591116690365 -12.798428961748613
config.CONGESTION_TYPE, slugifiedstring, i, key, value[2], value[0], value[1] : RECURRENT recurrent-mumbai-70-1-2-3-4-5-6-7-8-9-10-11-12-13-14-15-16-17-18-19-20-21-22-23-24 6 metered_count -0.0048009074644078525 0.17043784334138723 -35.5011723523001
config.CONGESTION_TYPE, slugifiedstring, i, key, value[2], value[0], value[1] : RECURRENT recurrent-mumbai-70-1-2-3-4-5-6-7-8-9-10-11-12-13-14-15-16-17-18-19-20-21-22-23-24 7 streets_per_node_count_4 -0.0048009074644078525 0.17043784334138723 -35.5011723523001
config.CONGESTION_TYPE, slugifiedstring, i, key, value[2], value[0], value[1] : RECURRENT recurrent-mumbai-70-1-2-3-4-5-6-7-8-9-10-11-12-13-14-15-16-17-18-19-20-21-22-23-24 8 streets_per_node_count_3 -0.006387166843160374 0.1650600207947956 -25.842447026657567
config.CONGESTION_TYPE, slugifiedstring, i, key, value[2], value[0], value[1] : RECURRENT recurrent-mumbai-70-1-2-3-4-5-6-7-8-9-10-11-12-13-14-15-16-17-18-19-20-21-22-23-24 9 global_betweenness 0.007272054835245237 0.18917696707615655 26.014238253440908
config.CONGESTION_TYPE, slugifiedstring, i, key, value[2], value[0], value[1] : RECURRENT recurrent-mumbai-70-1-2-3-4-5-6-7-8-9-10-11-12-13-14-15-16-17-18-19-20-21-22-23-24 10 m 0.0018335490812730216 0.0727083402195509 39.654428104575175
config.CONGESTION_TYPE, slugifiedstring, i, key, value[2], value[0], value[1] : RECURRENT recurrent-mumbai-70-1-2-3-4-5-6-7-8-9-10-11-12-13-14-15-16-17-18-19-20-21-22-23-24 11 n 0.001891894993036357 0.06094354334049524 32.21296296296296
config.CONGESTION_TYPE, slugifiedstring, i, key, value[2], value[0], value[1] : RECURRENT recurrent-mumbai-70-1-2-3-4-5-6-7-8-9-10-11-12-13-14-15-16-17-18-19-20-21-22-23-24 12 streets_per_node_count_1 0.001891894993036357 0.06094354334049524 32.21296296296296
config.CONGESTION_TYPE, slugifiedstring, i, key, value[2], value[0], value[1] : RECURRENT recurrent-mumbai-70-1-2-3-4-5-6-7-8-9-10-11-12-13-14-15-16-17-18-19-20-21-22-23-24 13 total_crossings -0.0040634004534252565 0.15046504801069643 -37.029342723004675
config.CONGESTION_TYPE, slugifiedstring, i, key, value[2], value[0], value[1] : RECURRENT recurrent-mumbai-70-1-2-3-4-5-6-7-8-9-10-11-12-13-14-15-16-17-18-19-20-21-22-23-24 14 circuity_avg 0.002726314522833837 0.0793455771713037 29.103603603603602
config.CONGESTION_TYPE, slugifiedstring, i, key, value[2], value[0], value[1] : RECURRENT recurrent-mumbai-70-1-2-3-4-5-6-7-8-9-10-11-12-13-14-15-16-17-18-19-20-21-22-23-24 15 non_metered_count 0.004618571130365731 0.012956659727886443 2.805339435545392
config.CONGESTION_TYPE, slugifiedstring, i, key, value[2], value[0], value[1] : RECURRENT recurrent-mumbai-70-1-2-3-4-5-6-7-8-9-10-11-12-13-14-15-16-17-18-19-20-21-22-23-24 16 streets_per_node_count_2 0.0011584591599798936 0.07709059992071689 66.54580721003137
config.CONGESTION_TYPE, slugifiedstring, i, key, value[2], value[0], value[1] : RECURRENT recurrent-mumbai-80-1-2-3-4-5-6-7-8-9-10-11-12-13-14-15-16-17-18-19-20-21-22-23-24 0 streets_per_node_count_6 -0.005054678027734235 0.11447373923049001 -22.647088222511968
config.CONGESTION_TYPE, slugifiedstring, i, key, value[2], value[0], value[1] : RECURRENT recurrent-mumbai-80-1-2-3-4-5-6-7-8-9-10-11-12-13-14-15-16-17-18-19-20-21-22-23-24 1 k_avg 0.00206564174355936 0.11001175185047908 53.25790505226479
config.CONGESTION_TYPE, slugifiedstring, i, key, value[2], value[0], value[1] : RECURRENT recurrent-mumbai-80-1-2-3-4-5-6-7-8-9-10-11-12-13-14-15-16-17-18-19-20-21-22-23-24 2 mean_lanes 0.0031999545425451066 0.09751354167117314 30.473414660951732
config.CONGESTION_TYPE, slugifiedstring, i, key, value[2], value[0], value[1] : RECURRENT recurrent-mumbai-80-1-2-3-4-5-6-7-8-9-10-11-12-13-14-15-16-17-18-19-20-21-22-23-24 3 streets_per_node_avg 0.005030601604391748 0.06509211397136741 12.939230551380092
config.CONGESTION_TYPE, slugifiedstring, i, key, value[2], value[0], value[1] : RECURRENT recurrent-mumbai-80-1-2-3-4-5-6-7-8-9-10-11-12-13-14-15-16-17-18-19-20-21-22-23-24 4 betweenness 0.005661811902617836 0.06433603488361189 11.363152995927862
config.CONGESTION_TYPE, slugifiedstring, i, key, value[2], value[0], value[1] : RECURRENT recurrent-mumbai-80-1-2-3-4-5-6-7-8-9-10-11-12-13-14-15-16-17-18-19-20-21-22-23-24 5 streets_per_node_count_5 -0.006031231890744384 0.11516800502309466 -19.095270602981316
config.CONGESTION_TYPE, slugifiedstring, i, key, value[2], value[0], value[1] : RECURRENT recurrent-mumbai-80-1-2-3-4-5-6-7-8-9-10-11-12-13-14-15-16-17-18-19-20-21-22-23-24 6 metered_count -0.0030979331649486535 0.21565013507678996 -69.61097079715864
config.CONGESTION_TYPE, slugifiedstring, i, key, value[2], value[0], value[1] : RECURRENT recurrent-mumbai-80-1-2-3-4-5-6-7-8-9-10-11-12-13-14-15-16-17-18-19-20-21-22-23-24 7 streets_per_node_count_4 -0.0030979331649486535 0.21565013507678996 -69.61097079715864
config.CONGESTION_TYPE, slugifiedstring, i, key, value[2], value[0], value[1] : RECURRENT recurrent-mumbai-80-1-2-3-4-5-6-7-8-9-10-11-12-13-14-15-16-17-18-19-20-21-22-23-24 8 streets_per_node_count_3 -0.004734967406934864 0.113077881088439 -23.88144867118291
config.CONGESTION_TYPE, slugifiedstring, i, key, value[2], value[0], value[1] : RECURRENT recurrent-mumbai-80-1-2-3-4-5-6-7-8-9-10-11-12-13-14-15-16-17-18-19-20-21-22-23-24 9 global_betweenness 0.08165798626683513 0.24441238269937177 2.9931228269663848
config.CONGESTION_TYPE, slugifiedstring, i, key, value[2], value[0], value[1] : RECURRENT recurrent-mumbai-80-1-2-3-4-5-6-7-8-9-10-11-12-13-14-15-16-17-18-19-20-21-22-23-24 10 m 0.0022435496849835313 0.07808548125673057 34.804435925520295
config.CONGESTION_TYPE, slugifiedstring, i, key, value[2], value[0], value[1] : RECURRENT recurrent-mumbai-80-1-2-3-4-5-6-7-8-9-10-11-12-13-14-15-16-17-18-19-20-21-22-23-24 11 n 0.0024139962014354047 0.08716739072438494 36.109166481933016
config.CONGESTION_TYPE, slugifiedstring, i, key, value[2], value[0], value[1] : RECURRENT recurrent-mumbai-80-1-2-3-4-5-6-7-8-9-10-11-12-13-14-15-16-17-18-19-20-21-22-23-24 12 streets_per_node_count_1 0.0024139962014354047 0.08716739072438494 36.109166481933016
config.CONGESTION_TYPE, slugifiedstring, i, key, value[2], value[0], value[1] : RECURRENT recurrent-mumbai-80-1-2-3-4-5-6-7-8-9-10-11-12-13-14-15-16-17-18-19-20-21-22-23-24 13 total_crossings -0.003454865766858673 0.19615441461791927 -56.776276664511954
config.CONGESTION_TYPE, slugifiedstring, i, key, value[2], value[0], value[1] : RECURRENT recurrent-mumbai-80-1-2-3-4-5-6-7-8-9-10-11-12-13-14-15-16-17-18-19-20-21-22-23-24 14 circuity_avg -0.03062873237657019 0.023896189630352505 -0.7801886586933051
config.CONGESTION_TYPE, slugifiedstring, i, key, value[2], value[0], value[1] : RECURRENT recurrent-mumbai-80-1-2-3-4-5-6-7-8-9-10-11-12-13-14-15-16-17-18-19-20-21-22-23-24 15 non_metered_count 0.004094098550409396 0.019912607869939022 4.863734378828724
config.CONGESTION_TYPE, slugifiedstring, i, key, value[2], value[0], value[1] : RECURRENT recurrent-mumbai-80-1-2-3-4-5-6-7-8-9-10-11-12-13-14-15-16-17-18-19-20-21-22-23-24 16 streets_per_node_count_2 0.0033047046911171105 0.15606462239628238 47.22498286027695
config.CONGESTION_TYPE, slugifiedstring, i, key, value[2], value[0], value[1] : RECURRENT recurrent-mumbai-90-1-2-3-4-5-6-7-8-9-10-11-12-13-14-15-16-17-18-19-20-21-22-23-24 0 streets_per_node_count_6 -0.006977487775597778 0.1306086288127073 -18.718575082206826
config.CONGESTION_TYPE, slugifiedstring, i, key, value[2], value[0], value[1] : RECURRENT recurrent-mumbai-90-1-2-3-4-5-6-7-8-9-10-11-12-13-14-15-16-17-18-19-20-21-22-23-24 1 k_avg 0.002380862387296463 0.08333734564327244 35.003008190618004
config.CONGESTION_TYPE, slugifiedstring, i, key, value[2], value[0], value[1] : RECURRENT recurrent-mumbai-90-1-2-3-4-5-6-7-8-9-10-11-12-13-14-15-16-17-18-19-20-21-22-23-24 2 mean_lanes 0.002068048257464378 0.13834884911007503 66.89826923076919
config.CONGESTION_TYPE, slugifiedstring, i, key, value[2], value[0], value[1] : RECURRENT recurrent-mumbai-90-1-2-3-4-5-6-7-8-9-10-11-12-13-14-15-16-17-18-19-20-21-22-23-24 3 streets_per_node_avg 0.03637463337739715 0.07279546586870639 2.001270091534195
config.CONGESTION_TYPE, slugifiedstring, i, key, value[2], value[0], value[1] : RECURRENT recurrent-mumbai-90-1-2-3-4-5-6-7-8-9-10-11-12-13-14-15-16-17-18-19-20-21-22-23-24 4 betweenness -0.007806986597346979 0.08383535801461295 -10.738504155124645
config.CONGESTION_TYPE, slugifiedstring, i, key, value[2], value[0], value[1] : RECURRENT recurrent-mumbai-90-1-2-3-4-5-6-7-8-9-10-11-12-13-14-15-16-17-18-19-20-21-22-23-24 5 streets_per_node_count_5 0.03181738455710438 0.11927553052944583 3.748753462603929
config.CONGESTION_TYPE, slugifiedstring, i, key, value[2], value[0], value[1] : RECURRENT recurrent-mumbai-90-1-2-3-4-5-6-7-8-9-10-11-12-13-14-15-16-17-18-19-20-21-22-23-24 6 metered_count -0.0036262972924763584 0.21933671300718455 -60.48503344230829
config.CONGESTION_TYPE, slugifiedstring, i, key, value[2], value[0], value[1] : RECURRENT recurrent-mumbai-90-1-2-3-4-5-6-7-8-9-10-11-12-13-14-15-16-17-18-19-20-21-22-23-24 7 streets_per_node_count_4 -0.0036262972924763584 0.21933671300718455 -60.48503344230829
config.CONGESTION_TYPE, slugifiedstring, i, key, value[2], value[0], value[1] : RECURRENT recurrent-mumbai-90-1-2-3-4-5-6-7-8-9-10-11-12-13-14-15-16-17-18-19-20-21-22-23-24 8 streets_per_node_count_3 -0.0025543128412175986 0.16081748436880083 -62.95919660809511
config.CONGESTION_TYPE, slugifiedstring, i, key, value[2], value[0], value[1] : RECURRENT recurrent-mumbai-90-1-2-3-4-5-6-7-8-9-10-11-12-13-14-15-16-17-18-19-20-21-22-23-24 9 global_betweenness 0.012172964902552172 0.18481931779817598 15.18276929882768
config.CONGESTION_TYPE, slugifiedstring, i, key, value[2], value[0], value[1] : RECURRENT recurrent-mumbai-90-1-2-3-4-5-6-7-8-9-10-11-12-13-14-15-16-17-18-19-20-21-22-23-24 10 m 0.0040694992581920214 0.10188834663929758 25.037072173976526
config.CONGESTION_TYPE, slugifiedstring, i, key, value[2], value[0], value[1] : RECURRENT recurrent-mumbai-90-1-2-3-4-5-6-7-8-9-10-11-12-13-14-15-16-17-18-19-20-21-22-23-24 11 n 0.008743252112897917 0.09101322728459138 10.40953939213648
config.CONGESTION_TYPE, slugifiedstring, i, key, value[2], value[0], value[1] : RECURRENT recurrent-mumbai-90-1-2-3-4-5-6-7-8-9-10-11-12-13-14-15-16-17-18-19-20-21-22-23-24 12 streets_per_node_count_1 0.008743252112897917 0.09101322728459138 10.40953939213648
config.CONGESTION_TYPE, slugifiedstring, i, key, value[2], value[0], value[1] : RECURRENT recurrent-mumbai-90-1-2-3-4-5-6-7-8-9-10-11-12-13-14-15-16-17-18-19-20-21-22-23-24 13 total_crossings -0.0025048904280756397 0.1620932905178269 -64.710730936983
config.CONGESTION_TYPE, slugifiedstring, i, key, value[2], value[0], value[1] : RECURRENT recurrent-mumbai-90-1-2-3-4-5-6-7-8-9-10-11-12-13-14-15-16-17-18-19-20-21-22-23-24 14 circuity_avg 0.0020846706007205335 0.03526280748330467 16.915289864555405
config.CONGESTION_TYPE, slugifiedstring, i, key, value[2], value[0], value[1] : RECURRENT recurrent-mumbai-90-1-2-3-4-5-6-7-8-9-10-11-12-13-14-15-16-17-18-19-20-21-22-23-24 15 non_metered_count -0.0034645911167434595 0.01697350506684016 -4.8991365777080205
config.CONGESTION_TYPE, slugifiedstring, i, key, value[2], value[0], value[1] : RECURRENT recurrent-mumbai-90-1-2-3-4-5-6-7-8-9-10-11-12-13-14-15-16-17-18-19-20-21-22-23-24 16 streets_per_node_count_2 0.003031835198419265 0.09752834619953732 32.16808956185565
config.CONGESTION_TYPE, slugifiedstring, i, key, value[2], value[0], value[1] : RECURRENT recurrent-mumbai-25-1-2-3-4-5-6-7-8-9-10-11-12-13-14-15-16-17-18-19-20-21-22-23-24 0 streets_per_node_count_6 0.008728672946750254 0.10537658789337628 12.072463768115945
config.CONGESTION_TYPE, slugifiedstring, i, key, value[2], value[0], value[1] : RECURRENT recurrent-mumbai-25-1-2-3-4-5-6-7-8-9-10-11-12-13-14-15-16-17-18-19-20-21-22-23-24 1 k_avg 0.005521415434007055 0.08363756981352086 15.147849462365592
config.CONGESTION_TYPE, slugifiedstring, i, key, value[2], value[0], value[1] : RECURRENT recurrent-mumbai-25-1-2-3-4-5-6-7-8-9-10-11-12-13-14-15-16-17-18-19-20-21-22-23-24 2 mean_lanes 0.016730155616444045 0.24741036436389996 14.788288288288285
config.CONGESTION_TYPE, slugifiedstring, i, key, value[2], value[0], value[1] : RECURRENT recurrent-mumbai-25-1-2-3-4-5-6-7-8-9-10-11-12-13-14-15-16-17-18-19-20-21-22-23-24 3 streets_per_node_avg 0.007552184747709201 0.19452032946781167 25.756828780812782
config.CONGESTION_TYPE, slugifiedstring, i, key, value[2], value[0], value[1] : RECURRENT recurrent-mumbai-25-1-2-3-4-5-6-7-8-9-10-11-12-13-14-15-16-17-18-19-20-21-22-23-24 4 betweenness 0.011528973608543065 0.06926521347006732 6.007925407925406
config.CONGESTION_TYPE, slugifiedstring, i, key, value[2], value[0], value[1] : RECURRENT recurrent-mumbai-25-1-2-3-4-5-6-7-8-9-10-11-12-13-14-15-16-17-18-19-20-21-22-23-24 5 streets_per_node_count_5 0.0134786151569609 0.07344492891129946 5.448996655518393
config.CONGESTION_TYPE, slugifiedstring, i, key, value[2], value[0], value[1] : RECURRENT recurrent-mumbai-25-1-2-3-4-5-6-7-8-9-10-11-12-13-14-15-16-17-18-19-20-21-22-23-24 6 metered_count -0.05588519962891983 0.17401043764054952 -3.1137123745819366
config.CONGESTION_TYPE, slugifiedstring, i, key, value[2], value[0], value[1] : RECURRENT recurrent-mumbai-25-1-2-3-4-5-6-7-8-9-10-11-12-13-14-15-16-17-18-19-20-21-22-23-24 7 streets_per_node_count_4 -0.05588519962891983 0.17401043764054952 -3.1137123745819366
config.CONGESTION_TYPE, slugifiedstring, i, key, value[2], value[0], value[1] : RECURRENT recurrent-mumbai-25-1-2-3-4-5-6-7-8-9-10-11-12-13-14-15-16-17-18-19-20-21-22-23-24 8 streets_per_node_count_3 0.15082729668343825 0.09076098730249069 0.6017543859649166
config.CONGESTION_TYPE, slugifiedstring, i, key, value[2], value[0], value[1] : RECURRENT recurrent-mumbai-25-1-2-3-4-5-6-7-8-9-10-11-12-13-14-15-16-17-18-19-20-21-22-23-24 9 global_betweenness 0.05025172508669685 0.15726798625034777 3.12960372960373
config.CONGESTION_TYPE, slugifiedstring, i, key, value[2], value[0], value[1] : RECURRENT recurrent-mumbai-25-1-2-3-4-5-6-7-8-9-10-11-12-13-14-15-16-17-18-19-20-21-22-23-24 10 m 0.013826675351274097 0.07086171117527974 5.125
config.CONGESTION_TYPE, slugifiedstring, i, key, value[2], value[0], value[1] : RECURRENT recurrent-mumbai-25-1-2-3-4-5-6-7-8-9-10-11-12-13-14-15-16-17-18-19-20-21-22-23-24 11 n 0.01436666478531891 0.08295902392869338 5.774410774410775
config.CONGESTION_TYPE, slugifiedstring, i, key, value[2], value[0], value[1] : RECURRENT recurrent-mumbai-25-1-2-3-4-5-6-7-8-9-10-11-12-13-14-15-16-17-18-19-20-21-22-23-24 12 streets_per_node_count_1 0.01436666478531891 0.08295902392869338 5.774410774410775
config.CONGESTION_TYPE, slugifiedstring, i, key, value[2], value[0], value[1] : RECURRENT recurrent-mumbai-25-1-2-3-4-5-6-7-8-9-10-11-12-13-14-15-16-17-18-19-20-21-22-23-24 13 total_crossings -0.040429510181019694 0.11643357033527504 -2.8799154334038093
config.CONGESTION_TYPE, slugifiedstring, i, key, value[2], value[0], value[1] : RECURRENT recurrent-mumbai-25-1-2-3-4-5-6-7-8-9-10-11-12-13-14-15-16-17-18-19-20-21-22-23-24 14 circuity_avg -0.028591484150477155 0.03378993581420042 -1.181818181818187
config.CONGESTION_TYPE, slugifiedstring, i, key, value[2], value[0], value[1] : RECURRENT recurrent-mumbai-25-1-2-3-4-5-6-7-8-9-10-11-12-13-14-15-16-17-18-19-20-21-22-23-24 15 non_metered_count 0.0056006267523122846 0.019318898526973716 3.4494172494172517
config.CONGESTION_TYPE, slugifiedstring, i, key, value[2], value[0], value[1] : RECURRENT recurrent-mumbai-25-1-2-3-4-5-6-7-8-9-10-11-12-13-14-15-16-17-18-19-20-21-22-23-24 16 streets_per_node_count_2 0.012488333923549966 0.13858377615751188 11.097058823529416
config.CONGESTION_TYPE, slugifiedstring, i, key, value[2], value[0], value[1] : RECURRENT recurrent-mumbai-50-1-2-3-4-5-6-7-8-9-10-11-12-13-14-15-16-17-18-19-20-21-22-23-24 0 streets_per_node_count_6 0.008330419013013284 0.07682314922311838 9.222003011266281
config.CONGESTION_TYPE, slugifiedstring, i, key, value[2], value[0], value[1] : RECURRENT recurrent-mumbai-50-1-2-3-4-5-6-7-8-9-10-11-12-13-14-15-16-17-18-19-20-21-22-23-24 1 k_avg 0.002247227928499608 0.06893893287505268 30.677321156773218
config.CONGESTION_TYPE, slugifiedstring, i, key, value[2], value[0], value[1] : RECURRENT recurrent-mumbai-50-1-2-3-4-5-6-7-8-9-10-11-12-13-14-15-16-17-18-19-20-21-22-23-24 2 mean_lanes 0.005302259554637125 0.21835494220587376 41.181488751321126
config.CONGESTION_TYPE, slugifiedstring, i, key, value[2], value[0], value[1] : RECURRENT recurrent-mumbai-50-1-2-3-4-5-6-7-8-9-10-11-12-13-14-15-16-17-18-19-20-21-22-23-24 3 streets_per_node_avg 0.004697424184394049 0.0830842719570663 17.687198067632863
config.CONGESTION_TYPE, slugifiedstring, i, key, value[2], value[0], value[1] : RECURRENT recurrent-mumbai-50-1-2-3-4-5-6-7-8-9-10-11-12-13-14-15-16-17-18-19-20-21-22-23-24 4 betweenness 0.0022911074796037306 0.06591328149391229 28.769179133103194
config.CONGESTION_TYPE, slugifiedstring, i, key, value[2], value[0], value[1] : RECURRENT recurrent-mumbai-50-1-2-3-4-5-6-7-8-9-10-11-12-13-14-15-16-17-18-19-20-21-22-23-24 5 streets_per_node_count_5 0.005879064569815822 0.11134475300243132 18.93919545876318
config.CONGESTION_TYPE, slugifiedstring, i, key, value[2], value[0], value[1] : RECURRENT recurrent-mumbai-50-1-2-3-4-5-6-7-8-9-10-11-12-13-14-15-16-17-18-19-20-21-22-23-24 6 metered_count -0.0038059999601183212 0.18497859161971356 -48.60183750868009
config.CONGESTION_TYPE, slugifiedstring, i, key, value[2], value[0], value[1] : RECURRENT recurrent-mumbai-50-1-2-3-4-5-6-7-8-9-10-11-12-13-14-15-16-17-18-19-20-21-22-23-24 7 streets_per_node_count_4 -0.0038059999601183212 0.18497859161971356 -48.60183750868009
config.CONGESTION_TYPE, slugifiedstring, i, key, value[2], value[0], value[1] : RECURRENT recurrent-mumbai-50-1-2-3-4-5-6-7-8-9-10-11-12-13-14-15-16-17-18-19-20-21-22-23-24 8 streets_per_node_count_3 0.02283242270927641 0.09091170598201573 3.9816933638443857
config.CONGESTION_TYPE, slugifiedstring, i, key, value[2], value[0], value[1] : RECURRENT recurrent-mumbai-50-1-2-3-4-5-6-7-8-9-10-11-12-13-14-15-16-17-18-19-20-21-22-23-24 9 global_betweenness 0.010528840370578016 0.16016284511047446 15.211821955059406
config.CONGESTION_TYPE, slugifiedstring, i, key, value[2], value[0], value[1] : RECURRENT recurrent-mumbai-50-1-2-3-4-5-6-7-8-9-10-11-12-13-14-15-16-17-18-19-20-21-22-23-24 10 m 0.00593918483572453 0.10715379496464397 18.04183535762482
config.CONGESTION_TYPE, slugifiedstring, i, key, value[2], value[0], value[1] : RECURRENT recurrent-mumbai-50-1-2-3-4-5-6-7-8-9-10-11-12-13-14-15-16-17-18-19-20-21-22-23-24 11 n 0.0033640830305286637 0.08872301514511963 26.373610383563232
config.CONGESTION_TYPE, slugifiedstring, i, key, value[2], value[0], value[1] : RECURRENT recurrent-mumbai-50-1-2-3-4-5-6-7-8-9-10-11-12-13-14-15-16-17-18-19-20-21-22-23-24 12 streets_per_node_count_1 0.0033640830305286637 0.08872301514511963 26.373610383563232
config.CONGESTION_TYPE, slugifiedstring, i, key, value[2], value[0], value[1] : RECURRENT recurrent-mumbai-50-1-2-3-4-5-6-7-8-9-10-11-12-13-14-15-16-17-18-19-20-21-22-23-24 13 total_crossings -0.005645309862274091 0.11645987533242433 -20.629492122423727
config.CONGESTION_TYPE, slugifiedstring, i, key, value[2], value[0], value[1] : RECURRENT recurrent-mumbai-50-1-2-3-4-5-6-7-8-9-10-11-12-13-14-15-16-17-18-19-20-21-22-23-24 14 circuity_avg 0.001268459004018056 0.01855824600136429 14.63054457619674
config.CONGESTION_TYPE, slugifiedstring, i, key, value[2], value[0], value[1] : RECURRENT recurrent-mumbai-50-1-2-3-4-5-6-7-8-9-10-11-12-13-14-15-16-17-18-19-20-21-22-23-24 15 non_metered_count -0.0007109300328779428 0.02552273091518248 -35.90048209366391
config.CONGESTION_TYPE, slugifiedstring, i, key, value[2], value[0], value[1] : RECURRENT recurrent-mumbai-50-1-2-3-4-5-6-7-8-9-10-11-12-13-14-15-16-17-18-19-20-21-22-23-24 16 streets_per_node_count_2 0.007961110239600484 0.14780347510521014 18.5656862745098
config.CONGESTION_TYPE, slugifiedstring, i, key, value[2], value[0], value[1] : RECURRENT recurrent-mumbai-100-1-2-3-4-5-6-7-8-9-10-11-12-13-14-15-16-17-18-19-20-21-22-23-24 0 streets_per_node_count_6 -0.004175428712234152 0.06070215143690355 -14.537944632857489
config.CONGESTION_TYPE, slugifiedstring, i, key, value[2], value[0], value[1] : RECURRENT recurrent-mumbai-100-1-2-3-4-5-6-7-8-9-10-11-12-13-14-15-16-17-18-19-20-21-22-23-24 1 k_avg 0.0009081507241606175 0.07205022333118163 79.33729656800745
config.CONGESTION_TYPE, slugifiedstring, i, key, value[2], value[0], value[1] : RECURRENT recurrent-mumbai-100-1-2-3-4-5-6-7-8-9-10-11-12-13-14-15-16-17-18-19-20-21-22-23-24 2 mean_lanes 0.0013440781158133408 0.08847083367234845 65.82268741040559
config.CONGESTION_TYPE, slugifiedstring, i, key, value[2], value[0], value[1] : RECURRENT recurrent-mumbai-100-1-2-3-4-5-6-7-8-9-10-11-12-13-14-15-16-17-18-19-20-21-22-23-24 3 streets_per_node_avg 0.001312494650305713 0.06589457041250596 50.20559161681723
config.CONGESTION_TYPE, slugifiedstring, i, key, value[2], value[0], value[1] : RECURRENT recurrent-mumbai-100-1-2-3-4-5-6-7-8-9-10-11-12-13-14-15-16-17-18-19-20-21-22-23-24 4 betweenness 0.0073146873704887155 0.08518924336975871 11.646327321309286
config.CONGESTION_TYPE, slugifiedstring, i, key, value[2], value[0], value[1] : RECURRENT recurrent-mumbai-100-1-2-3-4-5-6-7-8-9-10-11-12-13-14-15-16-17-18-19-20-21-22-23-24 5 streets_per_node_count_5 0.7341776158542549 0.11711001598054634 0.15951183126753676
config.CONGESTION_TYPE, slugifiedstring, i, key, value[2], value[0], value[1] : RECURRENT recurrent-mumbai-100-1-2-3-4-5-6-7-8-9-10-11-12-13-14-15-16-17-18-19-20-21-22-23-24 6 metered_count -0.0023397058599142913 0.19547566175626224 -83.54710953428264
config.CONGESTION_TYPE, slugifiedstring, i, key, value[2], value[0], value[1] : RECURRENT recurrent-mumbai-100-1-2-3-4-5-6-7-8-9-10-11-12-13-14-15-16-17-18-19-20-21-22-23-24 7 streets_per_node_count_4 -0.0023397058599142913 0.19547566175626224 -83.54710953428264
config.CONGESTION_TYPE, slugifiedstring, i, key, value[2], value[0], value[1] : RECURRENT recurrent-mumbai-100-1-2-3-4-5-6-7-8-9-10-11-12-13-14-15-16-17-18-19-20-21-22-23-24 8 streets_per_node_count_3 0.017558655191409128 0.10487614577201596 5.972903085614917
config.CONGESTION_TYPE, slugifiedstring, i, key, value[2], value[0], value[1] : RECURRENT recurrent-mumbai-100-1-2-3-4-5-6-7-8-9-10-11-12-13-14-15-16-17-18-19-20-21-22-23-24 9 global_betweenness 0.06154536514549033 0.19509854869974635 3.1699957947855637
config.CONGESTION_TYPE, slugifiedstring, i, key, value[2], value[0], value[1] : RECURRENT recurrent-mumbai-100-1-2-3-4-5-6-7-8-9-10-11-12-13-14-15-16-17-18-19-20-21-22-23-24 10 m 0.0018313636996016992 0.0824654602585411 45.02953742966315
config.CONGESTION_TYPE, slugifiedstring, i, key, value[2], value[0], value[1] : RECURRENT recurrent-mumbai-100-1-2-3-4-5-6-7-8-9-10-11-12-13-14-15-16-17-18-19-20-21-22-23-24 11 n 0.002283473775677134 0.07852749777337872 34.38948964942347
config.CONGESTION_TYPE, slugifiedstring, i, key, value[2], value[0], value[1] : RECURRENT recurrent-mumbai-100-1-2-3-4-5-6-7-8-9-10-11-12-13-14-15-16-17-18-19-20-21-22-23-24 12 streets_per_node_count_1 0.002283473775677134 0.07852749777337872 34.38948964942347
config.CONGESTION_TYPE, slugifiedstring, i, key, value[2], value[0], value[1] : RECURRENT recurrent-mumbai-100-1-2-3-4-5-6-7-8-9-10-11-12-13-14-15-16-17-18-19-20-21-22-23-24 13 total_crossings -0.0022650942891305056 0.20612980499747208 -91.00274809160305
config.CONGESTION_TYPE, slugifiedstring, i, key, value[2], value[0], value[1] : RECURRENT recurrent-mumbai-100-1-2-3-4-5-6-7-8-9-10-11-12-13-14-15-16-17-18-19-20-21-22-23-24 14 circuity_avg 0.0008364995471121487 0.026768001124315287 32.00001866913925
config.CONGESTION_TYPE, slugifiedstring, i, key, value[2], value[0], value[1] : RECURRENT recurrent-mumbai-100-1-2-3-4-5-6-7-8-9-10-11-12-13-14-15-16-17-18-19-20-21-22-23-24 15 non_metered_count -0.0010198345001904442 0.05635201455641688 -55.25603864734296
config.CONGESTION_TYPE, slugifiedstring, i, key, value[2], value[0], value[1] : RECURRENT recurrent-mumbai-100-1-2-3-4-5-6-7-8-9-10-11-12-13-14-15-16-17-18-19-20-21-22-23-24 16 streets_per_node_count_2 0.0028051695880931884 0.1153408807987461 41.11725768321514
