Matplotlib is currently using agg, which is a non-GUI backend, so cannot show the figure.
Matplotlib is currently using agg, which is a non-GUI backend, so cannot show the figure.
Loaded config file: Prefix for name of road network object pickle file!
os.getcwd() : /home/niskumar/WCS/urbanscales/modelling
sorted_percentage_nan_per_column : maxspeed                         1.025641
n                                0.000000
lane_density                     0.000000
streets_per_node_proportion_6    0.000000
streets_per_node_count_6         0.000000
streets_per_node_proportion_5    0.000000
streets_per_node_count_5         0.000000
streets_per_node_proportion_4    0.000000
streets_per_node_count_4         0.000000
streets_per_node_proportion_3    0.000000
streets_per_node_count_3         0.000000
streets_per_node_proportion_2    0.000000
streets_per_node_count_2         0.000000
streets_per_node_proportion_1    0.000000
streets_per_node_count_1         0.000000
mean_lanes                       0.000000
m                                0.000000
betweenness                      0.000000
total_crossings                  0.000000
non_metered_count                0.000000
metered_count                    0.000000
self_loop_proportion             0.000000
circuity_avg                     0.000000
street_length_avg                0.000000
street_segment_count             0.000000
street_length_total              0.000000
streets_per_node_avg             0.000000
edge_length_avg                  0.000000
edge_length_total                0.000000
k_avg                            0.000000
global_betweenness               0.000000
dtype: float64
city, scale, tod, config.shift_tile_marker, X.shape, Y.shape : Capetown 20 [1, 2, 3, 4, 5, 6, 7, 8, 9, 10, 11, 12, 13, 14, 15, 16, 17, 18, 19, 20, 21, 22, 23, 24] 3 (195, 17) (195,)
X.shape, Y.shape, "Inside the model-fitting function" : (195, 17) (195,) Inside the model-fitting function
Dict: model_trials.best_params_
Key: Value
{'randomforestregressor__max_depth': 20,
 'randomforestregressor__max_features': 'sqrt',
 'randomforestregressor__n_estimators': 100}
Dict: model_trials.best_params_
Key: Value
{'xgbregressor__learning_rate': 0.01,
 'xgbregressor__max_depth': 10,
 'xgbregressor__n_estimators': 200}
Matplotlib is currently using agg, which is a non-GUI backend, so cannot show the figure.
config.CONGESTION_TYPE, slugifiedstring, i, key, value[2], value[0], value[1] : RECURRENT recurrent-capetown-20-1-2-3-4-5-6-7-8-9-10-11-12-13-14-15-16-17-18-19-20-21-22-23-24 0 streets_per_node_count_6 -0.0020769824065713463 0.044562434695156486 -21.45537417850329
config.CONGESTION_TYPE, slugifiedstring, i, key, value[2], value[0], value[1] : RECURRENT recurrent-capetown-20-1-2-3-4-5-6-7-8-9-10-11-12-13-14-15-16-17-18-19-20-21-22-23-24 1 n -0.0013362591051080445 0.03516426418997606 -26.315453384418902
config.CONGESTION_TYPE, slugifiedstring, i, key, value[2], value[0], value[1] : RECURRENT recurrent-capetown-20-1-2-3-4-5-6-7-8-9-10-11-12-13-14-15-16-17-18-19-20-21-22-23-24 2 total_crossings -0.00859482908099162 0.1678515754634922 -19.529367469879517
config.CONGESTION_TYPE, slugifiedstring, i, key, value[2], value[0], value[1] : RECURRENT recurrent-capetown-20-1-2-3-4-5-6-7-8-9-10-11-12-13-14-15-16-17-18-19-20-21-22-23-24 3 streets_per_node_count_1 -0.00859482908099162 0.1678515754634922 -19.529367469879517
config.CONGESTION_TYPE, slugifiedstring, i, key, value[2], value[0], value[1] : RECURRENT recurrent-capetown-20-1-2-3-4-5-6-7-8-9-10-11-12-13-14-15-16-17-18-19-20-21-22-23-24 4 streets_per_node_count_3 -0.004847650019618366 0.08531138434261248 -17.598503191723537
config.CONGESTION_TYPE, slugifiedstring, i, key, value[2], value[0], value[1] : RECURRENT recurrent-capetown-20-1-2-3-4-5-6-7-8-9-10-11-12-13-14-15-16-17-18-19-20-21-22-23-24 5 streets_per_node_count_2 -0.0008794102294856986 0.025369971502218733 -28.848847388386346
config.CONGESTION_TYPE, slugifiedstring, i, key, value[2], value[0], value[1] : RECURRENT recurrent-capetown-20-1-2-3-4-5-6-7-8-9-10-11-12-13-14-15-16-17-18-19-20-21-22-23-24 6 streets_per_node_avg -0.002109860315477623 0.03022998785348315 -14.327956989247312
config.CONGESTION_TYPE, slugifiedstring, i, key, value[2], value[0], value[1] : RECURRENT recurrent-capetown-20-1-2-3-4-5-6-7-8-9-10-11-12-13-14-15-16-17-18-19-20-21-22-23-24 7 non_metered_count -0.0030909878358110756 0.07111381215033535 -23.00682368478978
config.CONGESTION_TYPE, slugifiedstring, i, key, value[2], value[0], value[1] : RECURRENT recurrent-capetown-20-1-2-3-4-5-6-7-8-9-10-11-12-13-14-15-16-17-18-19-20-21-22-23-24 8 metered_count -0.006939000128695037 0.1052775952524132 -15.171868179834135
config.CONGESTION_TYPE, slugifiedstring, i, key, value[2], value[0], value[1] : RECURRENT recurrent-capetown-20-1-2-3-4-5-6-7-8-9-10-11-12-13-14-15-16-17-18-19-20-21-22-23-24 9 streets_per_node_count_4 -0.006939000128695037 0.1052775952524132 -15.171868179834135
config.CONGESTION_TYPE, slugifiedstring, i, key, value[2], value[0], value[1] : RECURRENT recurrent-capetown-20-1-2-3-4-5-6-7-8-9-10-11-12-13-14-15-16-17-18-19-20-21-22-23-24 10 m -0.009622105298635122 0.018930490724003386 -1.9673959218351769
config.CONGESTION_TYPE, slugifiedstring, i, key, value[2], value[0], value[1] : RECURRENT recurrent-capetown-20-1-2-3-4-5-6-7-8-9-10-11-12-13-14-15-16-17-18-19-20-21-22-23-24 11 circuity_avg -0.004050523668422282 0.004881315544909563 -1.2051072761194064
config.CONGESTION_TYPE, slugifiedstring, i, key, value[2], value[0], value[1] : RECURRENT recurrent-capetown-20-1-2-3-4-5-6-7-8-9-10-11-12-13-14-15-16-17-18-19-20-21-22-23-24 12 streets_per_node_count_5 0.09797638208254116 0.017161818554768355 0.17516281158769686
config.CONGESTION_TYPE, slugifiedstring, i, key, value[2], value[0], value[1] : RECURRENT recurrent-capetown-20-1-2-3-4-5-6-7-8-9-10-11-12-13-14-15-16-17-18-19-20-21-22-23-24 13 global_betweenness 0.0016767540875700028 0.025394815833582267 15.145223752151466
config.CONGESTION_TYPE, slugifiedstring, i, key, value[2], value[0], value[1] : RECURRENT recurrent-capetown-20-1-2-3-4-5-6-7-8-9-10-11-12-13-14-15-16-17-18-19-20-21-22-23-24 14 k_avg 0.01627479409030197 0.013768992460525238 0.8460317460317412
config.CONGESTION_TYPE, slugifiedstring, i, key, value[2], value[0], value[1] : RECURRENT recurrent-capetown-20-1-2-3-4-5-6-7-8-9-10-11-12-13-14-15-16-17-18-19-20-21-22-23-24 15 mean_lanes 0.0008300864951947495 0.01742681029335593 20.993969175787356
config.CONGESTION_TYPE, slugifiedstring, i, key, value[2], value[0], value[1] : RECURRENT recurrent-capetown-20-1-2-3-4-5-6-7-8-9-10-11-12-13-14-15-16-17-18-19-20-21-22-23-24 16 betweenness -0.001859507724608364 0.02717742059042993 -14.615384615384613
SHAP Values for each feature:
Slug                           Feature Name         Mean Abs SHAP Value
SHAP-- recurrent-capetown-20-1-2-3-4-5-6-7-8-9-10-11-12-13-14-15-16-17-18-19-20-21-22-23-24 streets_per_node_count_6          0.0223
SHAP-- recurrent-capetown-20-1-2-3-4-5-6-7-8-9-10-11-12-13-14-15-16-17-18-19-20-21-22-23-24 n                             0.0177
SHAP-- recurrent-capetown-20-1-2-3-4-5-6-7-8-9-10-11-12-13-14-15-16-17-18-19-20-21-22-23-24 total_crossings               0.0820
SHAP-- recurrent-capetown-20-1-2-3-4-5-6-7-8-9-10-11-12-13-14-15-16-17-18-19-20-21-22-23-24 streets_per_node_count_1          0.0000
SHAP-- recurrent-capetown-20-1-2-3-4-5-6-7-8-9-10-11-12-13-14-15-16-17-18-19-20-21-22-23-24 streets_per_node_count_3          0.0416
SHAP-- recurrent-capetown-20-1-2-3-4-5-6-7-8-9-10-11-12-13-14-15-16-17-18-19-20-21-22-23-24 streets_per_node_count_2          0.0111
SHAP-- recurrent-capetown-20-1-2-3-4-5-6-7-8-9-10-11-12-13-14-15-16-17-18-19-20-21-22-23-24 streets_per_node_avg          0.0152
SHAP-- recurrent-capetown-20-1-2-3-4-5-6-7-8-9-10-11-12-13-14-15-16-17-18-19-20-21-22-23-24 non_metered_count             0.0354
SHAP-- recurrent-capetown-20-1-2-3-4-5-6-7-8-9-10-11-12-13-14-15-16-17-18-19-20-21-22-23-24 metered_count                 0.0509
SHAP-- recurrent-capetown-20-1-2-3-4-5-6-7-8-9-10-11-12-13-14-15-16-17-18-19-20-21-22-23-24 streets_per_node_count_4          0.0000
SHAP-- recurrent-capetown-20-1-2-3-4-5-6-7-8-9-10-11-12-13-14-15-16-17-18-19-20-21-22-23-24 m                             0.0095
SHAP-- recurrent-capetown-20-1-2-3-4-5-6-7-8-9-10-11-12-13-14-15-16-17-18-19-20-21-22-23-24 circuity_avg                  0.0023
SHAP-- recurrent-capetown-20-1-2-3-4-5-6-7-8-9-10-11-12-13-14-15-16-17-18-19-20-21-22-23-24 streets_per_node_count_5          0.0084
SHAP-- recurrent-capetown-20-1-2-3-4-5-6-7-8-9-10-11-12-13-14-15-16-17-18-19-20-21-22-23-24 global_betweenness            0.0124
SHAP-- recurrent-capetown-20-1-2-3-4-5-6-7-8-9-10-11-12-13-14-15-16-17-18-19-20-21-22-23-24 k_avg                         0.0069
SHAP-- recurrent-capetown-20-1-2-3-4-5-6-7-8-9-10-11-12-13-14-15-16-17-18-19-20-21-22-23-24 mean_lanes                    0.0089
SHAP-- recurrent-capetown-20-1-2-3-4-5-6-7-8-9-10-11-12-13-14-15-16-17-18-19-20-21-22-23-24 betweenness                   0.0138
RECURRENT Capetown 20 LR 0.5600492713537657 XpVar
RECURRENT Capetown 20 RF 0.6490530209319901 XpVar
RECURRENT Capetown 20 GBM 0.5588128746581525 XpVar
RECURRENT Capetown 20 LLR -4.7580986769649563e-17 XpVar
RECURRENT Capetown 20 RLR 0.5648677215448672 XpVar
RECURRENT Capetown 20 LR 0.05152383449222272 MSE
RECURRENT Capetown 20 RF 0.041803623396997724 MSE
RECURRENT Capetown 20 GBM 0.0513301971244816 MSE
RECURRENT Capetown 20 LLR 0.11419690472585271 MSE
RECURRENT Capetown 20 RLR 0.05081658949484913 MSE
RECURRENT Capetown 20 LR 0.5515865757404319 R2
RECURRENT Capetown 20 RF 0.6346378041233297 R2
RECURRENT Capetown 20 GBM 0.540771485681056 R2
RECURRENT Capetown 20 LLR -0.025257500561968436 R2
RECURRENT Capetown 20 RLR 0.5569324975214326 R2
t_spatial, t_non_spatial, "seconds" : 1.1920928955078125e-06 171.42413854599 seconds
sorted_percentage_nan_per_column : Matplotlib is currently using agg, which is a non-GUI backend, so cannot show the figure.
Matplotlib is currently using agg, which is a non-GUI backend, so cannot show the figure.
maxspeed                         3.157895
n                                0.000000
lane_density                     0.000000
streets_per_node_proportion_6    0.000000
streets_per_node_count_6         0.000000
streets_per_node_proportion_5    0.000000
streets_per_node_count_5         0.000000
streets_per_node_proportion_4    0.000000
streets_per_node_count_4         0.000000
streets_per_node_proportion_3    0.000000
streets_per_node_count_3         0.000000
streets_per_node_proportion_2    0.000000
streets_per_node_count_2         0.000000
streets_per_node_proportion_1    0.000000
streets_per_node_count_1         0.000000
mean_lanes                       0.000000
m                                0.000000
betweenness                      0.000000
total_crossings                  0.000000
non_metered_count                0.000000
metered_count                    0.000000
self_loop_proportion             0.000000
circuity_avg                     0.000000
street_length_avg                0.000000
street_segment_count             0.000000
street_length_total              0.000000
streets_per_node_avg             0.000000
edge_length_avg                  0.000000
edge_length_total                0.000000
k_avg                            0.000000
global_betweenness               0.000000
dtype: float64
city, scale, tod, config.shift_tile_marker, X.shape, Y.shape : Capetown 30 [1, 2, 3, 4, 5, 6, 7, 8, 9, 10, 11, 12, 13, 14, 15, 16, 17, 18, 19, 20, 21, 22, 23, 24] 3 (380, 17) (380,)
X.shape, Y.shape, "Inside the model-fitting function" : (380, 17) (380,) Inside the model-fitting function
Dict: model_trials.best_params_
Key: Value
{'randomforestregressor__max_depth': 50,
 'randomforestregressor__max_features': 'sqrt',
 'randomforestregressor__n_estimators': 1000}
Dict: model_trials.best_params_
Key: Value
{'xgbregressor__learning_rate': 0.01,
 'xgbregressor__max_depth': 10,
 'xgbregressor__n_estimators': 200}
Matplotlib is currently using agg, which is a non-GUI backend, so cannot show the figure.
config.CONGESTION_TYPE, slugifiedstring, i, key, value[2], value[0], value[1] : RECURRENT recurrent-capetown-30-1-2-3-4-5-6-7-8-9-10-11-12-13-14-15-16-17-18-19-20-21-22-23-24 0 streets_per_node_count_6 -0.0010904672646458373 0.059939656099714814 -54.966946778711474
config.CONGESTION_TYPE, slugifiedstring, i, key, value[2], value[0], value[1] : RECURRENT recurrent-capetown-30-1-2-3-4-5-6-7-8-9-10-11-12-13-14-15-16-17-18-19-20-21-22-23-24 1 n -0.0008877596174864986 0.03664869046945436 -41.28222296618682
config.CONGESTION_TYPE, slugifiedstring, i, key, value[2], value[0], value[1] : RECURRENT recurrent-capetown-30-1-2-3-4-5-6-7-8-9-10-11-12-13-14-15-16-17-18-19-20-21-22-23-24 2 total_crossings -0.003388442037624862 0.146440023053058 -43.21750864468248
config.CONGESTION_TYPE, slugifiedstring, i, key, value[2], value[0], value[1] : RECURRENT recurrent-capetown-30-1-2-3-4-5-6-7-8-9-10-11-12-13-14-15-16-17-18-19-20-21-22-23-24 3 streets_per_node_count_1 -0.003388442037624862 0.146440023053058 -43.21750864468248
config.CONGESTION_TYPE, slugifiedstring, i, key, value[2], value[0], value[1] : RECURRENT recurrent-capetown-30-1-2-3-4-5-6-7-8-9-10-11-12-13-14-15-16-17-18-19-20-21-22-23-24 4 streets_per_node_count_3 -0.0011949387042720916 0.06459068551809752 -54.05355545617175
config.CONGESTION_TYPE, slugifiedstring, i, key, value[2], value[0], value[1] : RECURRENT recurrent-capetown-30-1-2-3-4-5-6-7-8-9-10-11-12-13-14-15-16-17-18-19-20-21-22-23-24 5 streets_per_node_count_2 -0.0007655934387121328 0.021387652054662497 -27.936044084495308
config.CONGESTION_TYPE, slugifiedstring, i, key, value[2], value[0], value[1] : RECURRENT recurrent-capetown-30-1-2-3-4-5-6-7-8-9-10-11-12-13-14-15-16-17-18-19-20-21-22-23-24 6 streets_per_node_avg -0.0010083860096837495 0.058063083294796695 -57.58021505376345
config.CONGESTION_TYPE, slugifiedstring, i, key, value[2], value[0], value[1] : RECURRENT recurrent-capetown-30-1-2-3-4-5-6-7-8-9-10-11-12-13-14-15-16-17-18-19-20-21-22-23-24 7 non_metered_count -0.0026466366905804222 0.10863129808209498 -41.04503593890385
config.CONGESTION_TYPE, slugifiedstring, i, key, value[2], value[0], value[1] : RECURRENT recurrent-capetown-30-1-2-3-4-5-6-7-8-9-10-11-12-13-14-15-16-17-18-19-20-21-22-23-24 8 metered_count -0.0024888110987970136 0.09456388160890872 -37.99560426848663
config.CONGESTION_TYPE, slugifiedstring, i, key, value[2], value[0], value[1] : RECURRENT recurrent-capetown-30-1-2-3-4-5-6-7-8-9-10-11-12-13-14-15-16-17-18-19-20-21-22-23-24 9 streets_per_node_count_4 -0.0024888110987970136 0.09456388160890872 -37.99560426848663
config.CONGESTION_TYPE, slugifiedstring, i, key, value[2], value[0], value[1] : RECURRENT recurrent-capetown-30-1-2-3-4-5-6-7-8-9-10-11-12-13-14-15-16-17-18-19-20-21-22-23-24 10 m -0.0009830660889084235 0.025433845712623117 -25.8719591689551
config.CONGESTION_TYPE, slugifiedstring, i, key, value[2], value[0], value[1] : RECURRENT recurrent-capetown-30-1-2-3-4-5-6-7-8-9-10-11-12-13-14-15-16-17-18-19-20-21-22-23-24 11 circuity_avg 0.00012639689068189372 0.00519187205331291 41.075947559338516
config.CONGESTION_TYPE, slugifiedstring, i, key, value[2], value[0], value[1] : RECURRENT recurrent-capetown-30-1-2-3-4-5-6-7-8-9-10-11-12-13-14-15-16-17-18-19-20-21-22-23-24 12 streets_per_node_count_5 -0.0008124973427243522 0.019277914091327925 -23.72674109516214
config.CONGESTION_TYPE, slugifiedstring, i, key, value[2], value[0], value[1] : RECURRENT recurrent-capetown-30-1-2-3-4-5-6-7-8-9-10-11-12-13-14-15-16-17-18-19-20-21-22-23-24 13 global_betweenness 0.0009322766614708851 0.023567503707353207 25.27951699463327
config.CONGESTION_TYPE, slugifiedstring, i, key, value[2], value[0], value[1] : RECURRENT recurrent-capetown-30-1-2-3-4-5-6-7-8-9-10-11-12-13-14-15-16-17-18-19-20-21-22-23-24 14 k_avg 0.015475312544567467 0.01693267598880533 1.0941734417344264
config.CONGESTION_TYPE, slugifiedstring, i, key, value[2], value[0], value[1] : RECURRENT recurrent-capetown-30-1-2-3-4-5-6-7-8-9-10-11-12-13-14-15-16-17-18-19-20-21-22-23-24 15 mean_lanes 0.000605596268832977 0.018454028271869122 30.47249334516414
config.CONGESTION_TYPE, slugifiedstring, i, key, value[2], value[0], value[1] : RECURRENT recurrent-capetown-30-1-2-3-4-5-6-7-8-9-10-11-12-13-14-15-16-17-18-19-20-21-22-23-24 16 betweenness 0.0005584811543792525 0.019413566491433328 34.761363636363626
SHAP Values for each feature:
Slug                           Feature Name         Mean Abs SHAP Value
SHAP-- recurrent-capetown-30-1-2-3-4-5-6-7-8-9-10-11-12-13-14-15-16-17-18-19-20-21-22-23-24 streets_per_node_count_6          0.0299
SHAP-- recurrent-capetown-30-1-2-3-4-5-6-7-8-9-10-11-12-13-14-15-16-17-18-19-20-21-22-23-24 n                             0.0183
SHAP-- recurrent-capetown-30-1-2-3-4-5-6-7-8-9-10-11-12-13-14-15-16-17-18-19-20-21-22-23-24 total_crossings               0.0727
SHAP-- recurrent-capetown-30-1-2-3-4-5-6-7-8-9-10-11-12-13-14-15-16-17-18-19-20-21-22-23-24 streets_per_node_count_1          0.0000
SHAP-- recurrent-capetown-30-1-2-3-4-5-6-7-8-9-10-11-12-13-14-15-16-17-18-19-20-21-22-23-24 streets_per_node_count_3          0.0322
SHAP-- recurrent-capetown-30-1-2-3-4-5-6-7-8-9-10-11-12-13-14-15-16-17-18-19-20-21-22-23-24 streets_per_node_count_2          0.0108
SHAP-- recurrent-capetown-30-1-2-3-4-5-6-7-8-9-10-11-12-13-14-15-16-17-18-19-20-21-22-23-24 streets_per_node_avg          0.0284
SHAP-- recurrent-capetown-30-1-2-3-4-5-6-7-8-9-10-11-12-13-14-15-16-17-18-19-20-21-22-23-24 non_metered_count             0.0539
SHAP-- recurrent-capetown-30-1-2-3-4-5-6-7-8-9-10-11-12-13-14-15-16-17-18-19-20-21-22-23-24 metered_count                 0.0462
SHAP-- recurrent-capetown-30-1-2-3-4-5-6-7-8-9-10-11-12-13-14-15-16-17-18-19-20-21-22-23-24 streets_per_node_count_4          0.0000
SHAP-- recurrent-capetown-30-1-2-3-4-5-6-7-8-9-10-11-12-13-14-15-16-17-18-19-20-21-22-23-24 m                             0.0127
SHAP-- recurrent-capetown-30-1-2-3-4-5-6-7-8-9-10-11-12-13-14-15-16-17-18-19-20-21-22-23-24 circuity_avg                  0.0026
SHAP-- recurrent-capetown-30-1-2-3-4-5-6-7-8-9-10-11-12-13-14-15-16-17-18-19-20-21-22-23-24 streets_per_node_count_5          0.0098
SHAP-- recurrent-capetown-30-1-2-3-4-5-6-7-8-9-10-11-12-13-14-15-16-17-18-19-20-21-22-23-24 global_betweenness            0.0117
SHAP-- recurrent-capetown-30-1-2-3-4-5-6-7-8-9-10-11-12-13-14-15-16-17-18-19-20-21-22-23-24 k_avg                         0.0083
SHAP-- recurrent-capetown-30-1-2-3-4-5-6-7-8-9-10-11-12-13-14-15-16-17-18-19-20-21-22-23-24 mean_lanes                    0.0092
SHAP-- recurrent-capetown-30-1-2-3-4-5-6-7-8-9-10-11-12-13-14-15-16-17-18-19-20-21-22-23-24 betweenness                   0.0101
RECURRENT Capetown 30 LR 0.46971050717715246 XpVar
RECURRENT Capetown 30 RF 0.5323409091661994 XpVar
RECURRENT Capetown 30 GBM 0.4092023570822027 XpVar
RECURRENT Capetown 30 LLR 1.586032892321652e-17 XpVar
RECURRENT Capetown 30 RLR 0.47336402987754983 XpVar
RECURRENT Capetown 30 LR 0.07425411286277371 MSE
RECURRENT Capetown 30 RF 0.06696819805826881 MSE
RECURRENT Capetown 30 GBM 0.08509218971924655 MSE
RECURRENT Capetown 30 LLR 0.13975166064099068 MSE
RECURRENT Capetown 30 RLR 0.07392748454669298 MSE
RECURRENT Capetown 30 LR 0.45934587331036497 R2
RECURRENT Capetown 30 RF 0.5106042506304058 R2
RECURRENT Capetown 30 GBM 0.3858706967398399 R2
RECURRENT Capetown 30 LLR -0.015091637037559526 R2
RECURRENT Capetown 30 RLR 0.4617103277171498 R2
t_spatial, t_non_spatial, "seconds" : 4.291534423828125e-06 370.9309182167053 seconds
sorted_percentage_nan_per_column : Matplotlib is currently using agg, which is a non-GUI backend, so cannot show the figure.
Matplotlib is currently using agg, which is a non-GUI backend, so cannot show the figure.
maxspeed                         2.755267
n                                0.000000
lane_density                     0.000000
streets_per_node_proportion_6    0.000000
streets_per_node_count_6         0.000000
streets_per_node_proportion_5    0.000000
streets_per_node_count_5         0.000000
streets_per_node_proportion_4    0.000000
streets_per_node_count_4         0.000000
streets_per_node_proportion_3    0.000000
streets_per_node_count_3         0.000000
streets_per_node_proportion_2    0.000000
streets_per_node_count_2         0.000000
streets_per_node_proportion_1    0.000000
streets_per_node_count_1         0.000000
mean_lanes                       0.000000
m                                0.000000
betweenness                      0.000000
total_crossings                  0.000000
non_metered_count                0.000000
metered_count                    0.000000
self_loop_proportion             0.000000
circuity_avg                     0.000000
street_length_avg                0.000000
street_segment_count             0.000000
street_length_total              0.000000
streets_per_node_avg             0.000000
edge_length_avg                  0.000000
edge_length_total                0.000000
k_avg                            0.000000
global_betweenness               0.000000
dtype: float64
city, scale, tod, config.shift_tile_marker, X.shape, Y.shape : Capetown 40 [1, 2, 3, 4, 5, 6, 7, 8, 9, 10, 11, 12, 13, 14, 15, 16, 17, 18, 19, 20, 21, 22, 23, 24] 3 (617, 17) (617,)
X.shape, Y.shape, "Inside the model-fitting function" : (617, 17) (617,) Inside the model-fitting function
Dict: model_trials.best_params_
Key: Value
{'randomforestregressor__max_depth': 10,
 'randomforestregressor__max_features': 'sqrt',
 'randomforestregressor__n_estimators': 1000}
Dict: model_trials.best_params_
Key: Value
{'xgbregressor__learning_rate': 0.01,
 'xgbregressor__max_depth': 10,
 'xgbregressor__n_estimators': 200}
Matplotlib is currently using agg, which is a non-GUI backend, so cannot show the figure.
config.CONGESTION_TYPE, slugifiedstring, i, key, value[2], value[0], value[1] : RECURRENT recurrent-capetown-40-1-2-3-4-5-6-7-8-9-10-11-12-13-14-15-16-17-18-19-20-21-22-23-24 0 streets_per_node_count_6 -0.000923844651420041 0.053636053749446286 -58.05743819266837
config.CONGESTION_TYPE, slugifiedstring, i, key, value[2], value[0], value[1] : RECURRENT recurrent-capetown-40-1-2-3-4-5-6-7-8-9-10-11-12-13-14-15-16-17-18-19-20-21-22-23-24 1 n -0.00031525108233681343 0.01849563450422033 -58.66953530221235
config.CONGESTION_TYPE, slugifiedstring, i, key, value[2], value[0], value[1] : RECURRENT recurrent-capetown-40-1-2-3-4-5-6-7-8-9-10-11-12-13-14-15-16-17-18-19-20-21-22-23-24 2 total_crossings -0.0032365834418438843 0.15100390889821325 -46.65534246575339
config.CONGESTION_TYPE, slugifiedstring, i, key, value[2], value[0], value[1] : RECURRENT recurrent-capetown-40-1-2-3-4-5-6-7-8-9-10-11-12-13-14-15-16-17-18-19-20-21-22-23-24 3 streets_per_node_count_1 -0.0032365834418438843 0.15100390889821325 -46.65534246575339
config.CONGESTION_TYPE, slugifiedstring, i, key, value[2], value[0], value[1] : RECURRENT recurrent-capetown-40-1-2-3-4-5-6-7-8-9-10-11-12-13-14-15-16-17-18-19-20-21-22-23-24 4 streets_per_node_count_3 -0.0010513830406658454 0.08091154586887271 -76.95724844261429
config.CONGESTION_TYPE, slugifiedstring, i, key, value[2], value[0], value[1] : RECURRENT recurrent-capetown-40-1-2-3-4-5-6-7-8-9-10-11-12-13-14-15-16-17-18-19-20-21-22-23-24 5 streets_per_node_count_2 -0.0016033423884934382 0.013231289577500856 -8.252316955166066
config.CONGESTION_TYPE, slugifiedstring, i, key, value[2], value[0], value[1] : RECURRENT recurrent-capetown-40-1-2-3-4-5-6-7-8-9-10-11-12-13-14-15-16-17-18-19-20-21-22-23-24 6 streets_per_node_avg -0.0011176729635909122 0.07454024985454008 -66.69236197237308
config.CONGESTION_TYPE, slugifiedstring, i, key, value[2], value[0], value[1] : RECURRENT recurrent-capetown-40-1-2-3-4-5-6-7-8-9-10-11-12-13-14-15-16-17-18-19-20-21-22-23-24 7 non_metered_count -0.001437006958646801 0.0740324785835168 -51.51852476290833
config.CONGESTION_TYPE, slugifiedstring, i, key, value[2], value[0], value[1] : RECURRENT recurrent-capetown-40-1-2-3-4-5-6-7-8-9-10-11-12-13-14-15-16-17-18-19-20-21-22-23-24 8 metered_count -0.002566582074181633 0.13798455545364915 -53.76198830409356
config.CONGESTION_TYPE, slugifiedstring, i, key, value[2], value[0], value[1] : RECURRENT recurrent-capetown-40-1-2-3-4-5-6-7-8-9-10-11-12-13-14-15-16-17-18-19-20-21-22-23-24 9 streets_per_node_count_4 -0.002566582074181633 0.13798455545364915 -53.76198830409356
config.CONGESTION_TYPE, slugifiedstring, i, key, value[2], value[0], value[1] : RECURRENT recurrent-capetown-40-1-2-3-4-5-6-7-8-9-10-11-12-13-14-15-16-17-18-19-20-21-22-23-24 10 m -0.00036798275160176654 0.02430671967081865 -66.05396466278819
config.CONGESTION_TYPE, slugifiedstring, i, key, value[2], value[0], value[1] : RECURRENT recurrent-capetown-40-1-2-3-4-5-6-7-8-9-10-11-12-13-14-15-16-17-18-19-20-21-22-23-24 11 circuity_avg 0.00469250518258141 0.009137632242737876 1.9472822910578316
config.CONGESTION_TYPE, slugifiedstring, i, key, value[2], value[0], value[1] : RECURRENT recurrent-capetown-40-1-2-3-4-5-6-7-8-9-10-11-12-13-14-15-16-17-18-19-20-21-22-23-24 12 streets_per_node_count_5 0.000335207703644198 0.014916785158650057 44.500126329087266
config.CONGESTION_TYPE, slugifiedstring, i, key, value[2], value[0], value[1] : RECURRENT recurrent-capetown-40-1-2-3-4-5-6-7-8-9-10-11-12-13-14-15-16-17-18-19-20-21-22-23-24 13 global_betweenness 0.0004101868718877242 0.01857137265181861 45.27539500801464
config.CONGESTION_TYPE, slugifiedstring, i, key, value[2], value[0], value[1] : RECURRENT recurrent-capetown-40-1-2-3-4-5-6-7-8-9-10-11-12-13-14-15-16-17-18-19-20-21-22-23-24 14 k_avg -0.00033579349970215604 0.023276293367625878 -69.31728395061731
config.CONGESTION_TYPE, slugifiedstring, i, key, value[2], value[0], value[1] : RECURRENT recurrent-capetown-40-1-2-3-4-5-6-7-8-9-10-11-12-13-14-15-16-17-18-19-20-21-22-23-24 15 mean_lanes 0.00030358055559488246 0.015504128489768513 51.07088778919763
config.CONGESTION_TYPE, slugifiedstring, i, key, value[2], value[0], value[1] : RECURRENT recurrent-capetown-40-1-2-3-4-5-6-7-8-9-10-11-12-13-14-15-16-17-18-19-20-21-22-23-24 16 betweenness 0.0036172546994216134 0.0221174830304774 6.114438951178613
SHAP Values for each feature:
Slug                           Feature Name         Mean Abs SHAP Value
SHAP-- recurrent-capetown-40-1-2-3-4-5-6-7-8-9-10-11-12-13-14-15-16-17-18-19-20-21-22-23-24 streets_per_node_count_6          0.0264
SHAP-- recurrent-capetown-40-1-2-3-4-5-6-7-8-9-10-11-12-13-14-15-16-17-18-19-20-21-22-23-24 n                             0.0093
SHAP-- recurrent-capetown-40-1-2-3-4-5-6-7-8-9-10-11-12-13-14-15-16-17-18-19-20-21-22-23-24 total_crossings               0.0754
SHAP-- recurrent-capetown-40-1-2-3-4-5-6-7-8-9-10-11-12-13-14-15-16-17-18-19-20-21-22-23-24 streets_per_node_count_1          0.0000
SHAP-- recurrent-capetown-40-1-2-3-4-5-6-7-8-9-10-11-12-13-14-15-16-17-18-19-20-21-22-23-24 streets_per_node_count_3          0.0404
SHAP-- recurrent-capetown-40-1-2-3-4-5-6-7-8-9-10-11-12-13-14-15-16-17-18-19-20-21-22-23-24 streets_per_node_count_2          0.0068
SHAP-- recurrent-capetown-40-1-2-3-4-5-6-7-8-9-10-11-12-13-14-15-16-17-18-19-20-21-22-23-24 streets_per_node_avg          0.0370
SHAP-- recurrent-capetown-40-1-2-3-4-5-6-7-8-9-10-11-12-13-14-15-16-17-18-19-20-21-22-23-24 non_metered_count             0.0369
SHAP-- recurrent-capetown-40-1-2-3-4-5-6-7-8-9-10-11-12-13-14-15-16-17-18-19-20-21-22-23-24 metered_count                 0.0685
SHAP-- recurrent-capetown-40-1-2-3-4-5-6-7-8-9-10-11-12-13-14-15-16-17-18-19-20-21-22-23-24 streets_per_node_count_4          0.0000
SHAP-- recurrent-capetown-40-1-2-3-4-5-6-7-8-9-10-11-12-13-14-15-16-17-18-19-20-21-22-23-24 m                             0.0118
SHAP-- recurrent-capetown-40-1-2-3-4-5-6-7-8-9-10-11-12-13-14-15-16-17-18-19-20-21-22-23-24 circuity_avg                  0.0036
SHAP-- recurrent-capetown-40-1-2-3-4-5-6-7-8-9-10-11-12-13-14-15-16-17-18-19-20-21-22-23-24 streets_per_node_count_5          0.0075
SHAP-- recurrent-capetown-40-1-2-3-4-5-6-7-8-9-10-11-12-13-14-15-16-17-18-19-20-21-22-23-24 global_betweenness            0.0087
SHAP-- recurrent-capetown-40-1-2-3-4-5-6-7-8-9-10-11-12-13-14-15-16-17-18-19-20-21-22-23-24 k_avg                         0.0107
SHAP-- recurrent-capetown-40-1-2-3-4-5-6-7-8-9-10-11-12-13-14-15-16-17-18-19-20-21-22-23-24 mean_lanes                    0.0077
SHAP-- recurrent-capetown-40-1-2-3-4-5-6-7-8-9-10-11-12-13-14-15-16-17-18-19-20-21-22-23-24 betweenness                   0.0108
RECURRENT Capetown 40 LR 0.35386221441189186 XpVar
RECURRENT Capetown 40 RF 0.47703118609090184 XpVar
RECURRENT Capetown 40 GBM 0.3975948872344726 XpVar
RECURRENT Capetown 40 LLR 0.0 XpVar
RECURRENT Capetown 40 RLR 0.35899289924439237 XpVar
RECURRENT Capetown 40 LR 0.10416489100161441 MSE
RECURRENT Capetown 40 RF 0.0846728078252578 MSE
RECURRENT Capetown 40 GBM 0.09720294229931081 MSE
RECURRENT Capetown 40 LLR 0.16115143654581257 MSE
RECURRENT Capetown 40 RLR 0.10333661216504561 MSE
RECURRENT Capetown 40 LR 0.3436521798281194 R2
RECURRENT Capetown 40 RF 0.4681935559662987 R2
RECURRENT Capetown 40 GBM 0.389291436317107 R2
RECURRENT Capetown 40 LLR -0.010882069819374436 R2
RECURRENT Capetown 40 RLR 0.348847629913717 R2
t_spatial, t_non_spatial, "seconds" : 1.6689300537109375e-06 531.6374099254608 seconds
sorted_percentage_nan_per_column : Matplotlib is currently using agg, which is a non-GUI backend, so cannot show the figure.
Matplotlib is currently using agg, which is a non-GUI backend, so cannot show the figure.
maxspeed                         3.599649
n                                0.000000
lane_density                     0.000000
streets_per_node_proportion_6    0.000000
streets_per_node_count_6         0.000000
streets_per_node_proportion_5    0.000000
streets_per_node_count_5         0.000000
streets_per_node_proportion_4    0.000000
streets_per_node_count_4         0.000000
streets_per_node_proportion_3    0.000000
streets_per_node_count_3         0.000000
streets_per_node_proportion_2    0.000000
streets_per_node_count_2         0.000000
streets_per_node_proportion_1    0.000000
streets_per_node_count_1         0.000000
mean_lanes                       0.000000
m                                0.000000
betweenness                      0.000000
total_crossings                  0.000000
non_metered_count                0.000000
metered_count                    0.000000
self_loop_proportion             0.000000
circuity_avg                     0.000000
street_length_avg                0.000000
street_segment_count             0.000000
street_length_total              0.000000
streets_per_node_avg             0.000000
edge_length_avg                  0.000000
edge_length_total                0.000000
k_avg                            0.000000
global_betweenness               0.000000
dtype: float64
city, scale, tod, config.shift_tile_marker, X.shape, Y.shape : Capetown 60 [1, 2, 3, 4, 5, 6, 7, 8, 9, 10, 11, 12, 13, 14, 15, 16, 17, 18, 19, 20, 21, 22, 23, 24] 3 (1139, 17) (1139,)
X.shape, Y.shape, "Inside the model-fitting function" : (1139, 17) (1139,) Inside the model-fitting function
Dict: model_trials.best_params_
Key: Value
{'randomforestregressor__max_depth': 10,
 'randomforestregressor__max_features': 'sqrt',
 'randomforestregressor__n_estimators': 300}
Dict: model_trials.best_params_
Key: Value
{'xgbregressor__learning_rate': 0.01,
 'xgbregressor__max_depth': 10,
 'xgbregressor__n_estimators': 200}
Matplotlib is currently using agg, which is a non-GUI backend, so cannot show the figure.
config.CONGESTION_TYPE, slugifiedstring, i, key, value[2], value[0], value[1] : RECURRENT recurrent-capetown-60-1-2-3-4-5-6-7-8-9-10-11-12-13-14-15-16-17-18-19-20-21-22-23-24 0 streets_per_node_count_6 -0.0004026485296182798 0.03598808008741396 -89.37839689004079
config.CONGESTION_TYPE, slugifiedstring, i, key, value[2], value[0], value[1] : RECURRENT recurrent-capetown-60-1-2-3-4-5-6-7-8-9-10-11-12-13-14-15-16-17-18-19-20-21-22-23-24 1 n -0.00038625902351931975 0.05482237448783144 -141.93163434300806
config.CONGESTION_TYPE, slugifiedstring, i, key, value[2], value[0], value[1] : RECURRENT recurrent-capetown-60-1-2-3-4-5-6-7-8-9-10-11-12-13-14-15-16-17-18-19-20-21-22-23-24 2 total_crossings -0.0022266300097272904 0.16675856378771167 -74.89280350089939
config.CONGESTION_TYPE, slugifiedstring, i, key, value[2], value[0], value[1] : RECURRENT recurrent-capetown-60-1-2-3-4-5-6-7-8-9-10-11-12-13-14-15-16-17-18-19-20-21-22-23-24 3 streets_per_node_count_1 -0.0022266300097272904 0.16675856378771167 -74.89280350089939
config.CONGESTION_TYPE, slugifiedstring, i, key, value[2], value[0], value[1] : RECURRENT recurrent-capetown-60-1-2-3-4-5-6-7-8-9-10-11-12-13-14-15-16-17-18-19-20-21-22-23-24 4 streets_per_node_count_3 -0.0005419298136875451 0.06240975354421614 -115.16205967623529
config.CONGESTION_TYPE, slugifiedstring, i, key, value[2], value[0], value[1] : RECURRENT recurrent-capetown-60-1-2-3-4-5-6-7-8-9-10-11-12-13-14-15-16-17-18-19-20-21-22-23-24 5 streets_per_node_count_2 -0.00025525474353391245 0.029767892626947727 -116.62033079119976
config.CONGESTION_TYPE, slugifiedstring, i, key, value[2], value[0], value[1] : RECURRENT recurrent-capetown-60-1-2-3-4-5-6-7-8-9-10-11-12-13-14-15-16-17-18-19-20-21-22-23-24 6 streets_per_node_avg -0.0004417197757677651 0.05144147568823658 -116.45726207033579
config.CONGESTION_TYPE, slugifiedstring, i, key, value[2], value[0], value[1] : RECURRENT recurrent-capetown-60-1-2-3-4-5-6-7-8-9-10-11-12-13-14-15-16-17-18-19-20-21-22-23-24 7 non_metered_count -0.0010295689237635193 0.07021573672667752 -68.1991609362185
config.CONGESTION_TYPE, slugifiedstring, i, key, value[2], value[0], value[1] : RECURRENT recurrent-capetown-60-1-2-3-4-5-6-7-8-9-10-11-12-13-14-15-16-17-18-19-20-21-22-23-24 8 metered_count -0.0019393524689051507 0.16641969147365648 -85.81198835279679
config.CONGESTION_TYPE, slugifiedstring, i, key, value[2], value[0], value[1] : RECURRENT recurrent-capetown-60-1-2-3-4-5-6-7-8-9-10-11-12-13-14-15-16-17-18-19-20-21-22-23-24 9 streets_per_node_count_4 -0.0019393524689051507 0.16641969147365648 -85.81198835279679
config.CONGESTION_TYPE, slugifiedstring, i, key, value[2], value[0], value[1] : RECURRENT recurrent-capetown-60-1-2-3-4-5-6-7-8-9-10-11-12-13-14-15-16-17-18-19-20-21-22-23-24 10 m -0.00032152931506660505 0.039090216482168635 -121.57590194869499
config.CONGESTION_TYPE, slugifiedstring, i, key, value[2], value[0], value[1] : RECURRENT recurrent-capetown-60-1-2-3-4-5-6-7-8-9-10-11-12-13-14-15-16-17-18-19-20-21-22-23-24 11 circuity_avg -0.0002089392915336803 0.0061684231790585 -29.522561954624848
config.CONGESTION_TYPE, slugifiedstring, i, key, value[2], value[0], value[1] : RECURRENT recurrent-capetown-60-1-2-3-4-5-6-7-8-9-10-11-12-13-14-15-16-17-18-19-20-21-22-23-24 12 streets_per_node_count_5 -0.00021720556653657947 0.01677233474247708 -77.21871501692135
config.CONGESTION_TYPE, slugifiedstring, i, key, value[2], value[0], value[1] : RECURRENT recurrent-capetown-60-1-2-3-4-5-6-7-8-9-10-11-12-13-14-15-16-17-18-19-20-21-22-23-24 13 global_betweenness 0.00040297822181732543 0.027400988998118336 67.99620305669896
config.CONGESTION_TYPE, slugifiedstring, i, key, value[2], value[0], value[1] : RECURRENT recurrent-capetown-60-1-2-3-4-5-6-7-8-9-10-11-12-13-14-15-16-17-18-19-20-21-22-23-24 14 k_avg -0.00031400324696661267 0.02719215911707152 -86.59833737312533
config.CONGESTION_TYPE, slugifiedstring, i, key, value[2], value[0], value[1] : RECURRENT recurrent-capetown-60-1-2-3-4-5-6-7-8-9-10-11-12-13-14-15-16-17-18-19-20-21-22-23-24 15 mean_lanes -0.0006376670827219133 0.01899271401583035 -29.784686289213823
config.CONGESTION_TYPE, slugifiedstring, i, key, value[2], value[0], value[1] : RECURRENT recurrent-capetown-60-1-2-3-4-5-6-7-8-9-10-11-12-13-14-15-16-17-18-19-20-21-22-23-24 16 betweenness -0.001669076438353732 0.01629983048657932 -9.765778314297222
SHAP Values for each feature:
Slug                           Feature Name         Mean Abs SHAP Value
SHAP-- recurrent-capetown-60-1-2-3-4-5-6-7-8-9-10-11-12-13-14-15-16-17-18-19-20-21-22-23-24 streets_per_node_count_6          0.0180
SHAP-- recurrent-capetown-60-1-2-3-4-5-6-7-8-9-10-11-12-13-14-15-16-17-18-19-20-21-22-23-24 n                             0.0267
SHAP-- recurrent-capetown-60-1-2-3-4-5-6-7-8-9-10-11-12-13-14-15-16-17-18-19-20-21-22-23-24 total_crossings               0.0832
SHAP-- recurrent-capetown-60-1-2-3-4-5-6-7-8-9-10-11-12-13-14-15-16-17-18-19-20-21-22-23-24 streets_per_node_count_1          0.0000
SHAP-- recurrent-capetown-60-1-2-3-4-5-6-7-8-9-10-11-12-13-14-15-16-17-18-19-20-21-22-23-24 streets_per_node_count_3          0.0310
SHAP-- recurrent-capetown-60-1-2-3-4-5-6-7-8-9-10-11-12-13-14-15-16-17-18-19-20-21-22-23-24 streets_per_node_count_2          0.0146
SHAP-- recurrent-capetown-60-1-2-3-4-5-6-7-8-9-10-11-12-13-14-15-16-17-18-19-20-21-22-23-24 streets_per_node_avg          0.0246
SHAP-- recurrent-capetown-60-1-2-3-4-5-6-7-8-9-10-11-12-13-14-15-16-17-18-19-20-21-22-23-24 non_metered_count             0.0349
SHAP-- recurrent-capetown-60-1-2-3-4-5-6-7-8-9-10-11-12-13-14-15-16-17-18-19-20-21-22-23-24 metered_count                 0.0832
SHAP-- recurrent-capetown-60-1-2-3-4-5-6-7-8-9-10-11-12-13-14-15-16-17-18-19-20-21-22-23-24 streets_per_node_count_4          0.0000
SHAP-- recurrent-capetown-60-1-2-3-4-5-6-7-8-9-10-11-12-13-14-15-16-17-18-19-20-21-22-23-24 m                             0.0194
SHAP-- recurrent-capetown-60-1-2-3-4-5-6-7-8-9-10-11-12-13-14-15-16-17-18-19-20-21-22-23-24 circuity_avg                  0.0029
SHAP-- recurrent-capetown-60-1-2-3-4-5-6-7-8-9-10-11-12-13-14-15-16-17-18-19-20-21-22-23-24 streets_per_node_count_5          0.0085
SHAP-- recurrent-capetown-60-1-2-3-4-5-6-7-8-9-10-11-12-13-14-15-16-17-18-19-20-21-22-23-24 global_betweenness            0.0131
SHAP-- recurrent-capetown-60-1-2-3-4-5-6-7-8-9-10-11-12-13-14-15-16-17-18-19-20-21-22-23-24 k_avg                         0.0132
SHAP-- recurrent-capetown-60-1-2-3-4-5-6-7-8-9-10-11-12-13-14-15-16-17-18-19-20-21-22-23-24 mean_lanes                    0.0095
SHAP-- recurrent-capetown-60-1-2-3-4-5-6-7-8-9-10-11-12-13-14-15-16-17-18-19-20-21-22-23-24 betweenness                   0.0082
RECURRENT Capetown 60 LR 0.3311553775606574 XpVar
RECURRENT Capetown 60 RF 0.4335030814016891 XpVar
RECURRENT Capetown 60 GBM 0.3510049855324806 XpVar
RECURRENT Capetown 60 LLR 6.344131569286608e-17 XpVar
RECURRENT Capetown 60 RLR 0.3329821781885415 XpVar
RECURRENT Capetown 60 LR 0.12766946545982186 MSE
RECURRENT Capetown 60 RF 0.10709845053913312 MSE
RECURRENT Capetown 60 GBM 0.12270941404490646 MSE
RECURRENT Capetown 60 LLR 0.18970652178462122 MSE
RECURRENT Capetown 60 RLR 0.1273199488495258 MSE
RECURRENT Capetown 60 LR 0.32804110150080984 R2
RECURRENT Capetown 60 RF 0.4315316524812126 R2
RECURRENT Capetown 60 GBM 0.34908709754376815 R2
RECURRENT Capetown 60 LLR -0.004596086948100574 R2
RECURRENT Capetown 60 RLR 0.32990953566774417 R2
t_spatial, t_non_spatial, "seconds" : 1.6689300537109375e-06 704.3562045097351 seconds
sorted_percentage_nan_per_column : Matplotlib is currently using agg, which is a non-GUI backend, so cannot show the figure.
Matplotlib is currently using agg, which is a non-GUI backend, so cannot show the figure.
maxspeed                         4.132231
n                                0.000000
lane_density                     0.000000
streets_per_node_proportion_6    0.000000
streets_per_node_count_6         0.000000
streets_per_node_proportion_5    0.000000
streets_per_node_count_5         0.000000
streets_per_node_proportion_4    0.000000
streets_per_node_count_4         0.000000
streets_per_node_proportion_3    0.000000
streets_per_node_count_3         0.000000
streets_per_node_proportion_2    0.000000
streets_per_node_count_2         0.000000
streets_per_node_proportion_1    0.000000
streets_per_node_count_1         0.000000
mean_lanes                       0.000000
m                                0.000000
betweenness                      0.000000
total_crossings                  0.000000
non_metered_count                0.000000
metered_count                    0.000000
self_loop_proportion             0.000000
circuity_avg                     0.000000
street_length_avg                0.000000
street_segment_count             0.000000
street_length_total              0.000000
streets_per_node_avg             0.000000
edge_length_avg                  0.000000
edge_length_total                0.000000
k_avg                            0.000000
global_betweenness               0.000000
dtype: float64
city, scale, tod, config.shift_tile_marker, X.shape, Y.shape : Capetown 70 [1, 2, 3, 4, 5, 6, 7, 8, 9, 10, 11, 12, 13, 14, 15, 16, 17, 18, 19, 20, 21, 22, 23, 24] 3 (1452, 17) (1452,)
X.shape, Y.shape, "Inside the model-fitting function" : (1452, 17) (1452,) Inside the model-fitting function
Dict: model_trials.best_params_
Key: Value
{'randomforestregressor__max_depth': 10,
 'randomforestregressor__max_features': 'sqrt',
 'randomforestregressor__n_estimators': 500}
Dict: model_trials.best_params_
Key: Value
{'xgbregressor__learning_rate': 0.01,
 'xgbregressor__max_depth': 10,
 'xgbregressor__n_estimators': 200}
Matplotlib is currently using agg, which is a non-GUI backend, so cannot show the figure.
config.CONGESTION_TYPE, slugifiedstring, i, key, value[2], value[0], value[1] : RECURRENT recurrent-capetown-70-1-2-3-4-5-6-7-8-9-10-11-12-13-14-15-16-17-18-19-20-21-22-23-24 0 streets_per_node_count_6 -0.0004425752683373069 0.04573507701694465 -103.33852858241471
config.CONGESTION_TYPE, slugifiedstring, i, key, value[2], value[0], value[1] : RECURRENT recurrent-capetown-70-1-2-3-4-5-6-7-8-9-10-11-12-13-14-15-16-17-18-19-20-21-22-23-24 1 n -0.00022149982299607166 0.03802072489915065 -171.65126538193647
config.CONGESTION_TYPE, slugifiedstring, i, key, value[2], value[0], value[1] : RECURRENT recurrent-capetown-70-1-2-3-4-5-6-7-8-9-10-11-12-13-14-15-16-17-18-19-20-21-22-23-24 2 total_crossings -0.001544518473821991 0.15375921399499043 -99.55155383444867
config.CONGESTION_TYPE, slugifiedstring, i, key, value[2], value[0], value[1] : RECURRENT recurrent-capetown-70-1-2-3-4-5-6-7-8-9-10-11-12-13-14-15-16-17-18-19-20-21-22-23-24 3 streets_per_node_count_1 -0.001544518473821991 0.15375921399499043 -99.55155383444867
config.CONGESTION_TYPE, slugifiedstring, i, key, value[2], value[0], value[1] : RECURRENT recurrent-capetown-70-1-2-3-4-5-6-7-8-9-10-11-12-13-14-15-16-17-18-19-20-21-22-23-24 4 streets_per_node_count_3 -0.0005353088186317531 0.08232078225436942 -153.7818533697632
config.CONGESTION_TYPE, slugifiedstring, i, key, value[2], value[0], value[1] : RECURRENT recurrent-capetown-70-1-2-3-4-5-6-7-8-9-10-11-12-13-14-15-16-17-18-19-20-21-22-23-24 5 streets_per_node_count_2 -0.0001590834532513847 0.022527784915256262 -141.6098560524564
config.CONGESTION_TYPE, slugifiedstring, i, key, value[2], value[0], value[1] : RECURRENT recurrent-capetown-70-1-2-3-4-5-6-7-8-9-10-11-12-13-14-15-16-17-18-19-20-21-22-23-24 6 streets_per_node_avg -0.0008172462742598569 0.0684372301466466 -83.74125683060117
config.CONGESTION_TYPE, slugifiedstring, i, key, value[2], value[0], value[1] : RECURRENT recurrent-capetown-70-1-2-3-4-5-6-7-8-9-10-11-12-13-14-15-16-17-18-19-20-21-22-23-24 7 non_metered_count -0.0007373242807908239 0.07018942910058037 -95.19478868280055
config.CONGESTION_TYPE, slugifiedstring, i, key, value[2], value[0], value[1] : RECURRENT recurrent-capetown-70-1-2-3-4-5-6-7-8-9-10-11-12-13-14-15-16-17-18-19-20-21-22-23-24 8 metered_count -0.003135223578586419 0.169180457551863 -53.96120988224436
config.CONGESTION_TYPE, slugifiedstring, i, key, value[2], value[0], value[1] : RECURRENT recurrent-capetown-70-1-2-3-4-5-6-7-8-9-10-11-12-13-14-15-16-17-18-19-20-21-22-23-24 9 streets_per_node_count_4 -0.003135223578586419 0.169180457551863 -53.96120988224436
config.CONGESTION_TYPE, slugifiedstring, i, key, value[2], value[0], value[1] : RECURRENT recurrent-capetown-70-1-2-3-4-5-6-7-8-9-10-11-12-13-14-15-16-17-18-19-20-21-22-23-24 10 m -0.00024119067885145618 0.038340672315621244 -158.96415441176475
config.CONGESTION_TYPE, slugifiedstring, i, key, value[2], value[0], value[1] : RECURRENT recurrent-capetown-70-1-2-3-4-5-6-7-8-9-10-11-12-13-14-15-16-17-18-19-20-21-22-23-24 11 circuity_avg -0.0018008507054120537 0.008269206385126113 -4.591833382009327
config.CONGESTION_TYPE, slugifiedstring, i, key, value[2], value[0], value[1] : RECURRENT recurrent-capetown-70-1-2-3-4-5-6-7-8-9-10-11-12-13-14-15-16-17-18-19-20-21-22-23-24 12 streets_per_node_count_5 -0.00025862247599925425 0.024135767665499054 -93.32432369709682
config.CONGESTION_TYPE, slugifiedstring, i, key, value[2], value[0], value[1] : RECURRENT recurrent-capetown-70-1-2-3-4-5-6-7-8-9-10-11-12-13-14-15-16-17-18-19-20-21-22-23-24 13 global_betweenness 0.00033470458739750576 0.02060925038926574 61.574448529411825
config.CONGESTION_TYPE, slugifiedstring, i, key, value[2], value[0], value[1] : RECURRENT recurrent-capetown-70-1-2-3-4-5-6-7-8-9-10-11-12-13-14-15-16-17-18-19-20-21-22-23-24 14 k_avg -0.0006628111470498685 0.021118601499754912 -31.862170082311536
config.CONGESTION_TYPE, slugifiedstring, i, key, value[2], value[0], value[1] : RECURRENT recurrent-capetown-70-1-2-3-4-5-6-7-8-9-10-11-12-13-14-15-16-17-18-19-20-21-22-23-24 15 mean_lanes -0.0005162139165178845 0.018235808403316178 -35.32606894119715
config.CONGESTION_TYPE, slugifiedstring, i, key, value[2], value[0], value[1] : RECURRENT recurrent-capetown-70-1-2-3-4-5-6-7-8-9-10-11-12-13-14-15-16-17-18-19-20-21-22-23-24 16 betweenness -0.0002930317649662274 0.029174657156963962 -99.56141498969032
SHAP Values for each feature:
Slug                           Feature Name         Mean Abs SHAP Value
SHAP-- recurrent-capetown-70-1-2-3-4-5-6-7-8-9-10-11-12-13-14-15-16-17-18-19-20-21-22-23-24 streets_per_node_count_6          0.0228
SHAP-- recurrent-capetown-70-1-2-3-4-5-6-7-8-9-10-11-12-13-14-15-16-17-18-19-20-21-22-23-24 n                             0.0190
SHAP-- recurrent-capetown-70-1-2-3-4-5-6-7-8-9-10-11-12-13-14-15-16-17-18-19-20-21-22-23-24 total_crossings               0.0769
SHAP-- recurrent-capetown-70-1-2-3-4-5-6-7-8-9-10-11-12-13-14-15-16-17-18-19-20-21-22-23-24 streets_per_node_count_1          0.0000
SHAP-- recurrent-capetown-70-1-2-3-4-5-6-7-8-9-10-11-12-13-14-15-16-17-18-19-20-21-22-23-24 streets_per_node_count_3          0.0412
SHAP-- recurrent-capetown-70-1-2-3-4-5-6-7-8-9-10-11-12-13-14-15-16-17-18-19-20-21-22-23-24 streets_per_node_count_2          0.0113
SHAP-- recurrent-capetown-70-1-2-3-4-5-6-7-8-9-10-11-12-13-14-15-16-17-18-19-20-21-22-23-24 streets_per_node_avg          0.0342
SHAP-- recurrent-capetown-70-1-2-3-4-5-6-7-8-9-10-11-12-13-14-15-16-17-18-19-20-21-22-23-24 non_metered_count             0.0352
SHAP-- recurrent-capetown-70-1-2-3-4-5-6-7-8-9-10-11-12-13-14-15-16-17-18-19-20-21-22-23-24 metered_count                 0.0843
SHAP-- recurrent-capetown-70-1-2-3-4-5-6-7-8-9-10-11-12-13-14-15-16-17-18-19-20-21-22-23-24 streets_per_node_count_4          0.0000
SHAP-- recurrent-capetown-70-1-2-3-4-5-6-7-8-9-10-11-12-13-14-15-16-17-18-19-20-21-22-23-24 m                             0.0192
SHAP-- recurrent-capetown-70-1-2-3-4-5-6-7-8-9-10-11-12-13-14-15-16-17-18-19-20-21-22-23-24 circuity_avg                  0.0035
SHAP-- recurrent-capetown-70-1-2-3-4-5-6-7-8-9-10-11-12-13-14-15-16-17-18-19-20-21-22-23-24 streets_per_node_count_5          0.0123
SHAP-- recurrent-capetown-70-1-2-3-4-5-6-7-8-9-10-11-12-13-14-15-16-17-18-19-20-21-22-23-24 global_betweenness            0.0103
SHAP-- recurrent-capetown-70-1-2-3-4-5-6-7-8-9-10-11-12-13-14-15-16-17-18-19-20-21-22-23-24 k_avg                         0.0105
SHAP-- recurrent-capetown-70-1-2-3-4-5-6-7-8-9-10-11-12-13-14-15-16-17-18-19-20-21-22-23-24 mean_lanes                    0.0092
SHAP-- recurrent-capetown-70-1-2-3-4-5-6-7-8-9-10-11-12-13-14-15-16-17-18-19-20-21-22-23-24 betweenness                   0.0139
RECURRENT Capetown 70 LR 0.3130589902335578 XpVar
RECURRENT Capetown 70 RF 0.4217933893195334 XpVar
RECURRENT Capetown 70 GBM 0.3550979286824602 XpVar
RECURRENT Capetown 70 LLR -7.930164461608261e-17 XpVar
RECURRENT Capetown 70 RLR 0.31340261750727383 XpVar
RECURRENT Capetown 70 LR 0.1450256749542718 MSE
RECURRENT Capetown 70 RF 0.1218122441364957 MSE
RECURRENT Capetown 70 GBM 0.13602893060903076 MSE
RECURRENT Capetown 70 LLR 0.21047036596516436 MSE
RECURRENT Capetown 70 RLR 0.14495013225750197 MSE
RECURRENT Capetown 70 LR 0.3113426271956529 R2
RECURRENT Capetown 70 RF 0.42065585167561725 R2
RECURRENT Capetown 70 GBM 0.35322326901793105 R2
RECURRENT Capetown 70 LLR -0.002540756895248083 R2
RECURRENT Capetown 70 RLR 0.31170726749975125 R2
t_spatial, t_non_spatial, "seconds" : 2.1457672119140625e-06 800.4940688610077 seconds
sorted_percentage_nan_per_column : Matplotlib is currently using agg, which is a non-GUI backend, so cannot show the figure.
Matplotlib is currently using agg, which is a non-GUI backend, so cannot show the figure.
maxspeed                         4.089862
n                                0.000000
lane_density                     0.000000
streets_per_node_proportion_6    0.000000
streets_per_node_count_6         0.000000
streets_per_node_proportion_5    0.000000
streets_per_node_count_5         0.000000
streets_per_node_proportion_4    0.000000
streets_per_node_count_4         0.000000
streets_per_node_proportion_3    0.000000
streets_per_node_count_3         0.000000
streets_per_node_proportion_2    0.000000
streets_per_node_count_2         0.000000
streets_per_node_proportion_1    0.000000
streets_per_node_count_1         0.000000
mean_lanes                       0.000000
m                                0.000000
betweenness                      0.000000
total_crossings                  0.000000
non_metered_count                0.000000
metered_count                    0.000000
self_loop_proportion             0.000000
circuity_avg                     0.000000
street_length_avg                0.000000
street_segment_count             0.000000
street_length_total              0.000000
streets_per_node_avg             0.000000
edge_length_avg                  0.000000
edge_length_total                0.000000
k_avg                            0.000000
global_betweenness               0.000000
dtype: float64
city, scale, tod, config.shift_tile_marker, X.shape, Y.shape : Capetown 80 [1, 2, 3, 4, 5, 6, 7, 8, 9, 10, 11, 12, 13, 14, 15, 16, 17, 18, 19, 20, 21, 22, 23, 24] 3 (1736, 17) (1736,)
X.shape, Y.shape, "Inside the model-fitting function" : (1736, 17) (1736,) Inside the model-fitting function
Dict: model_trials.best_params_
Key: Value
{'randomforestregressor__max_depth': 10,
 'randomforestregressor__max_features': 'sqrt',
 'randomforestregressor__n_estimators': 1000}
Dict: model_trials.best_params_
Key: Value
{'xgbregressor__learning_rate': 0.01,
 'xgbregressor__max_depth': 10,
 'xgbregressor__n_estimators': 200}
Matplotlib is currently using agg, which is a non-GUI backend, so cannot show the figure.
config.CONGESTION_TYPE, slugifiedstring, i, key, value[2], value[0], value[1] : RECURRENT recurrent-capetown-80-1-2-3-4-5-6-7-8-9-10-11-12-13-14-15-16-17-18-19-20-21-22-23-24 0 streets_per_node_count_6 -0.0003635603786815361 0.05095819794934142 -140.16433290707596
config.CONGESTION_TYPE, slugifiedstring, i, key, value[2], value[0], value[1] : RECURRENT recurrent-capetown-80-1-2-3-4-5-6-7-8-9-10-11-12-13-14-15-16-17-18-19-20-21-22-23-24 1 n -0.00022690983288841638 0.0476607606515877 -210.042729505799
config.CONGESTION_TYPE, slugifiedstring, i, key, value[2], value[0], value[1] : RECURRENT recurrent-capetown-80-1-2-3-4-5-6-7-8-9-10-11-12-13-14-15-16-17-18-19-20-21-22-23-24 2 total_crossings -0.0014992041823871226 0.15427782043605356 -102.90647681518817
config.CONGESTION_TYPE, slugifiedstring, i, key, value[2], value[0], value[1] : RECURRENT recurrent-capetown-80-1-2-3-4-5-6-7-8-9-10-11-12-13-14-15-16-17-18-19-20-21-22-23-24 3 streets_per_node_count_1 -0.0014992041823871226 0.15427782043605356 -102.90647681518817
config.CONGESTION_TYPE, slugifiedstring, i, key, value[2], value[0], value[1] : RECURRENT recurrent-capetown-80-1-2-3-4-5-6-7-8-9-10-11-12-13-14-15-16-17-18-19-20-21-22-23-24 4 streets_per_node_count_3 -0.00046140628270690897 0.07764845583996355 -168.28651613590364
config.CONGESTION_TYPE, slugifiedstring, i, key, value[2], value[0], value[1] : RECURRENT recurrent-capetown-80-1-2-3-4-5-6-7-8-9-10-11-12-13-14-15-16-17-18-19-20-21-22-23-24 5 streets_per_node_count_2 -0.00012814376561019888 0.02595245378304566 -202.52607420629852
config.CONGESTION_TYPE, slugifiedstring, i, key, value[2], value[0], value[1] : RECURRENT recurrent-capetown-80-1-2-3-4-5-6-7-8-9-10-11-12-13-14-15-16-17-18-19-20-21-22-23-24 6 streets_per_node_avg -0.0006398781629769946 0.0510036064713515 -79.70830921008508
config.CONGESTION_TYPE, slugifiedstring, i, key, value[2], value[0], value[1] : RECURRENT recurrent-capetown-80-1-2-3-4-5-6-7-8-9-10-11-12-13-14-15-16-17-18-19-20-21-22-23-24 7 non_metered_count -0.000762792773243831 0.07634319799209699 -100.08379820831556
config.CONGESTION_TYPE, slugifiedstring, i, key, value[2], value[0], value[1] : RECURRENT recurrent-capetown-80-1-2-3-4-5-6-7-8-9-10-11-12-13-14-15-16-17-18-19-20-21-22-23-24 8 metered_count -0.002939140466251907 0.17618474473930504 -59.944309148307525
config.CONGESTION_TYPE, slugifiedstring, i, key, value[2], value[0], value[1] : RECURRENT recurrent-capetown-80-1-2-3-4-5-6-7-8-9-10-11-12-13-14-15-16-17-18-19-20-21-22-23-24 9 streets_per_node_count_4 -0.002939140466251907 0.17618474473930504 -59.944309148307525
config.CONGESTION_TYPE, slugifiedstring, i, key, value[2], value[0], value[1] : RECURRENT recurrent-capetown-80-1-2-3-4-5-6-7-8-9-10-11-12-13-14-15-16-17-18-19-20-21-22-23-24 10 m -0.00021277183595138122 0.03849386573093837 -180.91617040769574
config.CONGESTION_TYPE, slugifiedstring, i, key, value[2], value[0], value[1] : RECURRENT recurrent-capetown-80-1-2-3-4-5-6-7-8-9-10-11-12-13-14-15-16-17-18-19-20-21-22-23-24 11 circuity_avg -0.003573086526379305 0.015167618302379067 -4.2449624968216995
config.CONGESTION_TYPE, slugifiedstring, i, key, value[2], value[0], value[1] : RECURRENT recurrent-capetown-80-1-2-3-4-5-6-7-8-9-10-11-12-13-14-15-16-17-18-19-20-21-22-23-24 12 streets_per_node_count_5 0.0021058690906743645 0.022224432377260423 10.553567871658856
config.CONGESTION_TYPE, slugifiedstring, i, key, value[2], value[0], value[1] : RECURRENT recurrent-capetown-80-1-2-3-4-5-6-7-8-9-10-11-12-13-14-15-16-17-18-19-20-21-22-23-24 13 global_betweenness 0.0004711578096534177 0.023370370917288084 49.602002637883174
config.CONGESTION_TYPE, slugifiedstring, i, key, value[2], value[0], value[1] : RECURRENT recurrent-capetown-80-1-2-3-4-5-6-7-8-9-10-11-12-13-14-15-16-17-18-19-20-21-22-23-24 14 k_avg -0.00047451588626410194 0.039994073904454704 -84.28395141695034
config.CONGESTION_TYPE, slugifiedstring, i, key, value[2], value[0], value[1] : RECURRENT recurrent-capetown-80-1-2-3-4-5-6-7-8-9-10-11-12-13-14-15-16-17-18-19-20-21-22-23-24 15 mean_lanes -0.0003125463027292544 0.019855188562868664 -63.5271906577899
config.CONGESTION_TYPE, slugifiedstring, i, key, value[2], value[0], value[1] : RECURRENT recurrent-capetown-80-1-2-3-4-5-6-7-8-9-10-11-12-13-14-15-16-17-18-19-20-21-22-23-24 16 betweenness -0.00014686293651500857 0.024783505503011116 -168.75262126110613
SHAP Values for each feature:
Slug                           Feature Name         Mean Abs SHAP Value
SHAP-- recurrent-capetown-80-1-2-3-4-5-6-7-8-9-10-11-12-13-14-15-16-17-18-19-20-21-22-23-24 streets_per_node_count_6          0.0254
SHAP-- recurrent-capetown-80-1-2-3-4-5-6-7-8-9-10-11-12-13-14-15-16-17-18-19-20-21-22-23-24 n                             0.0239
SHAP-- recurrent-capetown-80-1-2-3-4-5-6-7-8-9-10-11-12-13-14-15-16-17-18-19-20-21-22-23-24 total_crossings               0.0767
SHAP-- recurrent-capetown-80-1-2-3-4-5-6-7-8-9-10-11-12-13-14-15-16-17-18-19-20-21-22-23-24 streets_per_node_count_1          0.0000
SHAP-- recurrent-capetown-80-1-2-3-4-5-6-7-8-9-10-11-12-13-14-15-16-17-18-19-20-21-22-23-24 streets_per_node_count_3          0.0386
SHAP-- recurrent-capetown-80-1-2-3-4-5-6-7-8-9-10-11-12-13-14-15-16-17-18-19-20-21-22-23-24 streets_per_node_count_2          0.0129
SHAP-- recurrent-capetown-80-1-2-3-4-5-6-7-8-9-10-11-12-13-14-15-16-17-18-19-20-21-22-23-24 streets_per_node_avg          0.0250
SHAP-- recurrent-capetown-80-1-2-3-4-5-6-7-8-9-10-11-12-13-14-15-16-17-18-19-20-21-22-23-24 non_metered_count             0.0381
SHAP-- recurrent-capetown-80-1-2-3-4-5-6-7-8-9-10-11-12-13-14-15-16-17-18-19-20-21-22-23-24 metered_count                 0.0873
SHAP-- recurrent-capetown-80-1-2-3-4-5-6-7-8-9-10-11-12-13-14-15-16-17-18-19-20-21-22-23-24 streets_per_node_count_4          0.0000
SHAP-- recurrent-capetown-80-1-2-3-4-5-6-7-8-9-10-11-12-13-14-15-16-17-18-19-20-21-22-23-24 m                             0.0192
SHAP-- recurrent-capetown-80-1-2-3-4-5-6-7-8-9-10-11-12-13-14-15-16-17-18-19-20-21-22-23-24 circuity_avg                  0.0052
SHAP-- recurrent-capetown-80-1-2-3-4-5-6-7-8-9-10-11-12-13-14-15-16-17-18-19-20-21-22-23-24 streets_per_node_count_5          0.0112
SHAP-- recurrent-capetown-80-1-2-3-4-5-6-7-8-9-10-11-12-13-14-15-16-17-18-19-20-21-22-23-24 global_betweenness            0.0116
SHAP-- recurrent-capetown-80-1-2-3-4-5-6-7-8-9-10-11-12-13-14-15-16-17-18-19-20-21-22-23-24 k_avg                         0.0165
SHAP-- recurrent-capetown-80-1-2-3-4-5-6-7-8-9-10-11-12-13-14-15-16-17-18-19-20-21-22-23-24 mean_lanes                    0.0098
SHAP-- recurrent-capetown-80-1-2-3-4-5-6-7-8-9-10-11-12-13-14-15-16-17-18-19-20-21-22-23-24 betweenness                   0.0114
RECURRENT Capetown 80 LR 0.26601844197388597 XpVar
RECURRENT Capetown 80 RF 0.39754372282567424 XpVar
RECURRENT Capetown 80 GBM 0.34555128799632867 XpVar
RECURRENT Capetown 80 LLR 1.586032892321652e-17 XpVar
RECURRENT Capetown 80 RLR 0.266691093165551 XpVar
RECURRENT Capetown 80 LR 0.1581776050197998 MSE
RECURRENT Capetown 80 RF 0.1311669813129281 MSE
RECURRENT Capetown 80 GBM 0.14209349198459761 MSE
RECURRENT Capetown 80 LLR 0.21589950102094752 MSE
RECURRENT Capetown 80 RLR 0.1580360923906731 MSE
RECURRENT Capetown 80 LR 0.2613087813321095 R2
RECURRENT Capetown 80 RF 0.39272347320327217 R2
RECURRENT Capetown 80 GBM 0.3412343483483724 R2
RECURRENT Capetown 80 LLR -0.004104857850860487 R2
RECURRENT Capetown 80 RLR 0.26200082695275906 R2
t_spatial, t_non_spatial, "seconds" : 3.0994415283203125e-06 1109.7463245391846 seconds
sorted_percentage_nan_per_column : Matplotlib is currently using agg, which is a non-GUI backend, so cannot show the figure.
Matplotlib is currently using agg, which is a non-GUI backend, so cannot show the figure.
maxspeed                         4.53202
n                                0.00000
lane_density                     0.00000
streets_per_node_proportion_6    0.00000
streets_per_node_count_6         0.00000
streets_per_node_proportion_5    0.00000
streets_per_node_count_5         0.00000
streets_per_node_proportion_4    0.00000
streets_per_node_count_4         0.00000
streets_per_node_proportion_3    0.00000
streets_per_node_count_3         0.00000
streets_per_node_proportion_2    0.00000
streets_per_node_count_2         0.00000
streets_per_node_proportion_1    0.00000
streets_per_node_count_1         0.00000
mean_lanes                       0.00000
m                                0.00000
betweenness                      0.00000
total_crossings                  0.00000
non_metered_count                0.00000
metered_count                    0.00000
self_loop_proportion             0.00000
circuity_avg                     0.00000
street_length_avg                0.00000
street_segment_count             0.00000
street_length_total              0.00000
streets_per_node_avg             0.00000
edge_length_avg                  0.00000
edge_length_total                0.00000
k_avg                            0.00000
global_betweenness               0.00000
dtype: float64
city, scale, tod, config.shift_tile_marker, X.shape, Y.shape : Capetown 90 [1, 2, 3, 4, 5, 6, 7, 8, 9, 10, 11, 12, 13, 14, 15, 16, 17, 18, 19, 20, 21, 22, 23, 24] 3 (2030, 17) (2030,)
X.shape, Y.shape, "Inside the model-fitting function" : (2030, 17) (2030,) Inside the model-fitting function
Dict: model_trials.best_params_
Key: Value
{'randomforestregressor__max_depth': 10,
 'randomforestregressor__max_features': 'sqrt',
 'randomforestregressor__n_estimators': 1000}
Dict: model_trials.best_params_
Key: Value
{'xgbregressor__learning_rate': 0.01,
 'xgbregressor__max_depth': 10,
 'xgbregressor__n_estimators': 200}
Matplotlib is currently using agg, which is a non-GUI backend, so cannot show the figure.
config.CONGESTION_TYPE, slugifiedstring, i, key, value[2], value[0], value[1] : RECURRENT recurrent-capetown-90-1-2-3-4-5-6-7-8-9-10-11-12-13-14-15-16-17-18-19-20-21-22-23-24 0 streets_per_node_count_6 -0.0003533328486155831 0.060544038196669675 -171.3512865670183
config.CONGESTION_TYPE, slugifiedstring, i, key, value[2], value[0], value[1] : RECURRENT recurrent-capetown-90-1-2-3-4-5-6-7-8-9-10-11-12-13-14-15-16-17-18-19-20-21-22-23-24 1 n -0.0002023624213473564 0.039220742320605864 -193.81435574583884
config.CONGESTION_TYPE, slugifiedstring, i, key, value[2], value[0], value[1] : RECURRENT recurrent-capetown-90-1-2-3-4-5-6-7-8-9-10-11-12-13-14-15-16-17-18-19-20-21-22-23-24 2 total_crossings -0.0013211388656992624 0.12855239527515816 -97.30422638585912
config.CONGESTION_TYPE, slugifiedstring, i, key, value[2], value[0], value[1] : RECURRENT recurrent-capetown-90-1-2-3-4-5-6-7-8-9-10-11-12-13-14-15-16-17-18-19-20-21-22-23-24 3 streets_per_node_count_1 -0.0013211388656992624 0.12855239527515816 -97.30422638585912
config.CONGESTION_TYPE, slugifiedstring, i, key, value[2], value[0], value[1] : RECURRENT recurrent-capetown-90-1-2-3-4-5-6-7-8-9-10-11-12-13-14-15-16-17-18-19-20-21-22-23-24 4 streets_per_node_count_3 -0.0004248494632357202 0.08440048243445028 -198.65973653736773
config.CONGESTION_TYPE, slugifiedstring, i, key, value[2], value[0], value[1] : RECURRENT recurrent-capetown-90-1-2-3-4-5-6-7-8-9-10-11-12-13-14-15-16-17-18-19-20-21-22-23-24 5 streets_per_node_count_2 -0.00012499717296343427 0.022471166193393666 -179.77339535484703
config.CONGESTION_TYPE, slugifiedstring, i, key, value[2], value[0], value[1] : RECURRENT recurrent-capetown-90-1-2-3-4-5-6-7-8-9-10-11-12-13-14-15-16-17-18-19-20-21-22-23-24 6 streets_per_node_avg -0.00042115532296229795 0.050747809048329436 -120.49665831452023
config.CONGESTION_TYPE, slugifiedstring, i, key, value[2], value[0], value[1] : RECURRENT recurrent-capetown-90-1-2-3-4-5-6-7-8-9-10-11-12-13-14-15-16-17-18-19-20-21-22-23-24 7 non_metered_count -0.0007183689511494764 0.0630998980225518 -87.83773007113462
config.CONGESTION_TYPE, slugifiedstring, i, key, value[2], value[0], value[1] : RECURRENT recurrent-capetown-90-1-2-3-4-5-6-7-8-9-10-11-12-13-14-15-16-17-18-19-20-21-22-23-24 8 metered_count -0.003376720179952316 0.20101324223863964 -59.5291381951223
config.CONGESTION_TYPE, slugifiedstring, i, key, value[2], value[0], value[1] : RECURRENT recurrent-capetown-90-1-2-3-4-5-6-7-8-9-10-11-12-13-14-15-16-17-18-19-20-21-22-23-24 9 streets_per_node_count_4 -0.003376720179952316 0.20101324223863964 -59.5291381951223
config.CONGESTION_TYPE, slugifiedstring, i, key, value[2], value[0], value[1] : RECURRENT recurrent-capetown-90-1-2-3-4-5-6-7-8-9-10-11-12-13-14-15-16-17-18-19-20-21-22-23-24 10 m -0.00021545681314861964 0.04548489920399668 -211.1091245586266
config.CONGESTION_TYPE, slugifiedstring, i, key, value[2], value[0], value[1] : RECURRENT recurrent-capetown-90-1-2-3-4-5-6-7-8-9-10-11-12-13-14-15-16-17-18-19-20-21-22-23-24 11 circuity_avg -0.0001752452190898637 0.012054055357996928 -68.78393271211439
config.CONGESTION_TYPE, slugifiedstring, i, key, value[2], value[0], value[1] : RECURRENT recurrent-capetown-90-1-2-3-4-5-6-7-8-9-10-11-12-13-14-15-16-17-18-19-20-21-22-23-24 12 streets_per_node_count_5 -0.0004052173081792886 0.024182177791371363 -59.677060439560364
config.CONGESTION_TYPE, slugifiedstring, i, key, value[2], value[0], value[1] : RECURRENT recurrent-capetown-90-1-2-3-4-5-6-7-8-9-10-11-12-13-14-15-16-17-18-19-20-21-22-23-24 13 global_betweenness 0.0002666935984750953 0.02694780218831417 101.0440533346009
config.CONGESTION_TYPE, slugifiedstring, i, key, value[2], value[0], value[1] : RECURRENT recurrent-capetown-90-1-2-3-4-5-6-7-8-9-10-11-12-13-14-15-16-17-18-19-20-21-22-23-24 14 k_avg -0.00011568351211949773 0.0291403176566144 -251.8968963054415
config.CONGESTION_TYPE, slugifiedstring, i, key, value[2], value[0], value[1] : RECURRENT recurrent-capetown-90-1-2-3-4-5-6-7-8-9-10-11-12-13-14-15-16-17-18-19-20-21-22-23-24 15 mean_lanes -0.00017030540646644732 0.02020885038767885 -118.66241246815787
config.CONGESTION_TYPE, slugifiedstring, i, key, value[2], value[0], value[1] : RECURRENT recurrent-capetown-90-1-2-3-4-5-6-7-8-9-10-11-12-13-14-15-16-17-18-19-20-21-22-23-24 16 betweenness -0.00025559445926134016 0.02248010154555699 -87.95222560975606
SHAP Values for each feature:
Slug                           Feature Name         Mean Abs SHAP Value
SHAP-- recurrent-capetown-90-1-2-3-4-5-6-7-8-9-10-11-12-13-14-15-16-17-18-19-20-21-22-23-24 streets_per_node_count_6          0.0295
SHAP-- recurrent-capetown-90-1-2-3-4-5-6-7-8-9-10-11-12-13-14-15-16-17-18-19-20-21-22-23-24 n                             0.0197
SHAP-- recurrent-capetown-90-1-2-3-4-5-6-7-8-9-10-11-12-13-14-15-16-17-18-19-20-21-22-23-24 total_crossings               0.0643
SHAP-- recurrent-capetown-90-1-2-3-4-5-6-7-8-9-10-11-12-13-14-15-16-17-18-19-20-21-22-23-24 streets_per_node_count_1          0.0000
SHAP-- recurrent-capetown-90-1-2-3-4-5-6-7-8-9-10-11-12-13-14-15-16-17-18-19-20-21-22-23-24 streets_per_node_count_3          0.0423
SHAP-- recurrent-capetown-90-1-2-3-4-5-6-7-8-9-10-11-12-13-14-15-16-17-18-19-20-21-22-23-24 streets_per_node_count_2          0.0110
SHAP-- recurrent-capetown-90-1-2-3-4-5-6-7-8-9-10-11-12-13-14-15-16-17-18-19-20-21-22-23-24 streets_per_node_avg          0.0254
SHAP-- recurrent-capetown-90-1-2-3-4-5-6-7-8-9-10-11-12-13-14-15-16-17-18-19-20-21-22-23-24 non_metered_count             0.0296
SHAP-- recurrent-capetown-90-1-2-3-4-5-6-7-8-9-10-11-12-13-14-15-16-17-18-19-20-21-22-23-24 metered_count                 0.0990
SHAP-- recurrent-capetown-90-1-2-3-4-5-6-7-8-9-10-11-12-13-14-15-16-17-18-19-20-21-22-23-24 streets_per_node_count_4          0.0000
SHAP-- recurrent-capetown-90-1-2-3-4-5-6-7-8-9-10-11-12-13-14-15-16-17-18-19-20-21-22-23-24 m                             0.0226
SHAP-- recurrent-capetown-90-1-2-3-4-5-6-7-8-9-10-11-12-13-14-15-16-17-18-19-20-21-22-23-24 circuity_avg                  0.0048
SHAP-- recurrent-capetown-90-1-2-3-4-5-6-7-8-9-10-11-12-13-14-15-16-17-18-19-20-21-22-23-24 streets_per_node_count_5          0.0122
SHAP-- recurrent-capetown-90-1-2-3-4-5-6-7-8-9-10-11-12-13-14-15-16-17-18-19-20-21-22-23-24 global_betweenness            0.0131
SHAP-- recurrent-capetown-90-1-2-3-4-5-6-7-8-9-10-11-12-13-14-15-16-17-18-19-20-21-22-23-24 k_avg                         0.0138
SHAP-- recurrent-capetown-90-1-2-3-4-5-6-7-8-9-10-11-12-13-14-15-16-17-18-19-20-21-22-23-24 mean_lanes                    0.0103
SHAP-- recurrent-capetown-90-1-2-3-4-5-6-7-8-9-10-11-12-13-14-15-16-17-18-19-20-21-22-23-24 betweenness                   0.0109
RECURRENT Capetown 90 LR 0.26725829556281583 XpVar
RECURRENT Capetown 90 RF 0.3894190514222467 XpVar
RECURRENT Capetown 90 GBM 0.31847281244907183 XpVar
RECURRENT Capetown 90 LLR 0.0 XpVar
RECURRENT Capetown 90 RLR 0.26783260428052863 XpVar
RECURRENT Capetown 90 LR 0.16461412702808276 MSE
RECURRENT Capetown 90 RF 0.1373336580891735 MSE
RECURRENT Capetown 90 GBM 0.15319281378422267 MSE
RECURRENT Capetown 90 LLR 0.2247946035582928 MSE
RECURRENT Capetown 90 RLR 0.16448390614716205 MSE
RECURRENT Capetown 90 LR 0.2664519492906255 R2
RECURRENT Capetown 90 RF 0.3882473160294717 R2
RECURRENT Capetown 90 GBM 0.31722670515749496 R2
RECURRENT Capetown 90 LLR -0.0012457145780376663 R2
RECURRENT Capetown 90 RLR 0.2670331921367769 R2
t_spatial, t_non_spatial, "seconds" : 1.6689300537109375e-06 1152.4418170452118 seconds
sorted_percentage_nan_per_column : Matplotlib is currently using agg, which is a non-GUI backend, so cannot show the figure.
Matplotlib is currently using agg, which is a non-GUI backend, so cannot show the figure.
maxspeed                         2.631579
n                                0.000000
lane_density                     0.000000
streets_per_node_proportion_6    0.000000
streets_per_node_count_6         0.000000
streets_per_node_proportion_5    0.000000
streets_per_node_count_5         0.000000
streets_per_node_proportion_4    0.000000
streets_per_node_count_4         0.000000
streets_per_node_proportion_3    0.000000
streets_per_node_count_3         0.000000
streets_per_node_proportion_2    0.000000
streets_per_node_count_2         0.000000
streets_per_node_proportion_1    0.000000
streets_per_node_count_1         0.000000
mean_lanes                       0.000000
m                                0.000000
betweenness                      0.000000
total_crossings                  0.000000
non_metered_count                0.000000
metered_count                    0.000000
self_loop_proportion             0.000000
circuity_avg                     0.000000
street_length_avg                0.000000
street_segment_count             0.000000
street_length_total              0.000000
streets_per_node_avg             0.000000
edge_length_avg                  0.000000
edge_length_total                0.000000
k_avg                            0.000000
global_betweenness               0.000000
dtype: float64
city, scale, tod, config.shift_tile_marker, X.shape, Y.shape : Capetown 25 [1, 2, 3, 4, 5, 6, 7, 8, 9, 10, 11, 12, 13, 14, 15, 16, 17, 18, 19, 20, 21, 22, 23, 24] 3 (304, 17) (304,)
X.shape, Y.shape, "Inside the model-fitting function" : (304, 17) (304,) Inside the model-fitting function
Dict: model_trials.best_params_
Key: Value
{'randomforestregressor__max_depth': 50,
 'randomforestregressor__max_features': 'sqrt',
 'randomforestregressor__n_estimators': 1000}
Dict: model_trials.best_params_
Key: Value
{'xgbregressor__learning_rate': 0.01,
 'xgbregressor__max_depth': 20,
 'xgbregressor__n_estimators': 200}
Matplotlib is currently using agg, which is a non-GUI backend, so cannot show the figure.
config.CONGESTION_TYPE, slugifiedstring, i, key, value[2], value[0], value[1] : RECURRENT recurrent-capetown-25-1-2-3-4-5-6-7-8-9-10-11-12-13-14-15-16-17-18-19-20-21-22-23-24 0 streets_per_node_count_6 -0.0006312755169177558 0.026792918750882293 -42.44251207729468
config.CONGESTION_TYPE, slugifiedstring, i, key, value[2], value[0], value[1] : RECURRENT recurrent-capetown-25-1-2-3-4-5-6-7-8-9-10-11-12-13-14-15-16-17-18-19-20-21-22-23-24 1 n -0.0012487525958054676 0.05633997943413038 -45.11700686218802
config.CONGESTION_TYPE, slugifiedstring, i, key, value[2], value[0], value[1] : RECURRENT recurrent-capetown-25-1-2-3-4-5-6-7-8-9-10-11-12-13-14-15-16-17-18-19-20-21-22-23-24 2 total_crossings -0.0028435861002821493 0.13610555894452614 -47.86405410091902
config.CONGESTION_TYPE, slugifiedstring, i, key, value[2], value[0], value[1] : RECURRENT recurrent-capetown-25-1-2-3-4-5-6-7-8-9-10-11-12-13-14-15-16-17-18-19-20-21-22-23-24 3 streets_per_node_count_1 -0.0028435861002821493 0.13610555894452614 -47.86405410091902
config.CONGESTION_TYPE, slugifiedstring, i, key, value[2], value[0], value[1] : RECURRENT recurrent-capetown-25-1-2-3-4-5-6-7-8-9-10-11-12-13-14-15-16-17-18-19-20-21-22-23-24 4 streets_per_node_count_3 -0.0011460806729758917 0.06104905786986509 -53.26767941330539
config.CONGESTION_TYPE, slugifiedstring, i, key, value[2], value[0], value[1] : RECURRENT recurrent-capetown-25-1-2-3-4-5-6-7-8-9-10-11-12-13-14-15-16-17-18-19-20-21-22-23-24 5 streets_per_node_count_2 -0.0006674586012499992 0.028873062550220006 -43.25820731974579
config.CONGESTION_TYPE, slugifiedstring, i, key, value[2], value[0], value[1] : RECURRENT recurrent-capetown-25-1-2-3-4-5-6-7-8-9-10-11-12-13-14-15-16-17-18-19-20-21-22-23-24 6 streets_per_node_avg -0.0011832088912272875 0.04886132838325117 -41.29560616517138
config.CONGESTION_TYPE, slugifiedstring, i, key, value[2], value[0], value[1] : RECURRENT recurrent-capetown-25-1-2-3-4-5-6-7-8-9-10-11-12-13-14-15-16-17-18-19-20-21-22-23-24 7 non_metered_count -0.0019692604861210232 0.0879274807053037 -44.650000000000006
config.CONGESTION_TYPE, slugifiedstring, i, key, value[2], value[0], value[1] : RECURRENT recurrent-capetown-25-1-2-3-4-5-6-7-8-9-10-11-12-13-14-15-16-17-18-19-20-21-22-23-24 8 metered_count -0.002137380587688358 0.10989726279887088 -51.416796536796525
config.CONGESTION_TYPE, slugifiedstring, i, key, value[2], value[0], value[1] : RECURRENT recurrent-capetown-25-1-2-3-4-5-6-7-8-9-10-11-12-13-14-15-16-17-18-19-20-21-22-23-24 9 streets_per_node_count_4 -0.002137380587688358 0.10989726279887088 -51.416796536796525
config.CONGESTION_TYPE, slugifiedstring, i, key, value[2], value[0], value[1] : RECURRENT recurrent-capetown-25-1-2-3-4-5-6-7-8-9-10-11-12-13-14-15-16-17-18-19-20-21-22-23-24 10 m -0.0005697224592130541 0.027868232698235226 -48.915453915453924
config.CONGESTION_TYPE, slugifiedstring, i, key, value[2], value[0], value[1] : RECURRENT recurrent-capetown-25-1-2-3-4-5-6-7-8-9-10-11-12-13-14-15-16-17-18-19-20-21-22-23-24 11 circuity_avg 9.208390755575065e-05 0.0038527523238377926 41.83958333333334
config.CONGESTION_TYPE, slugifiedstring, i, key, value[2], value[0], value[1] : RECURRENT recurrent-capetown-25-1-2-3-4-5-6-7-8-9-10-11-12-13-14-15-16-17-18-19-20-21-22-23-24 12 streets_per_node_count_5 -0.0007571478723727208 0.01971344472214527 -26.036452642160953
config.CONGESTION_TYPE, slugifiedstring, i, key, value[2], value[0], value[1] : RECURRENT recurrent-capetown-25-1-2-3-4-5-6-7-8-9-10-11-12-13-14-15-16-17-18-19-20-21-22-23-24 13 global_betweenness 0.0007844453430041495 0.019039106102758545 24.27078734363502
config.CONGESTION_TYPE, slugifiedstring, i, key, value[2], value[0], value[1] : RECURRENT recurrent-capetown-25-1-2-3-4-5-6-7-8-9-10-11-12-13-14-15-16-17-18-19-20-21-22-23-24 14 k_avg 0.0005100347400540132 0.013659006322303179 26.78054110756588
config.CONGESTION_TYPE, slugifiedstring, i, key, value[2], value[0], value[1] : RECURRENT recurrent-capetown-25-1-2-3-4-5-6-7-8-9-10-11-12-13-14-15-16-17-18-19-20-21-22-23-24 15 mean_lanes 0.000603019745619183 0.01749897008303477 29.01890064158141
config.CONGESTION_TYPE, slugifiedstring, i, key, value[2], value[0], value[1] : RECURRENT recurrent-capetown-25-1-2-3-4-5-6-7-8-9-10-11-12-13-14-15-16-17-18-19-20-21-22-23-24 16 betweenness 0.02767611230571353 0.01847058104417152 0.6673835125448022
SHAP Values for each feature:
Slug                           Feature Name         Mean Abs SHAP Value
SHAP-- recurrent-capetown-25-1-2-3-4-5-6-7-8-9-10-11-12-13-14-15-16-17-18-19-20-21-22-23-24 streets_per_node_count_6          0.0133
SHAP-- recurrent-capetown-25-1-2-3-4-5-6-7-8-9-10-11-12-13-14-15-16-17-18-19-20-21-22-23-24 n                             0.0278
SHAP-- recurrent-capetown-25-1-2-3-4-5-6-7-8-9-10-11-12-13-14-15-16-17-18-19-20-21-22-23-24 total_crossings               0.0679
SHAP-- recurrent-capetown-25-1-2-3-4-5-6-7-8-9-10-11-12-13-14-15-16-17-18-19-20-21-22-23-24 streets_per_node_count_1          0.0000
SHAP-- recurrent-capetown-25-1-2-3-4-5-6-7-8-9-10-11-12-13-14-15-16-17-18-19-20-21-22-23-24 streets_per_node_count_3          0.0304
SHAP-- recurrent-capetown-25-1-2-3-4-5-6-7-8-9-10-11-12-13-14-15-16-17-18-19-20-21-22-23-24 streets_per_node_count_2          0.0147
SHAP-- recurrent-capetown-25-1-2-3-4-5-6-7-8-9-10-11-12-13-14-15-16-17-18-19-20-21-22-23-24 streets_per_node_avg          0.0239
SHAP-- recurrent-capetown-25-1-2-3-4-5-6-7-8-9-10-11-12-13-14-15-16-17-18-19-20-21-22-23-24 non_metered_count             0.0439
SHAP-- recurrent-capetown-25-1-2-3-4-5-6-7-8-9-10-11-12-13-14-15-16-17-18-19-20-21-22-23-24 metered_count                 0.0550
SHAP-- recurrent-capetown-25-1-2-3-4-5-6-7-8-9-10-11-12-13-14-15-16-17-18-19-20-21-22-23-24 streets_per_node_count_4          0.0000
SHAP-- recurrent-capetown-25-1-2-3-4-5-6-7-8-9-10-11-12-13-14-15-16-17-18-19-20-21-22-23-24 m                             0.0140
SHAP-- recurrent-capetown-25-1-2-3-4-5-6-7-8-9-10-11-12-13-14-15-16-17-18-19-20-21-22-23-24 circuity_avg                  0.0019
SHAP-- recurrent-capetown-25-1-2-3-4-5-6-7-8-9-10-11-12-13-14-15-16-17-18-19-20-21-22-23-24 streets_per_node_count_5          0.0099
SHAP-- recurrent-capetown-25-1-2-3-4-5-6-7-8-9-10-11-12-13-14-15-16-17-18-19-20-21-22-23-24 global_betweenness            0.0095
SHAP-- recurrent-capetown-25-1-2-3-4-5-6-7-8-9-10-11-12-13-14-15-16-17-18-19-20-21-22-23-24 k_avg                         0.0068
SHAP-- recurrent-capetown-25-1-2-3-4-5-6-7-8-9-10-11-12-13-14-15-16-17-18-19-20-21-22-23-24 mean_lanes                    0.0088
SHAP-- recurrent-capetown-25-1-2-3-4-5-6-7-8-9-10-11-12-13-14-15-16-17-18-19-20-21-22-23-24 betweenness                   0.0096
RECURRENT Capetown 25 LR 0.44319076618040365 XpVar
RECURRENT Capetown 25 RF 0.5480938593209488 XpVar
RECURRENT Capetown 25 GBM 0.35959875096122834 XpVar
RECURRENT Capetown 25 LLR 3.172065784643304e-17 XpVar
RECURRENT Capetown 25 RLR 0.45042339116168634 XpVar
RECURRENT Capetown 25 LR 0.07119974598831257 MSE
RECURRENT Capetown 25 RF 0.057390031886592856 MSE
RECURRENT Capetown 25 GBM 0.08149672733558784 MSE
RECURRENT Capetown 25 LLR 0.12760092348369792 MSE
RECURRENT Capetown 25 RLR 0.07038754254765096 MSE
RECURRENT Capetown 25 LR 0.42952927392428414 R2
RECURRENT Capetown 25 RF 0.5357314532817058 R2
RECURRENT Capetown 25 GBM 0.34119583943173964 R2
RECURRENT Capetown 25 LLR -0.016680372792287006 R2
RECURRENT Capetown 25 RLR 0.43712838806113447 R2
t_spatial, t_non_spatial, "seconds" : 2.86102294921875e-06 240.26041674613953 seconds
sorted_percentage_nan_per_column : Matplotlib is currently using agg, which is a non-GUI backend, so cannot show the figure.
Matplotlib is currently using agg, which is a non-GUI backend, so cannot show the figure.
maxspeed                         3.378378
n                                0.000000
lane_density                     0.000000
streets_per_node_proportion_6    0.000000
streets_per_node_count_6         0.000000
streets_per_node_proportion_5    0.000000
streets_per_node_count_5         0.000000
streets_per_node_proportion_4    0.000000
streets_per_node_count_4         0.000000
streets_per_node_proportion_3    0.000000
streets_per_node_count_3         0.000000
streets_per_node_proportion_2    0.000000
streets_per_node_count_2         0.000000
streets_per_node_proportion_1    0.000000
streets_per_node_count_1         0.000000
mean_lanes                       0.000000
m                                0.000000
betweenness                      0.000000
total_crossings                  0.000000
non_metered_count                0.000000
metered_count                    0.000000
self_loop_proportion             0.000000
circuity_avg                     0.000000
street_length_avg                0.000000
street_segment_count             0.000000
street_length_total              0.000000
streets_per_node_avg             0.000000
edge_length_avg                  0.000000
edge_length_total                0.000000
k_avg                            0.000000
global_betweenness               0.000000
dtype: float64
city, scale, tod, config.shift_tile_marker, X.shape, Y.shape : Capetown 50 [1, 2, 3, 4, 5, 6, 7, 8, 9, 10, 11, 12, 13, 14, 15, 16, 17, 18, 19, 20, 21, 22, 23, 24] 3 (888, 17) (888,)
X.shape, Y.shape, "Inside the model-fitting function" : (888, 17) (888,) Inside the model-fitting function
Dict: model_trials.best_params_
Key: Value
{'randomforestregressor__max_depth': 10,
 'randomforestregressor__max_features': 'sqrt',
 'randomforestregressor__n_estimators': 100}
Dict: model_trials.best_params_
Key: Value
{'xgbregressor__learning_rate': 0.01,
 'xgbregressor__max_depth': 20,
 'xgbregressor__n_estimators': 200}
Matplotlib is currently using agg, which is a non-GUI backend, so cannot show the figure.
config.CONGESTION_TYPE, slugifiedstring, i, key, value[2], value[0], value[1] : RECURRENT recurrent-capetown-50-1-2-3-4-5-6-7-8-9-10-11-12-13-14-15-16-17-18-19-20-21-22-23-24 0 streets_per_node_count_6 -0.0004672897138576673 0.03971443182779803 -84.9888851606409
config.CONGESTION_TYPE, slugifiedstring, i, key, value[2], value[0], value[1] : RECURRENT recurrent-capetown-50-1-2-3-4-5-6-7-8-9-10-11-12-13-14-15-16-17-18-19-20-21-22-23-24 1 n -0.00041876840018381645 0.04364908339160414 -104.23203702200209
config.CONGESTION_TYPE, slugifiedstring, i, key, value[2], value[0], value[1] : RECURRENT recurrent-capetown-50-1-2-3-4-5-6-7-8-9-10-11-12-13-14-15-16-17-18-19-20-21-22-23-24 2 total_crossings -0.0021764486654878646 0.16203170384824733 -74.44774894882573
config.CONGESTION_TYPE, slugifiedstring, i, key, value[2], value[0], value[1] : RECURRENT recurrent-capetown-50-1-2-3-4-5-6-7-8-9-10-11-12-13-14-15-16-17-18-19-20-21-22-23-24 3 streets_per_node_count_1 -0.0021764486654878646 0.16203170384824733 -74.44774894882573
config.CONGESTION_TYPE, slugifiedstring, i, key, value[2], value[0], value[1] : RECURRENT recurrent-capetown-50-1-2-3-4-5-6-7-8-9-10-11-12-13-14-15-16-17-18-19-20-21-22-23-24 4 streets_per_node_count_3 -0.0007227971292457849 0.07201464879655423 -99.63328004871732
config.CONGESTION_TYPE, slugifiedstring, i, key, value[2], value[0], value[1] : RECURRENT recurrent-capetown-50-1-2-3-4-5-6-7-8-9-10-11-12-13-14-15-16-17-18-19-20-21-22-23-24 5 streets_per_node_count_2 -0.00018253323156046202 0.018436823194977213 -101.00529661016947
config.CONGESTION_TYPE, slugifiedstring, i, key, value[2], value[0], value[1] : RECURRENT recurrent-capetown-50-1-2-3-4-5-6-7-8-9-10-11-12-13-14-15-16-17-18-19-20-21-22-23-24 6 streets_per_node_avg -0.0009138599608290174 0.06897577272273442 -75.47739881301106
config.CONGESTION_TYPE, slugifiedstring, i, key, value[2], value[0], value[1] : RECURRENT recurrent-capetown-50-1-2-3-4-5-6-7-8-9-10-11-12-13-14-15-16-17-18-19-20-21-22-23-24 7 non_metered_count -0.001151916745308833 0.0776682688849837 -67.42524509803923
config.CONGESTION_TYPE, slugifiedstring, i, key, value[2], value[0], value[1] : RECURRENT recurrent-capetown-50-1-2-3-4-5-6-7-8-9-10-11-12-13-14-15-16-17-18-19-20-21-22-23-24 8 metered_count -0.0022962321539835547 0.140969399497902 -61.39161462979479
config.CONGESTION_TYPE, slugifiedstring, i, key, value[2], value[0], value[1] : RECURRENT recurrent-capetown-50-1-2-3-4-5-6-7-8-9-10-11-12-13-14-15-16-17-18-19-20-21-22-23-24 9 streets_per_node_count_4 -0.0022962321539835547 0.140969399497902 -61.39161462979479
config.CONGESTION_TYPE, slugifiedstring, i, key, value[2], value[0], value[1] : RECURRENT recurrent-capetown-50-1-2-3-4-5-6-7-8-9-10-11-12-13-14-15-16-17-18-19-20-21-22-23-24 10 m -0.00039632693351005887 0.03023487482945216 -76.28771166692559
config.CONGESTION_TYPE, slugifiedstring, i, key, value[2], value[0], value[1] : RECURRENT recurrent-capetown-50-1-2-3-4-5-6-7-8-9-10-11-12-13-14-15-16-17-18-19-20-21-22-23-24 11 circuity_avg -0.00048751826440141785 0.007672447589822348 -15.737764408155442
config.CONGESTION_TYPE, slugifiedstring, i, key, value[2], value[0], value[1] : RECURRENT recurrent-capetown-50-1-2-3-4-5-6-7-8-9-10-11-12-13-14-15-16-17-18-19-20-21-22-23-24 12 streets_per_node_count_5 -0.0005267796516395151 0.03411221890673666 -64.75614386502588
config.CONGESTION_TYPE, slugifiedstring, i, key, value[2], value[0], value[1] : RECURRENT recurrent-capetown-50-1-2-3-4-5-6-7-8-9-10-11-12-13-14-15-16-17-18-19-20-21-22-23-24 13 global_betweenness 0.0005024003904101296 0.026398243753237897 52.5442341549296
config.CONGESTION_TYPE, slugifiedstring, i, key, value[2], value[0], value[1] : RECURRENT recurrent-capetown-50-1-2-3-4-5-6-7-8-9-10-11-12-13-14-15-16-17-18-19-20-21-22-23-24 14 k_avg -0.00037728705761846633 0.02253735992935787 -59.73531154664971
config.CONGESTION_TYPE, slugifiedstring, i, key, value[2], value[0], value[1] : RECURRENT recurrent-capetown-50-1-2-3-4-5-6-7-8-9-10-11-12-13-14-15-16-17-18-19-20-21-22-23-24 15 mean_lanes -0.000570960122564603 0.0174783008954772 -30.612121941142334
config.CONGESTION_TYPE, slugifiedstring, i, key, value[2], value[0], value[1] : RECURRENT recurrent-capetown-50-1-2-3-4-5-6-7-8-9-10-11-12-13-14-15-16-17-18-19-20-21-22-23-24 16 betweenness 0.001235662763331817 0.01754636590220807 14.19996330948453
SHAP Values for each feature:
Slug                           Feature Name         Mean Abs SHAP Value
SHAP-- recurrent-capetown-50-1-2-3-4-5-6-7-8-9-10-11-12-13-14-15-16-17-18-19-20-21-22-23-24 streets_per_node_count_6          0.0194
SHAP-- recurrent-capetown-50-1-2-3-4-5-6-7-8-9-10-11-12-13-14-15-16-17-18-19-20-21-22-23-24 n                             0.0219
SHAP-- recurrent-capetown-50-1-2-3-4-5-6-7-8-9-10-11-12-13-14-15-16-17-18-19-20-21-22-23-24 total_crossings               0.0804
SHAP-- recurrent-capetown-50-1-2-3-4-5-6-7-8-9-10-11-12-13-14-15-16-17-18-19-20-21-22-23-24 streets_per_node_count_1          0.0000
SHAP-- recurrent-capetown-50-1-2-3-4-5-6-7-8-9-10-11-12-13-14-15-16-17-18-19-20-21-22-23-24 streets_per_node_count_3          0.0361
SHAP-- recurrent-capetown-50-1-2-3-4-5-6-7-8-9-10-11-12-13-14-15-16-17-18-19-20-21-22-23-24 streets_per_node_count_2          0.0093
SHAP-- recurrent-capetown-50-1-2-3-4-5-6-7-8-9-10-11-12-13-14-15-16-17-18-19-20-21-22-23-24 streets_per_node_avg          0.0345
SHAP-- recurrent-capetown-50-1-2-3-4-5-6-7-8-9-10-11-12-13-14-15-16-17-18-19-20-21-22-23-24 non_metered_count             0.0387
SHAP-- recurrent-capetown-50-1-2-3-4-5-6-7-8-9-10-11-12-13-14-15-16-17-18-19-20-21-22-23-24 metered_count                 0.0704
SHAP-- recurrent-capetown-50-1-2-3-4-5-6-7-8-9-10-11-12-13-14-15-16-17-18-19-20-21-22-23-24 streets_per_node_count_4          0.0000
SHAP-- recurrent-capetown-50-1-2-3-4-5-6-7-8-9-10-11-12-13-14-15-16-17-18-19-20-21-22-23-24 m                             0.0135
SHAP-- recurrent-capetown-50-1-2-3-4-5-6-7-8-9-10-11-12-13-14-15-16-17-18-19-20-21-22-23-24 circuity_avg                  0.0036
SHAP-- recurrent-capetown-50-1-2-3-4-5-6-7-8-9-10-11-12-13-14-15-16-17-18-19-20-21-22-23-24 streets_per_node_count_5          0.0161
SHAP-- recurrent-capetown-50-1-2-3-4-5-6-7-8-9-10-11-12-13-14-15-16-17-18-19-20-21-22-23-24 global_betweenness            0.0124
SHAP-- recurrent-capetown-50-1-2-3-4-5-6-7-8-9-10-11-12-13-14-15-16-17-18-19-20-21-22-23-24 k_avg                         0.0105
SHAP-- recurrent-capetown-50-1-2-3-4-5-6-7-8-9-10-11-12-13-14-15-16-17-18-19-20-21-22-23-24 mean_lanes                    0.0088
SHAP-- recurrent-capetown-50-1-2-3-4-5-6-7-8-9-10-11-12-13-14-15-16-17-18-19-20-21-22-23-24 betweenness                   0.0088
RECURRENT Capetown 50 LR 0.3652473579306938 XpVar
RECURRENT Capetown 50 RF 0.4595703465681412 XpVar
RECURRENT Capetown 50 GBM 0.4006678648884488 XpVar
RECURRENT Capetown 50 LLR -6.344131569286608e-17 XpVar
RECURRENT Capetown 50 RLR 0.3662517787564173 XpVar
RECURRENT Capetown 50 LR 0.11381210703396616 MSE
RECURRENT Capetown 50 RF 0.09640424299708164 MSE
RECURRENT Capetown 50 GBM 0.10701893724879474 MSE
RECURRENT Capetown 50 LLR 0.1783202403795326 MSE
RECURRENT Capetown 50 RLR 0.11363080566885175 MSE
RECURRENT Capetown 50 LR 0.3634291964720427 R2
RECURRENT Capetown 50 RF 0.45834193537211954 R2
RECURRENT Capetown 50 GBM 0.39806625309819227 R2
RECURRENT Capetown 50 LLR -0.004967666940128591 R2
RECURRENT Capetown 50 RLR 0.36440617036539713 R2
t_spatial, t_non_spatial, "seconds" : 1.1920928955078125e-06 487.6644880771637 seconds
sorted_percentage_nan_per_column : Matplotlib is currently using agg, which is a non-GUI backend, so cannot show the figure.
Matplotlib is currently using agg, which is a non-GUI backend, so cannot show the figure.
maxspeed                         5.21666
n                                0.00000
lane_density                     0.00000
streets_per_node_proportion_6    0.00000
streets_per_node_count_6         0.00000
streets_per_node_proportion_5    0.00000
streets_per_node_count_5         0.00000
streets_per_node_proportion_4    0.00000
streets_per_node_count_4         0.00000
streets_per_node_proportion_3    0.00000
streets_per_node_count_3         0.00000
streets_per_node_proportion_2    0.00000
streets_per_node_count_2         0.00000
streets_per_node_proportion_1    0.00000
streets_per_node_count_1         0.00000
mean_lanes                       0.00000
m                                0.00000
betweenness                      0.00000
total_crossings                  0.00000
non_metered_count                0.00000
metered_count                    0.00000
self_loop_proportion             0.00000
circuity_avg                     0.00000
street_length_avg                0.00000
street_segment_count             0.00000
street_length_total              0.00000
streets_per_node_avg             0.00000
edge_length_avg                  0.00000
edge_length_total                0.00000
k_avg                            0.00000
global_betweenness               0.00000
dtype: float64
city, scale, tod, config.shift_tile_marker, X.shape, Y.shape : Capetown 100 [1, 2, 3, 4, 5, 6, 7, 8, 9, 10, 11, 12, 13, 14, 15, 16, 17, 18, 19, 20, 21, 22, 23, 24] 3 (2377, 17) (2377,)
X.shape, Y.shape, "Inside the model-fitting function" : (2377, 17) (2377,) Inside the model-fitting function
Dict: model_trials.best_params_
Key: Value
{'randomforestregressor__max_depth': 10,
 'randomforestregressor__max_features': 'sqrt',
 'randomforestregressor__n_estimators': 500}
Dict: model_trials.best_params_
Key: Value
{'xgbregressor__learning_rate': 0.01,
 'xgbregressor__max_depth': 10,
 'xgbregressor__n_estimators': 200}
Matplotlib is currently using agg, which is a non-GUI backend, so cannot show the figure.
config.CONGESTION_TYPE, slugifiedstring, i, key, value[2], value[0], value[1] : RECURRENT recurrent-capetown-100-1-2-3-4-5-6-7-8-9-10-11-12-13-14-15-16-17-18-19-20-21-22-23-24 0 streets_per_node_count_6 -0.00034218974968505065 0.05761159312756312 -168.3615397030112
config.CONGESTION_TYPE, slugifiedstring, i, key, value[2], value[0], value[1] : RECURRENT recurrent-capetown-100-1-2-3-4-5-6-7-8-9-10-11-12-13-14-15-16-17-18-19-20-21-22-23-24 1 n -0.00014530111410949794 0.043796124197439654 -301.41629997713017
config.CONGESTION_TYPE, slugifiedstring, i, key, value[2], value[0], value[1] : RECURRENT recurrent-capetown-100-1-2-3-4-5-6-7-8-9-10-11-12-13-14-15-16-17-18-19-20-21-22-23-24 2 total_crossings -0.0010675354959931774 0.15109502784236545 -141.53630339176198
config.CONGESTION_TYPE, slugifiedstring, i, key, value[2], value[0], value[1] : RECURRENT recurrent-capetown-100-1-2-3-4-5-6-7-8-9-10-11-12-13-14-15-16-17-18-19-20-21-22-23-24 3 streets_per_node_count_1 -0.0010675354959931774 0.15109502784236545 -141.53630339176198
config.CONGESTION_TYPE, slugifiedstring, i, key, value[2], value[0], value[1] : RECURRENT recurrent-capetown-100-1-2-3-4-5-6-7-8-9-10-11-12-13-14-15-16-17-18-19-20-21-22-23-24 4 streets_per_node_count_3 -0.00022940990756573106 0.049472158374830766 -215.64961557144557
config.CONGESTION_TYPE, slugifiedstring, i, key, value[2], value[0], value[1] : RECURRENT recurrent-capetown-100-1-2-3-4-5-6-7-8-9-10-11-12-13-14-15-16-17-18-19-20-21-22-23-24 5 streets_per_node_count_2 -7.437661781332416e-05 0.020471598701968467 -275.2423988053554
config.CONGESTION_TYPE, slugifiedstring, i, key, value[2], value[0], value[1] : RECURRENT recurrent-capetown-100-1-2-3-4-5-6-7-8-9-10-11-12-13-14-15-16-17-18-19-20-21-22-23-24 6 streets_per_node_avg -0.0005150504370693245 0.0827245978810771 -160.6145571913039
config.CONGESTION_TYPE, slugifiedstring, i, key, value[2], value[0], value[1] : RECURRENT recurrent-capetown-100-1-2-3-4-5-6-7-8-9-10-11-12-13-14-15-16-17-18-19-20-21-22-23-24 7 non_metered_count -0.0005462969007032027 0.08033345052723104 -147.05089928905772
config.CONGESTION_TYPE, slugifiedstring, i, key, value[2], value[0], value[1] : RECURRENT recurrent-capetown-100-1-2-3-4-5-6-7-8-9-10-11-12-13-14-15-16-17-18-19-20-21-22-23-24 8 metered_count -0.0029155123920091073 0.19717985165077667 -67.63128573598624
config.CONGESTION_TYPE, slugifiedstring, i, key, value[2], value[0], value[1] : RECURRENT recurrent-capetown-100-1-2-3-4-5-6-7-8-9-10-11-12-13-14-15-16-17-18-19-20-21-22-23-24 9 streets_per_node_count_4 -0.0029155123920091073 0.19717985165077667 -67.63128573598624
config.CONGESTION_TYPE, slugifiedstring, i, key, value[2], value[0], value[1] : RECURRENT recurrent-capetown-100-1-2-3-4-5-6-7-8-9-10-11-12-13-14-15-16-17-18-19-20-21-22-23-24 10 m -0.00015801330479804556 0.04041562114723601 -255.7735324812718
config.CONGESTION_TYPE, slugifiedstring, i, key, value[2], value[0], value[1] : RECURRENT recurrent-capetown-100-1-2-3-4-5-6-7-8-9-10-11-12-13-14-15-16-17-18-19-20-21-22-23-24 11 circuity_avg -0.0005298029936017527 0.01317214047930568 -24.86233682780403
config.CONGESTION_TYPE, slugifiedstring, i, key, value[2], value[0], value[1] : RECURRENT recurrent-capetown-100-1-2-3-4-5-6-7-8-9-10-11-12-13-14-15-16-17-18-19-20-21-22-23-24 12 streets_per_node_count_5 0.0006175146143728066 0.026100097314216846 42.26636375355429
config.CONGESTION_TYPE, slugifiedstring, i, key, value[2], value[0], value[1] : RECURRENT recurrent-capetown-100-1-2-3-4-5-6-7-8-9-10-11-12-13-14-15-16-17-18-19-20-21-22-23-24 13 global_betweenness 0.0002687996530879441 0.023769451113319805 88.42813165961593
config.CONGESTION_TYPE, slugifiedstring, i, key, value[2], value[0], value[1] : RECURRENT recurrent-capetown-100-1-2-3-4-5-6-7-8-9-10-11-12-13-14-15-16-17-18-19-20-21-22-23-24 14 k_avg -0.0001944677369259361 0.03305528564093527 -169.9782501892564
config.CONGESTION_TYPE, slugifiedstring, i, key, value[2], value[0], value[1] : RECURRENT recurrent-capetown-100-1-2-3-4-5-6-7-8-9-10-11-12-13-14-15-16-17-18-19-20-21-22-23-24 15 mean_lanes -0.0002629887408674057 0.022802521455752667 -86.70531438168791
config.CONGESTION_TYPE, slugifiedstring, i, key, value[2], value[0], value[1] : RECURRENT recurrent-capetown-100-1-2-3-4-5-6-7-8-9-10-11-12-13-14-15-16-17-18-19-20-21-22-23-24 16 betweenness -0.00015135331575972526 0.023892507658145122 -157.85916243866563
SHAP Values for each feature:
Slug                           Feature Name         Mean Abs SHAP Value
SHAP-- recurrent-capetown-100-1-2-3-4-5-6-7-8-9-10-11-12-13-14-15-16-17-18-19-20-21-22-23-24 streets_per_node_count_6          0.0287
SHAP-- recurrent-capetown-100-1-2-3-4-5-6-7-8-9-10-11-12-13-14-15-16-17-18-19-20-21-22-23-24 n                             0.0218
SHAP-- recurrent-capetown-100-1-2-3-4-5-6-7-8-9-10-11-12-13-14-15-16-17-18-19-20-21-22-23-24 total_crossings               0.0744
SHAP-- recurrent-capetown-100-1-2-3-4-5-6-7-8-9-10-11-12-13-14-15-16-17-18-19-20-21-22-23-24 streets_per_node_count_1          0.0000
SHAP-- recurrent-capetown-100-1-2-3-4-5-6-7-8-9-10-11-12-13-14-15-16-17-18-19-20-21-22-23-24 streets_per_node_count_3          0.0248
SHAP-- recurrent-capetown-100-1-2-3-4-5-6-7-8-9-10-11-12-13-14-15-16-17-18-19-20-21-22-23-24 streets_per_node_count_2          0.0101
SHAP-- recurrent-capetown-100-1-2-3-4-5-6-7-8-9-10-11-12-13-14-15-16-17-18-19-20-21-22-23-24 streets_per_node_avg          0.0404
SHAP-- recurrent-capetown-100-1-2-3-4-5-6-7-8-9-10-11-12-13-14-15-16-17-18-19-20-21-22-23-24 non_metered_count             0.0394
SHAP-- recurrent-capetown-100-1-2-3-4-5-6-7-8-9-10-11-12-13-14-15-16-17-18-19-20-21-22-23-24 metered_count                 0.0958
SHAP-- recurrent-capetown-100-1-2-3-4-5-6-7-8-9-10-11-12-13-14-15-16-17-18-19-20-21-22-23-24 streets_per_node_count_4          0.0000
SHAP-- recurrent-capetown-100-1-2-3-4-5-6-7-8-9-10-11-12-13-14-15-16-17-18-19-20-21-22-23-24 m                             0.0201
SHAP-- recurrent-capetown-100-1-2-3-4-5-6-7-8-9-10-11-12-13-14-15-16-17-18-19-20-21-22-23-24 circuity_avg                  0.0050
SHAP-- recurrent-capetown-100-1-2-3-4-5-6-7-8-9-10-11-12-13-14-15-16-17-18-19-20-21-22-23-24 streets_per_node_count_5          0.0131
SHAP-- recurrent-capetown-100-1-2-3-4-5-6-7-8-9-10-11-12-13-14-15-16-17-18-19-20-21-22-23-24 global_betweenness            0.0116
SHAP-- recurrent-capetown-100-1-2-3-4-5-6-7-8-9-10-11-12-13-14-15-16-17-18-19-20-21-22-23-24 k_avg                         0.0156
SHAP-- recurrent-capetown-100-1-2-3-4-5-6-7-8-9-10-11-12-13-14-15-16-17-18-19-20-21-22-23-24 mean_lanes                    0.0114
SHAP-- recurrent-capetown-100-1-2-3-4-5-6-7-8-9-10-11-12-13-14-15-16-17-18-19-20-21-22-23-24 betweenness                   0.0115
RECURRENT Capetown 100 LR 0.28006296497097816 XpVar
RECURRENT Capetown 100 RF 0.371736176342889 XpVar
RECURRENT Capetown 100 GBM 0.3080309140208714 XpVar
RECURRENT Capetown 100 LLR 0.0 XpVar
RECURRENT Capetown 100 RLR 0.280155095553977 XpVar
RECURRENT Capetown 100 LR 0.16788323764564375 MSE
RECURRENT Capetown 100 RF 0.14704052125755768 MSE
RECURRENT Capetown 100 GBM 0.16180755368561497 MSE
RECURRENT Capetown 100 LLR 0.23408502520711752 MSE
RECURRENT Capetown 100 RLR 0.16786111330445871 MSE
RECURRENT Capetown 100 LR 0.27966061675054643 R2
RECURRENT Capetown 100 RF 0.3712475280538024 R2
RECURRENT Capetown 100 GBM 0.3077129754495775 R2
RECURRENT Capetown 100 LLR -0.000866413396748105 R2
RECURRENT Capetown 100 RLR 0.2797545448730913 R2
t_spatial, t_non_spatial, "seconds" : 1.430511474609375e-06 984.7135689258575 seconds

 Complete: python urbanscales/modelling/SHAP_analysis.py

