Matplotlib is currently using agg, which is a non-GUI backend, so cannot show the figure.
Matplotlib is currently using agg, which is a non-GUI backend, so cannot show the figure.
Loaded config file: Prefix for name of road network object pickle file!
os.getcwd() : /home/niskumar/WCS/urbanscales/modelling
sorted_percentage_nan_per_column : maxspeed                         7.744108
n                                0.000000
lane_density                     0.000000
streets_per_node_proportion_6    0.000000
streets_per_node_count_6         0.000000
streets_per_node_proportion_5    0.000000
streets_per_node_count_5         0.000000
streets_per_node_proportion_4    0.000000
streets_per_node_count_4         0.000000
streets_per_node_proportion_3    0.000000
streets_per_node_count_3         0.000000
streets_per_node_proportion_2    0.000000
streets_per_node_count_2         0.000000
streets_per_node_proportion_1    0.000000
streets_per_node_count_1         0.000000
mean_lanes                       0.000000
m                                0.000000
betweenness                      0.000000
total_crossings                  0.000000
non_metered_count                0.000000
metered_count                    0.000000
self_loop_proportion             0.000000
circuity_avg                     0.000000
street_length_avg                0.000000
street_segment_count             0.000000
street_length_total              0.000000
streets_per_node_avg             0.000000
edge_length_avg                  0.000000
edge_length_total                0.000000
k_avg                            0.000000
global_betweenness               0.000000
dtype: float64
city, scale, tod, config.shift_tile_marker, X.shape, Y.shape : NewYorkCity 20 [1, 2, 3, 4, 5, 6, 7, 8, 9, 10, 11, 12, 13, 14, 15, 16, 17, 18, 19, 20, 21, 22, 23, 24] 3 (297, 17) (297,)
X.shape, Y.shape, "Inside the model-fitting function" : (297, 17) (297,) Inside the model-fitting function
Dict: model_trials.best_params_
Key: Value
{'randomforestregressor__max_depth': 10,
 'randomforestregressor__max_features': 'sqrt',
 'randomforestregressor__n_estimators': 400}
Dict: model_trials.best_params_
Key: Value
{'xgbregressor__learning_rate': 0.2,
 'xgbregressor__max_depth': 20,
 'xgbregressor__n_estimators': 200}
Matplotlib is currently using agg, which is a non-GUI backend, so cannot show the figure.
config.CONGESTION_TYPE, slugifiedstring, i, key, value[2], value[0], value[1] : RECURRENT recurrent-newyorkcity-20-1-2-3-4-5-6-7-8-9-10-11-12-13-14-15-16-17-18-19-20-21-22-23-24 0 betweenness 0.0013177473012753612 0.019829942115461092 15.048364808843843
config.CONGESTION_TYPE, slugifiedstring, i, key, value[2], value[0], value[1] : RECURRENT recurrent-newyorkcity-20-1-2-3-4-5-6-7-8-9-10-11-12-13-14-15-16-17-18-19-20-21-22-23-24 1 streets_per_node_count_5 -0.000864115352154975 0.02818428890634345 -32.61635016211207
config.CONGESTION_TYPE, slugifiedstring, i, key, value[2], value[0], value[1] : RECURRENT recurrent-newyorkcity-20-1-2-3-4-5-6-7-8-9-10-11-12-13-14-15-16-17-18-19-20-21-22-23-24 2 k_avg -0.0031160225698309302 0.018384905720573278 -5.900119562218322
config.CONGESTION_TYPE, slugifiedstring, i, key, value[2], value[0], value[1] : RECURRENT recurrent-newyorkcity-20-1-2-3-4-5-6-7-8-9-10-11-12-13-14-15-16-17-18-19-20-21-22-23-24 3 streets_per_node_avg -0.002942341031314996 0.08080472954233897 -27.462734157034674
config.CONGESTION_TYPE, slugifiedstring, i, key, value[2], value[0], value[1] : RECURRENT recurrent-newyorkcity-20-1-2-3-4-5-6-7-8-9-10-11-12-13-14-15-16-17-18-19-20-21-22-23-24 4 m -0.003950306247633332 0.01695217841576961 -4.291358024691334
config.CONGESTION_TYPE, slugifiedstring, i, key, value[2], value[0], value[1] : RECURRENT recurrent-newyorkcity-20-1-2-3-4-5-6-7-8-9-10-11-12-13-14-15-16-17-18-19-20-21-22-23-24 5 total_crossings -0.006864090306242347 0.23439559429759224 -34.148093023255825
config.CONGESTION_TYPE, slugifiedstring, i, key, value[2], value[0], value[1] : RECURRENT recurrent-newyorkcity-20-1-2-3-4-5-6-7-8-9-10-11-12-13-14-15-16-17-18-19-20-21-22-23-24 6 circuity_avg 0.00028589453070879654 0.009421560008564199 32.95467032967032
config.CONGESTION_TYPE, slugifiedstring, i, key, value[2], value[0], value[1] : RECURRENT recurrent-newyorkcity-20-1-2-3-4-5-6-7-8-9-10-11-12-13-14-15-16-17-18-19-20-21-22-23-24 7 streets_per_node_count_1 0.00028589453070879654 0.009421560008564199 32.95467032967032
config.CONGESTION_TYPE, slugifiedstring, i, key, value[2], value[0], value[1] : RECURRENT recurrent-newyorkcity-20-1-2-3-4-5-6-7-8-9-10-11-12-13-14-15-16-17-18-19-20-21-22-23-24 8 streets_per_node_count_3 0.011729831458087113 0.09263800231045893 7.897641380566455
config.CONGESTION_TYPE, slugifiedstring, i, key, value[2], value[0], value[1] : RECURRENT recurrent-newyorkcity-20-1-2-3-4-5-6-7-8-9-10-11-12-13-14-15-16-17-18-19-20-21-22-23-24 9 streets_per_node_count_4 0.011729831458087113 0.09263800231045893 7.897641380566455
config.CONGESTION_TYPE, slugifiedstring, i, key, value[2], value[0], value[1] : RECURRENT recurrent-newyorkcity-20-1-2-3-4-5-6-7-8-9-10-11-12-13-14-15-16-17-18-19-20-21-22-23-24 10 streets_per_node_count_6 -0.003356912595945497 0.08674880060977622 -25.84184071832911
config.CONGESTION_TYPE, slugifiedstring, i, key, value[2], value[0], value[1] : RECURRENT recurrent-newyorkcity-20-1-2-3-4-5-6-7-8-9-10-11-12-13-14-15-16-17-18-19-20-21-22-23-24 11 metered_count -0.017050348989987408 0.2628892358071142 -15.418407914201197
config.CONGESTION_TYPE, slugifiedstring, i, key, value[2], value[0], value[1] : RECURRENT recurrent-newyorkcity-20-1-2-3-4-5-6-7-8-9-10-11-12-13-14-15-16-17-18-19-20-21-22-23-24 12 non_metered_count -0.005317144742562812 0.1630256594348229 -30.660376447876445
config.CONGESTION_TYPE, slugifiedstring, i, key, value[2], value[0], value[1] : RECURRENT recurrent-newyorkcity-20-1-2-3-4-5-6-7-8-9-10-11-12-13-14-15-16-17-18-19-20-21-22-23-24 13 n -0.002934179550551849 0.016564777280842657 -5.645454545454527
config.CONGESTION_TYPE, slugifiedstring, i, key, value[2], value[0], value[1] : RECURRENT recurrent-newyorkcity-20-1-2-3-4-5-6-7-8-9-10-11-12-13-14-15-16-17-18-19-20-21-22-23-24 14 streets_per_node_count_2 -0.0016740757772968492 0.015738258906331463 -9.401162790697697
config.CONGESTION_TYPE, slugifiedstring, i, key, value[2], value[0], value[1] : RECURRENT recurrent-newyorkcity-20-1-2-3-4-5-6-7-8-9-10-11-12-13-14-15-16-17-18-19-20-21-22-23-24 15 mean_lanes -0.04523405160378361 0.022858318452771094 -0.5053343143566451
config.CONGESTION_TYPE, slugifiedstring, i, key, value[2], value[0], value[1] : RECURRENT recurrent-newyorkcity-20-1-2-3-4-5-6-7-8-9-10-11-12-13-14-15-16-17-18-19-20-21-22-23-24 16 global_betweenness -0.0005485864463407947 0.022292618219188903 -40.636472825542995
SHAP Values for each feature:
Slug                           Feature Name         Mean Abs SHAP Value
SHAP-- recurrent-newyorkcity-20-1-2-3-4-5-6-7-8-9-10-11-12-13-14-15-16-17-18-19-20-21-22-23-24 betweenness                   0.0099
SHAP-- recurrent-newyorkcity-20-1-2-3-4-5-6-7-8-9-10-11-12-13-14-15-16-17-18-19-20-21-22-23-24 streets_per_node_count_5          0.0140
SHAP-- recurrent-newyorkcity-20-1-2-3-4-5-6-7-8-9-10-11-12-13-14-15-16-17-18-19-20-21-22-23-24 k_avg                         0.0091
SHAP-- recurrent-newyorkcity-20-1-2-3-4-5-6-7-8-9-10-11-12-13-14-15-16-17-18-19-20-21-22-23-24 streets_per_node_avg          0.0376
SHAP-- recurrent-newyorkcity-20-1-2-3-4-5-6-7-8-9-10-11-12-13-14-15-16-17-18-19-20-21-22-23-24 m                             0.0085
SHAP-- recurrent-newyorkcity-20-1-2-3-4-5-6-7-8-9-10-11-12-13-14-15-16-17-18-19-20-21-22-23-24 total_crossings               0.1143
SHAP-- recurrent-newyorkcity-20-1-2-3-4-5-6-7-8-9-10-11-12-13-14-15-16-17-18-19-20-21-22-23-24 circuity_avg                  0.0022
SHAP-- recurrent-newyorkcity-20-1-2-3-4-5-6-7-8-9-10-11-12-13-14-15-16-17-18-19-20-21-22-23-24 streets_per_node_count_1          0.0000
SHAP-- recurrent-newyorkcity-20-1-2-3-4-5-6-7-8-9-10-11-12-13-14-15-16-17-18-19-20-21-22-23-24 streets_per_node_count_3          0.0456
SHAP-- recurrent-newyorkcity-20-1-2-3-4-5-6-7-8-9-10-11-12-13-14-15-16-17-18-19-20-21-22-23-24 streets_per_node_count_4          0.0000
SHAP-- recurrent-newyorkcity-20-1-2-3-4-5-6-7-8-9-10-11-12-13-14-15-16-17-18-19-20-21-22-23-24 streets_per_node_count_6          0.0404
SHAP-- recurrent-newyorkcity-20-1-2-3-4-5-6-7-8-9-10-11-12-13-14-15-16-17-18-19-20-21-22-23-24 metered_count                 0.1298
SHAP-- recurrent-newyorkcity-20-1-2-3-4-5-6-7-8-9-10-11-12-13-14-15-16-17-18-19-20-21-22-23-24 non_metered_count             0.0780
SHAP-- recurrent-newyorkcity-20-1-2-3-4-5-6-7-8-9-10-11-12-13-14-15-16-17-18-19-20-21-22-23-24 n                             0.0082
SHAP-- recurrent-newyorkcity-20-1-2-3-4-5-6-7-8-9-10-11-12-13-14-15-16-17-18-19-20-21-22-23-24 streets_per_node_count_2          0.0079
SHAP-- recurrent-newyorkcity-20-1-2-3-4-5-6-7-8-9-10-11-12-13-14-15-16-17-18-19-20-21-22-23-24 mean_lanes                    0.0112
SHAP-- recurrent-newyorkcity-20-1-2-3-4-5-6-7-8-9-10-11-12-13-14-15-16-17-18-19-20-21-22-23-24 global_betweenness            0.0106
RECURRENT NewYorkCity 20 LR 0.5968730066104347 XpVar
RECURRENT NewYorkCity 20 RF 0.65486728968983 XpVar
RECURRENT NewYorkCity 20 GBM 0.5796171649231537 XpVar
RECURRENT NewYorkCity 20 LLR 0.0 XpVar
RECURRENT NewYorkCity 20 RLR 0.5971062107023142 XpVar
RECURRENT NewYorkCity 20 LR 0.12749975832736327 MSE
RECURRENT NewYorkCity 20 RF 0.10868645956226027 MSE
RECURRENT NewYorkCity 20 GBM 0.1347928880848944 MSE
RECURRENT NewYorkCity 20 LLR 0.32984161958721286 MSE
RECURRENT NewYorkCity 20 RLR 0.12741314467715797 MSE
RECURRENT NewYorkCity 20 LR 0.5920841914106175 R2
RECURRENT NewYorkCity 20 RF 0.6528133347412882 R2
RECURRENT NewYorkCity 20 GBM 0.5743431942922246 R2
RECURRENT NewYorkCity 20 LLR -0.05088585136914852 R2
RECURRENT NewYorkCity 20 RLR 0.5929621630298281 R2
t_spatial, t_non_spatial, "seconds" : 1.1920928955078125e-06 243.42780661582947 seconds
sorted_percentage_nan_per_column : Matplotlib is currently using agg, which is a non-GUI backend, so cannot show the figure.
Matplotlib is currently using agg, which is a non-GUI backend, so cannot show the figure.
maxspeed                         16.199377
n                                 0.000000
lane_density                      0.000000
streets_per_node_proportion_6     0.000000
streets_per_node_count_6          0.000000
streets_per_node_proportion_5     0.000000
streets_per_node_count_5          0.000000
streets_per_node_proportion_4     0.000000
streets_per_node_count_4          0.000000
streets_per_node_proportion_3     0.000000
streets_per_node_count_3          0.000000
streets_per_node_proportion_2     0.000000
streets_per_node_count_2          0.000000
streets_per_node_proportion_1     0.000000
streets_per_node_count_1          0.000000
mean_lanes                        0.000000
m                                 0.000000
betweenness                       0.000000
total_crossings                   0.000000
non_metered_count                 0.000000
metered_count                     0.000000
self_loop_proportion              0.000000
circuity_avg                      0.000000
street_length_avg                 0.000000
street_segment_count              0.000000
street_length_total               0.000000
streets_per_node_avg              0.000000
edge_length_avg                   0.000000
edge_length_total                 0.000000
k_avg                             0.000000
global_betweenness                0.000000
dtype: float64
city, scale, tod, config.shift_tile_marker, X.shape, Y.shape : NewYorkCity 30 [1, 2, 3, 4, 5, 6, 7, 8, 9, 10, 11, 12, 13, 14, 15, 16, 17, 18, 19, 20, 21, 22, 23, 24] 3 (642, 17) (642,)
X.shape, Y.shape, "Inside the model-fitting function" : (642, 17) (642,) Inside the model-fitting function
Dict: model_trials.best_params_
Key: Value
{'randomforestregressor__max_depth': 10,
 'randomforestregressor__max_features': 'sqrt',
 'randomforestregressor__n_estimators': 1000}
Dict: model_trials.best_params_
Key: Value
{'xgbregressor__learning_rate': 0.01,
 'xgbregressor__max_depth': 10,
 'xgbregressor__n_estimators': 300}
Matplotlib is currently using agg, which is a non-GUI backend, so cannot show the figure.
config.CONGESTION_TYPE, slugifiedstring, i, key, value[2], value[0], value[1] : RECURRENT recurrent-newyorkcity-30-1-2-3-4-5-6-7-8-9-10-11-12-13-14-15-16-17-18-19-20-21-22-23-24 0 betweenness 0.0012096517587505073 0.02899670603107379 23.971118812761063
config.CONGESTION_TYPE, slugifiedstring, i, key, value[2], value[0], value[1] : RECURRENT recurrent-newyorkcity-30-1-2-3-4-5-6-7-8-9-10-11-12-13-14-15-16-17-18-19-20-21-22-23-24 1 streets_per_node_count_5 -0.0016667311415629205 0.028415587430675626 -17.04869293078059
config.CONGESTION_TYPE, slugifiedstring, i, key, value[2], value[0], value[1] : RECURRENT recurrent-newyorkcity-30-1-2-3-4-5-6-7-8-9-10-11-12-13-14-15-16-17-18-19-20-21-22-23-24 2 k_avg -0.0021007256982038284 0.016862091976389784 -8.026793784075323
config.CONGESTION_TYPE, slugifiedstring, i, key, value[2], value[0], value[1] : RECURRENT recurrent-newyorkcity-30-1-2-3-4-5-6-7-8-9-10-11-12-13-14-15-16-17-18-19-20-21-22-23-24 3 streets_per_node_avg -0.0020292941342249997 0.09237250145143303 -45.51952321426813
config.CONGESTION_TYPE, slugifiedstring, i, key, value[2], value[0], value[1] : RECURRENT recurrent-newyorkcity-30-1-2-3-4-5-6-7-8-9-10-11-12-13-14-15-16-17-18-19-20-21-22-23-24 4 m -0.00039231773705083117 0.018241700827050896 -46.497262561155594
config.CONGESTION_TYPE, slugifiedstring, i, key, value[2], value[0], value[1] : RECURRENT recurrent-newyorkcity-30-1-2-3-4-5-6-7-8-9-10-11-12-13-14-15-16-17-18-19-20-21-22-23-24 5 total_crossings -0.00322576441719483 0.2383219659039031 -73.8807721461418
config.CONGESTION_TYPE, slugifiedstring, i, key, value[2], value[0], value[1] : RECURRENT recurrent-newyorkcity-30-1-2-3-4-5-6-7-8-9-10-11-12-13-14-15-16-17-18-19-20-21-22-23-24 6 circuity_avg -0.0001481268534060226 0.003914316077295699 -26.425431900361616
config.CONGESTION_TYPE, slugifiedstring, i, key, value[2], value[0], value[1] : RECURRENT recurrent-newyorkcity-30-1-2-3-4-5-6-7-8-9-10-11-12-13-14-15-16-17-18-19-20-21-22-23-24 7 streets_per_node_count_1 -0.0001481268534060226 0.003914316077295699 -26.425431900361616
config.CONGESTION_TYPE, slugifiedstring, i, key, value[2], value[0], value[1] : RECURRENT recurrent-newyorkcity-30-1-2-3-4-5-6-7-8-9-10-11-12-13-14-15-16-17-18-19-20-21-22-23-24 8 streets_per_node_count_3 -0.004414318802836551 0.11098860720635984 -25.142861710631507
config.CONGESTION_TYPE, slugifiedstring, i, key, value[2], value[0], value[1] : RECURRENT recurrent-newyorkcity-30-1-2-3-4-5-6-7-8-9-10-11-12-13-14-15-16-17-18-19-20-21-22-23-24 9 streets_per_node_count_4 -0.004414318802836551 0.11098860720635984 -25.142861710631507
config.CONGESTION_TYPE, slugifiedstring, i, key, value[2], value[0], value[1] : RECURRENT recurrent-newyorkcity-30-1-2-3-4-5-6-7-8-9-10-11-12-13-14-15-16-17-18-19-20-21-22-23-24 10 streets_per_node_count_6 -0.001316609263289736 0.09538043467515603 -72.44399483931505
config.CONGESTION_TYPE, slugifiedstring, i, key, value[2], value[0], value[1] : RECURRENT recurrent-newyorkcity-30-1-2-3-4-5-6-7-8-9-10-11-12-13-14-15-16-17-18-19-20-21-22-23-24 11 metered_count -0.009684529565916603 0.2880414449405185 -29.742430231638878
config.CONGESTION_TYPE, slugifiedstring, i, key, value[2], value[0], value[1] : RECURRENT recurrent-newyorkcity-30-1-2-3-4-5-6-7-8-9-10-11-12-13-14-15-16-17-18-19-20-21-22-23-24 12 non_metered_count -0.0018505867578065746 0.1507850151073481 -81.47957099080696
config.CONGESTION_TYPE, slugifiedstring, i, key, value[2], value[0], value[1] : RECURRENT recurrent-newyorkcity-30-1-2-3-4-5-6-7-8-9-10-11-12-13-14-15-16-17-18-19-20-21-22-23-24 13 n -0.00042910701083204633 0.021426149276463004 -49.93194875776396
config.CONGESTION_TYPE, slugifiedstring, i, key, value[2], value[0], value[1] : RECURRENT recurrent-newyorkcity-30-1-2-3-4-5-6-7-8-9-10-11-12-13-14-15-16-17-18-19-20-21-22-23-24 14 streets_per_node_count_2 -0.00029866650565120483 0.022625675544906177 -75.75565092434363
config.CONGESTION_TYPE, slugifiedstring, i, key, value[2], value[0], value[1] : RECURRENT recurrent-newyorkcity-30-1-2-3-4-5-6-7-8-9-10-11-12-13-14-15-16-17-18-19-20-21-22-23-24 15 mean_lanes -0.0016037318527837021 0.021420944591857408 -13.356936544395296
config.CONGESTION_TYPE, slugifiedstring, i, key, value[2], value[0], value[1] : RECURRENT recurrent-newyorkcity-30-1-2-3-4-5-6-7-8-9-10-11-12-13-14-15-16-17-18-19-20-21-22-23-24 16 global_betweenness -0.0007191287053566597 0.03618742595571206 -50.32120910507183
SHAP Values for each feature:
Slug                           Feature Name         Mean Abs SHAP Value
SHAP-- recurrent-newyorkcity-30-1-2-3-4-5-6-7-8-9-10-11-12-13-14-15-16-17-18-19-20-21-22-23-24 betweenness                   0.0145
SHAP-- recurrent-newyorkcity-30-1-2-3-4-5-6-7-8-9-10-11-12-13-14-15-16-17-18-19-20-21-22-23-24 streets_per_node_count_5          0.0140
SHAP-- recurrent-newyorkcity-30-1-2-3-4-5-6-7-8-9-10-11-12-13-14-15-16-17-18-19-20-21-22-23-24 k_avg                         0.0084
SHAP-- recurrent-newyorkcity-30-1-2-3-4-5-6-7-8-9-10-11-12-13-14-15-16-17-18-19-20-21-22-23-24 streets_per_node_avg          0.0454
SHAP-- recurrent-newyorkcity-30-1-2-3-4-5-6-7-8-9-10-11-12-13-14-15-16-17-18-19-20-21-22-23-24 m                             0.0091
SHAP-- recurrent-newyorkcity-30-1-2-3-4-5-6-7-8-9-10-11-12-13-14-15-16-17-18-19-20-21-22-23-24 total_crossings               0.1145
SHAP-- recurrent-newyorkcity-30-1-2-3-4-5-6-7-8-9-10-11-12-13-14-15-16-17-18-19-20-21-22-23-24 circuity_avg                  0.0019
SHAP-- recurrent-newyorkcity-30-1-2-3-4-5-6-7-8-9-10-11-12-13-14-15-16-17-18-19-20-21-22-23-24 streets_per_node_count_1          0.0000
SHAP-- recurrent-newyorkcity-30-1-2-3-4-5-6-7-8-9-10-11-12-13-14-15-16-17-18-19-20-21-22-23-24 streets_per_node_count_3          0.0496
SHAP-- recurrent-newyorkcity-30-1-2-3-4-5-6-7-8-9-10-11-12-13-14-15-16-17-18-19-20-21-22-23-24 streets_per_node_count_4          0.0000
SHAP-- recurrent-newyorkcity-30-1-2-3-4-5-6-7-8-9-10-11-12-13-14-15-16-17-18-19-20-21-22-23-24 streets_per_node_count_6          0.0473
SHAP-- recurrent-newyorkcity-30-1-2-3-4-5-6-7-8-9-10-11-12-13-14-15-16-17-18-19-20-21-22-23-24 metered_count                 0.1421
SHAP-- recurrent-newyorkcity-30-1-2-3-4-5-6-7-8-9-10-11-12-13-14-15-16-17-18-19-20-21-22-23-24 non_metered_count             0.0749
SHAP-- recurrent-newyorkcity-30-1-2-3-4-5-6-7-8-9-10-11-12-13-14-15-16-17-18-19-20-21-22-23-24 n                             0.0107
SHAP-- recurrent-newyorkcity-30-1-2-3-4-5-6-7-8-9-10-11-12-13-14-15-16-17-18-19-20-21-22-23-24 streets_per_node_count_2          0.0113
SHAP-- recurrent-newyorkcity-30-1-2-3-4-5-6-7-8-9-10-11-12-13-14-15-16-17-18-19-20-21-22-23-24 mean_lanes                    0.0106
SHAP-- recurrent-newyorkcity-30-1-2-3-4-5-6-7-8-9-10-11-12-13-14-15-16-17-18-19-20-21-22-23-24 global_betweenness            0.0167
RECURRENT NewYorkCity 30 LR 0.5088510641089529 XpVar
RECURRENT NewYorkCity 30 RF 0.5754273664469169 XpVar
RECURRENT NewYorkCity 30 GBM 0.473410551561427 XpVar
RECURRENT NewYorkCity 30 LLR -3.172065784643304e-17 XpVar
RECURRENT NewYorkCity 30 RLR 0.5088312176133906 XpVar
RECURRENT NewYorkCity 30 LR 0.18449064995087627 MSE
RECURRENT NewYorkCity 30 RF 0.15887483097873265 MSE
RECURRENT NewYorkCity 30 GBM 0.19607786555604065 MSE
RECURRENT NewYorkCity 30 LLR 0.3753081329333027 MSE
RECURRENT NewYorkCity 30 RLR 0.1847663409209303 MSE
RECURRENT NewYorkCity 30 LR 0.5044205882234178 R2
RECURRENT NewYorkCity 30 RF 0.5718380866612935 R2
RECURRENT NewYorkCity 30 GBM 0.4695701385668906 R2
RECURRENT NewYorkCity 30 LLR -0.0077180810298646775 R2
RECURRENT NewYorkCity 30 RLR 0.5037497606275646 R2
t_spatial, t_non_spatial, "seconds" : 4.291534423828125e-06 529.2990057468414 seconds
sorted_percentage_nan_per_column : Matplotlib is currently using agg, which is a non-GUI backend, so cannot show the figure.
Matplotlib is currently using agg, which is a non-GUI backend, so cannot show the figure.
maxspeed                         21.878025
n                                 0.000000
lane_density                      0.000000
streets_per_node_proportion_6     0.000000
streets_per_node_count_6          0.000000
streets_per_node_proportion_5     0.000000
streets_per_node_count_5          0.000000
streets_per_node_proportion_4     0.000000
streets_per_node_count_4          0.000000
streets_per_node_proportion_3     0.000000
streets_per_node_count_3          0.000000
streets_per_node_proportion_2     0.000000
streets_per_node_count_2          0.000000
streets_per_node_proportion_1     0.000000
streets_per_node_count_1          0.000000
mean_lanes                        0.000000
m                                 0.000000
betweenness                       0.000000
total_crossings                   0.000000
non_metered_count                 0.000000
metered_count                     0.000000
self_loop_proportion              0.000000
circuity_avg                      0.000000
street_length_avg                 0.000000
street_segment_count              0.000000
street_length_total               0.000000
streets_per_node_avg              0.000000
edge_length_avg                   0.000000
edge_length_total                 0.000000
k_avg                             0.000000
global_betweenness                0.000000
dtype: float64
city, scale, tod, config.shift_tile_marker, X.shape, Y.shape : NewYorkCity 40 [1, 2, 3, 4, 5, 6, 7, 8, 9, 10, 11, 12, 13, 14, 15, 16, 17, 18, 19, 20, 21, 22, 23, 24] 3 (1033, 17) (1033,)
X.shape, Y.shape, "Inside the model-fitting function" : (1033, 17) (1033,) Inside the model-fitting function
Dict: model_trials.best_params_
Key: Value
{'randomforestregressor__max_depth': 50,
 'randomforestregressor__max_features': 'sqrt',
 'randomforestregressor__n_estimators': 500}
Dict: model_trials.best_params_
Key: Value
{'xgbregressor__learning_rate': 0.01,
 'xgbregressor__max_depth': 10,
 'xgbregressor__n_estimators': 200}
Matplotlib is currently using agg, which is a non-GUI backend, so cannot show the figure.
config.CONGESTION_TYPE, slugifiedstring, i, key, value[2], value[0], value[1] : RECURRENT recurrent-newyorkcity-40-1-2-3-4-5-6-7-8-9-10-11-12-13-14-15-16-17-18-19-20-21-22-23-24 0 betweenness -0.0007214640014747487 0.055375544087630915 -76.75441044104412
config.CONGESTION_TYPE, slugifiedstring, i, key, value[2], value[0], value[1] : RECURRENT recurrent-newyorkcity-40-1-2-3-4-5-6-7-8-9-10-11-12-13-14-15-16-17-18-19-20-21-22-23-24 1 streets_per_node_count_5 -0.0005847713475010789 0.040597334568802275 -69.42428821502301
config.CONGESTION_TYPE, slugifiedstring, i, key, value[2], value[0], value[1] : RECURRENT recurrent-newyorkcity-40-1-2-3-4-5-6-7-8-9-10-11-12-13-14-15-16-17-18-19-20-21-22-23-24 2 k_avg -0.001456137933329314 0.028304415650730587 -19.438004465700146
config.CONGESTION_TYPE, slugifiedstring, i, key, value[2], value[0], value[1] : RECURRENT recurrent-newyorkcity-40-1-2-3-4-5-6-7-8-9-10-11-12-13-14-15-16-17-18-19-20-21-22-23-24 3 streets_per_node_avg -0.0009817672184936144 0.07944974569012067 -80.925237870567
config.CONGESTION_TYPE, slugifiedstring, i, key, value[2], value[0], value[1] : RECURRENT recurrent-newyorkcity-40-1-2-3-4-5-6-7-8-9-10-11-12-13-14-15-16-17-18-19-20-21-22-23-24 4 m -0.0005018124260620967 0.02956702436126371 -58.92047072904677
config.CONGESTION_TYPE, slugifiedstring, i, key, value[2], value[0], value[1] : RECURRENT recurrent-newyorkcity-40-1-2-3-4-5-6-7-8-9-10-11-12-13-14-15-16-17-18-19-20-21-22-23-24 5 total_crossings -0.0023480250635057064 0.27146899064362984 -115.61588283828388
config.CONGESTION_TYPE, slugifiedstring, i, key, value[2], value[0], value[1] : RECURRENT recurrent-newyorkcity-40-1-2-3-4-5-6-7-8-9-10-11-12-13-14-15-16-17-18-19-20-21-22-23-24 6 circuity_avg -0.0018742088847261643 0.005099355534759551 -2.720804269106111
config.CONGESTION_TYPE, slugifiedstring, i, key, value[2], value[0], value[1] : RECURRENT recurrent-newyorkcity-40-1-2-3-4-5-6-7-8-9-10-11-12-13-14-15-16-17-18-19-20-21-22-23-24 7 streets_per_node_count_1 -0.0018742088847261643 0.005099355534759551 -2.720804269106111
config.CONGESTION_TYPE, slugifiedstring, i, key, value[2], value[0], value[1] : RECURRENT recurrent-newyorkcity-40-1-2-3-4-5-6-7-8-9-10-11-12-13-14-15-16-17-18-19-20-21-22-23-24 8 streets_per_node_count_3 -0.0034614247447197384 0.10342999912389264 -29.880759153198653
config.CONGESTION_TYPE, slugifiedstring, i, key, value[2], value[0], value[1] : RECURRENT recurrent-newyorkcity-40-1-2-3-4-5-6-7-8-9-10-11-12-13-14-15-16-17-18-19-20-21-22-23-24 9 streets_per_node_count_4 -0.0034614247447197384 0.10342999912389264 -29.880759153198653
config.CONGESTION_TYPE, slugifiedstring, i, key, value[2], value[0], value[1] : RECURRENT recurrent-newyorkcity-40-1-2-3-4-5-6-7-8-9-10-11-12-13-14-15-16-17-18-19-20-21-22-23-24 10 streets_per_node_count_6 -0.0012118460436062021 0.12786342323377445 -105.51127670745984
config.CONGESTION_TYPE, slugifiedstring, i, key, value[2], value[0], value[1] : RECURRENT recurrent-newyorkcity-40-1-2-3-4-5-6-7-8-9-10-11-12-13-14-15-16-17-18-19-20-21-22-23-24 11 metered_count -0.004658948338841491 0.3013975689510015 -64.69218953089916
config.CONGESTION_TYPE, slugifiedstring, i, key, value[2], value[0], value[1] : RECURRENT recurrent-newyorkcity-40-1-2-3-4-5-6-7-8-9-10-11-12-13-14-15-16-17-18-19-20-21-22-23-24 12 non_metered_count -0.0015292979922933428 0.1699122699317077 -111.10474923000874
config.CONGESTION_TYPE, slugifiedstring, i, key, value[2], value[0], value[1] : RECURRENT recurrent-newyorkcity-40-1-2-3-4-5-6-7-8-9-10-11-12-13-14-15-16-17-18-19-20-21-22-23-24 13 n -0.0003845167241790549 0.02328991603980392 -60.569318771577514
config.CONGESTION_TYPE, slugifiedstring, i, key, value[2], value[0], value[1] : RECURRENT recurrent-newyorkcity-40-1-2-3-4-5-6-7-8-9-10-11-12-13-14-15-16-17-18-19-20-21-22-23-24 14 streets_per_node_count_2 -0.0005104288797630219 0.026174942560060165 -51.280293098251946
config.CONGESTION_TYPE, slugifiedstring, i, key, value[2], value[0], value[1] : RECURRENT recurrent-newyorkcity-40-1-2-3-4-5-6-7-8-9-10-11-12-13-14-15-16-17-18-19-20-21-22-23-24 15 mean_lanes -0.0009931999256689989 0.024549617530125634 -24.717699725550744
config.CONGESTION_TYPE, slugifiedstring, i, key, value[2], value[0], value[1] : RECURRENT recurrent-newyorkcity-40-1-2-3-4-5-6-7-8-9-10-11-12-13-14-15-16-17-18-19-20-21-22-23-24 16 global_betweenness -0.000786903382282104 0.03504829156711763 -44.539510639125524
SHAP Values for each feature:
Slug                           Feature Name         Mean Abs SHAP Value
SHAP-- recurrent-newyorkcity-40-1-2-3-4-5-6-7-8-9-10-11-12-13-14-15-16-17-18-19-20-21-22-23-24 betweenness                   0.0277
SHAP-- recurrent-newyorkcity-40-1-2-3-4-5-6-7-8-9-10-11-12-13-14-15-16-17-18-19-20-21-22-23-24 streets_per_node_count_5          0.0202
SHAP-- recurrent-newyorkcity-40-1-2-3-4-5-6-7-8-9-10-11-12-13-14-15-16-17-18-19-20-21-22-23-24 k_avg                         0.0142
SHAP-- recurrent-newyorkcity-40-1-2-3-4-5-6-7-8-9-10-11-12-13-14-15-16-17-18-19-20-21-22-23-24 streets_per_node_avg          0.0380
SHAP-- recurrent-newyorkcity-40-1-2-3-4-5-6-7-8-9-10-11-12-13-14-15-16-17-18-19-20-21-22-23-24 m                             0.0146
SHAP-- recurrent-newyorkcity-40-1-2-3-4-5-6-7-8-9-10-11-12-13-14-15-16-17-18-19-20-21-22-23-24 total_crossings               0.1356
SHAP-- recurrent-newyorkcity-40-1-2-3-4-5-6-7-8-9-10-11-12-13-14-15-16-17-18-19-20-21-22-23-24 circuity_avg                  0.0025
SHAP-- recurrent-newyorkcity-40-1-2-3-4-5-6-7-8-9-10-11-12-13-14-15-16-17-18-19-20-21-22-23-24 streets_per_node_count_1          0.0000
SHAP-- recurrent-newyorkcity-40-1-2-3-4-5-6-7-8-9-10-11-12-13-14-15-16-17-18-19-20-21-22-23-24 streets_per_node_count_3          0.0494
SHAP-- recurrent-newyorkcity-40-1-2-3-4-5-6-7-8-9-10-11-12-13-14-15-16-17-18-19-20-21-22-23-24 streets_per_node_count_4          0.0000
SHAP-- recurrent-newyorkcity-40-1-2-3-4-5-6-7-8-9-10-11-12-13-14-15-16-17-18-19-20-21-22-23-24 streets_per_node_count_6          0.0598
SHAP-- recurrent-newyorkcity-40-1-2-3-4-5-6-7-8-9-10-11-12-13-14-15-16-17-18-19-20-21-22-23-24 metered_count                 0.1453
SHAP-- recurrent-newyorkcity-40-1-2-3-4-5-6-7-8-9-10-11-12-13-14-15-16-17-18-19-20-21-22-23-24 non_metered_count             0.0843
SHAP-- recurrent-newyorkcity-40-1-2-3-4-5-6-7-8-9-10-11-12-13-14-15-16-17-18-19-20-21-22-23-24 n                             0.0116
SHAP-- recurrent-newyorkcity-40-1-2-3-4-5-6-7-8-9-10-11-12-13-14-15-16-17-18-19-20-21-22-23-24 streets_per_node_count_2          0.0130
SHAP-- recurrent-newyorkcity-40-1-2-3-4-5-6-7-8-9-10-11-12-13-14-15-16-17-18-19-20-21-22-23-24 mean_lanes                    0.0123
SHAP-- recurrent-newyorkcity-40-1-2-3-4-5-6-7-8-9-10-11-12-13-14-15-16-17-18-19-20-21-22-23-24 global_betweenness            0.0169
RECURRENT NewYorkCity 40 LR 0.49831821249003283 XpVar
RECURRENT NewYorkCity 40 RF 0.5796570406978881 XpVar
RECURRENT NewYorkCity 40 GBM 0.518931921858093 XpVar
RECURRENT NewYorkCity 40 LLR 1.586032892321652e-17 XpVar
RECURRENT NewYorkCity 40 RLR 0.4984646318006708 XpVar
RECURRENT NewYorkCity 40 LR 0.20749386217448704 MSE
RECURRENT NewYorkCity 40 RF 0.17423154970705065 MSE
RECURRENT NewYorkCity 40 GBM 0.19886948453928646 MSE
RECURRENT NewYorkCity 40 LLR 0.41032078397591043 MSE
RECURRENT NewYorkCity 40 RLR 0.2075434066834038 MSE
RECURRENT NewYorkCity 40 LR 0.4923888066268759 R2
RECURRENT NewYorkCity 40 RF 0.5754809103052096 R2
RECURRENT NewYorkCity 40 GBM 0.5156460729841523 R2
RECURRENT NewYorkCity 40 LLR -0.0023906283914588234 R2
RECURRENT NewYorkCity 40 RLR 0.49232329610497544 R2
t_spatial, t_non_spatial, "seconds" : 3.814697265625e-06 907.3591687679291 seconds
sorted_percentage_nan_per_column : Matplotlib is currently using agg, which is a non-GUI backend, so cannot show the figure.
Matplotlib is currently using agg, which is a non-GUI backend, so cannot show the figure.
maxspeed                         33.948339
n                                 0.000000
lane_density                      0.000000
streets_per_node_proportion_6     0.000000
streets_per_node_count_6          0.000000
streets_per_node_proportion_5     0.000000
streets_per_node_count_5          0.000000
streets_per_node_proportion_4     0.000000
streets_per_node_count_4          0.000000
streets_per_node_proportion_3     0.000000
streets_per_node_count_3          0.000000
streets_per_node_proportion_2     0.000000
streets_per_node_count_2          0.000000
streets_per_node_proportion_1     0.000000
streets_per_node_count_1          0.000000
mean_lanes                        0.000000
m                                 0.000000
betweenness                       0.000000
total_crossings                   0.000000
non_metered_count                 0.000000
metered_count                     0.000000
self_loop_proportion              0.000000
circuity_avg                      0.000000
street_length_avg                 0.000000
street_segment_count              0.000000
street_length_total               0.000000
streets_per_node_avg              0.000000
edge_length_avg                   0.000000
edge_length_total                 0.000000
k_avg                             0.000000
global_betweenness                0.000000
dtype: float64
city, scale, tod, config.shift_tile_marker, X.shape, Y.shape : NewYorkCity 60 [1, 2, 3, 4, 5, 6, 7, 8, 9, 10, 11, 12, 13, 14, 15, 16, 17, 18, 19, 20, 21, 22, 23, 24] 3 (2168, 17) (2168,)
X.shape, Y.shape, "Inside the model-fitting function" : (2168, 17) (2168,) Inside the model-fitting function
Dict: model_trials.best_params_
Key: Value
{'randomforestregressor__max_depth': 10,
 'randomforestregressor__max_features': 'sqrt',
 'randomforestregressor__n_estimators': 1000}
Dict: model_trials.best_params_
Key: Value
{'xgbregressor__learning_rate': 0.01,
 'xgbregressor__max_depth': 10,
 'xgbregressor__n_estimators': 300}
Matplotlib is currently using agg, which is a non-GUI backend, so cannot show the figure.
config.CONGESTION_TYPE, slugifiedstring, i, key, value[2], value[0], value[1] : RECURRENT recurrent-newyorkcity-60-1-2-3-4-5-6-7-8-9-10-11-12-13-14-15-16-17-18-19-20-21-22-23-24 0 betweenness -0.0006826890413737447 0.06511850254424703 -95.38530516501623
config.CONGESTION_TYPE, slugifiedstring, i, key, value[2], value[0], value[1] : RECURRENT recurrent-newyorkcity-60-1-2-3-4-5-6-7-8-9-10-11-12-13-14-15-16-17-18-19-20-21-22-23-24 1 streets_per_node_count_5 -0.000321830430618363 0.040196300327190286 -124.89900426742543
config.CONGESTION_TYPE, slugifiedstring, i, key, value[2], value[0], value[1] : RECURRENT recurrent-newyorkcity-60-1-2-3-4-5-6-7-8-9-10-11-12-13-14-15-16-17-18-19-20-21-22-23-24 2 k_avg -0.0005008624753018043 0.032352294383836556 -64.59316874226215
config.CONGESTION_TYPE, slugifiedstring, i, key, value[2], value[0], value[1] : RECURRENT recurrent-newyorkcity-60-1-2-3-4-5-6-7-8-9-10-11-12-13-14-15-16-17-18-19-20-21-22-23-24 3 streets_per_node_avg -0.0005981724744942432 0.10022758835989809 -167.5563363971919
config.CONGESTION_TYPE, slugifiedstring, i, key, value[2], value[0], value[1] : RECURRENT recurrent-newyorkcity-60-1-2-3-4-5-6-7-8-9-10-11-12-13-14-15-16-17-18-19-20-21-22-23-24 4 m -0.00011908182658614963 0.02171677167347317 -182.36847969208964
config.CONGESTION_TYPE, slugifiedstring, i, key, value[2], value[0], value[1] : RECURRENT recurrent-newyorkcity-60-1-2-3-4-5-6-7-8-9-10-11-12-13-14-15-16-17-18-19-20-21-22-23-24 5 total_crossings -0.0008782015632869825 0.26322255130948596 -299.7290853415037
config.CONGESTION_TYPE, slugifiedstring, i, key, value[2], value[0], value[1] : RECURRENT recurrent-newyorkcity-60-1-2-3-4-5-6-7-8-9-10-11-12-13-14-15-16-17-18-19-20-21-22-23-24 6 circuity_avg -0.0006287356596148287 0.006506186985521611 -10.348048318918927
config.CONGESTION_TYPE, slugifiedstring, i, key, value[2], value[0], value[1] : RECURRENT recurrent-newyorkcity-60-1-2-3-4-5-6-7-8-9-10-11-12-13-14-15-16-17-18-19-20-21-22-23-24 7 streets_per_node_count_1 -0.0006287356596148287 0.006506186985521611 -10.348048318918927
config.CONGESTION_TYPE, slugifiedstring, i, key, value[2], value[0], value[1] : RECURRENT recurrent-newyorkcity-60-1-2-3-4-5-6-7-8-9-10-11-12-13-14-15-16-17-18-19-20-21-22-23-24 8 streets_per_node_count_3 -0.0008328583011464404 0.09596294973443428 -115.22122022718634
config.CONGESTION_TYPE, slugifiedstring, i, key, value[2], value[0], value[1] : RECURRENT recurrent-newyorkcity-60-1-2-3-4-5-6-7-8-9-10-11-12-13-14-15-16-17-18-19-20-21-22-23-24 9 streets_per_node_count_4 -0.0008328583011464404 0.09596294973443428 -115.22122022718634
config.CONGESTION_TYPE, slugifiedstring, i, key, value[2], value[0], value[1] : RECURRENT recurrent-newyorkcity-60-1-2-3-4-5-6-7-8-9-10-11-12-13-14-15-16-17-18-19-20-21-22-23-24 10 streets_per_node_count_6 -0.0006715541774176524 0.10774111935180639 -160.4354837998426
config.CONGESTION_TYPE, slugifiedstring, i, key, value[2], value[0], value[1] : RECURRENT recurrent-newyorkcity-60-1-2-3-4-5-6-7-8-9-10-11-12-13-14-15-16-17-18-19-20-21-22-23-24 11 metered_count -0.0019642300163879 0.3343354425509357 -170.21196079966148
config.CONGESTION_TYPE, slugifiedstring, i, key, value[2], value[0], value[1] : RECURRENT recurrent-newyorkcity-60-1-2-3-4-5-6-7-8-9-10-11-12-13-14-15-16-17-18-19-20-21-22-23-24 12 non_metered_count -0.0006889641629648749 0.17234069022538787 -250.14463667274117
config.CONGESTION_TYPE, slugifiedstring, i, key, value[2], value[0], value[1] : RECURRENT recurrent-newyorkcity-60-1-2-3-4-5-6-7-8-9-10-11-12-13-14-15-16-17-18-19-20-21-22-23-24 13 n -0.00019143378937907444 0.02247533414389005 -117.40526171889496
config.CONGESTION_TYPE, slugifiedstring, i, key, value[2], value[0], value[1] : RECURRENT recurrent-newyorkcity-60-1-2-3-4-5-6-7-8-9-10-11-12-13-14-15-16-17-18-19-20-21-22-23-24 14 streets_per_node_count_2 -9.825962921216574e-05 0.023379172146185262 -237.93263147476478
config.CONGESTION_TYPE, slugifiedstring, i, key, value[2], value[0], value[1] : RECURRENT recurrent-newyorkcity-60-1-2-3-4-5-6-7-8-9-10-11-12-13-14-15-16-17-18-19-20-21-22-23-24 15 mean_lanes -0.00019356390215283627 0.020938919236208768 -108.17574456458101
config.CONGESTION_TYPE, slugifiedstring, i, key, value[2], value[0], value[1] : RECURRENT recurrent-newyorkcity-60-1-2-3-4-5-6-7-8-9-10-11-12-13-14-15-16-17-18-19-20-21-22-23-24 16 global_betweenness -0.0002784176773452029 0.03187962543993353 -114.50287835138715
SHAP Values for each feature:
Slug                           Feature Name         Mean Abs SHAP Value
SHAP-- recurrent-newyorkcity-60-1-2-3-4-5-6-7-8-9-10-11-12-13-14-15-16-17-18-19-20-21-22-23-24 betweenness                   0.0297
SHAP-- recurrent-newyorkcity-60-1-2-3-4-5-6-7-8-9-10-11-12-13-14-15-16-17-18-19-20-21-22-23-24 streets_per_node_count_5          0.0192
SHAP-- recurrent-newyorkcity-60-1-2-3-4-5-6-7-8-9-10-11-12-13-14-15-16-17-18-19-20-21-22-23-24 k_avg                         0.0160
SHAP-- recurrent-newyorkcity-60-1-2-3-4-5-6-7-8-9-10-11-12-13-14-15-16-17-18-19-20-21-22-23-24 streets_per_node_avg          0.0474
SHAP-- recurrent-newyorkcity-60-1-2-3-4-5-6-7-8-9-10-11-12-13-14-15-16-17-18-19-20-21-22-23-24 m                             0.0109
SHAP-- recurrent-newyorkcity-60-1-2-3-4-5-6-7-8-9-10-11-12-13-14-15-16-17-18-19-20-21-22-23-24 total_crossings               0.1307
SHAP-- recurrent-newyorkcity-60-1-2-3-4-5-6-7-8-9-10-11-12-13-14-15-16-17-18-19-20-21-22-23-24 circuity_avg                  0.0026
SHAP-- recurrent-newyorkcity-60-1-2-3-4-5-6-7-8-9-10-11-12-13-14-15-16-17-18-19-20-21-22-23-24 streets_per_node_count_1          0.0000
SHAP-- recurrent-newyorkcity-60-1-2-3-4-5-6-7-8-9-10-11-12-13-14-15-16-17-18-19-20-21-22-23-24 streets_per_node_count_3          0.0466
SHAP-- recurrent-newyorkcity-60-1-2-3-4-5-6-7-8-9-10-11-12-13-14-15-16-17-18-19-20-21-22-23-24 streets_per_node_count_4          0.0000
SHAP-- recurrent-newyorkcity-60-1-2-3-4-5-6-7-8-9-10-11-12-13-14-15-16-17-18-19-20-21-22-23-24 streets_per_node_count_6          0.0518
SHAP-- recurrent-newyorkcity-60-1-2-3-4-5-6-7-8-9-10-11-12-13-14-15-16-17-18-19-20-21-22-23-24 metered_count                 0.1631
SHAP-- recurrent-newyorkcity-60-1-2-3-4-5-6-7-8-9-10-11-12-13-14-15-16-17-18-19-20-21-22-23-24 non_metered_count             0.0847
SHAP-- recurrent-newyorkcity-60-1-2-3-4-5-6-7-8-9-10-11-12-13-14-15-16-17-18-19-20-21-22-23-24 n                             0.0113
SHAP-- recurrent-newyorkcity-60-1-2-3-4-5-6-7-8-9-10-11-12-13-14-15-16-17-18-19-20-21-22-23-24 streets_per_node_count_2          0.0117
SHAP-- recurrent-newyorkcity-60-1-2-3-4-5-6-7-8-9-10-11-12-13-14-15-16-17-18-19-20-21-22-23-24 mean_lanes                    0.0104
SHAP-- recurrent-newyorkcity-60-1-2-3-4-5-6-7-8-9-10-11-12-13-14-15-16-17-18-19-20-21-22-23-24 global_betweenness            0.0142
RECURRENT NewYorkCity 60 LR 0.43359360034787503 XpVar
RECURRENT NewYorkCity 60 RF 0.5293429325877913 XpVar
RECURRENT NewYorkCity 60 GBM 0.48069427945385146 XpVar
RECURRENT NewYorkCity 60 LLR -9.516197353929913e-17 XpVar
RECURRENT NewYorkCity 60 RLR 0.43367278621226807 XpVar
RECURRENT NewYorkCity 60 LR 0.26513455354089044 MSE
RECURRENT NewYorkCity 60 RF 0.22066227924606205 MSE
RECURRENT NewYorkCity 60 GBM 0.24351995791951958 MSE
RECURRENT NewYorkCity 60 LLR 0.46971125914012124 MSE
RECURRENT NewYorkCity 60 RLR 0.26510933440687673 MSE
RECURRENT NewYorkCity 60 LR 0.4323069078883585 R2
RECURRENT NewYorkCity 60 RF 0.5288638460542107 R2
RECURRENT NewYorkCity 60 GBM 0.4799292029570221 R2
RECURRENT NewYorkCity 60 LLR -0.005703786161161961 R2
RECURRENT NewYorkCity 60 RLR 0.4323683718155336 R2
t_spatial, t_non_spatial, "seconds" : 2.384185791015625e-06 1469.5174388885498 seconds
sorted_percentage_nan_per_column : Matplotlib is currently using agg, which is a non-GUI backend, so cannot show the figure.
Matplotlib is currently using agg, which is a non-GUI backend, so cannot show the figure.
maxspeed                         37.464689
n                                 0.000000
lane_density                      0.000000
streets_per_node_proportion_6     0.000000
streets_per_node_count_6          0.000000
streets_per_node_proportion_5     0.000000
streets_per_node_count_5          0.000000
streets_per_node_proportion_4     0.000000
streets_per_node_count_4          0.000000
streets_per_node_proportion_3     0.000000
streets_per_node_count_3          0.000000
streets_per_node_proportion_2     0.000000
streets_per_node_count_2          0.000000
streets_per_node_proportion_1     0.000000
streets_per_node_count_1          0.000000
mean_lanes                        0.000000
m                                 0.000000
betweenness                       0.000000
total_crossings                   0.000000
non_metered_count                 0.000000
metered_count                     0.000000
self_loop_proportion              0.000000
circuity_avg                      0.000000
street_length_avg                 0.000000
street_segment_count              0.000000
street_length_total               0.000000
streets_per_node_avg              0.000000
edge_length_avg                   0.000000
edge_length_total                 0.000000
k_avg                             0.000000
global_betweenness                0.000000
dtype: float64
city, scale, tod, config.shift_tile_marker, X.shape, Y.shape : NewYorkCity 70 [1, 2, 3, 4, 5, 6, 7, 8, 9, 10, 11, 12, 13, 14, 15, 16, 17, 18, 19, 20, 21, 22, 23, 24] 3 (2832, 17) (2832,)
X.shape, Y.shape, "Inside the model-fitting function" : (2832, 17) (2832,) Inside the model-fitting function
Dict: model_trials.best_params_
Key: Value
{'randomforestregressor__max_depth': 10,
 'randomforestregressor__max_features': 'sqrt',
 'randomforestregressor__n_estimators': 500}
Dict: model_trials.best_params_
Key: Value
{'xgbregressor__learning_rate': 0.01,
 'xgbregressor__max_depth': 10,
 'xgbregressor__n_estimators': 200}
Matplotlib is currently using agg, which is a non-GUI backend, so cannot show the figure.
config.CONGESTION_TYPE, slugifiedstring, i, key, value[2], value[0], value[1] : RECURRENT recurrent-newyorkcity-70-1-2-3-4-5-6-7-8-9-10-11-12-13-14-15-16-17-18-19-20-21-22-23-24 0 betweenness -0.0006690162844842001 0.09223380321816216 -137.86481040483613
config.CONGESTION_TYPE, slugifiedstring, i, key, value[2], value[0], value[1] : RECURRENT recurrent-newyorkcity-70-1-2-3-4-5-6-7-8-9-10-11-12-13-14-15-16-17-18-19-20-21-22-23-24 1 streets_per_node_count_5 -0.00021015919074756468 0.03758877602197874 -178.8585875700719
config.CONGESTION_TYPE, slugifiedstring, i, key, value[2], value[0], value[1] : RECURRENT recurrent-newyorkcity-70-1-2-3-4-5-6-7-8-9-10-11-12-13-14-15-16-17-18-19-20-21-22-23-24 2 k_avg -0.00019812704760628026 0.032197722169047004 -162.51048283438104
config.CONGESTION_TYPE, slugifiedstring, i, key, value[2], value[0], value[1] : RECURRENT recurrent-newyorkcity-70-1-2-3-4-5-6-7-8-9-10-11-12-13-14-15-16-17-18-19-20-21-22-23-24 3 streets_per_node_avg -0.0004109431824026819 0.06562352614193181 -159.69002273805222
config.CONGESTION_TYPE, slugifiedstring, i, key, value[2], value[0], value[1] : RECURRENT recurrent-newyorkcity-70-1-2-3-4-5-6-7-8-9-10-11-12-13-14-15-16-17-18-19-20-21-22-23-24 4 m -0.00014321041850853117 0.03178272012158834 -221.93022304236206
config.CONGESTION_TYPE, slugifiedstring, i, key, value[2], value[0], value[1] : RECURRENT recurrent-newyorkcity-70-1-2-3-4-5-6-7-8-9-10-11-12-13-14-15-16-17-18-19-20-21-22-23-24 5 total_crossings -0.000784809733155928 0.2883943662225663 -367.47042504538786
config.CONGESTION_TYPE, slugifiedstring, i, key, value[2], value[0], value[1] : RECURRENT recurrent-newyorkcity-70-1-2-3-4-5-6-7-8-9-10-11-12-13-14-15-16-17-18-19-20-21-22-23-24 6 circuity_avg 0.0003251077399082332 0.011933982440742466 36.707777071413375
config.CONGESTION_TYPE, slugifiedstring, i, key, value[2], value[0], value[1] : RECURRENT recurrent-newyorkcity-70-1-2-3-4-5-6-7-8-9-10-11-12-13-14-15-16-17-18-19-20-21-22-23-24 7 streets_per_node_count_1 0.0003251077399082332 0.011933982440742466 36.707777071413375
config.CONGESTION_TYPE, slugifiedstring, i, key, value[2], value[0], value[1] : RECURRENT recurrent-newyorkcity-70-1-2-3-4-5-6-7-8-9-10-11-12-13-14-15-16-17-18-19-20-21-22-23-24 8 streets_per_node_count_3 -0.00045400666890647856 0.0805321280224752 -177.38093631189395
config.CONGESTION_TYPE, slugifiedstring, i, key, value[2], value[0], value[1] : RECURRENT recurrent-newyorkcity-70-1-2-3-4-5-6-7-8-9-10-11-12-13-14-15-16-17-18-19-20-21-22-23-24 9 streets_per_node_count_4 -0.00045400666890647856 0.0805321280224752 -177.38093631189395
config.CONGESTION_TYPE, slugifiedstring, i, key, value[2], value[0], value[1] : RECURRENT recurrent-newyorkcity-70-1-2-3-4-5-6-7-8-9-10-11-12-13-14-15-16-17-18-19-20-21-22-23-24 10 streets_per_node_count_6 -0.0005360147581875368 0.12456205821209812 -232.3855011628566
config.CONGESTION_TYPE, slugifiedstring, i, key, value[2], value[0], value[1] : RECURRENT recurrent-newyorkcity-70-1-2-3-4-5-6-7-8-9-10-11-12-13-14-15-16-17-18-19-20-21-22-23-24 11 metered_count -0.001289241230136749 0.3207093382786547 -248.7582081474677
config.CONGESTION_TYPE, slugifiedstring, i, key, value[2], value[0], value[1] : RECURRENT recurrent-newyorkcity-70-1-2-3-4-5-6-7-8-9-10-11-12-13-14-15-16-17-18-19-20-21-22-23-24 12 non_metered_count -0.0005345511824031517 0.17518026045705917 -327.71466273727265
config.CONGESTION_TYPE, slugifiedstring, i, key, value[2], value[0], value[1] : RECURRENT recurrent-newyorkcity-70-1-2-3-4-5-6-7-8-9-10-11-12-13-14-15-16-17-18-19-20-21-22-23-24 13 n -7.84345045815874e-05 0.020639807879097742 -263.1470420983951
config.CONGESTION_TYPE, slugifiedstring, i, key, value[2], value[0], value[1] : RECURRENT recurrent-newyorkcity-70-1-2-3-4-5-6-7-8-9-10-11-12-13-14-15-16-17-18-19-20-21-22-23-24 14 streets_per_node_count_2 -7.950468001105212e-05 0.020139666701367097 -253.31422877958175
config.CONGESTION_TYPE, slugifiedstring, i, key, value[2], value[0], value[1] : RECURRENT recurrent-newyorkcity-70-1-2-3-4-5-6-7-8-9-10-11-12-13-14-15-16-17-18-19-20-21-22-23-24 15 mean_lanes -0.0001926113447747781 0.02321029768015721 -120.503274131112
config.CONGESTION_TYPE, slugifiedstring, i, key, value[2], value[0], value[1] : RECURRENT recurrent-newyorkcity-70-1-2-3-4-5-6-7-8-9-10-11-12-13-14-15-16-17-18-19-20-21-22-23-24 16 global_betweenness -0.00022536070503308866 0.034441804845655885 -152.82968182318632
SHAP Values for each feature:
Slug                           Feature Name         Mean Abs SHAP Value
SHAP-- recurrent-newyorkcity-70-1-2-3-4-5-6-7-8-9-10-11-12-13-14-15-16-17-18-19-20-21-22-23-24 betweenness                   0.0424
SHAP-- recurrent-newyorkcity-70-1-2-3-4-5-6-7-8-9-10-11-12-13-14-15-16-17-18-19-20-21-22-23-24 streets_per_node_count_5          0.0186
SHAP-- recurrent-newyorkcity-70-1-2-3-4-5-6-7-8-9-10-11-12-13-14-15-16-17-18-19-20-21-22-23-24 k_avg                         0.0157
SHAP-- recurrent-newyorkcity-70-1-2-3-4-5-6-7-8-9-10-11-12-13-14-15-16-17-18-19-20-21-22-23-24 streets_per_node_avg          0.0322
SHAP-- recurrent-newyorkcity-70-1-2-3-4-5-6-7-8-9-10-11-12-13-14-15-16-17-18-19-20-21-22-23-24 m                             0.0156
SHAP-- recurrent-newyorkcity-70-1-2-3-4-5-6-7-8-9-10-11-12-13-14-15-16-17-18-19-20-21-22-23-24 total_crossings               0.1401
SHAP-- recurrent-newyorkcity-70-1-2-3-4-5-6-7-8-9-10-11-12-13-14-15-16-17-18-19-20-21-22-23-24 circuity_avg                  0.0045
SHAP-- recurrent-newyorkcity-70-1-2-3-4-5-6-7-8-9-10-11-12-13-14-15-16-17-18-19-20-21-22-23-24 streets_per_node_count_1          0.0000
SHAP-- recurrent-newyorkcity-70-1-2-3-4-5-6-7-8-9-10-11-12-13-14-15-16-17-18-19-20-21-22-23-24 streets_per_node_count_3          0.0399
SHAP-- recurrent-newyorkcity-70-1-2-3-4-5-6-7-8-9-10-11-12-13-14-15-16-17-18-19-20-21-22-23-24 streets_per_node_count_4          0.0000
SHAP-- recurrent-newyorkcity-70-1-2-3-4-5-6-7-8-9-10-11-12-13-14-15-16-17-18-19-20-21-22-23-24 streets_per_node_count_6          0.0587
SHAP-- recurrent-newyorkcity-70-1-2-3-4-5-6-7-8-9-10-11-12-13-14-15-16-17-18-19-20-21-22-23-24 metered_count                 0.1576
SHAP-- recurrent-newyorkcity-70-1-2-3-4-5-6-7-8-9-10-11-12-13-14-15-16-17-18-19-20-21-22-23-24 non_metered_count             0.0842
SHAP-- recurrent-newyorkcity-70-1-2-3-4-5-6-7-8-9-10-11-12-13-14-15-16-17-18-19-20-21-22-23-24 n                             0.0103
SHAP-- recurrent-newyorkcity-70-1-2-3-4-5-6-7-8-9-10-11-12-13-14-15-16-17-18-19-20-21-22-23-24 streets_per_node_count_2          0.0102
SHAP-- recurrent-newyorkcity-70-1-2-3-4-5-6-7-8-9-10-11-12-13-14-15-16-17-18-19-20-21-22-23-24 mean_lanes                    0.0116
SHAP-- recurrent-newyorkcity-70-1-2-3-4-5-6-7-8-9-10-11-12-13-14-15-16-17-18-19-20-21-22-23-24 global_betweenness            0.0153
RECURRENT NewYorkCity 70 LR 0.3883776072656598 XpVar
RECURRENT NewYorkCity 70 RF 0.47548669963153506 XpVar
RECURRENT NewYorkCity 70 GBM 0.4207787140765751 XpVar
RECURRENT NewYorkCity 70 LLR -1.586032892321652e-17 XpVar
RECURRENT NewYorkCity 70 RLR 0.38824717226350075 XpVar
RECURRENT NewYorkCity 70 LR 0.3103515156713107 MSE
RECURRENT NewYorkCity 70 RF 0.2659074488776801 MSE
RECURRENT NewYorkCity 70 GBM 0.293956251442733 MSE
RECURRENT NewYorkCity 70 LLR 0.5078905582929394 MSE
RECURRENT NewYorkCity 70 RLR 0.3104236454011585 MSE
RECURRENT NewYorkCity 70 LR 0.38783682199808495 R2
RECURRENT NewYorkCity 70 RF 0.47538091822287026 R2
RECURRENT NewYorkCity 70 GBM 0.42061721396092633 R2
RECURRENT NewYorkCity 70 LLR -0.0023149181097010174 R2
RECURRENT NewYorkCity 70 RLR 0.3877036397431438 R2
t_spatial, t_non_spatial, "seconds" : 3.337860107421875e-06 1457.7894449234009 seconds
sorted_percentage_nan_per_column : Matplotlib is currently using agg, which is a non-GUI backend, so cannot show the figure.
Matplotlib is currently using agg, which is a non-GUI backend, so cannot show the figure.
maxspeed                         40.465632
n                                 0.000000
lane_density                      0.000000
streets_per_node_proportion_6     0.000000
streets_per_node_count_6          0.000000
streets_per_node_proportion_5     0.000000
streets_per_node_count_5          0.000000
streets_per_node_proportion_4     0.000000
streets_per_node_count_4          0.000000
streets_per_node_proportion_3     0.000000
streets_per_node_count_3          0.000000
streets_per_node_proportion_2     0.000000
streets_per_node_count_2          0.000000
streets_per_node_proportion_1     0.000000
streets_per_node_count_1          0.000000
mean_lanes                        0.000000
m                                 0.000000
betweenness                       0.000000
total_crossings                   0.000000
non_metered_count                 0.000000
metered_count                     0.000000
self_loop_proportion              0.000000
circuity_avg                      0.000000
street_length_avg                 0.000000
street_segment_count              0.000000
street_length_total               0.000000
streets_per_node_avg              0.000000
edge_length_avg                   0.000000
edge_length_total                 0.000000
k_avg                             0.000000
global_betweenness                0.000000
dtype: float64
city, scale, tod, config.shift_tile_marker, X.shape, Y.shape : NewYorkCity 80 [1, 2, 3, 4, 5, 6, 7, 8, 9, 10, 11, 12, 13, 14, 15, 16, 17, 18, 19, 20, 21, 22, 23, 24] 3 (3608, 17) (3608,)
X.shape, Y.shape, "Inside the model-fitting function" : (3608, 17) (3608,) Inside the model-fitting function
Dict: model_trials.best_params_
Key: Value
{'randomforestregressor__max_depth': 10,
 'randomforestregressor__max_features': 'sqrt',
 'randomforestregressor__n_estimators': 1000}
Dict: model_trials.best_params_
Key: Value
{'xgbregressor__learning_rate': 0.01,
 'xgbregressor__max_depth': 10,
 'xgbregressor__n_estimators': 300}
Matplotlib is currently using agg, which is a non-GUI backend, so cannot show the figure.
config.CONGESTION_TYPE, slugifiedstring, i, key, value[2], value[0], value[1] : RECURRENT recurrent-newyorkcity-80-1-2-3-4-5-6-7-8-9-10-11-12-13-14-15-16-17-18-19-20-21-22-23-24 0 betweenness -0.0004617353412973131 0.06129899730346191 -132.7578632626071
config.CONGESTION_TYPE, slugifiedstring, i, key, value[2], value[0], value[1] : RECURRENT recurrent-newyorkcity-80-1-2-3-4-5-6-7-8-9-10-11-12-13-14-15-16-17-18-19-20-21-22-23-24 1 streets_per_node_count_5 -0.00014755400604971245 0.03713074622576226 -251.6417359299112
config.CONGESTION_TYPE, slugifiedstring, i, key, value[2], value[0], value[1] : RECURRENT recurrent-newyorkcity-80-1-2-3-4-5-6-7-8-9-10-11-12-13-14-15-16-17-18-19-20-21-22-23-24 2 k_avg -0.00017931934915096334 0.03166239057515108 -176.56984996357255
config.CONGESTION_TYPE, slugifiedstring, i, key, value[2], value[0], value[1] : RECURRENT recurrent-newyorkcity-80-1-2-3-4-5-6-7-8-9-10-11-12-13-14-15-16-17-18-19-20-21-22-23-24 3 streets_per_node_avg -0.0003023260756450787 0.08613513075014298 -284.90804362923336
config.CONGESTION_TYPE, slugifiedstring, i, key, value[2], value[0], value[1] : RECURRENT recurrent-newyorkcity-80-1-2-3-4-5-6-7-8-9-10-11-12-13-14-15-16-17-18-19-20-21-22-23-24 4 m -8.59157243044893e-05 0.030137309190283564 -350.77757225761775
config.CONGESTION_TYPE, slugifiedstring, i, key, value[2], value[0], value[1] : RECURRENT recurrent-newyorkcity-80-1-2-3-4-5-6-7-8-9-10-11-12-13-14-15-16-17-18-19-20-21-22-23-24 5 total_crossings -0.0005540532136094456 0.2974972913196736 -536.9471451696709
config.CONGESTION_TYPE, slugifiedstring, i, key, value[2], value[0], value[1] : RECURRENT recurrent-newyorkcity-80-1-2-3-4-5-6-7-8-9-10-11-12-13-14-15-16-17-18-19-20-21-22-23-24 6 circuity_avg -0.0005638975275176617 0.009406674892972892 -16.68153243086931
config.CONGESTION_TYPE, slugifiedstring, i, key, value[2], value[0], value[1] : RECURRENT recurrent-newyorkcity-80-1-2-3-4-5-6-7-8-9-10-11-12-13-14-15-16-17-18-19-20-21-22-23-24 7 streets_per_node_count_1 -0.0005638975275176617 0.009406674892972892 -16.68153243086931
config.CONGESTION_TYPE, slugifiedstring, i, key, value[2], value[0], value[1] : RECURRENT recurrent-newyorkcity-80-1-2-3-4-5-6-7-8-9-10-11-12-13-14-15-16-17-18-19-20-21-22-23-24 8 streets_per_node_count_3 -0.0005876502092696765 0.09917064882057355 -168.7579571252454
config.CONGESTION_TYPE, slugifiedstring, i, key, value[2], value[0], value[1] : RECURRENT recurrent-newyorkcity-80-1-2-3-4-5-6-7-8-9-10-11-12-13-14-15-16-17-18-19-20-21-22-23-24 9 streets_per_node_count_4 -0.0005876502092696765 0.09917064882057355 -168.7579571252454
config.CONGESTION_TYPE, slugifiedstring, i, key, value[2], value[0], value[1] : RECURRENT recurrent-newyorkcity-80-1-2-3-4-5-6-7-8-9-10-11-12-13-14-15-16-17-18-19-20-21-22-23-24 10 streets_per_node_count_6 -0.0003861930339201923 0.11824871524255859 -306.19069961524724
config.CONGESTION_TYPE, slugifiedstring, i, key, value[2], value[0], value[1] : RECURRENT recurrent-newyorkcity-80-1-2-3-4-5-6-7-8-9-10-11-12-13-14-15-16-17-18-19-20-21-22-23-24 11 metered_count -0.001036233822607505 0.29983481300427584 -289.3505369760976
config.CONGESTION_TYPE, slugifiedstring, i, key, value[2], value[0], value[1] : RECURRENT recurrent-newyorkcity-80-1-2-3-4-5-6-7-8-9-10-11-12-13-14-15-16-17-18-19-20-21-22-23-24 12 non_metered_count -0.00033231606781968816 0.17253670881920144 -519.1946027503502
config.CONGESTION_TYPE, slugifiedstring, i, key, value[2], value[0], value[1] : RECURRENT recurrent-newyorkcity-80-1-2-3-4-5-6-7-8-9-10-11-12-13-14-15-16-17-18-19-20-21-22-23-24 13 n -7.976037229262159e-05 0.020046350872806644 -251.33221293478186
config.CONGESTION_TYPE, slugifiedstring, i, key, value[2], value[0], value[1] : RECURRENT recurrent-newyorkcity-80-1-2-3-4-5-6-7-8-9-10-11-12-13-14-15-16-17-18-19-20-21-22-23-24 14 streets_per_node_count_2 -8.525913611393084e-05 0.024980359348670707 -292.993343438171
config.CONGESTION_TYPE, slugifiedstring, i, key, value[2], value[0], value[1] : RECURRENT recurrent-newyorkcity-80-1-2-3-4-5-6-7-8-9-10-11-12-13-14-15-16-17-18-19-20-21-22-23-24 15 mean_lanes -0.0002121619651590161 0.03220467616123833 -151.79288208940193
config.CONGESTION_TYPE, slugifiedstring, i, key, value[2], value[0], value[1] : RECURRENT recurrent-newyorkcity-80-1-2-3-4-5-6-7-8-9-10-11-12-13-14-15-16-17-18-19-20-21-22-23-24 16 global_betweenness -0.00021823876590724205 0.031066158936323224 -142.34940711462446
SHAP Values for each feature:
Slug                           Feature Name         Mean Abs SHAP Value
SHAP-- recurrent-newyorkcity-80-1-2-3-4-5-6-7-8-9-10-11-12-13-14-15-16-17-18-19-20-21-22-23-24 betweenness                   0.0287
SHAP-- recurrent-newyorkcity-80-1-2-3-4-5-6-7-8-9-10-11-12-13-14-15-16-17-18-19-20-21-22-23-24 streets_per_node_count_5          0.0175
SHAP-- recurrent-newyorkcity-80-1-2-3-4-5-6-7-8-9-10-11-12-13-14-15-16-17-18-19-20-21-22-23-24 k_avg                         0.0157
SHAP-- recurrent-newyorkcity-80-1-2-3-4-5-6-7-8-9-10-11-12-13-14-15-16-17-18-19-20-21-22-23-24 streets_per_node_avg          0.0420
SHAP-- recurrent-newyorkcity-80-1-2-3-4-5-6-7-8-9-10-11-12-13-14-15-16-17-18-19-20-21-22-23-24 m                             0.0151
SHAP-- recurrent-newyorkcity-80-1-2-3-4-5-6-7-8-9-10-11-12-13-14-15-16-17-18-19-20-21-22-23-24 total_crossings               0.1459
SHAP-- recurrent-newyorkcity-80-1-2-3-4-5-6-7-8-9-10-11-12-13-14-15-16-17-18-19-20-21-22-23-24 circuity_avg                  0.0035
SHAP-- recurrent-newyorkcity-80-1-2-3-4-5-6-7-8-9-10-11-12-13-14-15-16-17-18-19-20-21-22-23-24 streets_per_node_count_1          0.0000
SHAP-- recurrent-newyorkcity-80-1-2-3-4-5-6-7-8-9-10-11-12-13-14-15-16-17-18-19-20-21-22-23-24 streets_per_node_count_3          0.0496
SHAP-- recurrent-newyorkcity-80-1-2-3-4-5-6-7-8-9-10-11-12-13-14-15-16-17-18-19-20-21-22-23-24 streets_per_node_count_4          0.0000
SHAP-- recurrent-newyorkcity-80-1-2-3-4-5-6-7-8-9-10-11-12-13-14-15-16-17-18-19-20-21-22-23-24 streets_per_node_count_6          0.0570
SHAP-- recurrent-newyorkcity-80-1-2-3-4-5-6-7-8-9-10-11-12-13-14-15-16-17-18-19-20-21-22-23-24 metered_count                 0.1466
SHAP-- recurrent-newyorkcity-80-1-2-3-4-5-6-7-8-9-10-11-12-13-14-15-16-17-18-19-20-21-22-23-24 non_metered_count             0.0839
SHAP-- recurrent-newyorkcity-80-1-2-3-4-5-6-7-8-9-10-11-12-13-14-15-16-17-18-19-20-21-22-23-24 n                             0.0100
SHAP-- recurrent-newyorkcity-80-1-2-3-4-5-6-7-8-9-10-11-12-13-14-15-16-17-18-19-20-21-22-23-24 streets_per_node_count_2          0.0123
SHAP-- recurrent-newyorkcity-80-1-2-3-4-5-6-7-8-9-10-11-12-13-14-15-16-17-18-19-20-21-22-23-24 mean_lanes                    0.0159
SHAP-- recurrent-newyorkcity-80-1-2-3-4-5-6-7-8-9-10-11-12-13-14-15-16-17-18-19-20-21-22-23-24 global_betweenness            0.0135
RECURRENT NewYorkCity 80 LR 0.39549025381498326 XpVar
RECURRENT NewYorkCity 80 RF 0.4908398497508591 XpVar
RECURRENT NewYorkCity 80 GBM 0.46323415328325174 XpVar
RECURRENT NewYorkCity 80 LLR -4.7580986769649563e-17 XpVar
RECURRENT NewYorkCity 80 RLR 0.39545942726093425 XpVar
RECURRENT NewYorkCity 80 LR 0.3068131305801543 MSE
RECURRENT NewYorkCity 80 RF 0.2587432680137314 MSE
RECURRENT NewYorkCity 80 GBM 0.27239764995133864 MSE
RECURRENT NewYorkCity 80 LLR 0.5071112760125268 MSE
RECURRENT NewYorkCity 80 RLR 0.30680869583710374 MSE
RECURRENT NewYorkCity 80 LR 0.3940347695070245 R2
RECURRENT NewYorkCity 80 RF 0.48953544951476685 R2
RECURRENT NewYorkCity 80 GBM 0.4622045193784609 R2
RECURRENT NewYorkCity 80 LLR -0.003043046604853788 R2
RECURRENT NewYorkCity 80 RLR 0.39404226565707934 R2
t_spatial, t_non_spatial, "seconds" : 2.1457672119140625e-06 1995.8933382034302 seconds
sorted_percentage_nan_per_column : Matplotlib is currently using agg, which is a non-GUI backend, so cannot show the figure.
Matplotlib is currently using agg, which is a non-GUI backend, so cannot show the figure.
maxspeed                         43.590328
n                                 0.000000
lane_density                      0.000000
streets_per_node_proportion_6     0.000000
streets_per_node_count_6          0.000000
streets_per_node_proportion_5     0.000000
streets_per_node_count_5          0.000000
streets_per_node_proportion_4     0.000000
streets_per_node_count_4          0.000000
streets_per_node_proportion_3     0.000000
streets_per_node_count_3          0.000000
streets_per_node_proportion_2     0.000000
streets_per_node_count_2          0.000000
streets_per_node_proportion_1     0.000000
streets_per_node_count_1          0.000000
mean_lanes                        0.000000
m                                 0.000000
betweenness                       0.000000
total_crossings                   0.000000
non_metered_count                 0.000000
metered_count                     0.000000
self_loop_proportion              0.000000
circuity_avg                      0.000000
street_length_avg                 0.000000
street_segment_count              0.000000
street_length_total               0.000000
streets_per_node_avg              0.000000
edge_length_avg                   0.000000
edge_length_total                 0.000000
k_avg                             0.000000
global_betweenness                0.000000
dtype: float64
city, scale, tod, config.shift_tile_marker, X.shape, Y.shape : NewYorkCity 90 [1, 2, 3, 4, 5, 6, 7, 8, 9, 10, 11, 12, 13, 14, 15, 16, 17, 18, 19, 20, 21, 22, 23, 24] 3 (4384, 17) (4384,)
X.shape, Y.shape, "Inside the model-fitting function" : (4384, 17) (4384,) Inside the model-fitting function
Dict: model_trials.best_params_
Key: Value
{'randomforestregressor__max_depth': 10,
 'randomforestregressor__max_features': 'sqrt',
 'randomforestregressor__n_estimators': 200}
Dict: model_trials.best_params_
Key: Value
{'xgbregressor__learning_rate': 0.01,
 'xgbregressor__max_depth': 10,
 'xgbregressor__n_estimators': 300}
Matplotlib is currently using agg, which is a non-GUI backend, so cannot show the figure.
config.CONGESTION_TYPE, slugifiedstring, i, key, value[2], value[0], value[1] : RECURRENT recurrent-newyorkcity-90-1-2-3-4-5-6-7-8-9-10-11-12-13-14-15-16-17-18-19-20-21-22-23-24 0 betweenness -0.001037301020468892 0.0484561443839963 -46.71367657779092
config.CONGESTION_TYPE, slugifiedstring, i, key, value[2], value[0], value[1] : RECURRENT recurrent-newyorkcity-90-1-2-3-4-5-6-7-8-9-10-11-12-13-14-15-16-17-18-19-20-21-22-23-24 1 streets_per_node_count_5 -0.000206214773501485 0.055920971083465526 -271.1782969471042
config.CONGESTION_TYPE, slugifiedstring, i, key, value[2], value[0], value[1] : RECURRENT recurrent-newyorkcity-90-1-2-3-4-5-6-7-8-9-10-11-12-13-14-15-16-17-18-19-20-21-22-23-24 2 k_avg -0.00020338978051871848 0.035360019266472364 -173.85347079037774
config.CONGESTION_TYPE, slugifiedstring, i, key, value[2], value[0], value[1] : RECURRENT recurrent-newyorkcity-90-1-2-3-4-5-6-7-8-9-10-11-12-13-14-15-16-17-18-19-20-21-22-23-24 3 streets_per_node_avg -0.0003199092374680361 0.095700685523531 -299.14949090237815
config.CONGESTION_TYPE, slugifiedstring, i, key, value[2], value[0], value[1] : RECURRENT recurrent-newyorkcity-90-1-2-3-4-5-6-7-8-9-10-11-12-13-14-15-16-17-18-19-20-21-22-23-24 4 m -7.636008230730634e-05 0.03063662415249302 -401.2125606308
config.CONGESTION_TYPE, slugifiedstring, i, key, value[2], value[0], value[1] : RECURRENT recurrent-newyorkcity-90-1-2-3-4-5-6-7-8-9-10-11-12-13-14-15-16-17-18-19-20-21-22-23-24 5 total_crossings -0.00044661848157446935 0.2791033367230803 -624.9256316916264
config.CONGESTION_TYPE, slugifiedstring, i, key, value[2], value[0], value[1] : RECURRENT recurrent-newyorkcity-90-1-2-3-4-5-6-7-8-9-10-11-12-13-14-15-16-17-18-19-20-21-22-23-24 6 circuity_avg 0.000412561495159515 0.012949190992840354 31.38729897183839
config.CONGESTION_TYPE, slugifiedstring, i, key, value[2], value[0], value[1] : RECURRENT recurrent-newyorkcity-90-1-2-3-4-5-6-7-8-9-10-11-12-13-14-15-16-17-18-19-20-21-22-23-24 7 streets_per_node_count_1 0.000412561495159515 0.012949190992840354 31.38729897183839
config.CONGESTION_TYPE, slugifiedstring, i, key, value[2], value[0], value[1] : RECURRENT recurrent-newyorkcity-90-1-2-3-4-5-6-7-8-9-10-11-12-13-14-15-16-17-18-19-20-21-22-23-24 8 streets_per_node_count_3 -0.000358478166661423 0.08567437327225882 -238.99467593845657
config.CONGESTION_TYPE, slugifiedstring, i, key, value[2], value[0], value[1] : RECURRENT recurrent-newyorkcity-90-1-2-3-4-5-6-7-8-9-10-11-12-13-14-15-16-17-18-19-20-21-22-23-24 9 streets_per_node_count_4 -0.000358478166661423 0.08567437327225882 -238.99467593845657
config.CONGESTION_TYPE, slugifiedstring, i, key, value[2], value[0], value[1] : RECURRENT recurrent-newyorkcity-90-1-2-3-4-5-6-7-8-9-10-11-12-13-14-15-16-17-18-19-20-21-22-23-24 10 streets_per_node_count_6 -0.0002952315834374431 0.09211682946152387 -312.0154977627676
config.CONGESTION_TYPE, slugifiedstring, i, key, value[2], value[0], value[1] : RECURRENT recurrent-newyorkcity-90-1-2-3-4-5-6-7-8-9-10-11-12-13-14-15-16-17-18-19-20-21-22-23-24 11 metered_count -0.0008349528291625404 0.3250362798808206 -389.2869974544942
config.CONGESTION_TYPE, slugifiedstring, i, key, value[2], value[0], value[1] : RECURRENT recurrent-newyorkcity-90-1-2-3-4-5-6-7-8-9-10-11-12-13-14-15-16-17-18-19-20-21-22-23-24 12 non_metered_count -0.0003572730034449685 0.18613435370757542 -520.9863379342796
config.CONGESTION_TYPE, slugifiedstring, i, key, value[2], value[0], value[1] : RECURRENT recurrent-newyorkcity-90-1-2-3-4-5-6-7-8-9-10-11-12-13-14-15-16-17-18-19-20-21-22-23-24 13 n -6.952531480134327e-05 0.019143137598770187 -275.3405382409046
config.CONGESTION_TYPE, slugifiedstring, i, key, value[2], value[0], value[1] : RECURRENT recurrent-newyorkcity-90-1-2-3-4-5-6-7-8-9-10-11-12-13-14-15-16-17-18-19-20-21-22-23-24 14 streets_per_node_count_2 -5.5303180831919895e-05 0.022630328163461604 -409.2048201032196
config.CONGESTION_TYPE, slugifiedstring, i, key, value[2], value[0], value[1] : RECURRENT recurrent-newyorkcity-90-1-2-3-4-5-6-7-8-9-10-11-12-13-14-15-16-17-18-19-20-21-22-23-24 15 mean_lanes -0.00010521940182118609 0.022191409524454933 -210.9060604827223
config.CONGESTION_TYPE, slugifiedstring, i, key, value[2], value[0], value[1] : RECURRENT recurrent-newyorkcity-90-1-2-3-4-5-6-7-8-9-10-11-12-13-14-15-16-17-18-19-20-21-22-23-24 16 global_betweenness -0.00017921511758125944 0.03198546094603602 -178.47523901845625
SHAP Values for each feature:
Slug                           Feature Name         Mean Abs SHAP Value
SHAP-- recurrent-newyorkcity-90-1-2-3-4-5-6-7-8-9-10-11-12-13-14-15-16-17-18-19-20-21-22-23-24 betweenness                   0.0227
SHAP-- recurrent-newyorkcity-90-1-2-3-4-5-6-7-8-9-10-11-12-13-14-15-16-17-18-19-20-21-22-23-24 streets_per_node_count_5          0.0262
SHAP-- recurrent-newyorkcity-90-1-2-3-4-5-6-7-8-9-10-11-12-13-14-15-16-17-18-19-20-21-22-23-24 k_avg                         0.0177
SHAP-- recurrent-newyorkcity-90-1-2-3-4-5-6-7-8-9-10-11-12-13-14-15-16-17-18-19-20-21-22-23-24 streets_per_node_avg          0.0461
SHAP-- recurrent-newyorkcity-90-1-2-3-4-5-6-7-8-9-10-11-12-13-14-15-16-17-18-19-20-21-22-23-24 m                             0.0153
SHAP-- recurrent-newyorkcity-90-1-2-3-4-5-6-7-8-9-10-11-12-13-14-15-16-17-18-19-20-21-22-23-24 total_crossings               0.1378
SHAP-- recurrent-newyorkcity-90-1-2-3-4-5-6-7-8-9-10-11-12-13-14-15-16-17-18-19-20-21-22-23-24 circuity_avg                  0.0050
SHAP-- recurrent-newyorkcity-90-1-2-3-4-5-6-7-8-9-10-11-12-13-14-15-16-17-18-19-20-21-22-23-24 streets_per_node_count_1          0.0000
SHAP-- recurrent-newyorkcity-90-1-2-3-4-5-6-7-8-9-10-11-12-13-14-15-16-17-18-19-20-21-22-23-24 streets_per_node_count_3          0.0428
SHAP-- recurrent-newyorkcity-90-1-2-3-4-5-6-7-8-9-10-11-12-13-14-15-16-17-18-19-20-21-22-23-24 streets_per_node_count_4          0.0000
SHAP-- recurrent-newyorkcity-90-1-2-3-4-5-6-7-8-9-10-11-12-13-14-15-16-17-18-19-20-21-22-23-24 streets_per_node_count_6          0.0451
SHAP-- recurrent-newyorkcity-90-1-2-3-4-5-6-7-8-9-10-11-12-13-14-15-16-17-18-19-20-21-22-23-24 metered_count                 0.1597
SHAP-- recurrent-newyorkcity-90-1-2-3-4-5-6-7-8-9-10-11-12-13-14-15-16-17-18-19-20-21-22-23-24 non_metered_count             0.0877
SHAP-- recurrent-newyorkcity-90-1-2-3-4-5-6-7-8-9-10-11-12-13-14-15-16-17-18-19-20-21-22-23-24 n                             0.0096
SHAP-- recurrent-newyorkcity-90-1-2-3-4-5-6-7-8-9-10-11-12-13-14-15-16-17-18-19-20-21-22-23-24 streets_per_node_count_2          0.0114
SHAP-- recurrent-newyorkcity-90-1-2-3-4-5-6-7-8-9-10-11-12-13-14-15-16-17-18-19-20-21-22-23-24 mean_lanes                    0.0111
SHAP-- recurrent-newyorkcity-90-1-2-3-4-5-6-7-8-9-10-11-12-13-14-15-16-17-18-19-20-21-22-23-24 global_betweenness            0.0142
RECURRENT NewYorkCity 90 LR 0.3777789194259343 XpVar
RECURRENT NewYorkCity 90 RF 0.4637823045628234 XpVar
RECURRENT NewYorkCity 90 GBM 0.44762121168303143 XpVar
RECURRENT NewYorkCity 90 LLR 0.0 XpVar
RECURRENT NewYorkCity 90 RLR 0.3777971336999156 XpVar
RECURRENT NewYorkCity 90 LR 0.3276706366538327 MSE
RECURRENT NewYorkCity 90 RF 0.283156470344446 MSE
RECURRENT NewYorkCity 90 GBM 0.2911874713208723 MSE
RECURRENT NewYorkCity 90 LLR 0.525068618339321 MSE
RECURRENT NewYorkCity 90 RLR 0.3276546840678182 MSE
RECURRENT NewYorkCity 90 LR 0.3768117629357396 R2
RECURRENT NewYorkCity 90 RF 0.463090676838905 R2
RECURRENT NewYorkCity 90 GBM 0.44665267893743227 R2
RECURRENT NewYorkCity 90 LLR -0.0008333386551929564 R2
RECURRENT NewYorkCity 90 RLR 0.3768274498426488 R2
t_spatial, t_non_spatial, "seconds" : 1.6689300537109375e-06 1623.573311328888 seconds
sorted_percentage_nan_per_column : Matplotlib is currently using agg, which is a non-GUI backend, so cannot show the figure.
Matplotlib is currently using agg, which is a non-GUI backend, so cannot show the figure.
maxspeed                         11.894273
n                                 0.000000
lane_density                      0.000000
streets_per_node_proportion_6     0.000000
streets_per_node_count_6          0.000000
streets_per_node_proportion_5     0.000000
streets_per_node_count_5          0.000000
streets_per_node_proportion_4     0.000000
streets_per_node_count_4          0.000000
streets_per_node_proportion_3     0.000000
streets_per_node_count_3          0.000000
streets_per_node_proportion_2     0.000000
streets_per_node_count_2          0.000000
streets_per_node_proportion_1     0.000000
streets_per_node_count_1          0.000000
mean_lanes                        0.000000
m                                 0.000000
betweenness                       0.000000
total_crossings                   0.000000
non_metered_count                 0.000000
metered_count                     0.000000
self_loop_proportion              0.000000
circuity_avg                      0.000000
street_length_avg                 0.000000
street_segment_count              0.000000
street_length_total               0.000000
streets_per_node_avg              0.000000
edge_length_avg                   0.000000
edge_length_total                 0.000000
k_avg                             0.000000
global_betweenness                0.000000
dtype: float64
city, scale, tod, config.shift_tile_marker, X.shape, Y.shape : NewYorkCity 25 [1, 2, 3, 4, 5, 6, 7, 8, 9, 10, 11, 12, 13, 14, 15, 16, 17, 18, 19, 20, 21, 22, 23, 24] 3 (454, 17) (454,)
X.shape, Y.shape, "Inside the model-fitting function" : (454, 17) (454,) Inside the model-fitting function
Dict: model_trials.best_params_
Key: Value
{'randomforestregressor__max_depth': 10,
 'randomforestregressor__max_features': 'sqrt',
 'randomforestregressor__n_estimators': 1000}
Dict: model_trials.best_params_
Key: Value
{'xgbregressor__learning_rate': 0.1,
 'xgbregressor__max_depth': 10,
 'xgbregressor__n_estimators': 100}
Matplotlib is currently using agg, which is a non-GUI backend, so cannot show the figure.
config.CONGESTION_TYPE, slugifiedstring, i, key, value[2], value[0], value[1] : RECURRENT recurrent-newyorkcity-25-1-2-3-4-5-6-7-8-9-10-11-12-13-14-15-16-17-18-19-20-21-22-23-24 0 betweenness 0.001437445776078472 0.023445715503181436 16.310678213646582
config.CONGESTION_TYPE, slugifiedstring, i, key, value[2], value[0], value[1] : RECURRENT recurrent-newyorkcity-25-1-2-3-4-5-6-7-8-9-10-11-12-13-14-15-16-17-18-19-20-21-22-23-24 1 streets_per_node_count_5 -0.0006836290470121766 0.03311953352290675 -48.44664466446645
config.CONGESTION_TYPE, slugifiedstring, i, key, value[2], value[0], value[1] : RECURRENT recurrent-newyorkcity-25-1-2-3-4-5-6-7-8-9-10-11-12-13-14-15-16-17-18-19-20-21-22-23-24 2 k_avg -0.0024926514592484004 0.021114543092137443 -8.470716198125842
config.CONGESTION_TYPE, slugifiedstring, i, key, value[2], value[0], value[1] : RECURRENT recurrent-newyorkcity-25-1-2-3-4-5-6-7-8-9-10-11-12-13-14-15-16-17-18-19-20-21-22-23-24 3 streets_per_node_avg -0.002035553879517539 0.10020066298482336 -49.22525706299291
config.CONGESTION_TYPE, slugifiedstring, i, key, value[2], value[0], value[1] : RECURRENT recurrent-newyorkcity-25-1-2-3-4-5-6-7-8-9-10-11-12-13-14-15-16-17-18-19-20-21-22-23-24 4 m -0.0003433440467529099 0.016727870066998413 -48.72043137254903
config.CONGESTION_TYPE, slugifiedstring, i, key, value[2], value[0], value[1] : RECURRENT recurrent-newyorkcity-25-1-2-3-4-5-6-7-8-9-10-11-12-13-14-15-16-17-18-19-20-21-22-23-24 5 total_crossings -0.0049543358042883215 0.23568976837386796 -47.572424979724246
config.CONGESTION_TYPE, slugifiedstring, i, key, value[2], value[0], value[1] : RECURRENT recurrent-newyorkcity-25-1-2-3-4-5-6-7-8-9-10-11-12-13-14-15-16-17-18-19-20-21-22-23-24 6 circuity_avg 0.00025033602719769774 0.003835101664853827 15.319815161183868
config.CONGESTION_TYPE, slugifiedstring, i, key, value[2], value[0], value[1] : RECURRENT recurrent-newyorkcity-25-1-2-3-4-5-6-7-8-9-10-11-12-13-14-15-16-17-18-19-20-21-22-23-24 7 streets_per_node_count_1 0.00025033602719769774 0.003835101664853827 15.319815161183868
config.CONGESTION_TYPE, slugifiedstring, i, key, value[2], value[0], value[1] : RECURRENT recurrent-newyorkcity-25-1-2-3-4-5-6-7-8-9-10-11-12-13-14-15-16-17-18-19-20-21-22-23-24 8 streets_per_node_count_3 -0.009419442016599387 0.09683812021808337 -10.28066418875244
config.CONGESTION_TYPE, slugifiedstring, i, key, value[2], value[0], value[1] : RECURRENT recurrent-newyorkcity-25-1-2-3-4-5-6-7-8-9-10-11-12-13-14-15-16-17-18-19-20-21-22-23-24 9 streets_per_node_count_4 -0.009419442016599387 0.09683812021808337 -10.28066418875244
config.CONGESTION_TYPE, slugifiedstring, i, key, value[2], value[0], value[1] : RECURRENT recurrent-newyorkcity-25-1-2-3-4-5-6-7-8-9-10-11-12-13-14-15-16-17-18-19-20-21-22-23-24 10 streets_per_node_count_6 -0.0023730039401971058 0.12752978754561226 -53.74191984486103
config.CONGESTION_TYPE, slugifiedstring, i, key, value[2], value[0], value[1] : RECURRENT recurrent-newyorkcity-25-1-2-3-4-5-6-7-8-9-10-11-12-13-14-15-16-17-18-19-20-21-22-23-24 11 metered_count -0.014100280956004064 0.2810034550742383 -19.928925951974293
config.CONGESTION_TYPE, slugifiedstring, i, key, value[2], value[0], value[1] : RECURRENT recurrent-newyorkcity-25-1-2-3-4-5-6-7-8-9-10-11-12-13-14-15-16-17-18-19-20-21-22-23-24 12 non_metered_count -0.0038079493918634923 0.16873699514238377 -44.311774600504634
config.CONGESTION_TYPE, slugifiedstring, i, key, value[2], value[0], value[1] : RECURRENT recurrent-newyorkcity-25-1-2-3-4-5-6-7-8-9-10-11-12-13-14-15-16-17-18-19-20-21-22-23-24 13 n -0.0008540545371969258 0.017392821979076288 -20.365001556178015
config.CONGESTION_TYPE, slugifiedstring, i, key, value[2], value[0], value[1] : RECURRENT recurrent-newyorkcity-25-1-2-3-4-5-6-7-8-9-10-11-12-13-14-15-16-17-18-19-20-21-22-23-24 14 streets_per_node_count_2 -0.0003727164912258088 0.01626067568061873 -43.627465012722666
config.CONGESTION_TYPE, slugifiedstring, i, key, value[2], value[0], value[1] : RECURRENT recurrent-newyorkcity-25-1-2-3-4-5-6-7-8-9-10-11-12-13-14-15-16-17-18-19-20-21-22-23-24 15 mean_lanes -0.0012824779923658746 0.016786510629353067 -13.08912178554101
config.CONGESTION_TYPE, slugifiedstring, i, key, value[2], value[0], value[1] : RECURRENT recurrent-newyorkcity-25-1-2-3-4-5-6-7-8-9-10-11-12-13-14-15-16-17-18-19-20-21-22-23-24 16 global_betweenness -0.0010440931859686084 0.03045825100933066 -29.17196608373078
SHAP Values for each feature:
Slug                           Feature Name         Mean Abs SHAP Value
SHAP-- recurrent-newyorkcity-25-1-2-3-4-5-6-7-8-9-10-11-12-13-14-15-16-17-18-19-20-21-22-23-24 betweenness                   0.0116
SHAP-- recurrent-newyorkcity-25-1-2-3-4-5-6-7-8-9-10-11-12-13-14-15-16-17-18-19-20-21-22-23-24 streets_per_node_count_5          0.0166
SHAP-- recurrent-newyorkcity-25-1-2-3-4-5-6-7-8-9-10-11-12-13-14-15-16-17-18-19-20-21-22-23-24 k_avg                         0.0102
SHAP-- recurrent-newyorkcity-25-1-2-3-4-5-6-7-8-9-10-11-12-13-14-15-16-17-18-19-20-21-22-23-24 streets_per_node_avg          0.0489
SHAP-- recurrent-newyorkcity-25-1-2-3-4-5-6-7-8-9-10-11-12-13-14-15-16-17-18-19-20-21-22-23-24 m                             0.0082
SHAP-- recurrent-newyorkcity-25-1-2-3-4-5-6-7-8-9-10-11-12-13-14-15-16-17-18-19-20-21-22-23-24 total_crossings               0.1133
SHAP-- recurrent-newyorkcity-25-1-2-3-4-5-6-7-8-9-10-11-12-13-14-15-16-17-18-19-20-21-22-23-24 circuity_avg                  0.0018
SHAP-- recurrent-newyorkcity-25-1-2-3-4-5-6-7-8-9-10-11-12-13-14-15-16-17-18-19-20-21-22-23-24 streets_per_node_count_1          0.0000
SHAP-- recurrent-newyorkcity-25-1-2-3-4-5-6-7-8-9-10-11-12-13-14-15-16-17-18-19-20-21-22-23-24 streets_per_node_count_3          0.0459
SHAP-- recurrent-newyorkcity-25-1-2-3-4-5-6-7-8-9-10-11-12-13-14-15-16-17-18-19-20-21-22-23-24 streets_per_node_count_4          0.0000
SHAP-- recurrent-newyorkcity-25-1-2-3-4-5-6-7-8-9-10-11-12-13-14-15-16-17-18-19-20-21-22-23-24 streets_per_node_count_6          0.0624
SHAP-- recurrent-newyorkcity-25-1-2-3-4-5-6-7-8-9-10-11-12-13-14-15-16-17-18-19-20-21-22-23-24 metered_count                 0.1361
SHAP-- recurrent-newyorkcity-25-1-2-3-4-5-6-7-8-9-10-11-12-13-14-15-16-17-18-19-20-21-22-23-24 non_metered_count             0.0787
SHAP-- recurrent-newyorkcity-25-1-2-3-4-5-6-7-8-9-10-11-12-13-14-15-16-17-18-19-20-21-22-23-24 n                             0.0087
SHAP-- recurrent-newyorkcity-25-1-2-3-4-5-6-7-8-9-10-11-12-13-14-15-16-17-18-19-20-21-22-23-24 streets_per_node_count_2          0.0081
SHAP-- recurrent-newyorkcity-25-1-2-3-4-5-6-7-8-9-10-11-12-13-14-15-16-17-18-19-20-21-22-23-24 mean_lanes                    0.0084
SHAP-- recurrent-newyorkcity-25-1-2-3-4-5-6-7-8-9-10-11-12-13-14-15-16-17-18-19-20-21-22-23-24 global_betweenness            0.0141
RECURRENT NewYorkCity 25 LR 0.5651447379165194 XpVar
RECURRENT NewYorkCity 25 RF 0.6560698161396802 XpVar
RECURRENT NewYorkCity 25 GBM 0.5886757112605759 XpVar
RECURRENT NewYorkCity 25 LLR -1.586032892321652e-17 XpVar
RECURRENT NewYorkCity 25 RLR 0.567001681416676 XpVar
RECURRENT NewYorkCity 25 LR 0.1537423173081134 MSE
RECURRENT NewYorkCity 25 RF 0.1215953144286762 MSE
RECURRENT NewYorkCity 25 GBM 0.14512382452364564 MSE
RECURRENT NewYorkCity 25 LLR 0.35584130044949575 MSE
RECURRENT NewYorkCity 25 RLR 0.15310014274978243 MSE
RECURRENT NewYorkCity 25 LR 0.5545647986275395 R2
RECURRENT NewYorkCity 25 RF 0.6496591213562759 R2
RECURRENT NewYorkCity 25 GBM 0.5817947835814271 R2
RECURRENT NewYorkCity 25 LLR -0.0308270195485707 R2
RECURRENT NewYorkCity 25 RLR 0.5564291057397852 R2
t_spatial, t_non_spatial, "seconds" : 1.430511474609375e-06 284.4855535030365 seconds
sorted_percentage_nan_per_column : Matplotlib is currently using agg, which is a non-GUI backend, so cannot show the figure.
Matplotlib is currently using agg, which is a non-GUI backend, so cannot show the figure.
maxspeed                         29.269802
n                                 0.000000
lane_density                      0.000000
streets_per_node_proportion_6     0.000000
streets_per_node_count_6          0.000000
streets_per_node_proportion_5     0.000000
streets_per_node_count_5          0.000000
streets_per_node_proportion_4     0.000000
streets_per_node_count_4          0.000000
streets_per_node_proportion_3     0.000000
streets_per_node_count_3          0.000000
streets_per_node_proportion_2     0.000000
streets_per_node_count_2          0.000000
streets_per_node_proportion_1     0.000000
streets_per_node_count_1          0.000000
mean_lanes                        0.000000
m                                 0.000000
betweenness                       0.000000
total_crossings                   0.000000
non_metered_count                 0.000000
metered_count                     0.000000
self_loop_proportion              0.000000
circuity_avg                      0.000000
street_length_avg                 0.000000
street_segment_count              0.000000
street_length_total               0.000000
streets_per_node_avg              0.000000
edge_length_avg                   0.000000
edge_length_total                 0.000000
k_avg                             0.000000
global_betweenness                0.000000
dtype: float64
city, scale, tod, config.shift_tile_marker, X.shape, Y.shape : NewYorkCity 50 [1, 2, 3, 4, 5, 6, 7, 8, 9, 10, 11, 12, 13, 14, 15, 16, 17, 18, 19, 20, 21, 22, 23, 24] 3 (1616, 17) (1616,)
X.shape, Y.shape, "Inside the model-fitting function" : (1616, 17) (1616,) Inside the model-fitting function
Dict: model_trials.best_params_
Key: Value
{'randomforestregressor__max_depth': 20,
 'randomforestregressor__max_features': 'sqrt',
 'randomforestregressor__n_estimators': 300}
Dict: model_trials.best_params_
Key: Value
{'xgbregressor__learning_rate': 0.01,
 'xgbregressor__max_depth': 10,
 'xgbregressor__n_estimators': 200}
Matplotlib is currently using agg, which is a non-GUI backend, so cannot show the figure.
config.CONGESTION_TYPE, slugifiedstring, i, key, value[2], value[0], value[1] : RECURRENT recurrent-newyorkcity-50-1-2-3-4-5-6-7-8-9-10-11-12-13-14-15-16-17-18-19-20-21-22-23-24 0 betweenness -0.0006008739707477487 0.04928863324483708 -82.02823827349448
config.CONGESTION_TYPE, slugifiedstring, i, key, value[2], value[0], value[1] : RECURRENT recurrent-newyorkcity-50-1-2-3-4-5-6-7-8-9-10-11-12-13-14-15-16-17-18-19-20-21-22-23-24 1 streets_per_node_count_5 -0.0004653755929394528 0.056288647074314094 -120.95315682281057
config.CONGESTION_TYPE, slugifiedstring, i, key, value[2], value[0], value[1] : RECURRENT recurrent-newyorkcity-50-1-2-3-4-5-6-7-8-9-10-11-12-13-14-15-16-17-18-19-20-21-22-23-24 2 k_avg -0.0005924507038007193 0.03702497819778577 -62.49461425273239
config.CONGESTION_TYPE, slugifiedstring, i, key, value[2], value[0], value[1] : RECURRENT recurrent-newyorkcity-50-1-2-3-4-5-6-7-8-9-10-11-12-13-14-15-16-17-18-19-20-21-22-23-24 3 streets_per_node_avg -0.0007494453837995821 0.10950844690559036 -146.11931606062876
config.CONGESTION_TYPE, slugifiedstring, i, key, value[2], value[0], value[1] : RECURRENT recurrent-newyorkcity-50-1-2-3-4-5-6-7-8-9-10-11-12-13-14-15-16-17-18-19-20-21-22-23-24 4 m -0.0002512058956311907 0.03131044603124661 -124.64057004941958
config.CONGESTION_TYPE, slugifiedstring, i, key, value[2], value[0], value[1] : RECURRENT recurrent-newyorkcity-50-1-2-3-4-5-6-7-8-9-10-11-12-13-14-15-16-17-18-19-20-21-22-23-24 5 total_crossings -0.001131359792958535 0.25222900090126354 -222.94322502099726
config.CONGESTION_TYPE, slugifiedstring, i, key, value[2], value[0], value[1] : RECURRENT recurrent-newyorkcity-50-1-2-3-4-5-6-7-8-9-10-11-12-13-14-15-16-17-18-19-20-21-22-23-24 6 circuity_avg -0.000325008894353689 0.014870256505186788 -45.753383256657344
config.CONGESTION_TYPE, slugifiedstring, i, key, value[2], value[0], value[1] : RECURRENT recurrent-newyorkcity-50-1-2-3-4-5-6-7-8-9-10-11-12-13-14-15-16-17-18-19-20-21-22-23-24 7 streets_per_node_count_1 -0.000325008894353689 0.014870256505186788 -45.753383256657344
config.CONGESTION_TYPE, slugifiedstring, i, key, value[2], value[0], value[1] : RECURRENT recurrent-newyorkcity-50-1-2-3-4-5-6-7-8-9-10-11-12-13-14-15-16-17-18-19-20-21-22-23-24 8 streets_per_node_count_3 -0.0012294195993028624 0.09571141580475227 -77.8508947303468
config.CONGESTION_TYPE, slugifiedstring, i, key, value[2], value[0], value[1] : RECURRENT recurrent-newyorkcity-50-1-2-3-4-5-6-7-8-9-10-11-12-13-14-15-16-17-18-19-20-21-22-23-24 9 streets_per_node_count_4 -0.0012294195993028624 0.09571141580475227 -77.8508947303468
config.CONGESTION_TYPE, slugifiedstring, i, key, value[2], value[0], value[1] : RECURRENT recurrent-newyorkcity-50-1-2-3-4-5-6-7-8-9-10-11-12-13-14-15-16-17-18-19-20-21-22-23-24 10 streets_per_node_count_6 -0.0006858271410089793 0.11928941722196032 -173.93510709777888
config.CONGESTION_TYPE, slugifiedstring, i, key, value[2], value[0], value[1] : RECURRENT recurrent-newyorkcity-50-1-2-3-4-5-6-7-8-9-10-11-12-13-14-15-16-17-18-19-20-21-22-23-24 11 metered_count -0.002338365707468684 0.3329344218103009 -142.3791072315662
config.CONGESTION_TYPE, slugifiedstring, i, key, value[2], value[0], value[1] : RECURRENT recurrent-newyorkcity-50-1-2-3-4-5-6-7-8-9-10-11-12-13-14-15-16-17-18-19-20-21-22-23-24 12 non_metered_count -0.0007695006468227906 0.16483058010410545 -214.20460240635055
config.CONGESTION_TYPE, slugifiedstring, i, key, value[2], value[0], value[1] : RECURRENT recurrent-newyorkcity-50-1-2-3-4-5-6-7-8-9-10-11-12-13-14-15-16-17-18-19-20-21-22-23-24 13 n -0.0002777019914958816 0.025531116361113847 -91.93710215611645
config.CONGESTION_TYPE, slugifiedstring, i, key, value[2], value[0], value[1] : RECURRENT recurrent-newyorkcity-50-1-2-3-4-5-6-7-8-9-10-11-12-13-14-15-16-17-18-19-20-21-22-23-24 14 streets_per_node_count_2 -0.0002226777098357022 0.030752581907254623 -138.10354853184333
config.CONGESTION_TYPE, slugifiedstring, i, key, value[2], value[0], value[1] : RECURRENT recurrent-newyorkcity-50-1-2-3-4-5-6-7-8-9-10-11-12-13-14-15-16-17-18-19-20-21-22-23-24 15 mean_lanes -0.0007253073083723667 0.02967207893343789 -40.909664897798734
config.CONGESTION_TYPE, slugifiedstring, i, key, value[2], value[0], value[1] : RECURRENT recurrent-newyorkcity-50-1-2-3-4-5-6-7-8-9-10-11-12-13-14-15-16-17-18-19-20-21-22-23-24 16 global_betweenness -0.000636860835064036 0.03988484444772304 -62.62725269283146
SHAP Values for each feature:
Slug                           Feature Name         Mean Abs SHAP Value
SHAP-- recurrent-newyorkcity-50-1-2-3-4-5-6-7-8-9-10-11-12-13-14-15-16-17-18-19-20-21-22-23-24 betweenness                   0.0245
SHAP-- recurrent-newyorkcity-50-1-2-3-4-5-6-7-8-9-10-11-12-13-14-15-16-17-18-19-20-21-22-23-24 streets_per_node_count_5          0.0273
SHAP-- recurrent-newyorkcity-50-1-2-3-4-5-6-7-8-9-10-11-12-13-14-15-16-17-18-19-20-21-22-23-24 k_avg                         0.0184
SHAP-- recurrent-newyorkcity-50-1-2-3-4-5-6-7-8-9-10-11-12-13-14-15-16-17-18-19-20-21-22-23-24 streets_per_node_avg          0.0541
SHAP-- recurrent-newyorkcity-50-1-2-3-4-5-6-7-8-9-10-11-12-13-14-15-16-17-18-19-20-21-22-23-24 m                             0.0157
SHAP-- recurrent-newyorkcity-50-1-2-3-4-5-6-7-8-9-10-11-12-13-14-15-16-17-18-19-20-21-22-23-24 total_crossings               0.1249
SHAP-- recurrent-newyorkcity-50-1-2-3-4-5-6-7-8-9-10-11-12-13-14-15-16-17-18-19-20-21-22-23-24 circuity_avg                  0.0057
SHAP-- recurrent-newyorkcity-50-1-2-3-4-5-6-7-8-9-10-11-12-13-14-15-16-17-18-19-20-21-22-23-24 streets_per_node_count_1          0.0000
SHAP-- recurrent-newyorkcity-50-1-2-3-4-5-6-7-8-9-10-11-12-13-14-15-16-17-18-19-20-21-22-23-24 streets_per_node_count_3          0.0471
SHAP-- recurrent-newyorkcity-50-1-2-3-4-5-6-7-8-9-10-11-12-13-14-15-16-17-18-19-20-21-22-23-24 streets_per_node_count_4          0.0000
SHAP-- recurrent-newyorkcity-50-1-2-3-4-5-6-7-8-9-10-11-12-13-14-15-16-17-18-19-20-21-22-23-24 streets_per_node_count_6          0.0584
SHAP-- recurrent-newyorkcity-50-1-2-3-4-5-6-7-8-9-10-11-12-13-14-15-16-17-18-19-20-21-22-23-24 metered_count                 0.1633
SHAP-- recurrent-newyorkcity-50-1-2-3-4-5-6-7-8-9-10-11-12-13-14-15-16-17-18-19-20-21-22-23-24 non_metered_count             0.0801
SHAP-- recurrent-newyorkcity-50-1-2-3-4-5-6-7-8-9-10-11-12-13-14-15-16-17-18-19-20-21-22-23-24 n                             0.0128
SHAP-- recurrent-newyorkcity-50-1-2-3-4-5-6-7-8-9-10-11-12-13-14-15-16-17-18-19-20-21-22-23-24 streets_per_node_count_2          0.0154
SHAP-- recurrent-newyorkcity-50-1-2-3-4-5-6-7-8-9-10-11-12-13-14-15-16-17-18-19-20-21-22-23-24 mean_lanes                    0.0149
SHAP-- recurrent-newyorkcity-50-1-2-3-4-5-6-7-8-9-10-11-12-13-14-15-16-17-18-19-20-21-22-23-24 global_betweenness            0.0190
RECURRENT NewYorkCity 50 LR 0.449735525332502 XpVar
RECURRENT NewYorkCity 50 RF 0.5320952258273849 XpVar
RECURRENT NewYorkCity 50 GBM 0.48826027668675487 XpVar
RECURRENT NewYorkCity 50 LLR -7.930164461608261e-17 XpVar
RECURRENT NewYorkCity 50 RLR 0.449990043876789 XpVar
RECURRENT NewYorkCity 50 LR 0.24898970804914705 MSE
RECURRENT NewYorkCity 50 RF 0.2121206608180526 MSE
RECURRENT NewYorkCity 50 GBM 0.2320464798988644 MSE
RECURRENT NewYorkCity 50 LLR 0.45074237855299304 MSE
RECURRENT NewYorkCity 50 RLR 0.24887568807275726 MSE
RECURRENT NewYorkCity 50 LR 0.44691015129234535 R2
RECURRENT NewYorkCity 50 RF 0.5295004819818805 R2
RECURRENT NewYorkCity 50 GBM 0.4858594227233755 R2
RECURRENT NewYorkCity 50 LLR -0.002367346322132567 R2
RECURRENT NewYorkCity 50 RLR 0.4471576269286156 R2
t_spatial, t_non_spatial, "seconds" : 1.430511474609375e-06 918.7703759670258 seconds
sorted_percentage_nan_per_column : Matplotlib is currently using agg, which is a non-GUI backend, so cannot show the figure.
Matplotlib is currently using agg, which is a non-GUI backend, so cannot show the figure.
maxspeed                         44.953235
n                                 0.000000
lane_density                      0.000000
streets_per_node_proportion_6     0.000000
streets_per_node_count_6          0.000000
streets_per_node_proportion_5     0.000000
streets_per_node_count_5          0.000000
streets_per_node_proportion_4     0.000000
streets_per_node_count_4          0.000000
streets_per_node_proportion_3     0.000000
streets_per_node_count_3          0.000000
streets_per_node_proportion_2     0.000000
streets_per_node_count_2          0.000000
streets_per_node_proportion_1     0.000000
streets_per_node_count_1          0.000000
mean_lanes                        0.000000
m                                 0.000000
betweenness                       0.000000
total_crossings                   0.000000
non_metered_count                 0.000000
metered_count                     0.000000
self_loop_proportion              0.000000
circuity_avg                      0.000000
street_length_avg                 0.000000
street_segment_count              0.000000
street_length_total               0.000000
streets_per_node_avg              0.000000
edge_length_avg                   0.000000
edge_length_total                 0.000000
k_avg                             0.000000
global_betweenness                0.000000
dtype: float64
city, scale, tod, config.shift_tile_marker, X.shape, Y.shape : NewYorkCity 100 [1, 2, 3, 4, 5, 6, 7, 8, 9, 10, 11, 12, 13, 14, 15, 16, 17, 18, 19, 20, 21, 22, 23, 24] 3 (5132, 17) (5132,)
X.shape, Y.shape, "Inside the model-fitting function" : (5132, 17) (5132,) Inside the model-fitting function
Dict: model_trials.best_params_
Key: Value
{'randomforestregressor__max_depth': 10,
 'randomforestregressor__max_features': 'sqrt',
 'randomforestregressor__n_estimators': 1000}
Dict: model_trials.best_params_
Key: Value
{'xgbregressor__learning_rate': 0.01,
 'xgbregressor__max_depth': 10,
 'xgbregressor__n_estimators': 300}
Matplotlib is currently using agg, which is a non-GUI backend, so cannot show the figure.
config.CONGESTION_TYPE, slugifiedstring, i, key, value[2], value[0], value[1] : RECURRENT recurrent-newyorkcity-100-1-2-3-4-5-6-7-8-9-10-11-12-13-14-15-16-17-18-19-20-21-22-23-24 0 betweenness -0.0012753732046336113 0.059096735073322526 -46.33681722229676
config.CONGESTION_TYPE, slugifiedstring, i, key, value[2], value[0], value[1] : RECURRENT recurrent-newyorkcity-100-1-2-3-4-5-6-7-8-9-10-11-12-13-14-15-16-17-18-19-20-21-22-23-24 1 streets_per_node_count_5 -0.000144170919291312 0.03985162417675407 -276.41929712766705
config.CONGESTION_TYPE, slugifiedstring, i, key, value[2], value[0], value[1] : RECURRENT recurrent-newyorkcity-100-1-2-3-4-5-6-7-8-9-10-11-12-13-14-15-16-17-18-19-20-21-22-23-24 2 k_avg -0.00015697806256275353 0.04332566732725193 -275.998229433696
config.CONGESTION_TYPE, slugifiedstring, i, key, value[2], value[0], value[1] : RECURRENT recurrent-newyorkcity-100-1-2-3-4-5-6-7-8-9-10-11-12-13-14-15-16-17-18-19-20-21-22-23-24 3 streets_per_node_avg -0.0002148148789855483 0.08763985278771433 -407.97850317254006
config.CONGESTION_TYPE, slugifiedstring, i, key, value[2], value[0], value[1] : RECURRENT recurrent-newyorkcity-100-1-2-3-4-5-6-7-8-9-10-11-12-13-14-15-16-17-18-19-20-21-22-23-24 4 m -5.9049339034286244e-05 0.030105758764237833 -509.8407409227275
config.CONGESTION_TYPE, slugifiedstring, i, key, value[2], value[0], value[1] : RECURRENT recurrent-newyorkcity-100-1-2-3-4-5-6-7-8-9-10-11-12-13-14-15-16-17-18-19-20-21-22-23-24 5 total_crossings -0.0003923689689925566 0.29924887508561276 -762.6721242863873
config.CONGESTION_TYPE, slugifiedstring, i, key, value[2], value[0], value[1] : RECURRENT recurrent-newyorkcity-100-1-2-3-4-5-6-7-8-9-10-11-12-13-14-15-16-17-18-19-20-21-22-23-24 6 circuity_avg -0.001035116642596023 0.011054013444847117 -10.679002722943551
config.CONGESTION_TYPE, slugifiedstring, i, key, value[2], value[0], value[1] : RECURRENT recurrent-newyorkcity-100-1-2-3-4-5-6-7-8-9-10-11-12-13-14-15-16-17-18-19-20-21-22-23-24 7 streets_per_node_count_1 -0.001035116642596023 0.011054013444847117 -10.679002722943551
config.CONGESTION_TYPE, slugifiedstring, i, key, value[2], value[0], value[1] : RECURRENT recurrent-newyorkcity-100-1-2-3-4-5-6-7-8-9-10-11-12-13-14-15-16-17-18-19-20-21-22-23-24 8 streets_per_node_count_3 -0.0002528172973744083 0.0937326747505273 -370.752617498772
config.CONGESTION_TYPE, slugifiedstring, i, key, value[2], value[0], value[1] : RECURRENT recurrent-newyorkcity-100-1-2-3-4-5-6-7-8-9-10-11-12-13-14-15-16-17-18-19-20-21-22-23-24 9 streets_per_node_count_4 -0.0002528172973744083 0.0937326747505273 -370.752617498772
config.CONGESTION_TYPE, slugifiedstring, i, key, value[2], value[0], value[1] : RECURRENT recurrent-newyorkcity-100-1-2-3-4-5-6-7-8-9-10-11-12-13-14-15-16-17-18-19-20-21-22-23-24 10 streets_per_node_count_6 -0.0002815925760838725 0.11427506462354005 -405.8170361334496
config.CONGESTION_TYPE, slugifiedstring, i, key, value[2], value[0], value[1] : RECURRENT recurrent-newyorkcity-100-1-2-3-4-5-6-7-8-9-10-11-12-13-14-15-16-17-18-19-20-21-22-23-24 11 metered_count -0.0006468226916314991 0.30409311607473277 -470.13365487798546
config.CONGESTION_TYPE, slugifiedstring, i, key, value[2], value[0], value[1] : RECURRENT recurrent-newyorkcity-100-1-2-3-4-5-6-7-8-9-10-11-12-13-14-15-16-17-18-19-20-21-22-23-24 12 non_metered_count -0.0002877176438840278 0.1923016670890721 -668.3693933159843
config.CONGESTION_TYPE, slugifiedstring, i, key, value[2], value[0], value[1] : RECURRENT recurrent-newyorkcity-100-1-2-3-4-5-6-7-8-9-10-11-12-13-14-15-16-17-18-19-20-21-22-23-24 13 n -4.821430527875789e-05 0.021503555806575377 -445.9994950098212
config.CONGESTION_TYPE, slugifiedstring, i, key, value[2], value[0], value[1] : RECURRENT recurrent-newyorkcity-100-1-2-3-4-5-6-7-8-9-10-11-12-13-14-15-16-17-18-19-20-21-22-23-24 14 streets_per_node_count_2 -5.478428305920055e-05 0.026098810775426445 -476.3923030118649
config.CONGESTION_TYPE, slugifiedstring, i, key, value[2], value[0], value[1] : RECURRENT recurrent-newyorkcity-100-1-2-3-4-5-6-7-8-9-10-11-12-13-14-15-16-17-18-19-20-21-22-23-24 15 mean_lanes -7.958455376480718e-05 0.02256757353871651 -283.56725609606974
config.CONGESTION_TYPE, slugifiedstring, i, key, value[2], value[0], value[1] : RECURRENT recurrent-newyorkcity-100-1-2-3-4-5-6-7-8-9-10-11-12-13-14-15-16-17-18-19-20-21-22-23-24 16 global_betweenness -0.00010085434646624997 0.029011940163000398 -287.6617734339193
SHAP Values for each feature:
Slug                           Feature Name         Mean Abs SHAP Value
SHAP-- recurrent-newyorkcity-100-1-2-3-4-5-6-7-8-9-10-11-12-13-14-15-16-17-18-19-20-21-22-23-24 betweenness                   0.0262
SHAP-- recurrent-newyorkcity-100-1-2-3-4-5-6-7-8-9-10-11-12-13-14-15-16-17-18-19-20-21-22-23-24 streets_per_node_count_5          0.0186
SHAP-- recurrent-newyorkcity-100-1-2-3-4-5-6-7-8-9-10-11-12-13-14-15-16-17-18-19-20-21-22-23-24 k_avg                         0.0212
SHAP-- recurrent-newyorkcity-100-1-2-3-4-5-6-7-8-9-10-11-12-13-14-15-16-17-18-19-20-21-22-23-24 streets_per_node_avg          0.0413
SHAP-- recurrent-newyorkcity-100-1-2-3-4-5-6-7-8-9-10-11-12-13-14-15-16-17-18-19-20-21-22-23-24 m                             0.0147
SHAP-- recurrent-newyorkcity-100-1-2-3-4-5-6-7-8-9-10-11-12-13-14-15-16-17-18-19-20-21-22-23-24 total_crossings               0.1470
SHAP-- recurrent-newyorkcity-100-1-2-3-4-5-6-7-8-9-10-11-12-13-14-15-16-17-18-19-20-21-22-23-24 circuity_avg                  0.0041
SHAP-- recurrent-newyorkcity-100-1-2-3-4-5-6-7-8-9-10-11-12-13-14-15-16-17-18-19-20-21-22-23-24 streets_per_node_count_1          0.0000
SHAP-- recurrent-newyorkcity-100-1-2-3-4-5-6-7-8-9-10-11-12-13-14-15-16-17-18-19-20-21-22-23-24 streets_per_node_count_3          0.0469
SHAP-- recurrent-newyorkcity-100-1-2-3-4-5-6-7-8-9-10-11-12-13-14-15-16-17-18-19-20-21-22-23-24 streets_per_node_count_4          0.0000
SHAP-- recurrent-newyorkcity-100-1-2-3-4-5-6-7-8-9-10-11-12-13-14-15-16-17-18-19-20-21-22-23-24 streets_per_node_count_6          0.0552
SHAP-- recurrent-newyorkcity-100-1-2-3-4-5-6-7-8-9-10-11-12-13-14-15-16-17-18-19-20-21-22-23-24 metered_count                 0.1506
SHAP-- recurrent-newyorkcity-100-1-2-3-4-5-6-7-8-9-10-11-12-13-14-15-16-17-18-19-20-21-22-23-24 non_metered_count             0.0887
SHAP-- recurrent-newyorkcity-100-1-2-3-4-5-6-7-8-9-10-11-12-13-14-15-16-17-18-19-20-21-22-23-24 n                             0.0103
SHAP-- recurrent-newyorkcity-100-1-2-3-4-5-6-7-8-9-10-11-12-13-14-15-16-17-18-19-20-21-22-23-24 streets_per_node_count_2          0.0122
SHAP-- recurrent-newyorkcity-100-1-2-3-4-5-6-7-8-9-10-11-12-13-14-15-16-17-18-19-20-21-22-23-24 mean_lanes                    0.0113
SHAP-- recurrent-newyorkcity-100-1-2-3-4-5-6-7-8-9-10-11-12-13-14-15-16-17-18-19-20-21-22-23-24 global_betweenness            0.0128
RECURRENT NewYorkCity 100 LR 0.3702028554153202 XpVar
RECURRENT NewYorkCity 100 RF 0.4607171545459709 XpVar
RECURRENT NewYorkCity 100 GBM 0.4211602641082373 XpVar
RECURRENT NewYorkCity 100 LLR 0.0 XpVar
RECURRENT NewYorkCity 100 RLR 0.37020655938356967 XpVar
RECURRENT NewYorkCity 100 LR 0.3424630880948902 MSE
RECURRENT NewYorkCity 100 RF 0.2931856184680483 MSE
RECURRENT NewYorkCity 100 GBM 0.3146843848182724 MSE
RECURRENT NewYorkCity 100 LLR 0.543283490043376 MSE
RECURRENT NewYorkCity 100 RLR 0.3424642248807321 MSE
RECURRENT NewYorkCity 100 LR 0.3691492862568265 R2
RECURRENT NewYorkCity 100 RF 0.459491570429201 R2
RECURRENT NewYorkCity 100 GBM 0.41964716894458615 R2
RECURRENT NewYorkCity 100 LLR -0.001863733529695631 R2
RECURRENT NewYorkCity 100 RLR 0.3691462092235054 R2
t_spatial, t_non_spatial, "seconds" : 2.1457672119140625e-06 2412.7366914749146 seconds

 Complete: python urbanscales/modelling/SHAP_analysis.py

