hour_id,0,1,2,3,4,5,6,7,8,9,10,11,12,13,14,15,16,17,18,19,20,21,22,23,24,25,26,27,28,29,30,31,32,33,34,35,36,37,38,39,40,41,42,43,44,45,46,47,48,49,50,51,52,53,54,55,56,57,58,59,60,61,62,63,64,65,66,67,68,69,70,71,72,73,74,75,76,77,78,79,80,81,82,83,84,85,86,87,88,89,90,91,92,93,94,95,96,97,98,99,100,101,102,103,104,105,106,107,108,109,110,111,112,113,114,115,116,117,118,119,120,121,122,123,124,125,126,127,128,129,130,131,132,133,134,135,136,137,138,139,140,141,142,143,144,145,146,147,148,149,150,151,152,153,154,155,156,157,158,159,160,161,162,163,164,165,166,167,168,169,170,171,172,173,174,175,176,177,178,179,180,181,182,183,184,185,186,187,188,189,190,191,192,193,194,195,196,197,198,199,200,201,202,203,204,205,206,207,208,209,210,211,212,213,214,215,216,217,218,219,220,221,222,223,224,225,226,227,228,229,230,231,232,233,234,235,236,237,238,239,240,241,242,243,244,245,246,247,248,249,250,251,252,253,254,255,256,257,258,259,260,261,262,263,264,265,266,267,268,269,270,271,272,273,274,275,276,277,278,279,280,281,282,283,284,285,286,287,288,289,290,291,292,293,294,295,296,297,298,299,300,301,302,303,304,305,306,307,308,309,310,311,312,313,314,315,316,317,318,319,320,321,322,323,324,325,326,327,328,329,330,331,332,333,334,335,336,337,338,339,340,341,342,343,344,345,346,347,348,349,350,351,352,353,354,355,356,357,358,359,360,361,362,363,364,365,366,367,368,369,370,371,372,373,374,375,376,377,378,379,380,381,382,383,384,385,386,387,388,389,390,391,392,393,394,395,396,397,398,399,400,401,402,403,404,405,406,407,408,409,410,411,412,413,414,415,416,417,418,419,420,421,422,423,424,425,426,427,428,429,430,431,432,433,434,435,436,437,438,439,440,441,442,443,444,445,446,447,448,449,450,451,452,453,454,455,456,457,458,459,460,461,462,463,464,465,466,467,468,469,470,471,472,473,474,475,476,477,478,479,480,481,482,483,484,485,486,487,488,489,490,491,492,493,494,495,496,497,498,499,500,501,502,503,504,505,506,507,508,509,510,511,512,513,514,515,516,517,518,519,520,521,522,523,524,525,526,527,528,529,530,531,532,533,534,535,536,537,538,539,540,541,542,543,544,545,546,547,548,549,550,551,552,553,554,555,556,557,558,559,560,561,562,563,564,565,566,567,568,569,570,571,572,573,574,575,576,577,578,579,580,581,582,583,584,585,586,587,588,589,590,591,592,593,594,595,596,597,598,599,600,601,602,603,604,605,606,607,608,609,610,611,612,613,614,615,616,617,618,619,620,621,622,623,624,625,626,627,628,629,630,631,632,633,634,635,636,637,638,639,640,641,642,643,644,645,646,647,648,649,650,651,652,653,654,655,656,657,658,659,660,661,662,663,664,665,666,667,668,669,670,671,672,673,674,675,676,677,678,679,680,681,682,683,684,685,686,687,688,689,690,691,692,693,694,695,696,697,698,699,700,701,702,703,704,705,706,707,708,709,710,711,712,713,714,715,716,717,718,719,720,721,722,723,724,725,726,727,728,729,730,731,732,733,734,735,736,737,738,739,740,741,742,743,744,745,746,747,748,749,750,751,752,753,754,755,756,757,758,759,760,761,762,763,764,765,766,767,768,769,770,771,772,773,774,775,776,777,778,779,780,781,782,783,784,785,786,787,788,789,790,791,792,793,794,795,796,797,798,799,800,801,802,803,804,805,806,807,808,809,810,811,812,813,814,815,816,817,818,819,820,821,822,823,824,825,826,827,828,829,830,831,832,833,834,835,836,837,838,839,840,841,842,843,844,845,846,847,848,849,850,851,852,853,854,855,856,857,858,859,860,861,862,863,864,865,866,867,868,869,870,871,872,873,874,875,876,877,878,879,880,881,882,883,884,885,886,887,888,889,890,891,892,893,894,895,896,897,898,899,900,901,902,903,904,905,906,907,908,909,910,911,912,913,914,915,916,917,918,919,920,921,922,923,924,925,926,927,928,929,930,931,932,933,934,935,936,937,938,939,940,941,942,943,944,945,946,947,948,949,950,951,952,953,954,955,956,957,958,959,960,961,962,963,964,965,966,967,968,969,970,971,972,973,974,975,976,977,978,979,980,981,982,983,984,985,986,987,988,989,990,991,992,993,994,995,996,997,998,999,1000,1001,1002,1003,1004,1005,1006,1007,1008,1009,1010,1011,1012,1013,1014,1015,1016,1017,1018,1019,1020,1021,1022,1023,1024,1025,1026,1027,1028,1029,1030,1031,1032,1033,1034,1035,1036,1037,1038,1039,1040,1041,1042,1043,1044,1045,1046,1047,1048,1049,1050,1051,1052,1053,1054,1055,1056,1057,1058,1059,1060,1061,1062,1063,1064,1065,1066,1067,1068,1069,1070,1071,1072,1073,1074,1075,1076,1077,1078,1079,1080,1081,1082,1083,1084,1085,1086,1087,1088,1089,1090,1091,1092,1093,1094,1095,1096,1097,1098,1099,1100,1101,1102,1103,1104,1105,1106,1107,1108,1109,1110,1111,1112,1113,1114,1115,1116,1117,1118,1119,1120,1121,1122,1123,1124,1125,1126,1127,1128,1129,1130,1131,1132,1133,1134,1135,1136,1137,1138,1139,1140,1141,1142,1143,1144,1145,1146,1147,1148,1149,1150,1151,1152,1153,1154,1155,1156,1157,1158,1159,1160,1161,1162,1163,1164,1165,1166,1167,1168,1169,1170,1171,1172,1173,1174,1175,1176,1177,1178,1179,1180,1181,1182,1183,1184,1185,1186,1187,1188,1189,1190,1191,1192,1193,1194,1195,1196,1197,1198,1199,1200,1201,1202,1203,1204,1205,1206,1207,1208,1209,1210,1211,1212,1213,1214,1215,1216,1217,1218,1219,1220,1221,1222,1223,1224,1225,1226,1227,1228,1229,1230,1231,1232,1233,1234,1235,1236,1237,1238,1239,1240,1241,1242,1243,1244,1245,1246,1247,1248,1249,1250,1251,1252,1253,1254,1255,1256,1257,1258,1259,1260,1261,1262,1263,1264,1265,1266,1267,1268,1269,1270,1271,1272,1273,1274,1275,1276,1277,1278,1279,1280,1281,1282,1283,1284,1285,1286,1287,1288,1289,1290,1291,1292,1293,1294,1295,1296,1297,1298,1299,1300,1301,1302,1303,1304,1305,1306,1307,1308,1309,1310,1311,1312,1313,1314,1315,1316,1317,1318,1319,1320,1321,1322,1323,1324,1325,1326,1327,1328,1329,1330,1331,1332,1333,1334,1335,1336,1337,1338,1339,1340,1341,1342,1343,1344,1345,1346,1347,1348,1349,1350,1351,1352,1353,1354,1355,1356,1357,1358,1359,1360,1361,1362,1363,1364,1365,1366,1367,1368,1369,1370,1371,1372,1373,1374,1375,1376,1377,1378,1379,1380,1381,1382,1383,1384,1385,1386,1387,1388,1389,1390,1391,1392,1393,1394,1395,1396,1397,1398,1399,1400,1401,1402,1403,1404,1405,1406,1407,1408,1409,1410,1411,1412,1413,1414,1415,1416,1417,1418,1419,1420,1421,1422,1423,1424,1425,1426,1427,1428,1429,1430,1431,1432,1433,1434,1435,1436,1437,1438,1439,1440,1441,1442,1443,1444,1445,1446,1447,1448,1449,1450,1451,1452,1453,1454,1455,1456,1457,1458,1459,1460,1461,1462,1463,1464,1465,1466,1467,1468,1469,1470,1471,1472,1473,1474,1475,1476,1477,1478,1479,1480,1481,1482,1483,1484,1485,1486,1487,1488,1489,1490,1491,1492,1493,1494,1495,1496,1497,1498,1499,1500,1501,1502,1503,1504,1505,1506,1507,1508,1509,1510,1511,1512,1513,1514,1515,1516,1517,1518,1519,1520,1521,1522,1523,1524,1525,1526,1527,1528,1529,1530,1531,1532,1533,1534,1535,1536,1537,1538,1539,1540,1541,1542,1543,1544,1545,1546,1547,1548,1549,1550,1551,1552,1553,1554,1555,1556,1557,1558,1559,1560,1561,1562,1563,1564,1565,1566,1567,1568,1569,1570,1571,1572,1573,1574,1575,1576,1577,1578,1579,1580,1581,1582,1583,1584,1585,1586,1587,1588,1589,1590,1591,1592,1593,1594,1595,1596,1597,1598,1599,1600
18,2700,3600,1800,900,900.0,900.0,825.0,1800.0,900.0,1800.0,855.0,855.0,915.0,930.0,2700.0,795.0,900.0,1800.0,900.0,900.0,900.0,1800.0,975.0,840.0,900.0,900.0,900.0,900.0,915.0,900.0,900.0,885.0,900.0,781.0,1800.0,900.0,900.0,900.0,900.0,957.0,900.0,900.0,900.0,1800.0,870.0,765.0,885.0,900.0,1800.0,885.0,900.0,900.0,750.0,900.0,900.0,900.0,990.0,1800.0,900.0,900.0,900.0,900.0,900.0,870.0,900.0,2700.0,900.0,1800.0,4500.0,900.0,900.0,900.0,900.0,900.0,900.0,900.0,900.0,1800.0,1800.0,1800.0,1800.0,900.0,810.0,1875.0,3600.0,1800.0,900.0,900.0,945.0,900.0,900.0,900.0,900.0,900.0,900.0,900.0,1800.0,900.0,900.0,2700.0,900.0,2700.0,900.0,900.0,810.0,2700.0,900.0,900.0,900.0,900.0,765.0,900.0,900.0,1800.0,900.0,900.0,900.0,900.0,1800.0,900.0,900.0,900.0,900.0,885.0,900.0,900.0,900.0,2700.0,900.0,900.0,911.0,900.0,840.0,1800.0,900.0,2700.0,900.0,900.0,900.0,1108.0,900.0,900.0,900.0,900.0,900.0,900.0,900.0,900.0,900.0,900.0,825.0,2700.0,900.0,900.0,900.0,900.0,900.0,1378.0,900.0,1800.0,900.0,1487.0,900.0,1800.0,900.0,900.0,900.0,915.0,1800.0,900.0,900.0,870.0,1800.0,900.0,840.0,1125.0,900.0,900.0,900.0,900.0,870.0,900.0,825.0,900.0,2700.0,881.0,900.0,900.0,900.0,900.0,900.0,900.0,900.0,900.0,900.0,900.0,878.0,900.0,900.0,1800.0,900.0,900.0,810.0,900.0,900.0,1147.0,900.0,2700.0,900.0,1800.0,900.0,810.0,900.0,900.0,900.0,880.0,900.0,885.0,1800.0,900.0,1800.0,900.0,2700.0,900.0,900.0,900.0,900.0,900.0,3600.0,900.0,900.0,900.0,900.0,900.0,900.0,900.0,900.0,900.0,900.0,1785.0,900.0,900.0,900.0,1800.0,900.0,1800.0,1422.0,900.0,1800.0,2160.0,900.0,900.0,900.0,900.0,2700.0,1800.0,900.0,900.0,825.0,1800.0,1800.0,1800.0,1800.0,900.0,3600.0,870.0,900.0,900.0,900.0,900.0,885.0,1271.0,900.0,900.0,2700.0,900.0,900.0,840.0,900.0,900.0,900.0,900.0,900.0,900.0,900.0,900.0,900.0,900.0,900.0,900.0,900.0,900.0,900.0,900.0,900.0,900.0,900.0,3600.0,900.0,2700.0,900.0,900.0,2700.0,900.0,2700.0,900.0,900.0,5400.0,900.0,900.0,900.0,1335.0,975.0,1800.0,900.0,900.0,900.0,1800.0,900.0,900.0,900.0,900.0,855.0,810.0,900.0,1800.0,921.0,1170.0,900.0,900.0,1395.0,900.0,900.0,900.0,1800.0,900.0,900.0,900.0,900.0,900.0,900.0,900.0,1260.0,926.0,900.0,900.0,900.0,1800.0,900.0,1800.0,900.0,900.0,900.0,900.0,900.0,900.0,900.0,1800.0,900.0,1230.0,900.0,1800.0,900.0,900.0,900.0,1800.0,1800.0,900.0,900.0,840.0,975.0,900.0,1800.0,883.0,1800.0,900.0,1800.0,900.0,2700.0,900.0,900.0,930.0,900.0,900.0,900.0,900.0,825.0,2700.0,941.0,900.0,900.0,900.0,900.0,900.0,900.0,900.0,900.0,900.0,1800.0,810.0,900.0,900.0,900.0,900.0,900.0,900.0,1020.0,900.0,900.0,900.0,900.0,1800.0,900.0,1800.0,615.0,615.0,900.0,1800.0,1335.0,645.0,900.0,900.0,1410.0,900.0,1800.0,1800.0,840.0,825.0,3600.0,900.0,780.0,900.0,900.0,900.0,900.0,660.0,2700.0,900.0,2700.0,3600.0,900.0,915.0,900.0,900.0,1800.0,900.0,900.0,1800.0,1800.0,1800.0,945.0,900.0,855.0,2700.0,900.0,1800.0,900.0,900.0,900.0,1800.0,1800.0,870.0,1800.0,900.0,1800.0,1800.0,1800.0,900.0,900.0,900.0,900.0,900.0,900.0,900.0,900.0,1800.0,1800.0,946.0,900.0,900.0,900.0,870.0,900.0,900.0,1800.0,900.0,900.0,900.0,2700.0,875.0,900.0,1800.0,900.0,825.0,900.0,900.0,900.0,900.0,1650.0,900.0,855.0,900.0,1800.0,1005.0,1800.0,900.0,900.0,900.0,900.0,900.0,900.0,1800.0,2700.0,960.0,900.0,900.0,900.0,900.0,900.0,1800.0,900.0,960.0,855.0,900.0,900.0,900.0,900.0,900.0,2700.0,1800.0,900.0,900.0,900.0,900.0,900.0,900.0,900.0,1800.0,900.0,891.0,1800.0,1800.0,900.0,900.0,900.0,900.0,1800.0,866.0,2700.0,900.0,900.0,900.0,900.0,915.0,900.0,900.0,5400.0,990.0,795.0,900.0,900.0,900.0,1800.0,1800.0,900.0,900.0,855.0,900.0,900.0,1800.0,900.0,1800.0,900.0,900.0,900.0,900.0,900.0,900.0,795.0,750.0,900.0,1800.0,1800.0,1800.0,1800.0,930.0,900.0,900.0,1110.0,900.0,915.0,900.0,1288.0,900.0,1065.0,1800.0,1800.0,1800.0,900.0,900.0,900.0,1560.0,900.0,900.0,900.0,885.0,840.0,900.0,900.0,915.0,2700.0,909.0,900.0,900.0,900.0,840.0,900.0,900.0,900.0,1800.0,1800.0,900.0,2700.0,900.0,870.0,1800.0,930.0,1800.0,900.0,900.0,870.0,900.0,900.0,1215.0,885.0,900.0,900.0,900.0,900.0,900.0,900.0,1050.0,900.0,900.0,900.0,780.0,900.0,900.0,870.0,900.0,2700.0,900.0,900.0,1800.0,900.0,900.0,900.0,825.0,1800.0,2110.0,900.0,900.0,900.0,900.0,900.0,900.0,900.0,900.0,870.0,900.0,1800.0,1800.0,1800.0,870.0,900.0,900.0,900.0,900.0,1800.0,900.0,825.0,900.0,900.0,900.0,900.0,900.0,1057.0,900.0,900.0,900.0,900.0,900.0,900.0,1800.0,900.0,900.0,900.0,900.0,2700.0,900.0,900.0,900.0,810.0,900.0,900.0,1080.0,900.0,900.0,900.0,1215.0,1050.0,900.0,900.0,891.0,802.0,1800.0,900.0,922.0,2700.0,915.0,900.0,900.0,900.0,2700.0,1095.0,780.0,1110.0,900.0,900.0,1245.0,900.0,900.0,900.0,900.0,1215.0,900.0,900.0,900.0,900.0,900.0,900.0,900.0,900.0,1800.0,900.0,900.0,900.0,1170.0,900.0,900.0,900.0,900.0,900.0,900.0,900.0,1440.0,900.0,900.0,870.0,1800.0,900.0,840.0,1800.0,1800.0,900.0,810.0,900.0,900.0,900.0,825.0,900.0,900.0,1800.0,900.0,1725.0,900.0,1800.0,810.0,2700.0,900.0,1800.0,900.0,990.0,900.0,900.0,900.0,900.0,900.0,1800.0,900.0,900.0,900.0,900.0,825.0,900.0,900.0,1800.0,1005.0,1800.0,900.0,900.0,900.0,705.0,900.0,900.0,900.0,900.0,840.0,900.0,900.0,900.0,1800.0,900.0,900.0,900.0,900.0,900.0,900.0,1800.0,900.0,900.0,900.0,900.0,900.0,900.0,900.0,900.0,765.0,900.0,900.0,1800.0,900.0,900.0,1050.0,900.0,900.0,870.0,1800.0,1800.0,720.0,900.0,1650.0,735.0,855.0,1800.0,900.0,900.0,900.0,900.0,945.0,900.0,900.0,900.0,2700.0,1800.0,900.0,900.0,900.0,900.0,900.0,900.0,900.0,900.0,1800.0,1800.0,900.0,900.0,900.0,900.0,1800.0,900.0,1800.0,900.0,900.0,900.0,900.0,900.0,900.0,1800.0,900.0,900.0,900.0,855.0,900.0,1800.0,900.0,2700.0,1800.0,900.0,900.0,900.0,900.0,870.0,900.0,900.0,900.0,900.0,900.0,1800.0,1110.0,885.0,900.0,900.0,855.0,975.0,900.0,900.0,1800.0,900.0,900.0,900.0,963.0,1800.0,1005.0,3600.0,900.0,1800.0,900.0,900.0,900.0,900.0,900.0,900.0,2700.0,900.0,900.0,900.0,1800.0,900.0,900.0,900.0,900.0,2700.0,900.0,900.0,900.0,900.0,900.0,900.0,900.0,900.0,900.0,915.0,930.0,825.0,900.0,1800.0,900.0,900.0,600.0,900.0,900.0,900.0,1185.0,2700.0,900.0,900.0,900.0,900.0,945.0,900.0,900.0,1800.0,900.0,900.0,1800.0,840.0,810.0,900.0,900.0,900.0,900.0,930.0,2700.0,810.0,900.0,2700.0,825.0,1800.0,915.0,795.0,900.0,1800.0,900.0,870.0,900.0,900.0,900.0,990.0,900.0,840.0,1095.0,1800.0,900.0,900.0,900.0,900.0,825.0,885.0,900.0,900.0,1096.0,1800.0,2700.0,1020.0,900.0,900.0,900.0,900.0,1800.0,1800.0,1800.0,900.0,900.0,900.0,900.0,900.0,900.0,900.0,916.0,900.0,1800.0,2700.0,900.0,900.0,900.0,975.0,900.0,900.0,1800.0,900.0,900.0,900.0,2700.0,1800.0,900.0,2700.0,900.0,900.0,900.0,900.0,900.0,900.0,900.0,900.0,1800.0,900.0,1800.0,900.0,900.0,900.0,900.0,2700.0,900.0,900.0,825.0,900.0,1043.0,825.0,900.0,780.0,900.0,900.0,900.0,900.0,900.0,840.0,1800.0,900.0,900.0,900.0,900.0,1800.0,2700.0,900.0,900.0,1800.0,1800.0,1800.0,855.0,900.0,1800.0,900.0,1800.0,870.0,1800.0,1800.0,900.0,2700.0,1800.0,2700.0,900.0,1800.0,1800.0,848.0,900.0,2700.0,1029.0,900.0,900.0,1800.0,900.0,900.0,1050.0,900.0,900.0,900.0,2700.0,1800.0,900.0,2700.0,1800.0,1800.0,900.0,1800.0,900.0,900.0,1800.0,900.0,1800.0,900.0,1800.0,900.0,1800.0,900.0,705.0,900.0,900.0,900.0,2700.0,900.0,900.0,900.0,900.0,840.0,900.0,900.0,2700.0,900.0,900.0,900.0,900.0,971.0,900.0,840.0,900.0,900.0,900.0,900.0,900.0,1306.0,1136.0,735.0,900.0,900.0,900.0,900.0,1800.0,3600.0,900.0,1800.0,900.0,1800.0,900.0,1800.0,915.0,885.0,900.0,2700.0,1800.0,930.0,900.0,900.0,967.0,900.0,870.0,900.0,2325.0,900.0,1078.0,900.0,615.0,1800.0,900.0,1200.0,900.0,3600.0,900.0,900.0,900.0,900.0,900.0,900.0,900.0,900.0,900.0,2700.0,900.0,900.0,3600.0,1020.0,1800.0,5400.0,900.0,2700.0,2700.0,900.0,1005.0,1800.0,1020.0,795.0,900.0,1800.0,900.0,900.0,900.0,900.0,900.0,2700.0,900.0,840.0,900.0,1005.0,900.0,900.0,1029.0,4500.0,1800.0,2700.0,900.0,900.0,900.0,900.0,900.0,900.0,900.0,2700.0,900.0,900.0,1095.0,900.0,900.0,900.0,1231.0,1800.0,1800.0,900.0,3600.0,900.0,840.0,960.0,915.0,870.0,900.0,900.0,1800.0,900.0,2700.0,900.0,900.0,825.0,900.0,1800.0,855.0,1800.0,900.0,900.0,930.0,1080.0,3600.0,795.0,900.0,900.0,900.0,900.0,963.0,900.0,1800.0,1800.0,900.0,900.0,2700.0,900.0,4500.0,2700.0,900.0,900.0,1800.0,2700.0,900.0,900.0,930.0,900.0,900.0,900.0,840.0,900.0,900.0,900.0,1800.0,900.0,900.0,2700.0,900.0,900.0,900.0,1800.0,976.0,900.0,900.0,1800.0,900.0,900.0,900.0,900.0,900.0,840.0,900.0,900.0,900.0,1800.0,900.0,900.0,900.0,900.0,900.0,1800.0,900.0,900.0,900.0,2700.0,900.0,967.0,765.0,900.0,1800.0,900.0,900.0,900.0,1800.0,900.0,900.0,1800.0,1800.0,900.0,1800.0,900.0,900.0,900.0,900.0,900.0,900.0,900.0,3600.0,885.0,900.0,885.0,1800.0,900.0,900.0,630.0,900.0,1800.0,900.0,1800.0,1065.0,915.0,900.0,900.0,900.0,900.0,885.0,870.0,900.0,900.0,2700.0,900.0,900.0,750.0,900.0,2700.0,900.0,1800.0,2700.0,831.0,900.0,1005.0,900.0,900.0,1800.0,1800.0,900.0,900.0,1125.0,900.0,900.0,900.0,900.0,900.0,1800.0,900.0,1800.0,2700.0,900.0,900.0,2700.0,1800.0,900.0,1005.0,2700.0,900.0,2700.0,1800.0,900.0,1800.0,905.0,1800.0,900.0,900.0,900.0,960.0,900.0,1800.0,900.0,900.0,900.0,1800.0,900.0,2700.0,1800.0,900.0,900.0,900.0,1215.0,900.0,900.0,900.0,1515.0,780.0,2700.0,900.0,900.0,900.0,1110.0,3600.0,900.0,900.0,825.0,900.0,900.0,945.0,915.0,1800.0,1140.0,1800.0,900.0,4500.0,825.0,2700.0,900.0,840.0,855.0,2700.0,1800.0,885.0,1800.0,900.0,1230.0,900.0,990.0,900.0,4500.0,900.0,3600.0,900.0,1800.0,1800.0,900.0,900.0,1316.0,900.0,2700.0,1800.0,900.0,1800.0,900.0,900.0,840.0,900.0,4500.0,900.0,900.0,900.0,915.0,1800.0,900.0,900.0,1800.0,1800.0,900.0,900.0,1185.0,900.0,900.0,900.0,900.0,900.0,900.0,1800.0,2700.0,900.0,1170.0,1800.0,900.0,1470.0,900.0,840.0,900.0,2700.0,900.0,900.0,900.0,900.0,840.0,900.0,900.0,900.0,900.0,900.0,900.0,1800.0,1800.0,2700.0,3600.0,1800.0,900.0,6300.0,825.0,900.0,900.0,3600.0,1800.0,2700.0,900.0,900.0,900.0,900.0,900.0,900.0,900.0,900.0,900.0,720.0,900.0,3600.0,1800.0,900.0,900.0,900.0,1800.0,2700.0,900.0,900.0,900.0,900.0,900.0,900.0,900.0,900.0,900.0,1065.0,645.0,825.0,1125.0,900.0,795.0,1035.0,900.0,2700.0,900.0,900.0,900.0,795.0,1800.0,872.0,750.0,900.0,900.0,900.0,1800.0,2700.0,836.0,900.0,900.0,900.0,840.0,840.0,900.0,900.0,900.0,900.0
19,900,900,880,900,795.0,960.0,900.0,900.0,900.0,900.0,1800.0,900.0,900.0,900.0,900.0,900.0,1800.0,795.0,874.0,840.0,885.0,1800.0,1800.0,780.0,900.0,900.0,825.0,900.0,900.0,900.0,900.0,900.0,928.0,900.0,900.0,900.0,900.0,900.0,1800.0,641.0,900.0,900.0,900.0,900.0,900.0,900.0,900.0,900.0,810.0,1800.0,900.0,900.0,900.0,900.0,1800.0,900.0,900.0,900.0,2700.0,851.0,810.0,900.0,870.0,900.0,900.0,900.0,1800.0,870.0,915.0,885.0,1800.0,855.0,825.0,900.0,870.0,900.0,945.0,810.0,1500.0,2700.0,900.0,900.0,900.0,900.0,900.0,900.0,900.0,900.0,900.0,1050.0,900.0,900.0,1128.0,900.0,1020.0,900.0,900.0,900.0,1186.0,900.0,900.0,900.0,2700.0,900.0,900.0,1800.0,900.0,900.0,1800.0,900.0,900.0,1800.0,765.0,795.0,900.0,900.0,900.0,900.0,2700.0,765.0,1800.0,810.0,900.0,900.0,900.0,1136.0,1800.0,1800.0,900.0,900.0,900.0,900.0,900.0,900.0,900.0,900.0,900.0,900.0,900.0,900.0,900.0,1800.0,900.0,900.0,1800.0,1800.0,900.0,878.0,810.0,780.0,1035.0,825.0,900.0,900.0,870.0,900.0,900.0,780.0,900.0,900.0,900.0,900.0,900.0,855.0,900.0,1800.0,1800.0,900.0,1125.0,900.0,900.0,900.0,900.0,900.0,840.0,1800.0,900.0,1800.0,825.0,840.0,900.0,900.0,900.0,900.0,900.0,900.0,900.0,900.0,930.0,900.0,863.0,900.0,900.0,900.0,900.0,1800.0,900.0,900.0,900.0,1800.0,900.0,900.0,900.0,900.0,900.0,900.0,900.0,900.0,900.0,900.0,1800.0,900.0,916.0,900.0,915.0,900.0,900.0,900.0,900.0,900.0,690.0,811.0,886.0,931.0,1216.0,1006.0,900.0,705.0,735.0,900.0,900.0,900.0,1800.0,1800.0,825.0,1800.0,900.0,900.0,900.0,900.0,900.0,900.0,900.0,900.0,1800.0,900.0,900.0,900.0,900.0,900.0,900.0,900.0,900.0,900.0,900.0,900.0,900.0,900.0,900.0,900.0,900.0,900.0,900.0,930.0,900.0,900.0,900.0,900.0,900.0,1800.0,900.0,900.0,900.0,840.0,900.0,900.0,1800.0,1800.0,900.0,900.0,900.0,1800.0,900.0,900.0,900.0,900.0,900.0,1049.0,900.0,900.0,900.0,900.0,900.0,1800.0,900.0,900.0,855.0,1018.0,900.0,900.0,900.0,900.0,780.0,900.0,900.0,900.0,855.0,900.0,900.0,900.0,900.0,1800.0,900.0,900.0,900.0,900.0,900.0,795.0,900.0,1800.0,900.0,1800.0,900.0,900.0,781.0,900.0,1800.0,900.0,900.0,900.0,900.0,900.0,1800.0,840.0,900.0,900.0,1800.0,900.0,900.0,2700.0,900.0,900.0,1216.0,736.0,900.0,900.0,905.0,900.0,900.0,900.0,1800.0,900.0,900.0,900.0,2700.0,900.0,900.0,900.0,900.0,900.0,900.0,900.0,966.0,900.0,900.0,900.0,900.0,900.0,1800.0,937.0,900.0,900.0,885.0,840.0,900.0,900.0,1800.0,930.0,795.0,900.0,900.0,900.0,900.0,900.0,900.0,900.0,900.0,900.0,900.0,900.0,900.0,900.0,2655.0,900.0,900.0,1440.0,2700.0,900.0,900.0,900.0,1800.0,900.0,900.0,900.0,900.0,900.0,900.0,900.0,885.0,900.0,900.0,870.0,900.0,1800.0,1800.0,900.0,900.0,900.0,900.0,900.0,900.0,3600.0,2700.0,2700.0,1800.0,900.0,2700.0,900.0,900.0,900.0,900.0,810.0,1800.0,900.0,1800.0,900.0,916.0,1800.0,900.0,900.0,900.0,1367.0,900.0,900.0,900.0,900.0,900.0,900.0,900.0,900.0,1800.0,900.0,900.0,900.0,900.0,825.0,900.0,2700.0,856.0,900.0,900.0,707.0,886.0,900.0,1336.0,900.0,900.0,900.0,900.0,900.0,900.0,952.0,1173.0,900.0,902.0,1800.0,900.0,900.0,900.0,900.0,1290.0,2700.0,900.0,900.0,900.0,900.0,900.0,900.0,1800.0,900.0,900.0,750.0,900.0,900.0,900.0,1800.0,1733.0,900.0,900.0,1021.0,900.0,901.0,900.0,900.0,983.0,900.0,1058.0,900.0,900.0,900.0,1800.0,900.0,1800.0,900.0,900.0,900.0,871.0,900.0,900.0,900.0,900.0,900.0,900.0,825.0,900.0,1800.0,900.0,2700.0,1264.0,900.0,900.0,900.0,900.0,1800.0,900.0,826.0,900.0,900.0,1800.0,900.0,2700.0,900.0,739.0,2700.0,900.0,900.0,900.0,900.0,900.0,,,,,,,,,,,,,,,,,,,,,,,,,,,,,,,,,,,,,,,,,,,,,,,,,,,,,,,,,,,,,,,,,,,,,,,,,,,,,,,,,,,,,,,,,,,,,,,,,,,,,,,,,,,,,,,,,,,,,,,,,,,,,,,,,,,,,,,,,,,,,,,,,,,,,,,,,,,,,,,,,,,,,,,,,,,,,,,,,,,,,,,,,,,,,,,,,,,,,,,,,,,,,,,,,,,,,,,,,,,,,,,,,,,,,,,,,,,,,,,,,,,,,,,,,,,,,,,,,,,,,,,,,,,,,,,,,,,,,,,,,,,,,,,,,,,,,,,,,,,,,,,,,,,,,,,,,,,,,,,,,,,,,,,,,,,,,,,,,,,,,,,,,,,,,,,,,,,,,,,,,,,,,,,,,,,,,,,,,,,,,,,,,,,,,,,,,,,,,,,,,,,,,,,,,,,,,,,,,,,,,,,,,,,,,,,,,,,,,,,,,,,,,,,,,,,,,,,,,,,,,,,,,,,,,,,,,,,,,,,,,,,,,,,,,,,,,,,,,,,,,,,,,,,,,,,,,,,,,,,,,,,,,,,,,,,,,,,,,,,,,,,,,,,,,,,,,,,,,,,,,,,,,,,,,,,,,,,,,,,,,,,,,,,,,,,,,,,,,,,,,,,,,,,,,,,,,,,,,,,,,,,,,,,,,,,,,,,,,,,,,,,,,,,,,,,,,,,,,,,,,,,,,,,,,,,,,,,,,,,,,,,,,,,,,,,,,,,,,,,,,,,,,,,,,,,,,,,,,,,,,,,,,,,,,,,,,,,,,,,,,,,,,,,,,,,,,,,,,,,,,,,,,,,,,,,,,,,,,,,,,,,,,,,,,,,,,,,,,,,,,,,,,,,,,,,,,,,,,,,,,,,,,,,,,,,,,,,,,,,,,,,,,,,,,,,,,,,,,,,,,,,,,,,,,,,,,,,,,,,,,,,,,,,,,,,,,,,,,,,,,,,,,,,,,,,,,,,,,,,,,,,,,,,,,,,,,,,,,,,,,,,,,,,,,,,,,,,,,,,,,,,,,,,,,,,,,,,,,,,,,,,,,,,,,,,,,,,,,,,,,,,,,,,,,,,,,,,,,,,,,,,,,,,,,,,,,,,,,,,,,,,,,,,,,,,,
20,900,795,900,886,826.0,900.0,900.0,900.0,900.0,900.0,900.0,900.0,900.0,826.0,900.0,676.0,871.0,955.0,900.0,900.0,900.0,765.0,810.0,900.0,885.0,736.0,721.0,1051.0,1020.0,645.0,1381.0,1636.0,1245.0,900.0,900.0,900.0,900.0,900.0,900.0,900.0,840.0,1800.0,900.0,900.0,900.0,1800.0,855.0,900.0,856.0,900.0,1261.0,841.0,1126.0,1014.0,954.0,900.0,900.0,871.0,976.0,900.0,969.0,1239.0,766.0,900.0,900.0,900.0,937.0,900.0,1800.0,900.0,871.0,900.0,900.0,900.0,815.0,900.0,900.0,900.0,872.0,900.0,900.0,900.0,900.0,900.0,900.0,1800.0,900.0,782.0,856.0,879.0,794.0,,,,,,,,,,,,,,,,,,,,,,,,,,,,,,,,,,,,,,,,,,,,,,,,,,,,,,,,,,,,,,,,,,,,,,,,,,,,,,,,,,,,,,,,,,,,,,,,,,,,,,,,,,,,,,,,,,,,,,,,,,,,,,,,,,,,,,,,,,,,,,,,,,,,,,,,,,,,,,,,,,,,,,,,,,,,,,,,,,,,,,,,,,,,,,,,,,,,,,,,,,,,,,,,,,,,,,,,,,,,,,,,,,,,,,,,,,,,,,,,,,,,,,,,,,,,,,,,,,,,,,,,,,,,,,,,,,,,,,,,,,,,,,,,,,,,,,,,,,,,,,,,,,,,,,,,,,,,,,,,,,,,,,,,,,,,,,,,,,,,,,,,,,,,,,,,,,,,,,,,,,,,,,,,,,,,,,,,,,,,,,,,,,,,,,,,,,,,,,,,,,,,,,,,,,,,,,,,,,,,,,,,,,,,,,,,,,,,,,,,,,,,,,,,,,,,,,,,,,,,,,,,,,,,,,,,,,,,,,,,,,,,,,,,,,,,,,,,,,,,,,,,,,,,,,,,,,,,,,,,,,,,,,,,,,,,,,,,,,,,,,,,,,,,,,,,,,,,,,,,,,,,,,,,,,,,,,,,,,,,,,,,,,,,,,,,,,,,,,,,,,,,,,,,,,,,,,,,,,,,,,,,,,,,,,,,,,,,,,,,,,,,,,,,,,,,,,,,,,,,,,,,,,,,,,,,,,,,,,,,,,,,,,,,,,,,,,,,,,,,,,,,,,,,,,,,,,,,,,,,,,,,,,,,,,,,,,,,,,,,,,,,,,,,,,,,,,,,,,,,,,,,,,,,,,,,,,,,,,,,,,,,,,,,,,,,,,,,,,,,,,,,,,,,,,,,,,,,,,,,,,,,,,,,,,,,,,,,,,,,,,,,,,,,,,,,,,,,,,,,,,,,,,,,,,,,,,,,,,,,,,,,,,,,,,,,,,,,,,,,,,,,,,,,,,,,,,,,,,,,,,,,,,,,,,,,,,,,,,,,,,,,,,,,,,,,,,,,,,,,,,,,,,,,,,,,,,,,,,,,,,,,,,,,,,,,,,,,,,,,,,,,,,,,,,,,,,,,,,,,,,,,,,,,,,,,,,,,,,,,,,,,,,,,,,,,,,,,,,,,,,,,,,,,,,,,,,,,,,,,,,,,,,,,,,,,,,,,,,,,,,,,,,,,,,,,,,,,,,,,,,,,,,,,,,,,,,,,,,,,,,,,,,,,,,,,,,,,,,,,,,,,,,,,,,,,,,,,,,,,,,,,,,,,,,,,,,,,,,,,,,,,,,,,,,,,,,,,,,,,,,,,,,,,,,,,,,,,,,,,,,,,,,,,,,,,,,,,,,,,,,,,,,,,,,,,,,,,,,,,,,,,,,,,,,,,,,,,,,,,,,,,,,,,,,,,,,,,,,,,,,,,,,,,,,,,,,,,,,,,,,,,,,,,,,,,,,,,,,,,,,,,,,,,,,,,,,,,,,,,,,,,,,,,,,,,,,,,,,,,,,,,,,,,,,,,,,,,,,,,,,,,,,,,,,,,,,,,,,,,,,,,,,,,,,,,,,,,,,,,,,,,,,,,,,,,,,,,,,,,,,,,,,,,,,,,,,,,,,,,,,,,,,,,,,
21,915,870,871,900,900.0,900.0,900.0,976.0,2372.0,900.0,916.0,900.0,930.0,841.0,795.0,825.0,900.0,1171.0,1005.0,900.0,1380.0,900.0,1111.0,1890.0,870.0,900.0,930.0,900.0,1800.0,900.0,900.0,1800.0,705.0,900.0,900.0,931.0,900.0,1800.0,871.0,826.0,1216.0,1126.0,871.0,1276.0,900.0,900.0,900.0,1800.0,922.0,891.0,900.0,,,,,,,,,,,,,,,,,,,,,,,,,,,,,,,,,,,,,,,,,,,,,,,,,,,,,,,,,,,,,,,,,,,,,,,,,,,,,,,,,,,,,,,,,,,,,,,,,,,,,,,,,,,,,,,,,,,,,,,,,,,,,,,,,,,,,,,,,,,,,,,,,,,,,,,,,,,,,,,,,,,,,,,,,,,,,,,,,,,,,,,,,,,,,,,,,,,,,,,,,,,,,,,,,,,,,,,,,,,,,,,,,,,,,,,,,,,,,,,,,,,,,,,,,,,,,,,,,,,,,,,,,,,,,,,,,,,,,,,,,,,,,,,,,,,,,,,,,,,,,,,,,,,,,,,,,,,,,,,,,,,,,,,,,,,,,,,,,,,,,,,,,,,,,,,,,,,,,,,,,,,,,,,,,,,,,,,,,,,,,,,,,,,,,,,,,,,,,,,,,,,,,,,,,,,,,,,,,,,,,,,,,,,,,,,,,,,,,,,,,,,,,,,,,,,,,,,,,,,,,,,,,,,,,,,,,,,,,,,,,,,,,,,,,,,,,,,,,,,,,,,,,,,,,,,,,,,,,,,,,,,,,,,,,,,,,,,,,,,,,,,,,,,,,,,,,,,,,,,,,,,,,,,,,,,,,,,,,,,,,,,,,,,,,,,,,,,,,,,,,,,,,,,,,,,,,,,,,,,,,,,,,,,,,,,,,,,,,,,,,,,,,,,,,,,,,,,,,,,,,,,,,,,,,,,,,,,,,,,,,,,,,,,,,,,,,,,,,,,,,,,,,,,,,,,,,,,,,,,,,,,,,,,,,,,,,,,,,,,,,,,,,,,,,,,,,,,,,,,,,,,,,,,,,,,,,,,,,,,,,,,,,,,,,,,,,,,,,,,,,,,,,,,,,,,,,,,,,,,,,,,,,,,,,,,,,,,,,,,,,,,,,,,,,,,,,,,,,,,,,,,,,,,,,,,,,,,,,,,,,,,,,,,,,,,,,,,,,,,,,,,,,,,,,,,,,,,,,,,,,,,,,,,,,,,,,,,,,,,,,,,,,,,,,,,,,,,,,,,,,,,,,,,,,,,,,,,,,,,,,,,,,,,,,,,,,,,,,,,,,,,,,,,,,,,,,,,,,,,,,,,,,,,,,,,,,,,,,,,,,,,,,,,,,,,,,,,,,,,,,,,,,,,,,,,,,,,,,,,,,,,,,,,,,,,,,,,,,,,,,,,,,,,,,,,,,,,,,,,,,,,,,,,,,,,,,,,,,,,,,,,,,,,,,,,,,,,,,,,,,,,,,,,,,,,,,,,,,,,,,,,,,,,,,,,,,,,,,,,,,,,,,,,,,,,,,,,,,,,,,,,,,,,,,,,,,,,,,,,,,,,,,,,,,,,,,,,,,,,,,,,,,,,,,,,,,,,,,,,,,,,,,,,,,,,,,,,,,,,,,,,,,,,,,,,,,,,,,,,,,,,,,,,,,,,,,,,,,,,,,,,,,,,,,,,,,,,,,,,,,,,,,,,,,,,,,,,,,,,,,,,,,,,,,,,,,,,,,,,,,,,,,,,,,,,,,,,,,,,,,,,,,,,,,,,,,,,,,,,,,,,,,,,,,,,,,,,,,,,,,,,,,,,,,,,,,,,,,,,,,,,,,,,,,,,,,,,,,,,,,,,,,,,,,,,,,,,,,,,,,,,,,,,,,,,,,,,,,,,,,,,,,,,,,,
22,825,900,1125,766,751.0,900.0,900.0,870.0,1054.0,900.0,900.0,1065.0,900.0,900.0,1800.0,900.0,3600.0,811.0,1410.0,1800.0,900.0,900.0,900.0,900.0,900.0,900.0,856.0,896.0,839.0,900.0,900.0,900.0,900.0,841.0,900.0,826.0,1800.0,1891.0,904.0,1800.0,900.0,900.0,901.0,752.0,900.0,900.0,,,,,,,,,,,,,,,,,,,,,,,,,,,,,,,,,,,,,,,,,,,,,,,,,,,,,,,,,,,,,,,,,,,,,,,,,,,,,,,,,,,,,,,,,,,,,,,,,,,,,,,,,,,,,,,,,,,,,,,,,,,,,,,,,,,,,,,,,,,,,,,,,,,,,,,,,,,,,,,,,,,,,,,,,,,,,,,,,,,,,,,,,,,,,,,,,,,,,,,,,,,,,,,,,,,,,,,,,,,,,,,,,,,,,,,,,,,,,,,,,,,,,,,,,,,,,,,,,,,,,,,,,,,,,,,,,,,,,,,,,,,,,,,,,,,,,,,,,,,,,,,,,,,,,,,,,,,,,,,,,,,,,,,,,,,,,,,,,,,,,,,,,,,,,,,,,,,,,,,,,,,,,,,,,,,,,,,,,,,,,,,,,,,,,,,,,,,,,,,,,,,,,,,,,,,,,,,,,,,,,,,,,,,,,,,,,,,,,,,,,,,,,,,,,,,,,,,,,,,,,,,,,,,,,,,,,,,,,,,,,,,,,,,,,,,,,,,,,,,,,,,,,,,,,,,,,,,,,,,,,,,,,,,,,,,,,,,,,,,,,,,,,,,,,,,,,,,,,,,,,,,,,,,,,,,,,,,,,,,,,,,,,,,,,,,,,,,,,,,,,,,,,,,,,,,,,,,,,,,,,,,,,,,,,,,,,,,,,,,,,,,,,,,,,,,,,,,,,,,,,,,,,,,,,,,,,,,,,,,,,,,,,,,,,,,,,,,,,,,,,,,,,,,,,,,,,,,,,,,,,,,,,,,,,,,,,,,,,,,,,,,,,,,,,,,,,,,,,,,,,,,,,,,,,,,,,,,,,,,,,,,,,,,,,,,,,,,,,,,,,,,,,,,,,,,,,,,,,,,,,,,,,,,,,,,,,,,,,,,,,,,,,,,,,,,,,,,,,,,,,,,,,,,,,,,,,,,,,,,,,,,,,,,,,,,,,,,,,,,,,,,,,,,,,,,,,,,,,,,,,,,,,,,,,,,,,,,,,,,,,,,,,,,,,,,,,,,,,,,,,,,,,,,,,,,,,,,,,,,,,,,,,,,,,,,,,,,,,,,,,,,,,,,,,,,,,,,,,,,,,,,,,,,,,,,,,,,,,,,,,,,,,,,,,,,,,,,,,,,,,,,,,,,,,,,,,,,,,,,,,,,,,,,,,,,,,,,,,,,,,,,,,,,,,,,,,,,,,,,,,,,,,,,,,,,,,,,,,,,,,,,,,,,,,,,,,,,,,,,,,,,,,,,,,,,,,,,,,,,,,,,,,,,,,,,,,,,,,,,,,,,,,,,,,,,,,,,,,,,,,,,,,,,,,,,,,,,,,,,,,,,,,,,,,,,,,,,,,,,,,,,,,,,,,,,,,,,,,,,,,,,,,,,,,,,,,,,,,,,,,,,,,,,,,,,,,,,,,,,,,,,,,,,,,,,,,,,,,,,,,,,,,,,,,,,,,,,,,,,,,,,,,,,,,,,,,,,,,,,,,,,,,,,,,,,,,,,,,,,,,,,,,,,,,,,,,,,,,,,,,,,,,,,,,,,,,,,,,,,,,,,,,,,,,,,,,,,,,,,,,,,,,,,,,,,,,,,,,,,,,,,,,,,,,,,,,,,,,,,,,,,,,,,,,,,,,,,,,,,,,,,,,,,,,,,,,,,,,,,,,,,,,,,,,,,,,,,
0,885,825,766,931,975.0,900.0,1125.0,856.0,865.0,870.0,900.0,885.0,900.0,855.0,900.0,690.0,1226.0,810.0,,,,,,,,,,,,,,,,,,,,,,,,,,,,,,,,,,,,,,,,,,,,,,,,,,,,,,,,,,,,,,,,,,,,,,,,,,,,,,,,,,,,,,,,,,,,,,,,,,,,,,,,,,,,,,,,,,,,,,,,,,,,,,,,,,,,,,,,,,,,,,,,,,,,,,,,,,,,,,,,,,,,,,,,,,,,,,,,,,,,,,,,,,,,,,,,,,,,,,,,,,,,,,,,,,,,,,,,,,,,,,,,,,,,,,,,,,,,,,,,,,,,,,,,,,,,,,,,,,,,,,,,,,,,,,,,,,,,,,,,,,,,,,,,,,,,,,,,,,,,,,,,,,,,,,,,,,,,,,,,,,,,,,,,,,,,,,,,,,,,,,,,,,,,,,,,,,,,,,,,,,,,,,,,,,,,,,,,,,,,,,,,,,,,,,,,,,,,,,,,,,,,,,,,,,,,,,,,,,,,,,,,,,,,,,,,,,,,,,,,,,,,,,,,,,,,,,,,,,,,,,,,,,,,,,,,,,,,,,,,,,,,,,,,,,,,,,,,,,,,,,,,,,,,,,,,,,,,,,,,,,,,,,,,,,,,,,,,,,,,,,,,,,,,,,,,,,,,,,,,,,,,,,,,,,,,,,,,,,,,,,,,,,,,,,,,,,,,,,,,,,,,,,,,,,,,,,,,,,,,,,,,,,,,,,,,,,,,,,,,,,,,,,,,,,,,,,,,,,,,,,,,,,,,,,,,,,,,,,,,,,,,,,,,,,,,,,,,,,,,,,,,,,,,,,,,,,,,,,,,,,,,,,,,,,,,,,,,,,,,,,,,,,,,,,,,,,,,,,,,,,,,,,,,,,,,,,,,,,,,,,,,,,,,,,,,,,,,,,,,,,,,,,,,,,,,,,,,,,,,,,,,,,,,,,,,,,,,,,,,,,,,,,,,,,,,,,,,,,,,,,,,,,,,,,,,,,,,,,,,,,,,,,,,,,,,,,,,,,,,,,,,,,,,,,,,,,,,,,,,,,,,,,,,,,,,,,,,,,,,,,,,,,,,,,,,,,,,,,,,,,,,,,,,,,,,,,,,,,,,,,,,,,,,,,,,,,,,,,,,,,,,,,,,,,,,,,,,,,,,,,,,,,,,,,,,,,,,,,,,,,,,,,,,,,,,,,,,,,,,,,,,,,,,,,,,,,,,,,,,,,,,,,,,,,,,,,,,,,,,,,,,,,,,,,,,,,,,,,,,,,,,,,,,,,,,,,,,,,,,,,,,,,,,,,,,,,,,,,,,,,,,,,,,,,,,,,,,,,,,,,,,,,,,,,,,,,,,,,,,,,,,,,,,,,,,,,,,,,,,,,,,,,,,,,,,,,,,,,,,,,,,,,,,,,,,,,,,,,,,,,,,,,,,,,,,,,,,,,,,,,,,,,,,,,,,,,,,,,,,,,,,,,,,,,,,,,,,,,,,,,,,,,,,,,,,,,,,,,,,,,,,,,,,,,,,,,,,,,,,,,,,,,,,,,,,,,,,,,,,,,,,,,,,,,,,,,,,,,,,,,,,,,,,,,,,,,,,,,,,,,,,,,,,,,,,,,,,,,,,,,,,,,,,,,,,,,,,,,,,,,,,,,,,,,,,,,,,,,,,,,,,,,,,,,,,,,,,,,,,,,,,,,,,,,,,,,,,,,,,,,,,,,,,,,,,,,,,,,,,,,,,,,,,,,,,,,,,,,,,,,,,,,,,,,,,,,,,,,,,,,,
2,1005,960,870,913,870.0,885.0,985.0,840.0,,,,,,,,,,,,,,,,,,,,,,,,,,,,,,,,,,,,,,,,,,,,,,,,,,,,,,,,,,,,,,,,,,,,,,,,,,,,,,,,,,,,,,,,,,,,,,,,,,,,,,,,,,,,,,,,,,,,,,,,,,,,,,,,,,,,,,,,,,,,,,,,,,,,,,,,,,,,,,,,,,,,,,,,,,,,,,,,,,,,,,,,,,,,,,,,,,,,,,,,,,,,,,,,,,,,,,,,,,,,,,,,,,,,,,,,,,,,,,,,,,,,,,,,,,,,,,,,,,,,,,,,,,,,,,,,,,,,,,,,,,,,,,,,,,,,,,,,,,,,,,,,,,,,,,,,,,,,,,,,,,,,,,,,,,,,,,,,,,,,,,,,,,,,,,,,,,,,,,,,,,,,,,,,,,,,,,,,,,,,,,,,,,,,,,,,,,,,,,,,,,,,,,,,,,,,,,,,,,,,,,,,,,,,,,,,,,,,,,,,,,,,,,,,,,,,,,,,,,,,,,,,,,,,,,,,,,,,,,,,,,,,,,,,,,,,,,,,,,,,,,,,,,,,,,,,,,,,,,,,,,,,,,,,,,,,,,,,,,,,,,,,,,,,,,,,,,,,,,,,,,,,,,,,,,,,,,,,,,,,,,,,,,,,,,,,,,,,,,,,,,,,,,,,,,,,,,,,,,,,,,,,,,,,,,,,,,,,,,,,,,,,,,,,,,,,,,,,,,,,,,,,,,,,,,,,,,,,,,,,,,,,,,,,,,,,,,,,,,,,,,,,,,,,,,,,,,,,,,,,,,,,,,,,,,,,,,,,,,,,,,,,,,,,,,,,,,,,,,,,,,,,,,,,,,,,,,,,,,,,,,,,,,,,,,,,,,,,,,,,,,,,,,,,,,,,,,,,,,,,,,,,,,,,,,,,,,,,,,,,,,,,,,,,,,,,,,,,,,,,,,,,,,,,,,,,,,,,,,,,,,,,,,,,,,,,,,,,,,,,,,,,,,,,,,,,,,,,,,,,,,,,,,,,,,,,,,,,,,,,,,,,,,,,,,,,,,,,,,,,,,,,,,,,,,,,,,,,,,,,,,,,,,,,,,,,,,,,,,,,,,,,,,,,,,,,,,,,,,,,,,,,,,,,,,,,,,,,,,,,,,,,,,,,,,,,,,,,,,,,,,,,,,,,,,,,,,,,,,,,,,,,,,,,,,,,,,,,,,,,,,,,,,,,,,,,,,,,,,,,,,,,,,,,,,,,,,,,,,,,,,,,,,,,,,,,,,,,,,,,,,,,,,,,,,,,,,,,,,,,,,,,,,,,,,,,,,,,,,,,,,,,,,,,,,,,,,,,,,,,,,,,,,,,,,,,,,,,,,,,,,,,,,,,,,,,,,,,,,,,,,,,,,,,,,,,,,,,,,,,,,,,,,,,,,,,,,,,,,,,,,,,,,,,,,,,,,,,,,,,,,,,,,,,,,,,,,,,,,,,,,,,,,,,,,,,,,,,,,,,,,,,,,,,,,,,,,,,,,,,,,,,,,,,,,,,,,,,,,,,,,,,,,,,,,,,,,,,,,,,,,,,,,,,,,,,,,,,,,,,,,,,,,,,,,,,,,,,,,,,,,,,,,,,,,,,,,,,,,,,,,,,,,,,,,,,,,,,,,,,,,,,,,,,,,,,,,,,,,,,,,,,,,,,,,,,,,,,,,,,,,,,,,,,,,,,,,,,,,,,,,,,,,,,,,,,,,,,,,,,,,,,,,,,,,,,,
6,1126,1367,900,900,900.0,901.0,900.0,932.0,1800.0,900.0,930.0,2700.0,1800.0,900.0,900.0,1800.0,750.0,900.0,1050.0,870.0,2700.0,900.0,1800.0,1800.0,873.0,2700.0,2700.0,866.0,900.0,874.0,1800.0,1800.0,1800.0,2700.0,900.0,1800.0,,,,,,,,,,,,,,,,,,,,,,,,,,,,,,,,,,,,,,,,,,,,,,,,,,,,,,,,,,,,,,,,,,,,,,,,,,,,,,,,,,,,,,,,,,,,,,,,,,,,,,,,,,,,,,,,,,,,,,,,,,,,,,,,,,,,,,,,,,,,,,,,,,,,,,,,,,,,,,,,,,,,,,,,,,,,,,,,,,,,,,,,,,,,,,,,,,,,,,,,,,,,,,,,,,,,,,,,,,,,,,,,,,,,,,,,,,,,,,,,,,,,,,,,,,,,,,,,,,,,,,,,,,,,,,,,,,,,,,,,,,,,,,,,,,,,,,,,,,,,,,,,,,,,,,,,,,,,,,,,,,,,,,,,,,,,,,,,,,,,,,,,,,,,,,,,,,,,,,,,,,,,,,,,,,,,,,,,,,,,,,,,,,,,,,,,,,,,,,,,,,,,,,,,,,,,,,,,,,,,,,,,,,,,,,,,,,,,,,,,,,,,,,,,,,,,,,,,,,,,,,,,,,,,,,,,,,,,,,,,,,,,,,,,,,,,,,,,,,,,,,,,,,,,,,,,,,,,,,,,,,,,,,,,,,,,,,,,,,,,,,,,,,,,,,,,,,,,,,,,,,,,,,,,,,,,,,,,,,,,,,,,,,,,,,,,,,,,,,,,,,,,,,,,,,,,,,,,,,,,,,,,,,,,,,,,,,,,,,,,,,,,,,,,,,,,,,,,,,,,,,,,,,,,,,,,,,,,,,,,,,,,,,,,,,,,,,,,,,,,,,,,,,,,,,,,,,,,,,,,,,,,,,,,,,,,,,,,,,,,,,,,,,,,,,,,,,,,,,,,,,,,,,,,,,,,,,,,,,,,,,,,,,,,,,,,,,,,,,,,,,,,,,,,,,,,,,,,,,,,,,,,,,,,,,,,,,,,,,,,,,,,,,,,,,,,,,,,,,,,,,,,,,,,,,,,,,,,,,,,,,,,,,,,,,,,,,,,,,,,,,,,,,,,,,,,,,,,,,,,,,,,,,,,,,,,,,,,,,,,,,,,,,,,,,,,,,,,,,,,,,,,,,,,,,,,,,,,,,,,,,,,,,,,,,,,,,,,,,,,,,,,,,,,,,,,,,,,,,,,,,,,,,,,,,,,,,,,,,,,,,,,,,,,,,,,,,,,,,,,,,,,,,,,,,,,,,,,,,,,,,,,,,,,,,,,,,,,,,,,,,,,,,,,,,,,,,,,,,,,,,,,,,,,,,,,,,,,,,,,,,,,,,,,,,,,,,,,,,,,,,,,,,,,,,,,,,,,,,,,,,,,,,,,,,,,,,,,,,,,,,,,,,,,,,,,,,,,,,,,,,,,,,,,,,,,,,,,,,,,,,,,,,,,,,,,,,,,,,,,,,,,,,,,,,,,,,,,,,,,,,,,,,,,,,,,,,,,,,,,,,,,,,,,,,,,,,,,,,,,,,,,,,,,,,,,,,,,,,,,,,,,,,,,,,,,,,,,,,,,,,,,,,,,,,,,,,,,,,,,,,,,,,,,,,,,,,,,,,,,,,,,,,,,,,,,,,,,,,,,,,,,,,,,,,,,,,,,,,,,,,,,,,,,,,,,,,,,,,,,,,,,,,,,,,,,,,,,,,,,,,,,,,,,,,,,,,,,,,,,,,,,,,,,,,,,,,,,,,,,,,,,,,,,,,,,,,,,,,,,,,,,,,,,,,,,,,,,,,,,,,,,,
7,900,811,1800,900,6300.0,900.0,900.0,935.0,1800.0,721.0,900.0,691.0,900.0,2700.0,900.0,900.0,900.0,902.0,943.0,917.0,900.0,900.0,826.0,1800.0,1005.0,900.0,900.0,900.0,900.0,3600.0,900.0,4500.0,900.0,857.0,2700.0,900.0,900.0,900.0,900.0,900.0,872.0,1800.0,886.0,1466.0,3600.0,1800.0,1800.0,900.0,1066.0,900.0,900.0,780.0,2700.0,2700.0,900.0,900.0,900.0,900.0,1473.0,900.0,900.0,900.0,2700.0,900.0,1800.0,900.0,2700.0,900.0,900.0,900.0,1800.0,900.0,900.0,900.0,900.0,900.0,900.0,900.0,900.0,900.0,900.0,900.0,1622.0,900.0,900.0,900.0,900.0,842.0,3600.0,1800.0,2700.0,826.0,900.0,900.0,900.0,900.0,1756.0,751.0,2700.0,1800.0,900.0,900.0,2700.0,662.0,1381.0,900.0,900.0,1800.0,900.0,4500.0,900.0,735.0,1800.0,900.0,855.0,900.0,900.0,1800.0,900.0,900.0,915.0,900.0,900.0,1800.0,840.0,900.0,3600.0,900.0,810.0,900.0,971.0,1066.0,1800.0,900.0,900.0,900.0,1545.0,900.0,900.0,900.0,900.0,900.0,945.0,900.0,900.0,900.0,900.0,781.0,900.0,6300.0,900.0,900.0,900.0,751.0,900.0,900.0,1800.0,900.0,2700.0,900.0,1800.0,1800.0,900.0,900.0,900.0,900.0,900.0,1800.0,900.0,900.0,900.0,841.0,1381.0,900.0,900.0,896.0,900.0,1081.0,796.0,900.0,900.0,900.0,2700.0,4500.0,900.0,992.0,900.0,2700.0,857.0,900.0,722.0,767.0,1800.0,1006.0,900.0,900.0,1800.0,857.0,3600.0,900.0,1800.0,902.0,900.0,857.0,900.0,900.0,900.0,900.0,2700.0,900.0,900.0,900.0,900.0,1800.0,916.0,2700.0,2700.0,900.0,900.0,4500.0,900.0,900.0,900.0,900.0,841.0,900.0,900.0,900.0,900.0,900.0,1086.0,1800.0,900.0,872.0,900.0,842.0,1800.0,2700.0,797.0,707.0,1800.0,1800.0,1277.0,1800.0,932.0,900.0,900.0,900.0,2700.0,1800.0,900.0,900.0,900.0,905.0,1485.0,900.0,1800.0,1666.0,884.0,900.0,1800.0,900.0,900.0,1306.0,900.0,900.0,900.0,737.0,2700.0,900.0,1800.0,900.0,812.0,2700.0,900.0,900.0,900.0,900.0,6300.0,900.0,1216.0,900.0,2700.0,3600.0,900.0,900.0,900.0,3600.0,900.0,4500.0,842.0,900.0,900.0,900.0,900.0,900.0,2700.0,900.0,857.0,1906.0,900.0,900.0,900.0,900.0,2700.0,900.0,871.0,900.0,900.0,900.0,900.0,900.0,900.0,900.0,3600.0,900.0,856.0,900.0,1800.0,3600.0,1022.0,900.0,2700.0,900.0,1122.0,900.0,900.0,899.0,796.0,900.0,900.0,1800.0,930.0,900.0,900.0,900.0,2700.0,900.0,1800.0,750.0,900.0,2700.0,1095.0,900.0,900.0,900.0,900.0,900.0,4500.0,900.0,870.0,1035.0,900.0,900.0,765.0,4500.0,900.0,900.0,1800.0,900.0,1800.0,900.0,900.0,900.0,900.0,751.0,900.0,4500.0,1800.0,2700.0,885.0,900.0,2700.0,900.0,2700.0,900.0,826.0,906.0,900.0,1800.0,900.0,4500.0,900.0,885.0,900.0,2700.0,1800.0,1140.0,900.0,1800.0,720.0,600.0,1590.0,2700.0,3600.0,1320.0,3600.0,900.0,900.0,900.0,900.0,645.0,900.0,6300.0,900.0,900.0,900.0,900.0,900.0,1800.0,900.0,1800.0,1110.0,900.0,1800.0,900.0,1800.0,900.0,900.0,615.0,900.0,1800.0,1800.0,825.0,795.0,2700.0,900.0,1230.0,1095.0,900.0,870.0,900.0,900.0,900.0,885.0,930.0,748.0,900.0,900.0,2700.0,883.0,900.0,3600.0,900.0,900.0,5400.0,900.0,1800.0,900.0,2700.0,900.0,900.0,1800.0,811.0,900.0,1800.0,1800.0,900.0,900.0,900.0,960.0,900.0,900.0,900.0,1800.0,900.0,900.0,826.0,900.0,2700.0,900.0,8100.0,900.0,916.0,900.0,900.0,900.0,900.0,1291.0,871.0,916.0,900.0,900.0,1800.0,900.0,825.0,900.0,2700.0,900.0,1800.0,1800.0,4500.0,1800.0,960.0,930.0,825.0,3600.0,900.0,1800.0,1800.0,930.0,900.0,1800.0,1800.0,900.0,900.0,2700.0,2700.0,900.0,900.0,900.0,2700.0,1800.0,900.0,900.0,900.0,900.0,2700.0,900.0,900.0,1800.0,900.0,3600.0,900.0,900.0,900.0,1800.0,795.0,900.0,900.0,900.0,900.0,1800.0,900.0,960.0,900.0,900.0,2700.0,2010.0,900.0,900.0,766.0,2700.0,4500.0,1800.0,900.0,1905.0,1800.0,900.0,900.0,900.0,3600.0,900.0,900.0,900.0,855.0,900.0,900.0,900.0,900.0,870.0,900.0,930.0,885.0,1800.0,1062.0,900.0,900.0,900.0,900.0,1800.0,3600.0,4500.0,1800.0,900.0,900.0,900.0,900.0,900.0,900.0,900.0,900.0,1800.0,900.0,900.0,865.0,900.0,871.0,949.0,900.0,2700.0,5400.0,1072.0,900.0,976.0,900.0,915.0,869.0,1800.0,900.0,1800.0,6300.0,900.0,900.0,900.0,900.0,900.0,900.0,900.0,2700.0,2700.0,900.0,900.0,1800.0,900.0,1800.0,942.0,900.0,1800.0,1605.0,900.0,900.0,900.0,900.0,900.0,990.0,1050.0,900.0,1800.0,1800.0,900.0,900.0,900.0,1800.0,900.0,2700.0,1800.0,900.0,900.0,900.0,900.0,2700.0,900.0,1800.0,1800.0,810.0,900.0,900.0,900.0,3600.0,900.0,1800.0,1800.0,900.0,900.0,1320.0,825.0,780.0,1800.0,900.0,2700.0,1800.0,900.0,900.0,900.0,900.0,785.0,900.0,900.0,900.0,1800.0,900.0,630.0,900.0,1800.0,1800.0,900.0,900.0,1800.0,3600.0,900.0,2700.0,900.0,900.0,780.0,,,,,,,,,,,,,,,,,,,,,,,,,,,,,,,,,,,,,,,,,,,,,,,,,,,,,,,,,,,,,,,,,,,,,,,,,,,,,,,,,,,,,,,,,,,,,,,,,,,,,,,,,,,,,,,,,,,,,,,,,,,,,,,,,,,,,,,,,,,,,,,,,,,,,,,,,,,,,,,,,,,,,,,,,,,,,,,,,,,,,,,,,,,,,,,,,,,,,,,,,,,,,,,,,,,,,,,,,,,,,,,,,,,,,,,,,,,,,,,,,,,,,,,,,,,,,,,,,,,,,,,,,,,,,,,,,,,,,,,,,,,,,,,,,,,,,,,,,,,,,,,,,,,,,,,,,,,,,,,,,,,,,,,,,,,,,,,,,,,,,,,,,,,,,,,,,,,,,,,,,,,,,,,,,,,,,,,,,,,,,,,,,,,,,,,,,,,,,,,,,,,,,,,,,,,,,,,,,,,,,,,,,,,,,,,,,,,,,,,,,,,,,,,,,,,,,,,,,,,,,,,,,,,,,,,,,,,,,,,,,,,,,,,,,,,,,,,,,,,,,,,,,,,,,,,,,,,,,,,,,,,,,,,,,,,,,,,,,,,,,,,,,,,,,,,,,,,,,,,,,,,,,,,,,,,,,,,,,,,,,,,,,,,,,,,,,,,,,,,,,,,,,,,,,,,,,,,,,,,,,,,,,,,,,,,,,,,,,,,,,,,,,,,,,,,,,,,,,,,,,,,,,,,,,,,,,,,,,,,,,,,,,,,,,,,,,,,,,,,,,,,,,,,,,,,,,,,,,,,,,,,,,,,,,,,,,,,,,,,,,,,,,,,,,,,,,,,,,,,,,,,,,,,,,,,,,,,,,,,,,,,,,,,,,,,,,,,,,,,,,,,,,,,,,,,,,,,,,,,,,,,,,,,,,,,,,,,,,,,,,,,,,,,,,,,,,,,,,,,,,,,,,,,,,,,,,,,,,,,,,,,,,,,,,,,,,,,,,,,,,,,,,,,,,,,,,,,,
8,900,840,900,900,900.0,6300.0,900.0,1800.0,900.0,900.0,1110.0,900.0,1800.0,1800.0,900.0,1800.0,1800.0,900.0,2700.0,3600.0,885.0,900.0,900.0,780.0,1800.0,900.0,900.0,1800.0,1020.0,900.0,1200.0,900.0,900.0,855.0,900.0,1800.0,2295.0,900.0,1695.0,900.0,900.0,1800.0,1800.0,2700.0,900.0,900.0,900.0,2700.0,900.0,900.0,900.0,2700.0,900.0,1800.0,900.0,1800.0,900.0,900.0,1170.0,900.0,1800.0,845.0,874.0,900.0,1171.0,900.0,900.0,900.0,3600.0,1800.0,900.0,900.0,900.0,1095.0,900.0,900.0,900.0,900.0,900.0,1800.0,900.0,3600.0,1200.0,900.0,900.0,900.0,900.0,900.0,2700.0,1800.0,4500.0,900.0,900.0,900.0,900.0,2700.0,900.0,1455.0,900.0,5400.0,825.0,750.0,900.0,1800.0,900.0,900.0,765.0,836.0,1800.0,840.0,1800.0,2700.0,1096.0,900.0,900.0,1141.0,841.0,2700.0,955.0,1800.0,900.0,811.0,1800.0,2700.0,841.0,1695.0,856.0,900.0,1020.0,900.0,900.0,900.0,900.0,900.0,1800.0,1800.0,3600.0,900.0,900.0,900.0,900.0,900.0,900.0,900.0,1800.0,900.0,1800.0,1800.0,795.0,855.0,795.0,1800.0,900.0,1800.0,900.0,900.0,900.0,900.0,926.0,840.0,720.0,900.0,900.0,900.0,900.0,900.0,885.0,900.0,900.0,900.0,900.0,900.0,900.0,957.0,900.0,900.0,1800.0,900.0,795.0,900.0,900.0,1800.0,856.0,900.0,900.0,1800.0,900.0,900.0,880.0,1800.0,1800.0,900.0,2700.0,900.0,942.0,900.0,900.0,825.0,900.0,1425.0,1014.0,1800.0,900.0,1441.0,915.0,900.0,2025.0,1800.0,900.0,1455.0,900.0,931.0,900.0,766.0,900.0,900.0,1006.0,900.0,781.0,2700.0,900.0,1800.0,931.0,1141.0,900.0,1800.0,910.0,900.0,811.0,766.0,900.0,826.0,2700.0,1800.0,915.0,900.0,953.0,900.0,900.0,796.0,900.0,1800.0,900.0,900.0,900.0,1800.0,900.0,900.0,900.0,900.0,900.0,1800.0,2700.0,900.0,900.0,900.0,900.0,900.0,900.0,900.0,900.0,900.0,1800.0,900.0,900.0,900.0,900.0,900.0,900.0,1800.0,900.0,900.0,900.0,1800.0,900.0,900.0,780.0,887.0,1800.0,841.0,900.0,4500.0,900.0,991.0,900.0,2700.0,900.0,900.0,900.0,900.0,900.0,841.0,931.0,916.0,900.0,827.0,4500.0,632.0,1257.0,921.0,1111.0,900.0,900.0,1786.0,900.0,1800.0,1800.0,1800.0,5400.0,1800.0,796.0,900.0,960.0,953.0,1441.0,900.0,886.0,900.0,826.0,900.0,886.0,1800.0,900.0,900.0,4500.0,1109.0,900.0,900.0,1800.0,900.0,1800.0,1800.0,900.0,1080.0,2700.0,1237.0,900.0,900.0,900.0,1800.0,810.0,900.0,2700.0,900.0,885.0,900.0,900.0,900.0,900.0,1050.0,900.0,765.0,825.0,1800.0,870.0,1800.0,1062.0,780.0,900.0,1185.0,960.0,1800.0,990.0,825.0,900.0,750.0,900.0,900.0,900.0,900.0,900.0,1800.0,1800.0,870.0,4500.0,826.0,930.0,1171.0,900.0,900.0,2700.0,900.0,900.0,900.0,900.0,900.0,4500.0,900.0,900.0,900.0,1800.0,900.0,900.0,900.0,2700.0,900.0,3600.0,2700.0,900.0,916.0,900.0,1800.0,795.0,900.0,2700.0,1800.0,840.0,900.0,900.0,900.0,1170.0,1800.0,1800.0,900.0,900.0,900.0,900.0,975.0,900.0,928.0,900.0,900.0,2700.0,3600.0,900.0,900.0,2700.0,900.0,675.0,900.0,900.0,900.0,900.0,4500.0,945.0,915.0,2700.0,900.0,1005.0,1800.0,855.0,900.0,900.0,870.0,900.0,885.0,900.0,940.0,900.0,885.0,900.0,900.0,900.0,915.0,885.0,960.0,900.0,1800.0,900.0,900.0,3600.0,990.0,900.0,900.0,1800.0,900.0,900.0,900.0,900.0,900.0,2700.0,900.0,855.0,900.0,900.0,900.0,900.0,1800.0,900.0,900.0,900.0,900.0,1800.0,2160.0,1200.0,900.0,840.0,1800.0,900.0,900.0,1800.0,900.0,870.0,900.0,900.0,900.0,900.0,930.0,900.0,1590.0,2700.0,900.0,900.0,900.0,1800.0,900.0,900.0,900.0,1800.0,900.0,900.0,900.0,900.0,900.0,900.0,900.0,900.0,900.0,900.0,900.0,1800.0,1800.0,1110.0,1395.0,855.0,1800.0,1385.0,1935.0,900.0,1800.0,825.0,930.0,1215.0,810.0,930.0,5400.0,900.0,900.0,900.0,900.0,1800.0,1800.0,900.0,931.0,900.0,900.0,1800.0,2700.0,900.0,1080.0,900.0,900.0,900.0,1800.0,900.0,900.0,900.0,900.0,900.0,915.0,900.0,4500.0,900.0,1800.0,5400.0,1800.0,945.0,1800.0,900.0,900.0,900.0,900.0,900.0,900.0,900.0,3600.0,900.0,900.0,4500.0,900.0,900.0,1800.0,900.0,900.0,900.0,825.0,1800.0,900.0,900.0,1800.0,900.0,900.0,900.0,900.0,900.0,900.0,900.0,1800.0,1950.0,900.0,1800.0,900.0,900.0,900.0,1800.0,900.0,900.0,900.0,1800.0,900.0,900.0,3600.0,660.0,900.0,900.0,2700.0,900.0,1800.0,915.0,900.0,900.0,900.0,900.0,900.0,900.0,1800.0,1800.0,900.0,6300.0,900.0,1800.0,900.0,900.0,900.0,900.0,2700.0,1800.0,900.0,1800.0,1459.0,900.0,900.0,1800.0,1800.0,860.0,915.0,1800.0,900.0,900.0,900.0,900.0,900.0,916.0,840.0,900.0,900.0,900.0,900.0,870.0,900.0,1800.0,900.0,900.0,900.0,750.0,1616.0,4500.0,900.0,3600.0,900.0,885.0,900.0,900.0,900.0,900.0,900.0,900.0,705.0,1800.0,900.0,900.0,900.0,900.0,5400.0,900.0,1800.0,900.0,5400.0,900.0,1770.0,900.0,1247.0,960.0,900.0,2700.0,900.0,2700.0,900.0,1800.0,871.0,1020.0,900.0,3600.0,900.0,931.0,4500.0,900.0,856.0,615.0,900.0,900.0,1545.0,1800.0,720.0,900.0,900.0,1800.0,900.0,1800.0,1200.0,900.0,4500.0,900.0,1515.0,1800.0,855.0,900.0,900.0,1800.0,900.0,2700.0,900.0,900.0,900.0,900.0,900.0,1800.0,1472.0,900.0,900.0,900.0,900.0,1800.0,900.0,900.0,900.0,988.0,900.0,915.0,1800.0,1800.0,1095.0,900.0,900.0,900.0,900.0,900.0,900.0,810.0,900.0,1800.0,900.0,888.0,900.0,998.0,2700.0,900.0,900.0,900.0,2700.0,900.0,900.0,3600.0,900.0,855.0,900.0,900.0,3600.0,900.0,855.0,900.0,900.0,900.0,5400.0,900.0,900.0,1110.0,900.0,900.0,900.0,900.0,900.0,900.0,900.0,900.0,900.0,900.0,1098.0,900.0,900.0,900.0,900.0,900.0,900.0,930.0,1800.0,900.0,630.0,750.0,900.0,900.0,2325.0,1965.0,900.0,1800.0,900.0,861.0,3600.0,900.0,900.0,900.0,3600.0,900.0,900.0,855.0,1800.0,900.0,4500.0,900.0,1800.0,900.0,2700.0,900.0,2700.0,1800.0,1800.0,4500.0,900.0,900.0,990.0,900.0,1800.0,870.0,2700.0,2700.0,900.0,900.0,5400.0,1800.0,900.0,1800.0,735.0,3600.0,900.0,810.0,1010.0,900.0,1215.0,900.0,4500.0,870.0,1800.0,4500.0,1800.0,870.0,1800.0,900.0,900.0,900.0,900.0,1380.0,1800.0,900.0,900.0,900.0,1800.0,900.0,900.0,1800.0,1035.0,900.0,1800.0,1811.0,870.0,900.0,900.0,900.0,900.0,1800.0,1800.0,900.0,900.0,915.0,810.0,900.0,1800.0,900.0,9900.0,900.0,900.0,900.0,900.0,900.0,900.0,900.0,900.0,1800.0,1800.0,900.0,900.0,1380.0,900.0,900.0,900.0,900.0,900.0,900.0,1800.0,900.0,2700.0,2700.0,1140.0,900.0,900.0,900.0,900.0,855.0,2700.0,900.0,900.0,900.0,900.0,900.0,900.0,900.0,931.0,900.0,1800.0,826.0,675.0,1171.0,930.0,900.0,1800.0,900.0,900.0,900.0,2700.0,900.0,825.0,900.0,2700.0,900.0,900.0,900.0,900.0,1800.0,1800.0,5400.0,900.0,900.0,900.0,1020.0,900.0,630.0,900.0,1065.0,900.0,900.0,900.0,900.0,900.0,885.0,900.0,1800.0,3600.0,1035.0,870.0,2415.0,900.0,900.0,900.0,900.0,900.0,825.0,900.0,900.0,1800.0,900.0,1050.0,1800.0,900.0,2700.0,2250.0,900.0,780.0,840.0,810.0,2700.0,913.0,1770.0,4500.0,900.0,915.0,900.0,1410.0,1800.0,1800.0,2700.0,1800.0,765.0,900.0,3600.0,900.0,900.0,900.0,900.0,1035.0,885.0,900.0,900.0,885.0,1185.0,900.0,829.0,900.0,900.0,2700.0,900.0,1800.0,900.0,900.0,900.0,960.0,900.0,1800.0,900.0,2700.0,900.0,855.0,870.0,900.0,2700.0,1800.0,1410.0,900.0,900.0,900.0,900.0,900.0,750.0,900.0,1266.0,900.0,870.0,1800.0,900.0,900.0,840.0,900.0,915.0,900.0,3600.0,750.0,900.0,900.0,990.0,900.0,900.0,900.0,900.0,900.0,900.0,900.0,900.0,1800.0,900.0,900.0,900.0,1020.0,900.0,900.0,1800.0,900.0,2700.0,900.0,2700.0,900.0,900.0,1800.0,1800.0,900.0,4500.0,900.0,795.0,900.0,900.0,1800.0,1800.0,900.0,900.0,930.0,900.0,900.0,870.0,735.0,1800.0,3600.0,900.0,900.0,900.0,900.0,648.0,900.0,1125.0,888.0,1800.0,1800.0,900.0,900.0,900.0,1364.0,900.0,900.0,900.0,,,,,,,,,,,,,,,,,,,,,,,,,,,,,,,,,,,,,,,,,,,,,,,,,,,,,,,,,,,,,,,,,,,,,,,,,,,,,,,,,,,,,,,,,,,,,,,,,,,,,,,,,,,,,,,,,,,,,,,,,,,,,,,,,,,,,,,,,,,,,,,,,,,,,,,,,,,,,,,,,,,,,,,,,,,,,,,,,,,,,,,,,,,,,,,,,,,,,,,,,,,,,,,,,,,,,,,,,,,,,,,,,,,,,,,,,,,,,,,,,,,,,,,,,,,,,,,,,,,,,,,,,,,,,,,,,,,,,,,,,,,,,,,,,,,,,,,,,,,,,,,,,,,,,,,,,,,,,,,,,,,,,,,,,,,,,,,,,,,,,,,,,,,,,,,,,,,,,,,,,,,,,,,,,,,,,,,,,,,,,,,,,,,,,,,,,,,,,,,,,,,,,,,,,,,,,,,,,,,,,,,,,,,,,,,,,,,,,,,,,,,,,,,,,,,,,,,,,,,,,,,,,,,,,,,,,,,,
9,900,900,900,855,900.0,900.0,1800.0,900.0,1800.0,900.0,900.0,900.0,810.0,900.0,900.0,885.0,720.0,900.0,900.0,780.0,900.0,1305.0,900.0,1695.0,900.0,900.0,3600.0,915.0,1905.0,900.0,1815.0,900.0,825.0,1800.0,900.0,900.0,750.0,900.0,2700.0,900.0,900.0,900.0,900.0,900.0,900.0,1800.0,690.0,765.0,1800.0,930.0,1097.0,900.0,900.0,900.0,885.0,945.0,795.0,900.0,1065.0,900.0,885.0,1800.0,900.0,900.0,900.0,1800.0,900.0,932.0,900.0,900.0,900.0,900.0,900.0,900.0,735.0,1320.0,1800.0,900.0,900.0,900.0,885.0,900.0,1800.0,900.0,900.0,2700.0,900.0,900.0,1050.0,1320.0,900.0,1800.0,735.0,900.0,900.0,840.0,1800.0,900.0,900.0,900.0,1800.0,2820.0,953.0,900.0,900.0,900.0,900.0,900.0,900.0,900.0,900.0,900.0,900.0,900.0,900.0,900.0,900.0,900.0,900.0,900.0,900.0,885.0,900.0,900.0,885.0,855.0,825.0,2040.0,900.0,1800.0,958.0,900.0,643.0,883.0,735.0,900.0,900.0,1800.0,840.0,900.0,2700.0,900.0,1320.0,900.0,960.0,900.0,900.0,900.0,900.0,900.0,900.0,915.0,615.0,735.0,1800.0,900.0,900.0,2700.0,1080.0,840.0,885.0,900.0,2700.0,900.0,1095.0,900.0,855.0,900.0,1800.0,900.0,870.0,1800.0,900.0,900.0,900.0,900.0,900.0,1800.0,930.0,900.0,900.0,900.0,900.0,900.0,1590.0,900.0,810.0,2700.0,900.0,900.0,855.0,2612.0,900.0,900.0,1800.0,1800.0,1800.0,900.0,870.0,1800.0,1020.0,875.0,855.0,1800.0,3600.0,870.0,1020.0,900.0,870.0,900.0,900.0,900.0,900.0,900.0,825.0,945.0,900.0,1800.0,870.0,870.0,900.0,900.0,1800.0,900.0,900.0,900.0,900.0,1800.0,1065.0,840.0,900.0,2070.0,1800.0,900.0,900.0,3600.0,2700.0,900.0,900.0,1800.0,900.0,900.0,958.0,870.0,1800.0,900.0,900.0,900.0,1200.0,2700.0,1800.0,900.0,900.0,1162.0,900.0,2700.0,1800.0,900.0,900.0,2700.0,900.0,900.0,915.0,900.0,870.0,855.0,1800.0,2295.0,900.0,900.0,900.0,1800.0,900.0,915.0,1005.0,900.0,900.0,900.0,1800.0,840.0,900.0,975.0,900.0,1800.0,825.0,825.0,900.0,2700.0,900.0,1800.0,900.0,1800.0,900.0,900.0,900.0,1305.0,923.0,1695.0,900.0,900.0,900.0,1800.0,900.0,900.0,825.0,1800.0,900.0,1800.0,900.0,900.0,1050.0,900.0,900.0,900.0,900.0,900.0,900.0,900.0,900.0,900.0,870.0,2700.0,900.0,900.0,900.0,900.0,900.0,900.0,1800.0,900.0,900.0,900.0,900.0,900.0,2700.0,1020.0,900.0,690.0,870.0,900.0,900.0,900.0,900.0,2700.0,900.0,900.0,900.0,4500.0,1800.0,825.0,900.0,915.0,975.0,720.0,900.0,921.0,720.0,915.0,1080.0,3600.0,930.0,1080.0,780.0,900.0,915.0,900.0,900.0,855.0,825.0,958.0,900.0,900.0,1660.0,900.0,1605.0,900.0,900.0,1800.0,900.0,900.0,900.0,900.0,1800.0,900.0,900.0,900.0,900.0,825.0,915.0,900.0,900.0,2220.0,900.0,900.0,840.0,900.0,900.0,3600.0,900.0,900.0,900.0,900.0,1800.0,750.0,900.0,1800.0,900.0,900.0,885.0,1800.0,930.0,885.0,930.0,870.0,1800.0,900.0,1395.0,900.0,900.0,795.0,900.0,1800.0,840.0,900.0,900.0,900.0,900.0,900.0,1800.0,900.0,900.0,855.0,900.0,1125.0,2850.0,6300.0,900.0,900.0,765.0,900.0,690.0,900.0,735.0,900.0,900.0,900.0,1103.0,900.0,900.0,900.0,1800.0,900.0,900.0,900.0,900.0,900.0,900.0,900.0,1800.0,1800.0,900.0,900.0,900.0,2700.0,900.0,900.0,900.0,3600.0,900.0,3600.0,1800.0,900.0,900.0,900.0,945.0,900.0,900.0,9000.0,900.0,900.0,900.0,900.0,900.0,900.0,900.0,1275.0,900.0,900.0,1800.0,960.0,1800.0,855.0,900.0,735.0,840.0,900.0,900.0,900.0,1800.0,900.0,810.0,900.0,5400.0,870.0,900.0,900.0,900.0,720.0,900.0,1800.0,900.0,900.0,900.0,2700.0,900.0,900.0,900.0,900.0,900.0,2700.0,2700.0,900.0,900.0,900.0,900.0,900.0,900.0,1800.0,840.0,900.0,900.0,900.0,900.0,900.0,900.0,750.0,2700.0,1800.0,900.0,1800.0,1800.0,1800.0,900.0,1800.0,900.0,900.0,900.0,2700.0,1800.0,900.0,900.0,900.0,900.0,900.0,2700.0,900.0,2700.0,900.0,2700.0,900.0,1800.0,720.0,900.0,900.0,915.0,900.0,900.0,750.0,3600.0,900.0,900.0,900.0,900.0,675.0,900.0,900.0,1485.0,900.0,690.0,930.0,900.0,900.0,810.0,795.0,900.0,900.0,900.0,900.0,3600.0,900.0,900.0,780.0,900.0,900.0,900.0,810.0,855.0,900.0,900.0,900.0,900.0,1800.0,900.0,885.0,900.0,900.0,900.0,900.0,1800.0,3600.0,,,,,,,,,,,,,,,,,,,,,,,,,,,,,,,,,,,,,,,,,,,,,,,,,,,,,,,,,,,,,,,,,,,,,,,,,,,,,,,,,,,,,,,,,,,,,,,,,,,,,,,,,,,,,,,,,,,,,,,,,,,,,,,,,,,,,,,,,,,,,,,,,,,,,,,,,,,,,,,,,,,,,,,,,,,,,,,,,,,,,,,,,,,,,,,,,,,,,,,,,,,,,,,,,,,,,,,,,,,,,,,,,,,,,,,,,,,,,,,,,,,,,,,,,,,,,,,,,,,,,,,,,,,,,,,,,,,,,,,,,,,,,,,,,,,,,,,,,,,,,,,,,,,,,,,,,,,,,,,,,,,,,,,,,,,,,,,,,,,,,,,,,,,,,,,,,,,,,,,,,,,,,,,,,,,,,,,,,,,,,,,,,,,,,,,,,,,,,,,,,,,,,,,,,,,,,,,,,,,,,,,,,,,,,,,,,,,,,,,,,,,,,,,,,,,,,,,,,,,,,,,,,,,,,,,,,,,,,,,,,,,,,,,,,,,,,,,,,,,,,,,,,,,,,,,,,,,,,,,,,,,,,,,,,,,,,,,,,,,,,,,,,,,,,,,,,,,,,,,,,,,,,,,,,,,,,,,,,,,,,,,,,,,,,,,,,,,,,,,,,,,,,,,,,,,,,,,,,,,,,,,,,,,,,,,,,,,,,,,,,,,,,,,,,,,,,,,,,,,,,,,,,,,,,,,,,,,,,,,,,,,,,,,,,,,,,,,,,,,,,,,,,,,,,,,,,,,,,,,,,,,,,,,,,,,,,,,,,,,,,,,,,,,,,,,,,,,,,,,,,,,,,,,,,,,,,,,,,,,,,,,,,,,,,,,,,,,,,,,,,,,,,,,,,,,,,,,,,,,,,,,,,,,,,,,,,,,,,,,,,,,,,,,,,,,,,,,,,,,,,,,,,,,,,,,,,,,,,,,,,,,,,,,,,,,,,,,,,,,,,,,,,,,,,,,,,,,,,,,,,,,,,,,,,,,,,,,,,,,,,,,,,,,,,,,,,,,,,,,,,,,,,,,,,,,,,,,,,,,,,,,,,,,,,,,
10,900,900,900,900,720.0,1620.0,900.0,900.0,883.0,900.0,2055.0,900.0,900.0,900.0,840.0,1800.0,900.0,900.0,900.0,810.0,900.0,900.0,3600.0,900.0,1620.0,900.0,900.0,987.0,1800.0,870.0,660.0,900.0,883.0,900.0,1320.0,884.0,900.0,900.0,900.0,900.0,825.0,900.0,885.0,907.0,2700.0,900.0,900.0,900.0,900.0,885.0,900.0,840.0,1800.0,900.0,1800.0,936.0,1050.0,915.0,900.0,900.0,885.0,795.0,900.0,780.0,810.0,750.0,900.0,975.0,960.0,900.0,765.0,900.0,915.0,1800.0,900.0,900.0,900.0,900.0,1800.0,900.0,900.0,900.0,840.0,960.0,960.0,900.0,900.0,1800.0,900.0,810.0,900.0,900.0,1050.0,765.0,900.0,1215.0,1335.0,615.0,885.0,855.0,930.0,1135.0,7200.0,855.0,765.0,900.0,900.0,975.0,900.0,900.0,900.0,900.0,900.0,900.0,1800.0,900.0,900.0,1035.0,825.0,840.0,1800.0,1800.0,1095.0,855.0,900.0,900.0,900.0,900.0,900.0,900.0,900.0,1800.0,900.0,870.0,900.0,870.0,900.0,900.0,3600.0,886.0,900.0,900.0,840.0,1155.0,900.0,900.0,896.0,900.0,900.0,855.0,1800.0,900.0,1800.0,2700.0,1800.0,870.0,900.0,900.0,967.0,915.0,855.0,900.0,900.0,2700.0,885.0,960.0,630.0,900.0,900.0,900.0,900.0,885.0,900.0,900.0,900.0,900.0,900.0,930.0,900.0,1317.0,780.0,1800.0,780.0,776.0,840.0,900.0,900.0,2700.0,810.0,900.0,900.0,2700.0,1485.0,900.0,945.0,795.0,900.0,840.0,900.0,930.0,900.0,855.0,900.0,904.0,900.0,906.0,825.0,1800.0,900.0,900.0,900.0,900.0,795.0,900.0,900.0,900.0,900.0,1078.0,1200.0,900.0,900.0,900.0,840.0,840.0,870.0,1800.0,900.0,900.0,1800.0,1800.0,913.0,900.0,885.0,900.0,900.0,900.0,900.0,900.0,900.0,1005.0,885.0,900.0,900.0,900.0,900.0,825.0,900.0,1800.0,915.0,1080.0,900.0,900.0,900.0,1800.0,900.0,2700.0,870.0,900.0,945.0,900.0,900.0,1800.0,915.0,900.0,1515.0,1800.0,1260.0,915.0,3600.0,870.0,1800.0,900.0,855.0,900.0,900.0,1155.0,915.0,900.0,1185.0,900.0,900.0,870.0,1800.0,900.0,1800.0,900.0,900.0,900.0,7200.0,900.0,960.0,900.0,900.0,900.0,1110.0,630.0,750.0,645.0,690.0,1410.0,1290.0,900.0,2700.0,690.0,900.0,1422.0,900.0,1800.0,900.0,795.0,675.0,900.0,750.0,765.0,840.0,735.0,,,,,,,,,,,,,,,,,,,,,,,,,,,,,,,,,,,,,,,,,,,,,,,,,,,,,,,,,,,,,,,,,,,,,,,,,,,,,,,,,,,,,,,,,,,,,,,,,,,,,,,,,,,,,,,,,,,,,,,,,,,,,,,,,,,,,,,,,,,,,,,,,,,,,,,,,,,,,,,,,,,,,,,,,,,,,,,,,,,,,,,,,,,,,,,,,,,,,,,,,,,,,,,,,,,,,,,,,,,,,,,,,,,,,,,,,,,,,,,,,,,,,,,,,,,,,,,,,,,,,,,,,,,,,,,,,,,,,,,,,,,,,,,,,,,,,,,,,,,,,,,,,,,,,,,,,,,,,,,,,,,,,,,,,,,,,,,,,,,,,,,,,,,,,,,,,,,,,,,,,,,,,,,,,,,,,,,,,,,,,,,,,,,,,,,,,,,,,,,,,,,,,,,,,,,,,,,,,,,,,,,,,,,,,,,,,,,,,,,,,,,,,,,,,,,,,,,,,,,,,,,,,,,,,,,,,,,,,,,,,,,,,,,,,,,,,,,,,,,,,,,,,,,,,,,,,,,,,,,,,,,,,,,,,,,,,,,,,,,,,,,,,,,,,,,,,,,,,,,,,,,,,,,,,,,,,,,,,,,,,,,,,,,,,,,,,,,,,,,,,,,,,,,,,,,,,,,,,,,,,,,,,,,,,,,,,,,,,,,,,,,,,,,,,,,,,,,,,,,,,,,,,,,,,,,,,,,,,,,,,,,,,,,,,,,,,,,,,,,,,,,,,,,,,,,,,,,,,,,,,,,,,,,,,,,,,,,,,,,,,,,,,,,,,,,,,,,,,,,,,,,,,,,,,,,,,,,,,,,,,,,,,,,,,,,,,,,,,,,,,,,,,,,,,,,,,,,,,,,,,,,,,,,,,,,,,,,,,,,,,,,,,,,,,,,,,,,,,,,,,,,,,,,,,,,,,,,,,,,,,,,,,,,,,,,,,,,,,,,,,,,,,,,,,,,,,,,,,,,,,,,,,,,,,,,,,,,,,,,,,,,,,,,,,,,,,,,,,,,,,,,,,,,,,,,,,,,,,,,,,,,,,,,,,,,,,,,,,,,,,,,,,,,,,,,,,,,,,,,,,,,,,,,,,,,,,,,,,,,,,,,,,,,,,,,,,,,,,,,,,,,,,,,,,,,,,,,,,,,,,,,,,,,,,,,,,,,,,,,,,,,,,,,,,,,,,,,,,,,,,,,,,,,,,,,,,,,,,,,,,,,,,,,,,,,,,,,,,,,,,,,,,,,,,,,,,,,,,,,,,,,,,,,,,,,,,,,,,,,,,,,,,,,,,,,,,,,,,,,,,,,,,,,,,,,,,,,,,,,,,,,,,,,,,,,,,,,,,,,,,,,,,,,,,,,,,,,,,,,,,,,,,
11,900,870,900,900,900.0,1530.0,900.0,900.0,900.0,900.0,2370.0,795.0,855.0,900.0,1080.0,810.0,870.0,900.0,900.0,945.0,900.0,942.0,846.0,900.0,1800.0,900.0,2700.0,870.0,955.0,885.0,810.0,885.0,900.0,900.0,780.0,900.0,900.0,900.0,900.0,870.0,945.0,1425.0,1800.0,911.0,885.0,855.0,900.0,900.0,900.0,900.0,870.0,900.0,900.0,900.0,840.0,900.0,900.0,900.0,900.0,900.0,1605.0,1800.0,1417.0,1305.0,1800.0,900.0,900.0,855.0,900.0,930.0,900.0,900.0,900.0,900.0,900.0,960.0,630.0,825.0,885.0,900.0,840.0,915.0,825.0,1000.0,1482.0,930.0,870.0,900.0,900.0,2700.0,1800.0,765.0,900.0,900.0,900.0,900.0,900.0,900.0,2700.0,1800.0,900.0,900.0,1800.0,840.0,900.0,900.0,1800.0,795.0,900.0,870.0,900.0,966.0,900.0,900.0,810.0,900.0,1800.0,825.0,1065.0,900.0,1800.0,920.0,900.0,900.0,900.0,955.0,900.0,900.0,900.0,900.0,900.0,900.0,855.0,915.0,900.0,900.0,900.0,900.0,900.0,885.0,1425.0,840.0,900.0,900.0,1080.0,900.0,2700.0,735.0,780.0,870.0,900.0,900.0,735.0,900.0,900.0,900.0,1800.0,882.0,2700.0,900.0,870.0,825.0,900.0,1485.0,840.0,1800.0,900.0,900.0,900.0,900.0,900.0,915.0,1500.0,1650.0,900.0,915.0,900.0,1800.0,900.0,900.0,900.0,900.0,1122.0,915.0,900.0,1800.0,900.0,900.0,900.0,951.0,900.0,825.0,1050.0,900.0,3600.0,765.0,1210.0,885.0,1021.0,855.0,1005.0,900.0,3600.0,1305.0,810.0,900.0,900.0,735.0,825.0,885.0,900.0,900.0,825.0,900.0,900.0,3600.0,900.0,1800.0,945.0,1200.0,825.0,900.0,900.0,900.0,900.0,2700.0,900.0,780.0,900.0,900.0,885.0,900.0,900.0,900.0,,,,,,,,,,,,,,,,,,,,,,,,,,,,,,,,,,,,,,,,,,,,,,,,,,,,,,,,,,,,,,,,,,,,,,,,,,,,,,,,,,,,,,,,,,,,,,,,,,,,,,,,,,,,,,,,,,,,,,,,,,,,,,,,,,,,,,,,,,,,,,,,,,,,,,,,,,,,,,,,,,,,,,,,,,,,,,,,,,,,,,,,,,,,,,,,,,,,,,,,,,,,,,,,,,,,,,,,,,,,,,,,,,,,,,,,,,,,,,,,,,,,,,,,,,,,,,,,,,,,,,,,,,,,,,,,,,,,,,,,,,,,,,,,,,,,,,,,,,,,,,,,,,,,,,,,,,,,,,,,,,,,,,,,,,,,,,,,,,,,,,,,,,,,,,,,,,,,,,,,,,,,,,,,,,,,,,,,,,,,,,,,,,,,,,,,,,,,,,,,,,,,,,,,,,,,,,,,,,,,,,,,,,,,,,,,,,,,,,,,,,,,,,,,,,,,,,,,,,,,,,,,,,,,,,,,,,,,,,,,,,,,,,,,,,,,,,,,,,,,,,,,,,,,,,,,,,,,,,,,,,,,,,,,,,,,,,,,,,,,,,,,,,,,,,,,,,,,,,,,,,,,,,,,,,,,,,,,,,,,,,,,,,,,,,,,,,,,,,,,,,,,,,,,,,,,,,,,,,,,,,,,,,,,,,,,,,,,,,,,,,,,,,,,,,,,,,,,,,,,,,,,,,,,,,,,,,,,,,,,,,,,,,,,,,,,,,,,,,,,,,,,,,,,,,,,,,,,,,,,,,,,,,,,,,,,,,,,,,,,,,,,,,,,,,,,,,,,,,,,,,,,,,,,,,,,,,,,,,,,,,,,,,,,,,,,,,,,,,,,,,,,,,,,,,,,,,,,,,,,,,,,,,,,,,,,,,,,,,,,,,,,,,,,,,,,,,,,,,,,,,,,,,,,,,,,,,,,,,,,,,,,,,,,,,,,,,,,,,,,,,,,,,,,,,,,,,,,,,,,,,,,,,,,,,,,,,,,,,,,,,,,,,,,,,,,,,,,,,,,,,,,,,,,,,,,,,,,,,,,,,,,,,,,,,,,,,,,,,,,,,,,,,,,,,,,,,,,,,,,,,,,,,,,,,,,,,,,,,,,,,,,,,,,,,,,,,,,,,,,,,,,,,,,,,,,,,,,,,,,,,,,,,,,,,,,,,,,,,,,,,,,,,,,,,,,,,,,,,,,,,,,,,,,,,,,,,,,,,,,,,,,,,,,,,,,,,,,,,,,,,,,,,,,,,,,,,,,,,,,,,,,,,,,,,,,,,,,,,,,,,,,,,,,,,,,,,,,,,,,,,,,,,,,,,,,,,,,,,,,,,,,,,,,,,,,,,,,,,,,,,,,,,,,,,,,,,,,,,,,,,,,,,,,,,,,,,,,,,,,,,,,,,,,,,,,,,,,,,,,,,,,,,,,,,,,,,,,,,,,,,,,,,,,,,,,,,,,,,,,,,,,,,,
12,1076,900,960,900,960.0,1005.0,825.0,825.0,810.0,900.0,900.0,1800.0,930.0,900.0,1800.0,900.0,915.0,900.0,900.0,900.0,900.0,780.0,900.0,900.0,810.0,826.0,900.0,900.0,855.0,900.0,921.0,855.0,900.0,841.0,908.0,900.0,900.0,870.0,855.0,900.0,900.0,900.0,900.0,900.0,900.0,795.0,855.0,900.0,1155.0,900.0,885.0,1245.0,930.0,855.0,2700.0,840.0,885.0,855.0,900.0,900.0,942.0,810.0,900.0,885.0,1785.0,825.0,643.0,643.0,915.0,1003.0,780.0,958.0,900.0,795.0,1800.0,904.0,900.0,900.0,900.0,900.0,900.0,900.0,900.0,900.0,900.0,900.0,900.0,870.0,900.0,1095.0,1800.0,900.0,930.0,900.0,1800.0,2700.0,898.0,1800.0,1800.0,1800.0,840.0,1230.0,900.0,915.0,900.0,945.0,1800.0,810.0,1335.0,900.0,900.0,900.0,810.0,900.0,840.0,825.0,1381.0,1320.0,1800.0,1800.0,915.0,855.0,1800.0,900.0,900.0,900.0,900.0,900.0,900.0,900.0,900.0,1800.0,900.0,915.0,846.0,900.0,1155.0,900.0,900.0,900.0,1215.0,900.0,900.0,900.0,900.0,870.0,2700.0,855.0,2700.0,900.0,900.0,1800.0,900.0,900.0,900.0,1800.0,645.0,1425.0,900.0,1406.0,900.0,900.0,900.0,900.0,900.0,,,,,,,,,,,,,,,,,,,,,,,,,,,,,,,,,,,,,,,,,,,,,,,,,,,,,,,,,,,,,,,,,,,,,,,,,,,,,,,,,,,,,,,,,,,,,,,,,,,,,,,,,,,,,,,,,,,,,,,,,,,,,,,,,,,,,,,,,,,,,,,,,,,,,,,,,,,,,,,,,,,,,,,,,,,,,,,,,,,,,,,,,,,,,,,,,,,,,,,,,,,,,,,,,,,,,,,,,,,,,,,,,,,,,,,,,,,,,,,,,,,,,,,,,,,,,,,,,,,,,,,,,,,,,,,,,,,,,,,,,,,,,,,,,,,,,,,,,,,,,,,,,,,,,,,,,,,,,,,,,,,,,,,,,,,,,,,,,,,,,,,,,,,,,,,,,,,,,,,,,,,,,,,,,,,,,,,,,,,,,,,,,,,,,,,,,,,,,,,,,,,,,,,,,,,,,,,,,,,,,,,,,,,,,,,,,,,,,,,,,,,,,,,,,,,,,,,,,,,,,,,,,,,,,,,,,,,,,,,,,,,,,,,,,,,,,,,,,,,,,,,,,,,,,,,,,,,,,,,,,,,,,,,,,,,,,,,,,,,,,,,,,,,,,,,,,,,,,,,,,,,,,,,,,,,,,,,,,,,,,,,,,,,,,,,,,,,,,,,,,,,,,,,,,,,,,,,,,,,,,,,,,,,,,,,,,,,,,,,,,,,,,,,,,,,,,,,,,,,,,,,,,,,,,,,,,,,,,,,,,,,,,,,,,,,,,,,,,,,,,,,,,,,,,,,,,,,,,,,,,,,,,,,,,,,,,,,,,,,,,,,,,,,,,,,,,,,,,,,,,,,,,,,,,,,,,,,,,,,,,,,,,,,,,,,,,,,,,,,,,,,,,,,,,,,,,,,,,,,,,,,,,,,,,,,,,,,,,,,,,,,,,,,,,,,,,,,,,,,,,,,,,,,,,,,,,,,,,,,,,,,,,,,,,,,,,,,,,,,,,,,,,,,,,,,,,,,,,,,,,,,,,,,,,,,,,,,,,,,,,,,,,,,,,,,,,,,,,,,,,,,,,,,,,,,,,,,,,,,,,,,,,,,,,,,,,,,,,,,,,,,,,,,,,,,,,,,,,,,,,,,,,,,,,,,,,,,,,,,,,,,,,,,,,,,,,,,,,,,,,,,,,,,,,,,,,,,,,,,,,,,,,,,,,,,,,,,,,,,,,,,,,,,,,,,,,,,,,,,,,,,,,,,,,,,,,,,,,,,,,,,,,,,,,,,,,,,,,,,,,,,,,,,,,,,,,,,,,,,,,,,,,,,,,,,,,,,,,,,,,,,,,,,,,,,,,,,,,,,,,,,,,,,,,,,,,,,,,,,,,,,,,,,,,,,,,,,,,,,,,,,,,,,,,,,,,,,,,,,,,,,,,,,,,,,,,,,,,,,,,,,,,,,,,,,,,,,,,,,,,,,,,,,,,,,,,,,,,,,,,,,,,,,,,,,,,,,,,,,,,,,,,,,,,,,,,,,,,,,,,,,,,,,,,,,,,,,,,,,,,,,,,,,,,,,,,,,,,,,,,,,,,,,,,,,,,,,,
13,765,955,1800,900,927.0,765.0,810.0,915.0,870.0,810.0,900.0,1800.0,900.0,855.0,3600.0,900.0,1800.0,900.0,1046.0,900.0,855.0,1800.0,900.0,1125.0,900.0,900.0,900.0,2700.0,2700.0,855.0,825.0,900.0,840.0,810.0,900.0,885.0,900.0,4500.0,900.0,900.0,900.0,1800.0,851.0,900.0,900.0,900.0,900.0,900.0,900.0,900.0,900.0,900.0,900.0,1800.0,1470.0,900.0,900.0,1800.0,900.0,900.0,900.0,990.0,1800.0,900.0,4500.0,827.0,900.0,900.0,930.0,1800.0,900.0,900.0,900.0,885.0,1800.0,1800.0,885.0,810.0,885.0,1800.0,1800.0,1378.0,1065.0,1155.0,930.0,900.0,900.0,900.0,4500.0,825.0,900.0,1800.0,900.0,900.0,900.0,1800.0,900.0,900.0,840.0,900.0,840.0,900.0,645.0,1800.0,900.0,900.0,868.0,945.0,900.0,840.0,2595.0,1284.0,1800.0,900.0,900.0,855.0,1800.0,870.0,900.0,900.0,765.0,900.0,900.0,900.0,900.0,900.0,900.0,1800.0,915.0,900.0,1020.0,900.0,900.0,900.0,974.0,1800.0,915.0,900.0,900.0,2700.0,920.0,861.0,900.0,900.0,900.0,1800.0,900.0,1800.0,900.0,900.0,795.0,1800.0,1125.0,855.0,2700.0,870.0,1350.0,900.0,1800.0,900.0,2700.0,900.0,900.0,900.0,900.0,1800.0,900.0,900.0,1200.0,900.0,900.0,956.0,1875.0,1635.0,600.0,896.0,930.0,885.0,1800.0,7200.0,900.0,900.0,735.0,900.0,1095.0,1335.0,1800.0,645.0,885.0,900.0,900.0,900.0,900.0,2700.0,2700.0,735.0,810.0,825.0,1800.0,2700.0,900.0,1800.0,900.0,1800.0,795.0,795.0,900.0,825.0,846.0,900.0,3600.0,1802.0,1800.0,900.0,1800.0,900.0,1800.0,1530.0,840.0,1110.0,900.0,900.0,1800.0,900.0,1800.0,900.0,750.0,900.0,960.0,900.0,900.0,900.0,3600.0,900.0,900.0,900.0,900.0,900.0,900.0,900.0,1110.0,900.0,900.0,900.0,900.0,990.0,1800.0,1800.0,938.0,1110.0,870.0,900.0,900.0,1245.0,945.0,2700.0,825.0,825.0,1800.0,900.0,,,,,,,,,,,,,,,,,,,,,,,,,,,,,,,,,,,,,,,,,,,,,,,,,,,,,,,,,,,,,,,,,,,,,,,,,,,,,,,,,,,,,,,,,,,,,,,,,,,,,,,,,,,,,,,,,,,,,,,,,,,,,,,,,,,,,,,,,,,,,,,,,,,,,,,,,,,,,,,,,,,,,,,,,,,,,,,,,,,,,,,,,,,,,,,,,,,,,,,,,,,,,,,,,,,,,,,,,,,,,,,,,,,,,,,,,,,,,,,,,,,,,,,,,,,,,,,,,,,,,,,,,,,,,,,,,,,,,,,,,,,,,,,,,,,,,,,,,,,,,,,,,,,,,,,,,,,,,,,,,,,,,,,,,,,,,,,,,,,,,,,,,,,,,,,,,,,,,,,,,,,,,,,,,,,,,,,,,,,,,,,,,,,,,,,,,,,,,,,,,,,,,,,,,,,,,,,,,,,,,,,,,,,,,,,,,,,,,,,,,,,,,,,,,,,,,,,,,,,,,,,,,,,,,,,,,,,,,,,,,,,,,,,,,,,,,,,,,,,,,,,,,,,,,,,,,,,,,,,,,,,,,,,,,,,,,,,,,,,,,,,,,,,,,,,,,,,,,,,,,,,,,,,,,,,,,,,,,,,,,,,,,,,,,,,,,,,,,,,,,,,,,,,,,,,,,,,,,,,,,,,,,,,,,,,,,,,,,,,,,,,,,,,,,,,,,,,,,,,,,,,,,,,,,,,,,,,,,,,,,,,,,,,,,,,,,,,,,,,,,,,,,,,,,,,,,,,,,,,,,,,,,,,,,,,,,,,,,,,,,,,,,,,,,,,,,,,,,,,,,,,,,,,,,,,,,,,,,,,,,,,,,,,,,,,,,,,,,,,,,,,,,,,,,,,,,,,,,,,,,,,,,,,,,,,,,,,,,,,,,,,,,,,,,,,,,,,,,,,,,,,,,,,,,,,,,,,,,,,,,,,,,,,,,,,,,,,,,,,,,,,,,,,,,,,,,,,,,,,,,,,,,,,,,,,,,,,,,,,,,,,,,,,,,,,,,,,,,,,,,,,,,,,,,,,,,,,,,,,,,,,,,,,,,,,,,,,,,,,,,,,,,,,,,,,,,,,,,,,,,,,,,,,,,,,,,,,,,,,,,,,,,,,,,,,,,,,,,,,,,,,,,,,,,,,,,,,,,,,,,,,,,,,,,,,,,,,,,,,,,,,,,,,,,,,,,,,,,,,,,,,,,,,,,,,,,,,,,,,,,,,,,,,,,,,,,,,,,,,,,,,,,,,,,,,,,,,,,,,,,,,,,,,,,,,,,,,,,,,,,,,,,,,,,,,,,,,,,,,,,,,,,,,,,,,,,,,,,,,,,,,,,,,,,,,,,,,,,,,,,,,,,,,,,,,,,,,,,,,,,,,,,,,,,,,,,,,,,,,,,,,,,,,,,,,,,,,,,,,,,,,,,,,,,,,,,,,,,,,,,
14,900,874,900,900,4500.0,900.0,765.0,870.0,900.0,900.0,900.0,900.0,900.0,915.0,900.0,900.0,990.0,900.0,900.0,1800.0,1215.0,930.0,900.0,750.0,900.0,900.0,900.0,3600.0,1800.0,870.0,900.0,885.0,1365.0,870.0,900.0,900.0,1259.0,645.0,840.0,1800.0,1260.0,1800.0,900.0,735.0,885.0,1545.0,900.0,1800.0,915.0,900.0,900.0,1005.0,1335.0,900.0,900.0,1380.0,900.0,900.0,900.0,900.0,1905.0,825.0,900.0,900.0,900.0,900.0,900.0,900.0,900.0,900.0,1425.0,900.0,900.0,900.0,855.0,855.0,1080.0,900.0,900.0,960.0,900.0,795.0,900.0,900.0,690.0,750.0,2700.0,900.0,900.0,900.0,900.0,870.0,735.0,900.0,900.0,900.0,2700.0,900.0,900.0,1260.0,901.0,900.0,1800.0,1800.0,900.0,1215.0,3600.0,900.0,900.0,1253.0,1800.0,900.0,900.0,855.0,989.0,900.0,900.0,900.0,900.0,1800.0,900.0,900.0,900.0,855.0,900.0,1245.0,900.0,900.0,900.0,1800.0,900.0,900.0,825.0,896.0,900.0,720.0,900.0,900.0,900.0,1800.0,900.0,900.0,840.0,900.0,900.0,900.0,1800.0,959.0,900.0,900.0,825.0,900.0,900.0,900.0,900.0,900.0,855.0,900.0,870.0,1485.0,810.0,900.0,945.0,900.0,975.0,1800.0,900.0,900.0,900.0,900.0,9000.0,1800.0,900.0,900.0,900.0,900.0,1050.0,900.0,840.0,930.0,945.0,900.0,900.0,900.0,870.0,900.0,900.0,900.0,900.0,900.0,900.0,900.0,750.0,900.0,894.0,885.0,1800.0,870.0,900.0,1455.0,900.0,900.0,900.0,900.0,1065.0,900.0,5400.0,840.0,900.0,1800.0,900.0,2700.0,1065.0,900.0,885.0,900.0,900.0,1800.0,900.0,900.0,977.0,1800.0,1065.0,900.0,1125.0,1335.0,900.0,900.0,2700.0,900.0,1005.0,1800.0,900.0,900.0,885.0,3600.0,900.0,900.0,900.0,900.0,900.0,900.0,1305.0,945.0,1275.0,900.0,855.0,5400.0,885.0,900.0,956.0,900.0,2700.0,900.0,910.0,900.0,885.0,900.0,690.0,1800.0,1545.0,900.0,900.0,900.0,900.0,1800.0,900.0,1800.0,990.0,765.0,900.0,900.0,900.0,3600.0,1800.0,900.0,825.0,3600.0,1320.0,1005.0,904.0,735.0,900.0,900.0,900.0,735.0,900.0,971.0,930.0,900.0,900.0,900.0,900.0,900.0,900.0,1005.0,900.0,1320.0,900.0,1515.0,900.0,900.0,900.0,1800.0,7200.0,900.0,900.0,900.0,1020.0,750.0,825.0,900.0,900.0,900.0,900.0,900.0,1095.0,900.0,900.0,1800.0,900.0,900.0,1965.0,1800.0,900.0,900.0,900.0,855.0,900.0,900.0,900.0,900.0,900.0,1800.0,1170.0,900.0,885.0,2700.0,1215.0,900.0,870.0,900.0,900.0,930.0,900.0,1800.0,900.0,900.0,1065.0,900.0,900.0,900.0,795.0,900.0,1560.0,1800.0,900.0,900.0,1800.0,900.0,1360.0,900.0,840.0,900.0,900.0,795.0,900.0,900.0,900.0,900.0,900.0,900.0,795.0,2700.0,990.0,900.0,900.0,1800.0,900.0,916.0,1800.0,900.0,990.0,900.0,915.0,1020.0,5400.0,883.0,900.0,660.0,900.0,900.0,900.0,5400.0,900.0,900.0,900.0,900.0,900.0,900.0,2190.0,2130.0,900.0,1800.0,2700.0,900.0,900.0,1800.0,1800.0,900.0,900.0,900.0,810.0,900.0,900.0,900.0,1800.0,900.0,900.0,6300.0,900.0,1800.0,1800.0,765.0,885.0,900.0,900.0,900.0,1305.0,1140.0,622.0,1800.0,900.0,900.0,1800.0,900.0,900.0,900.0,900.0,2700.0,900.0,2700.0,900.0,750.0,1800.0,900.0,,,,,,,,,,,,,,,,,,,,,,,,,,,,,,,,,,,,,,,,,,,,,,,,,,,,,,,,,,,,,,,,,,,,,,,,,,,,,,,,,,,,,,,,,,,,,,,,,,,,,,,,,,,,,,,,,,,,,,,,,,,,,,,,,,,,,,,,,,,,,,,,,,,,,,,,,,,,,,,,,,,,,,,,,,,,,,,,,,,,,,,,,,,,,,,,,,,,,,,,,,,,,,,,,,,,,,,,,,,,,,,,,,,,,,,,,,,,,,,,,,,,,,,,,,,,,,,,,,,,,,,,,,,,,,,,,,,,,,,,,,,,,,,,,,,,,,,,,,,,,,,,,,,,,,,,,,,,,,,,,,,,,,,,,,,,,,,,,,,,,,,,,,,,,,,,,,,,,,,,,,,,,,,,,,,,,,,,,,,,,,,,,,,,,,,,,,,,,,,,,,,,,,,,,,,,,,,,,,,,,,,,,,,,,,,,,,,,,,,,,,,,,,,,,,,,,,,,,,,,,,,,,,,,,,,,,,,,,,,,,,,,,,,,,,,,,,,,,,,,,,,,,,,,,,,,,,,,,,,,,,,,,,,,,,,,,,,,,,,,,,,,,,,,,,,,,,,,,,,,,,,,,,,,,,,,,,,,,,,,,,,,,,,,,,,,,,,,,,,,,,,,,,,,,,,,,,,,,,,,,,,,,,,,,,,,,,,,,,,,,,,,,,,,,,,,,,,,,,,,,,,,,,,,,,,,,,,,,,,,,,,,,,,,,,,,,,,,,,,,,,,,,,,,,,,,,,,,,,,,,,,,,,,,,,,,,,,,,,,,,,,,,,,,,,,,,,,,,,,,,,,,,,,,,,,,,,,,,,,,,,,,,,,,,,,,,,,,,,,,,,,,,,,,,,,,,,,,,,,,,,,,,,,,,,,,,,,,,,,,,,,,,,,,,,,,,,,,,,,,,,,,,,,,,,,,,,,,,,,,,,,,,,,,,,,,,,,,,,,,,,,,,,,,,,,,,,,,,,,,,,,,,,,,,,,,,,,,,,,,,,,,,,,,,,,,,,,,,,,,,,,,,,,,,,,,,,,,,,,,,,,,,,,,,,,,,,,,,,,,,,,,,,,,,,,,,,,,,,,,,,,,,,,,,,,,,,,,,,,,,,,,,,,,,,,,,,,,,,,,,,,,,,,,,,,,,,,,,,,,,,,,,,,,,,,,,,,,,,,,,,,,,,,,,,,,,,,,,,,,,,,,,,,,,,,,,,,,,,,,,,,,,,,,,,,,,,,
15,855,900,900,900,900.0,900.0,849.0,915.0,885.0,780.0,900.0,900.0,900.0,750.0,840.0,900.0,795.0,900.0,900.0,750.0,900.0,1035.0,900.0,900.0,1800.0,900.0,1020.0,900.0,900.0,900.0,900.0,1800.0,900.0,900.0,750.0,1440.0,923.0,900.0,900.0,1800.0,900.0,900.0,900.0,900.0,1800.0,900.0,900.0,900.0,900.0,900.0,900.0,900.0,2700.0,1800.0,1530.0,900.0,705.0,900.0,900.0,900.0,885.0,900.0,900.0,855.0,900.0,900.0,915.0,1800.0,795.0,855.0,900.0,1176.0,900.0,870.0,900.0,2700.0,720.0,645.0,810.0,960.0,1800.0,957.0,900.0,900.0,2700.0,900.0,900.0,900.0,900.0,900.0,900.0,900.0,900.0,900.0,900.0,840.0,900.0,900.0,900.0,900.0,1800.0,825.0,900.0,900.0,900.0,900.0,900.0,1468.0,900.0,1141.0,900.0,900.0,900.0,900.0,900.0,900.0,900.0,900.0,1800.0,900.0,900.0,900.0,1080.0,900.0,900.0,900.0,900.0,900.0,3600.0,900.0,900.0,900.0,900.0,900.0,780.0,900.0,900.0,900.0,900.0,900.0,900.0,900.0,900.0,1800.0,855.0,900.0,1800.0,900.0,900.0,1800.0,1095.0,1800.0,1800.0,900.0,1155.0,900.0,1800.0,900.0,1125.0,1800.0,1800.0,885.0,1800.0,840.0,1095.0,900.0,795.0,900.0,2700.0,900.0,900.0,900.0,900.0,795.0,900.0,885.0,900.0,900.0,1800.0,1800.0,900.0,900.0,870.0,900.0,900.0,900.0,900.0,2700.0,900.0,900.0,900.0,900.0,1260.0,870.0,900.0,900.0,885.0,885.0,960.0,900.0,900.0,840.0,855.0,900.0,900.0,3600.0,1065.0,900.0,900.0,900.0,945.0,900.0,858.0,900.0,1800.0,1523.0,900.0,900.0,1444.0,900.0,1605.0,1320.0,900.0,900.0,2700.0,900.0,1170.0,900.0,900.0,780.0,900.0,900.0,900.0,900.0,900.0,900.0,1050.0,1800.0,900.0,900.0,900.0,765.0,810.0,1800.0,900.0,1800.0,870.0,900.0,855.0,1800.0,1800.0,900.0,900.0,900.0,900.0,900.0,795.0,1109.0,930.0,2700.0,900.0,885.0,900.0,900.0,765.0,900.0,870.0,825.0,900.0,900.0,900.0,900.0,900.0,900.0,900.0,900.0,900.0,900.0,900.0,900.0,1800.0,900.0,900.0,900.0,900.0,900.0,1800.0,900.0,1800.0,900.0,900.0,795.0,1800.0,900.0,900.0,900.0,2700.0,1046.0,1800.0,900.0,900.0,1695.0,1800.0,900.0,6300.0,1035.0,900.0,1048.0,900.0,900.0,1800.0,1614.0,900.0,900.0,900.0,795.0,900.0,900.0,1800.0,1800.0,840.0,1800.0,900.0,900.0,900.0,900.0,900.0,900.0,900.0,900.0,900.0,855.0,900.0,900.0,840.0,915.0,900.0,645.0,824.0,1800.0,825.0,900.0,900.0,975.0,900.0,900.0,1800.0,900.0,900.0,900.0,900.0,900.0,2700.0,900.0,846.0,1800.0,900.0,900.0,900.0,705.0,1170.0,900.0,840.0,900.0,900.0,900.0,1095.0,825.0,900.0,900.0,900.0,900.0,900.0,870.0,900.0,1170.0,900.0,645.0,1800.0,1054.0,1800.0,900.0,,,,,,,,,,,,,,,,,,,,,,,,,,,,,,,,,,,,,,,,,,,,,,,,,,,,,,,,,,,,,,,,,,,,,,,,,,,,,,,,,,,,,,,,,,,,,,,,,,,,,,,,,,,,,,,,,,,,,,,,,,,,,,,,,,,,,,,,,,,,,,,,,,,,,,,,,,,,,,,,,,,,,,,,,,,,,,,,,,,,,,,,,,,,,,,,,,,,,,,,,,,,,,,,,,,,,,,,,,,,,,,,,,,,,,,,,,,,,,,,,,,,,,,,,,,,,,,,,,,,,,,,,,,,,,,,,,,,,,,,,,,,,,,,,,,,,,,,,,,,,,,,,,,,,,,,,,,,,,,,,,,,,,,,,,,,,,,,,,,,,,,,,,,,,,,,,,,,,,,,,,,,,,,,,,,,,,,,,,,,,,,,,,,,,,,,,,,,,,,,,,,,,,,,,,,,,,,,,,,,,,,,,,,,,,,,,,,,,,,,,,,,,,,,,,,,,,,,,,,,,,,,,,,,,,,,,,,,,,,,,,,,,,,,,,,,,,,,,,,,,,,,,,,,,,,,,,,,,,,,,,,,,,,,,,,,,,,,,,,,,,,,,,,,,,,,,,,,,,,,,,,,,,,,,,,,,,,,,,,,,,,,,,,,,,,,,,,,,,,,,,,,,,,,,,,,,,,,,,,,,,,,,,,,,,,,,,,,,,,,,,,,,,,,,,,,,,,,,,,,,,,,,,,,,,,,,,,,,,,,,,,,,,,,,,,,,,,,,,,,,,,,,,,,,,,,,,,,,,,,,,,,,,,,,,,,,,,,,,,,,,,,,,,,,,,,,,,,,,,,,,,,,,,,,,,,,,,,,,,,,,,,,,,,,,,,,,,,,,,,,,,,,,,,,,,,,,,,,,,,,,,,,,,,,,,,,,,,,,,,,,,,,,,,,,,,,,,,,,,,,,,,,,,,,,,,,,,,,,,,,,,,,,,,,,,,,,,,,,,,,,,,,,,,,,,,,,,,,,,,,,,,,,,,,,,,,,,,,,,,,,,,,,,,,,,,,,,,,,,,,,,,,,,,,,,,,,,,,,,,,,,,,,,,,,,,,,,,,,,,,,,,,,,,,,,,,,,,,,,,,,,,,,,,,,,,,,,,,,,,,,,,,,,,,,,,,,,,,,,,,,,,,,,,,,,,,,,,,,,,,,,,,,,,,,,,,,,,,,,,,,,,,,,,,,,,,,,,,,,,,,,,,,,,,,,,,,,,,,,,,,,,,,,,,,,,,,,,,,,,,,,,,,,,,,,,,,,,,,,,,,,,,,,,,,,,,,,,,,,,,,,,,,,,,,,,,,,,,,,
16,900,937,900,870,900.0,900.0,960.0,900.0,1800.0,900.0,870.0,900.0,840.0,1155.0,1230.0,1800.0,1005.0,1035.0,900.0,900.0,895.0,1800.0,900.0,1800.0,868.0,900.0,900.0,1800.0,900.0,900.0,900.0,900.0,900.0,900.0,900.0,900.0,900.0,900.0,1099.0,2700.0,900.0,840.0,873.0,1800.0,900.0,1020.0,1800.0,981.0,900.0,900.0,900.0,900.0,825.0,900.0,870.0,2700.0,900.0,900.0,900.0,900.0,900.0,900.0,870.0,900.0,900.0,900.0,765.0,900.0,900.0,900.0,900.0,900.0,900.0,1800.0,900.0,900.0,1800.0,900.0,900.0,900.0,1800.0,900.0,900.0,900.0,900.0,735.0,900.0,1800.0,870.0,900.0,900.0,900.0,900.0,961.0,2700.0,915.0,900.0,3600.0,900.0,1005.0,900.0,900.0,1800.0,900.0,900.0,780.0,900.0,900.0,900.0,900.0,900.0,900.0,900.0,900.0,900.0,900.0,900.0,900.0,2700.0,900.0,900.0,900.0,900.0,960.0,1800.0,1005.0,750.0,825.0,900.0,1800.0,900.0,825.0,900.0,900.0,900.0,1800.0,900.0,900.0,900.0,1800.0,885.0,1800.0,2700.0,900.0,900.0,900.0,900.0,11700.0,900.0,885.0,1110.0,900.0,900.0,885.0,900.0,1800.0,900.0,1013.0,900.0,900.0,900.0,900.0,975.0,975.0,855.0,900.0,900.0,900.0,1800.0,2700.0,6300.0,959.0,2700.0,900.0,1200.0,856.0,900.0,900.0,1800.0,900.0,900.0,900.0,1800.0,1116.0,900.0,1335.0,900.0,810.0,900.0,900.0,1800.0,900.0,900.0,900.0,900.0,900.0,765.0,855.0,1125.0,855.0,1800.0,1800.0,900.0,975.0,2700.0,990.0,1365.0,900.0,2700.0,900.0,900.0,855.0,900.0,3600.0,900.0,870.0,900.0,915.0,2700.0,900.0,900.0,765.0,900.0,825.0,4500.0,900.0,900.0,900.0,945.0,960.0,900.0,906.0,930.0,900.0,900.0,810.0,2700.0,900.0,900.0,2700.0,1305.0,795.0,1800.0,915.0,885.0,900.0,900.0,900.0,900.0,1800.0,900.0,900.0,690.0,900.0,690.0,1800.0,900.0,1800.0,900.0,7200.0,900.0,900.0,630.0,1125.0,870.0,1155.0,900.0,765.0,984.0,900.0,900.0,795.0,1125.0,855.0,900.0,900.0,900.0,900.0,900.0,825.0,1800.0,3600.0,855.0,958.0,900.0,900.0,1800.0,1800.0,1230.0,900.0,1485.0,900.0,900.0,900.0,720.0,900.0,900.0,900.0,900.0,1080.0,900.0,7200.0,900.0,1125.0,2505.0,900.0,900.0,900.0,1800.0,900.0,900.0,900.0,863.0,1800.0,900.0,900.0,2700.0,900.0,1725.0,900.0,900.0,2700.0,900.0,900.0,1800.0,1179.0,900.0,900.0,900.0,1005.0,900.0,3600.0,900.0,900.0,900.0,900.0,1800.0,900.0,900.0,3600.0,900.0,900.0,900.0,900.0,900.0,900.0,900.0,900.0,900.0,4500.0,900.0,900.0,840.0,900.0,900.0,915.0,900.0,900.0,907.0,900.0,810.0,928.0,865.0,900.0,3600.0,900.0,1800.0,900.0,900.0,900.0,900.0,900.0,900.0,900.0,900.0,803.0,900.0,900.0,900.0,1800.0,900.0,900.0,900.0,900.0,1800.0,900.0,900.0,900.0,840.0,900.0,1800.0,900.0,947.0,900.0,810.0,825.0,900.0,900.0,3600.0,900.0,900.0,900.0,945.0,645.0,900.0,1800.0,900.0,900.0,1800.0,900.0,3600.0,885.0,,,,,,,,,,,,,,,,,,,,,,,,,,,,,,,,,,,,,,,,,,,,,,,,,,,,,,,,,,,,,,,,,,,,,,,,,,,,,,,,,,,,,,,,,,,,,,,,,,,,,,,,,,,,,,,,,,,,,,,,,,,,,,,,,,,,,,,,,,,,,,,,,,,,,,,,,,,,,,,,,,,,,,,,,,,,,,,,,,,,,,,,,,,,,,,,,,,,,,,,,,,,,,,,,,,,,,,,,,,,,,,,,,,,,,,,,,,,,,,,,,,,,,,,,,,,,,,,,,,,,,,,,,,,,,,,,,,,,,,,,,,,,,,,,,,,,,,,,,,,,,,,,,,,,,,,,,,,,,,,,,,,,,,,,,,,,,,,,,,,,,,,,,,,,,,,,,,,,,,,,,,,,,,,,,,,,,,,,,,,,,,,,,,,,,,,,,,,,,,,,,,,,,,,,,,,,,,,,,,,,,,,,,,,,,,,,,,,,,,,,,,,,,,,,,,,,,,,,,,,,,,,,,,,,,,,,,,,,,,,,,,,,,,,,,,,,,,,,,,,,,,,,,,,,,,,,,,,,,,,,,,,,,,,,,,,,,,,,,,,,,,,,,,,,,,,,,,,,,,,,,,,,,,,,,,,,,,,,,,,,,,,,,,,,,,,,,,,,,,,,,,,,,,,,,,,,,,,,,,,,,,,,,,,,,,,,,,,,,,,,,,,,,,,,,,,,,,,,,,,,,,,,,,,,,,,,,,,,,,,,,,,,,,,,,,,,,,,,,,,,,,,,,,,,,,,,,,,,,,,,,,,,,,,,,,,,,,,,,,,,,,,,,,,,,,,,,,,,,,,,,,,,,,,,,,,,,,,,,,,,,,,,,,,,,,,,,,,,,,,,,,,,,,,,,,,,,,,,,,,,,,,,,,,,,,,,,,,,,,,,,,,,,,,,,,,,,,,,,,,,,,,,,,,,,,,,,,,,,,,,,,,,,,,,,,,,,,,,,,,,,,,,,,,,,,,,,,,,,,,,,,,,,,,,,,,,,,,,,,,,,,,,,,,,,,,,,,,,,,,,,,,,,,,,,,,,,,,,,,,,,,,,,,,,,,,,,,,,,,,,,,,,,,,,,,,,,,,,,,,,,,,,,,,,,,,,,,,,,,,,,,,,,,,,,,,,,,,,,,,,,,,,,,,,,,,,,,,,,,,,,,,,,,,,,,,,,,,,,,,,,,,,,,,,,,,,,,,,,,,,,,,,,,,,,,,,,,,,,,,,,,,,,,,,,,,,,,,,,,,,,,,,,,,,,,,,,,,,,,,,,,,,,,,,
17,900,900,2700,900,900.0,1260.0,900.0,900.0,1800.0,750.0,900.0,900.0,4500.0,1800.0,1800.0,900.0,900.0,900.0,900.0,900.0,900.0,810.0,1170.0,885.0,1800.0,900.0,1185.0,931.0,1800.0,900.0,720.0,1736.0,870.0,1800.0,900.0,900.0,900.0,900.0,886.0,900.0,900.0,900.0,900.0,900.0,2700.0,900.0,2700.0,900.0,930.0,900.0,900.0,900.0,900.0,900.0,900.0,900.0,1800.0,900.0,900.0,900.0,900.0,900.0,765.0,900.0,900.0,960.0,900.0,1800.0,1350.0,1800.0,915.0,900.0,900.0,900.0,900.0,900.0,900.0,900.0,900.0,840.0,4500.0,900.0,900.0,900.0,900.0,795.0,900.0,855.0,4500.0,900.0,900.0,885.0,900.0,900.0,900.0,900.0,900.0,900.0,855.0,1800.0,900.0,900.0,705.0,900.0,900.0,915.0,900.0,900.0,900.0,1800.0,900.0,900.0,900.0,1245.0,900.0,900.0,1800.0,885.0,900.0,900.0,870.0,900.0,900.0,900.0,915.0,900.0,1005.0,900.0,675.0,900.0,1800.0,1800.0,1175.0,900.0,810.0,900.0,900.0,885.0,4500.0,900.0,1800.0,885.0,900.0,1800.0,900.0,900.0,900.0,900.0,930.0,915.0,705.0,900.0,900.0,900.0,900.0,900.0,900.0,900.0,900.0,900.0,900.0,900.0,900.0,6300.0,900.0,900.0,900.0,840.0,900.0,900.0,900.0,900.0,1020.0,900.0,900.0,5400.0,900.0,900.0,900.0,900.0,900.0,900.0,900.0,900.0,1800.0,900.0,930.0,900.0,900.0,900.0,900.0,900.0,870.0,900.0,900.0,1800.0,900.0,900.0,900.0,900.0,1800.0,900.0,900.0,1800.0,900.0,900.0,1800.0,900.0,900.0,900.0,900.0,900.0,900.0,900.0,900.0,1230.0,900.0,900.0,900.0,900.0,900.0,900.0,900.0,900.0,915.0,900.0,900.0,3600.0,1035.0,900.0,1800.0,900.0,1020.0,900.0,900.0,900.0,900.0,1065.0,900.0,900.0,900.0,900.0,810.0,1800.0,900.0,900.0,900.0,900.0,810.0,900.0,900.0,900.0,1800.0,900.0,956.0,900.0,900.0,900.0,900.0,900.0,795.0,900.0,900.0,4500.0,900.0,900.0,900.0,900.0,900.0,900.0,1800.0,2700.0,900.0,900.0,900.0,1185.0,1800.0,900.0,900.0,900.0,900.0,900.0,1800.0,1215.0,1800.0,2700.0,900.0,2700.0,900.0,855.0,1800.0,900.0,900.0,900.0,900.0,900.0,1050.0,840.0,900.0,900.0,900.0,979.0,900.0,900.0,1106.0,3600.0,1800.0,900.0,900.0,900.0,900.0,900.0,1128.0,900.0,870.0,900.0,900.0,810.0,900.0,840.0,1800.0,900.0,900.0,1065.0,900.0,1800.0,900.0,900.0,3600.0,900.0,1800.0,825.0,900.0,900.0,1800.0,900.0,1800.0,900.0,900.0,1035.0,900.0,735.0,900.0,900.0,900.0,1800.0,2700.0,900.0,900.0,1335.0,1800.0,870.0,900.0,900.0,900.0,900.0,900.0,881.0,900.0,900.0,900.0,900.0,900.0,900.0,900.0,855.0,900.0,900.0,900.0,885.0,900.0,900.0,900.0,900.0,825.0,900.0,900.0,900.0,900.0,4500.0,1800.0,900.0,900.0,900.0,1800.0,900.0,2700.0,795.0,1230.0,4500.0,900.0,930.0,900.0,900.0,900.0,2700.0,900.0,1800.0,900.0,900.0,885.0,900.0,900.0,900.0,900.0,900.0,2700.0,900.0,900.0,3600.0,1275.0,900.0,900.0,900.0,1800.0,900.0,1140.0,810.0,1800.0,960.0,900.0,900.0,1800.0,900.0,1800.0,900.0,1800.0,972.0,900.0,1800.0,645.0,900.0,1800.0,900.0,1335.0,900.0,1800.0,900.0,960.0,840.0,1800.0,900.0,1065.0,900.0,900.0,900.0,3600.0,885.0,3600.0,900.0,960.0,900.0,900.0,900.0,900.0,900.0,900.0,900.0,900.0,900.0,900.0,900.0,900.0,1245.0,900.0,900.0,3600.0,1092.0,1800.0,900.0,900.0,900.0,900.0,1773.0,855.0,900.0,900.0,900.0,943.0,900.0,900.0,1500.0,900.0,900.0,900.0,900.0,900.0,900.0,825.0,900.0,855.0,900.0,900.0,900.0,1800.0,900.0,4500.0,900.0,1155.0,1057.0,900.0,1080.0,720.0,900.0,900.0,900.0,1800.0,1361.0,2700.0,945.0,2700.0,900.0,1800.0,4500.0,900.0,1800.0,900.0,900.0,900.0,900.0,1800.0,872.0,998.0,900.0,4500.0,900.0,975.0,900.0,900.0,900.0,900.0,900.0,900.0,900.0,2700.0,900.0,900.0,900.0,900.0,900.0,900.0,900.0,900.0,900.0,840.0,2700.0,900.0,900.0,900.0,2700.0,900.0,900.0,1305.0,900.0,900.0,900.0,900.0,900.0,900.0,600.0,900.0,900.0,900.0,1800.0,900.0,900.0,900.0,1800.0,935.0,900.0,885.0,900.0,900.0,900.0,900.0,900.0,870.0,900.0,870.0,900.0,900.0,900.0,900.0,900.0,4500.0,900.0,900.0,900.0,1800.0,3600.0,900.0,900.0,1800.0,900.0,900.0,900.0,900.0,1170.0,1800.0,2700.0,900.0,900.0,900.0,900.0,900.0,900.0,900.0,645.0,900.0,900.0,900.0,1800.0,1114.0,1800.0,900.0,900.0,3600.0,900.0,900.0,900.0,900.0,900.0,3600.0,900.0,870.0,885.0,900.0,900.0,900.0,900.0,900.0,900.0,900.0,1800.0,945.0,919.0,900.0,900.0,1800.0,5400.0,900.0,900.0,1800.0,900.0,900.0,900.0,900.0,855.0,900.0,900.0,900.0,1800.0,915.0,900.0,1800.0,900.0,900.0,960.0,900.0,900.0,900.0,900.0,885.0,900.0,900.0,900.0,900.0,1800.0,900.0,900.0,900.0,900.0,2700.0,900.0,900.0,900.0,900.0,900.0,900.0,900.0,1800.0,1800.0,900.0,900.0,1800.0,990.0,900.0,2700.0,900.0,4500.0,900.0,900.0,900.0,900.0,1800.0,810.0,900.0,900.0,940.0,900.0,900.0,1800.0,7200.0,930.0,900.0,900.0,900.0,900.0,900.0,900.0,4500.0,2700.0,900.0,900.0,1605.0,900.0,900.0,900.0,900.0,2700.0,900.0,900.0,900.0,900.0,2700.0,900.0,956.0,900.0,900.0,900.0,900.0,900.0,900.0,1800.0,900.0,900.0,870.0,900.0,1800.0,900.0,885.0,915.0,900.0,900.0,855.0,3600.0,900.0,3600.0,945.0,1095.0,825.0,900.0,900.0,858.0,903.0,1800.0,900.0,900.0,1110.0,900.0,900.0,900.0,900.0,900.0,900.0,974.0,960.0,900.0,900.0,900.0,900.0,900.0,1158.0,900.0,900.0,975.0,900.0,900.0,900.0,1800.0,900.0,9900.0,900.0,1800.0,3600.0,4500.0,1800.0,855.0,900.0,795.0,900.0,900.0,900.0,885.0,900.0,900.0,900.0,780.0,6300.0,900.0,1800.0,900.0,1118.0,2700.0,3600.0,1410.0,1800.0,3600.0,900.0,900.0,2700.0,870.0,900.0,825.0,2700.0,900.0,870.0,900.0,1680.0,900.0,825.0,870.0,870.0,900.0,900.0,900.0,840.0,870.0,900.0,900.0,1800.0,900.0,1094.0,900.0,900.0,900.0,900.0,1800.0,900.0,735.0,900.0,1800.0,900.0,1800.0,1800.0,1065.0,900.0,900.0,900.0,900.0,900.0,855.0,870.0,900.0,900.0,836.0,2700.0,3600.0,1122.0,900.0,1800.0,,,,,,,,,,,,,,,,,,,,,,,,,,,,,,,,,,,,,,,,,,,,,,,,,,,,,,,,,,,,,,,,,,,,,,,,,,,,,,,,,,,,,,,,,,,,,,,,,,,,,,,,,,,,,,,,,,,,,,,,,,,,,,,,,,,,,,,,,,,,,,,,,,,,,,,,,,,,,,,,,,,,,,,,,,,,,,,,,,,,,,,,,,,,,,,,,,,,,,,,,,,,,,,,,,,,,,,,,,,,,,,,,,,,,,,,,,,,,,,,,,,,,,,,,,,,,,,,,,,,,,,,,,,,,,,,,,,,,,,,,,,,,,,,,,,,,,,,,,,,,,,,,,,,,,,,,,,,,,,,,,,,,,,,,,,,,,,,,,,,,,,,,,,,,,,,,,,,,,,,,,,,,,,,,,,,,,,,,,,,,,,,,,,,,,,,,,,,,,,,,,,,,,,,,,,,,,,,,,,,,,,,,,,,,,,,,,,,,,,,,,,,,,,,,,,,,,,,,,,,,,,,,,,,,,,,,,,,,,,,,,,,,,,,,,,,,,,,,,,,,,,,,,,,,,,,,,,,,,,,,,,,,,,,,,,,,,,,,,,,,,,,,,,,,,,,,,,,,,,,,,,,,,,,,,,,,,,,,,,,,,,,,,,,,,,,,,,,,,,,,,,,,,,,,,,,,,,,,,,,,,,,,,,,,,,,,,,,,,,,,,,,,,,,,,,,,,,,,,,,,,,,,,,,,,,,,,,,,,,,,,,,,,,,,,,,,,,,,,,,,,,,,,,,,,,,,,,,,,,,,,,,,,,,,,,,,,,,,,,,
4,985,765,915,765,930.0,930.0,855.0,975.0,895.0,915.0,1170.0,1230.0,960.0,960.0,797.0,870.0,930.0,900.0,960.0,1347.0,,,,,,,,,,,,,,,,,,,,,,,,,,,,,,,,,,,,,,,,,,,,,,,,,,,,,,,,,,,,,,,,,,,,,,,,,,,,,,,,,,,,,,,,,,,,,,,,,,,,,,,,,,,,,,,,,,,,,,,,,,,,,,,,,,,,,,,,,,,,,,,,,,,,,,,,,,,,,,,,,,,,,,,,,,,,,,,,,,,,,,,,,,,,,,,,,,,,,,,,,,,,,,,,,,,,,,,,,,,,,,,,,,,,,,,,,,,,,,,,,,,,,,,,,,,,,,,,,,,,,,,,,,,,,,,,,,,,,,,,,,,,,,,,,,,,,,,,,,,,,,,,,,,,,,,,,,,,,,,,,,,,,,,,,,,,,,,,,,,,,,,,,,,,,,,,,,,,,,,,,,,,,,,,,,,,,,,,,,,,,,,,,,,,,,,,,,,,,,,,,,,,,,,,,,,,,,,,,,,,,,,,,,,,,,,,,,,,,,,,,,,,,,,,,,,,,,,,,,,,,,,,,,,,,,,,,,,,,,,,,,,,,,,,,,,,,,,,,,,,,,,,,,,,,,,,,,,,,,,,,,,,,,,,,,,,,,,,,,,,,,,,,,,,,,,,,,,,,,,,,,,,,,,,,,,,,,,,,,,,,,,,,,,,,,,,,,,,,,,,,,,,,,,,,,,,,,,,,,,,,,,,,,,,,,,,,,,,,,,,,,,,,,,,,,,,,,,,,,,,,,,,,,,,,,,,,,,,,,,,,,,,,,,,,,,,,,,,,,,,,,,,,,,,,,,,,,,,,,,,,,,,,,,,,,,,,,,,,,,,,,,,,,,,,,,,,,,,,,,,,,,,,,,,,,,,,,,,,,,,,,,,,,,,,,,,,,,,,,,,,,,,,,,,,,,,,,,,,,,,,,,,,,,,,,,,,,,,,,,,,,,,,,,,,,,,,,,,,,,,,,,,,,,,,,,,,,,,,,,,,,,,,,,,,,,,,,,,,,,,,,,,,,,,,,,,,,,,,,,,,,,,,,,,,,,,,,,,,,,,,,,,,,,,,,,,,,,,,,,,,,,,,,,,,,,,,,,,,,,,,,,,,,,,,,,,,,,,,,,,,,,,,,,,,,,,,,,,,,,,,,,,,,,,,,,,,,,,,,,,,,,,,,,,,,,,,,,,,,,,,,,,,,,,,,,,,,,,,,,,,,,,,,,,,,,,,,,,,,,,,,,,,,,,,,,,,,,,,,,,,,,,,,,,,,,,,,,,,,,,,,,,,,,,,,,,,,,,,,,,,,,,,,,,,,,,,,,,,,,,,,,,,,,,,,,,,,,,,,,,,,,,,,,,,,,,,,,,,,,,,,,,,,,,,,,,,,,,,,,,,,,,,,,,,,,,,,,,,,,,,,,,,,,,,,,,,,,,,,,,,,,,,,,,,,,,,,,,,,,,,,,,,,,,,,,,,,,,,,,,,,,,,,,,,,,,,,,,,,,,,,,,,,,,,,,,,,,,,,,,,,,,,,,,,,,,,,,,,,,,,,,,,,,,,,,,,,,,,,,,,,,,,,,,,,,,,,,,,,,,,,,,,,,,,,,,,,,,,,,,,,,,,,,,,,,,,,,,,,,,,,,,,,,,,,,,,,,,,,,,,,,,,,,,,,,,,,,,,,,,,,,,,,,,,,,,,,,,,,,,,,,,,,,,,,,,,,,,,,,,,,,,,,,,,,,,,,,,,,,,,,,,,,,,,,,,,,,,,,,,,
5,855,945,870,930,930.0,857.0,915.0,930.0,855.0,1110.0,,,,,,,,,,,,,,,,,,,,,,,,,,,,,,,,,,,,,,,,,,,,,,,,,,,,,,,,,,,,,,,,,,,,,,,,,,,,,,,,,,,,,,,,,,,,,,,,,,,,,,,,,,,,,,,,,,,,,,,,,,,,,,,,,,,,,,,,,,,,,,,,,,,,,,,,,,,,,,,,,,,,,,,,,,,,,,,,,,,,,,,,,,,,,,,,,,,,,,,,,,,,,,,,,,,,,,,,,,,,,,,,,,,,,,,,,,,,,,,,,,,,,,,,,,,,,,,,,,,,,,,,,,,,,,,,,,,,,,,,,,,,,,,,,,,,,,,,,,,,,,,,,,,,,,,,,,,,,,,,,,,,,,,,,,,,,,,,,,,,,,,,,,,,,,,,,,,,,,,,,,,,,,,,,,,,,,,,,,,,,,,,,,,,,,,,,,,,,,,,,,,,,,,,,,,,,,,,,,,,,,,,,,,,,,,,,,,,,,,,,,,,,,,,,,,,,,,,,,,,,,,,,,,,,,,,,,,,,,,,,,,,,,,,,,,,,,,,,,,,,,,,,,,,,,,,,,,,,,,,,,,,,,,,,,,,,,,,,,,,,,,,,,,,,,,,,,,,,,,,,,,,,,,,,,,,,,,,,,,,,,,,,,,,,,,,,,,,,,,,,,,,,,,,,,,,,,,,,,,,,,,,,,,,,,,,,,,,,,,,,,,,,,,,,,,,,,,,,,,,,,,,,,,,,,,,,,,,,,,,,,,,,,,,,,,,,,,,,,,,,,,,,,,,,,,,,,,,,,,,,,,,,,,,,,,,,,,,,,,,,,,,,,,,,,,,,,,,,,,,,,,,,,,,,,,,,,,,,,,,,,,,,,,,,,,,,,,,,,,,,,,,,,,,,,,,,,,,,,,,,,,,,,,,,,,,,,,,,,,,,,,,,,,,,,,,,,,,,,,,,,,,,,,,,,,,,,,,,,,,,,,,,,,,,,,,,,,,,,,,,,,,,,,,,,,,,,,,,,,,,,,,,,,,,,,,,,,,,,,,,,,,,,,,,,,,,,,,,,,,,,,,,,,,,,,,,,,,,,,,,,,,,,,,,,,,,,,,,,,,,,,,,,,,,,,,,,,,,,,,,,,,,,,,,,,,,,,,,,,,,,,,,,,,,,,,,,,,,,,,,,,,,,,,,,,,,,,,,,,,,,,,,,,,,,,,,,,,,,,,,,,,,,,,,,,,,,,,,,,,,,,,,,,,,,,,,,,,,,,,,,,,,,,,,,,,,,,,,,,,,,,,,,,,,,,,,,,,,,,,,,,,,,,,,,,,,,,,,,,,,,,,,,,,,,,,,,,,,,,,,,,,,,,,,,,,,,,,,,,,,,,,,,,,,,,,,,,,,,,,,,,,,,,,,,,,,,,,,,,,,,,,,,,,,,,,,,,,,,,,,,,,,,,,,,,,,,,,,,,,,,,,,,,,,,,,,,,,,,,,,,,,,,,,,,,,,,,,,,,,,,,,,,,,,,,,,,,,,,,,,,,,,,,,,,,,,,,,,,,,,,,,,,,,,,,,,,,,,,,,,,,,,,,,,,,,,,,,,,,,,,,,,,,,,,,,,,,,,,,,,,,,,,,,,,,,,,,,,,,,,,,,,,,,,,,,,,,,,,,,,,,,,,,,,,,,,,,,,,,,,,,,,,,,,,,,,,,,,,,,,,,,,,,,,,,,,,,,,,,,,,,,,,,,,,,,,,,,,,,,,,,,,,,,,,,
1,915,840,900,1050,,,,,,,,,,,,,,,,,,,,,,,,,,,,,,,,,,,,,,,,,,,,,,,,,,,,,,,,,,,,,,,,,,,,,,,,,,,,,,,,,,,,,,,,,,,,,,,,,,,,,,,,,,,,,,,,,,,,,,,,,,,,,,,,,,,,,,,,,,,,,,,,,,,,,,,,,,,,,,,,,,,,,,,,,,,,,,,,,,,,,,,,,,,,,,,,,,,,,,,,,,,,,,,,,,,,,,,,,,,,,,,,,,,,,,,,,,,,,,,,,,,,,,,,,,,,,,,,,,,,,,,,,,,,,,,,,,,,,,,,,,,,,,,,,,,,,,,,,,,,,,,,,,,,,,,,,,,,,,,,,,,,,,,,,,,,,,,,,,,,,,,,,,,,,,,,,,,,,,,,,,,,,,,,,,,,,,,,,,,,,,,,,,,,,,,,,,,,,,,,,,,,,,,,,,,,,,,,,,,,,,,,,,,,,,,,,,,,,,,,,,,,,,,,,,,,,,,,,,,,,,,,,,,,,,,,,,,,,,,,,,,,,,,,,,,,,,,,,,,,,,,,,,,,,,,,,,,,,,,,,,,,,,,,,,,,,,,,,,,,,,,,,,,,,,,,,,,,,,,,,,,,,,,,,,,,,,,,,,,,,,,,,,,,,,,,,,,,,,,,,,,,,,,,,,,,,,,,,,,,,,,,,,,,,,,,,,,,,,,,,,,,,,,,,,,,,,,,,,,,,,,,,,,,,,,,,,,,,,,,,,,,,,,,,,,,,,,,,,,,,,,,,,,,,,,,,,,,,,,,,,,,,,,,,,,,,,,,,,,,,,,,,,,,,,,,,,,,,,,,,,,,,,,,,,,,,,,,,,,,,,,,,,,,,,,,,,,,,,,,,,,,,,,,,,,,,,,,,,,,,,,,,,,,,,,,,,,,,,,,,,,,,,,,,,,,,,,,,,,,,,,,,,,,,,,,,,,,,,,,,,,,,,,,,,,,,,,,,,,,,,,,,,,,,,,,,,,,,,,,,,,,,,,,,,,,,,,,,,,,,,,,,,,,,,,,,,,,,,,,,,,,,,,,,,,,,,,,,,,,,,,,,,,,,,,,,,,,,,,,,,,,,,,,,,,,,,,,,,,,,,,,,,,,,,,,,,,,,,,,,,,,,,,,,,,,,,,,,,,,,,,,,,,,,,,,,,,,,,,,,,,,,,,,,,,,,,,,,,,,,,,,,,,,,,,,,,,,,,,,,,,,,,,,,,,,,,,,,,,,,,,,,,,,,,,,,,,,,,,,,,,,,,,,,,,,,,,,,,,,,,,,,,,,,,,,,,,,,,,,,,,,,,,,,,,,,,,,,,,,,,,,,,,,,,,,,,,,,,,,,,,,,,,,,,,,,,,,,,,,,,,,,,,,,,,,,,,,,,,,,,,,,,,,,,,,,,,,,,,,,,,,,,,,,,,,,,,,,,,,,,,,,,,,,,,,,,,,,,,,,,,,,,,,,,,,,,,,,,,,,,,,,,,,,,,,,,,,,,,,,,,,,,,,,,,,,,,,,,,,,,,,,,,,,,,,,,,,,,,,,,,,,,,,,,,,,,,,,,,,,,,,,,,,,,,,,,,,,,,,,,,,,,,,,,,,,,,,,,,,,,,,,,,,,,,,,,,,,,,,,,,,,,,,,,,,,,,,,,,,,,,,,,,,,,,,,,,,,,,,,,,,,,,,,,,,,,,,,,,,,,,,,,,,,,,,,,,,,,,,,,,,,,,,,,,,,,,,,
23,985,765,886,900,945.0,875.0,705.0,856.0,1130.0,900.0,1171.0,886.0,870.0,645.0,1530.0,900.0,900.0,780.0,939.0,942.0,811.0,900.0,796.0,,,,,,,,,,,,,,,,,,,,,,,,,,,,,,,,,,,,,,,,,,,,,,,,,,,,,,,,,,,,,,,,,,,,,,,,,,,,,,,,,,,,,,,,,,,,,,,,,,,,,,,,,,,,,,,,,,,,,,,,,,,,,,,,,,,,,,,,,,,,,,,,,,,,,,,,,,,,,,,,,,,,,,,,,,,,,,,,,,,,,,,,,,,,,,,,,,,,,,,,,,,,,,,,,,,,,,,,,,,,,,,,,,,,,,,,,,,,,,,,,,,,,,,,,,,,,,,,,,,,,,,,,,,,,,,,,,,,,,,,,,,,,,,,,,,,,,,,,,,,,,,,,,,,,,,,,,,,,,,,,,,,,,,,,,,,,,,,,,,,,,,,,,,,,,,,,,,,,,,,,,,,,,,,,,,,,,,,,,,,,,,,,,,,,,,,,,,,,,,,,,,,,,,,,,,,,,,,,,,,,,,,,,,,,,,,,,,,,,,,,,,,,,,,,,,,,,,,,,,,,,,,,,,,,,,,,,,,,,,,,,,,,,,,,,,,,,,,,,,,,,,,,,,,,,,,,,,,,,,,,,,,,,,,,,,,,,,,,,,,,,,,,,,,,,,,,,,,,,,,,,,,,,,,,,,,,,,,,,,,,,,,,,,,,,,,,,,,,,,,,,,,,,,,,,,,,,,,,,,,,,,,,,,,,,,,,,,,,,,,,,,,,,,,,,,,,,,,,,,,,,,,,,,,,,,,,,,,,,,,,,,,,,,,,,,,,,,,,,,,,,,,,,,,,,,,,,,,,,,,,,,,,,,,,,,,,,,,,,,,,,,,,,,,,,,,,,,,,,,,,,,,,,,,,,,,,,,,,,,,,,,,,,,,,,,,,,,,,,,,,,,,,,,,,,,,,,,,,,,,,,,,,,,,,,,,,,,,,,,,,,,,,,,,,,,,,,,,,,,,,,,,,,,,,,,,,,,,,,,,,,,,,,,,,,,,,,,,,,,,,,,,,,,,,,,,,,,,,,,,,,,,,,,,,,,,,,,,,,,,,,,,,,,,,,,,,,,,,,,,,,,,,,,,,,,,,,,,,,,,,,,,,,,,,,,,,,,,,,,,,,,,,,,,,,,,,,,,,,,,,,,,,,,,,,,,,,,,,,,,,,,,,,,,,,,,,,,,,,,,,,,,,,,,,,,,,,,,,,,,,,,,,,,,,,,,,,,,,,,,,,,,,,,,,,,,,,,,,,,,,,,,,,,,,,,,,,,,,,,,,,,,,,,,,,,,,,,,,,,,,,,,,,,,,,,,,,,,,,,,,,,,,,,,,,,,,,,,,,,,,,,,,,,,,,,,,,,,,,,,,,,,,,,,,,,,,,,,,,,,,,,,,,,,,,,,,,,,,,,,,,,,,,,,,,,,,,,,,,,,,,,,,,,,,,,,,,,,,,,,,,,,,,,,,,,,,,,,,,,,,,,,,,,,,,,,,,,,,,,,,,,,,,,,,,,,,,,,,,,,,,,,,,,,,,,,,,,,,,,,,,,,,,,,,,,,,,,,,,,,,,,,,,,,,,,,,,,,,,,,,,,,,,,,,,,,,,,,,,,,,,,,,,,,,,,,,,,,,,,,,,,,,,,,,,,,,,,,,,,,,,,,,,,,,,,,,,,,,,,,,,,,,,,,,,,,,,,,,,,,,,,,,,,,,,,,,,,,,,,,,,,,,,,,,,,,,,,,,,,,,,,,,,,,,,,,,,,,,,
3,915,870,900,885,795.0,1275.0,1140.0,915.0,,,,,,,,,,,,,,,,,,,,,,,,,,,,,,,,,,,,,,,,,,,,,,,,,,,,,,,,,,,,,,,,,,,,,,,,,,,,,,,,,,,,,,,,,,,,,,,,,,,,,,,,,,,,,,,,,,,,,,,,,,,,,,,,,,,,,,,,,,,,,,,,,,,,,,,,,,,,,,,,,,,,,,,,,,,,,,,,,,,,,,,,,,,,,,,,,,,,,,,,,,,,,,,,,,,,,,,,,,,,,,,,,,,,,,,,,,,,,,,,,,,,,,,,,,,,,,,,,,,,,,,,,,,,,,,,,,,,,,,,,,,,,,,,,,,,,,,,,,,,,,,,,,,,,,,,,,,,,,,,,,,,,,,,,,,,,,,,,,,,,,,,,,,,,,,,,,,,,,,,,,,,,,,,,,,,,,,,,,,,,,,,,,,,,,,,,,,,,,,,,,,,,,,,,,,,,,,,,,,,,,,,,,,,,,,,,,,,,,,,,,,,,,,,,,,,,,,,,,,,,,,,,,,,,,,,,,,,,,,,,,,,,,,,,,,,,,,,,,,,,,,,,,,,,,,,,,,,,,,,,,,,,,,,,,,,,,,,,,,,,,,,,,,,,,,,,,,,,,,,,,,,,,,,,,,,,,,,,,,,,,,,,,,,,,,,,,,,,,,,,,,,,,,,,,,,,,,,,,,,,,,,,,,,,,,,,,,,,,,,,,,,,,,,,,,,,,,,,,,,,,,,,,,,,,,,,,,,,,,,,,,,,,,,,,,,,,,,,,,,,,,,,,,,,,,,,,,,,,,,,,,,,,,,,,,,,,,,,,,,,,,,,,,,,,,,,,,,,,,,,,,,,,,,,,,,,,,,,,,,,,,,,,,,,,,,,,,,,,,,,,,,,,,,,,,,,,,,,,,,,,,,,,,,,,,,,,,,,,,,,,,,,,,,,,,,,,,,,,,,,,,,,,,,,,,,,,,,,,,,,,,,,,,,,,,,,,,,,,,,,,,,,,,,,,,,,,,,,,,,,,,,,,,,,,,,,,,,,,,,,,,,,,,,,,,,,,,,,,,,,,,,,,,,,,,,,,,,,,,,,,,,,,,,,,,,,,,,,,,,,,,,,,,,,,,,,,,,,,,,,,,,,,,,,,,,,,,,,,,,,,,,,,,,,,,,,,,,,,,,,,,,,,,,,,,,,,,,,,,,,,,,,,,,,,,,,,,,,,,,,,,,,,,,,,,,,,,,,,,,,,,,,,,,,,,,,,,,,,,,,,,,,,,,,,,,,,,,,,,,,,,,,,,,,,,,,,,,,,,,,,,,,,,,,,,,,,,,,,,,,,,,,,,,,,,,,,,,,,,,,,,,,,,,,,,,,,,,,,,,,,,,,,,,,,,,,,,,,,,,,,,,,,,,,,,,,,,,,,,,,,,,,,,,,,,,,,,,,,,,,,,,,,,,,,,,,,,,,,,,,,,,,,,,,,,,,,,,,,,,,,,,,,,,,,,,,,,,,,,,,,,,,,,,,,,,,,,,,,,,,,,,,,,,,,,,,,,,,,,,,,,,,,,,,,,,,,,,,,,,,,,,,,,,,,,,,,,,,,,,,,,,,,,,,,,,,,,,,,,,,,,,,,,,,,,,,,,,,,,,,,,,,,,,,,,,,,,,,,,,,,,,,,,,,,,,,,,,,,,,,,,,,,,,,,,,,,,,,,,,,,,,,,,,,,,,,,,,,,,,,,,,,,,,,,,,,,,,,,,,,,,,,,,,,,,,,
