Matplotlib is currently using agg, which is a non-GUI backend, so cannot show the figure.
Matplotlib is currently using agg, which is a non-GUI backend, so cannot show the figure.
Loaded config file: Prefix for name of road network object pickle file!
os.getcwd() : /home/niskumar/WCS/urbanscales/modelling
sorted_percentage_nan_per_column : maxspeed                         1.775148
n                                0.000000
lane_density                     0.000000
streets_per_node_proportion_6    0.000000
streets_per_node_count_6         0.000000
streets_per_node_proportion_5    0.000000
streets_per_node_count_5         0.000000
streets_per_node_proportion_4    0.000000
streets_per_node_count_4         0.000000
streets_per_node_proportion_3    0.000000
streets_per_node_count_3         0.000000
streets_per_node_proportion_2    0.000000
streets_per_node_count_2         0.000000
streets_per_node_proportion_1    0.000000
streets_per_node_count_1         0.000000
mean_lanes                       0.000000
m                                0.000000
betweenness                      0.000000
total_crossings                  0.000000
non_metered_count                0.000000
metered_count                    0.000000
self_loop_proportion             0.000000
circuity_avg                     0.000000
street_length_avg                0.000000
street_segment_count             0.000000
street_length_total              0.000000
streets_per_node_avg             0.000000
edge_length_avg                  0.000000
edge_length_total                0.000000
k_avg                            0.000000
global_betweenness               0.000000
dtype: float64
city, scale, tod, config.shift_tile_marker, X.shape, Y.shape : Auckland 20 [1, 2, 3, 4, 5, 6, 7, 8, 9, 10, 11, 12, 13, 14, 15, 16, 17, 18, 19, 20, 21, 22, 23, 24] 3 (169, 17) (169,)
X.shape, Y.shape, "Inside the model-fitting function" : (169, 17) (169,) Inside the model-fitting function
Dict: model_trials.best_params_
Key: Value
{'randomforestregressor__max_depth': 20,
 'randomforestregressor__max_features': 'sqrt',
 'randomforestregressor__n_estimators': 100}
Dict: model_trials.best_params_
Key: Value
{'xgbregressor__learning_rate': 0.01,
 'xgbregressor__max_depth': 20,
 'xgbregressor__n_estimators': 1000}
Matplotlib is currently using agg, which is a non-GUI backend, so cannot show the figure.
config.CONGESTION_TYPE, slugifiedstring, i, key, value : NON-RECURRENT-MMM non-recurrent-mmm-auckland-20-1-2-3-4-5-6-7-8-9-10-11-12-13-14-15-16-17-18-19-20-21-22-23-24 0 betweenness -0.0005323916766822772
config.CONGESTION_TYPE, slugifiedstring, i, key, value : NON-RECURRENT-MMM non-recurrent-mmm-auckland-20-1-2-3-4-5-6-7-8-9-10-11-12-13-14-15-16-17-18-19-20-21-22-23-24 1 m -0.00025726053744146485
config.CONGESTION_TYPE, slugifiedstring, i, key, value : NON-RECURRENT-MMM non-recurrent-mmm-auckland-20-1-2-3-4-5-6-7-8-9-10-11-12-13-14-15-16-17-18-19-20-21-22-23-24 2 streets_per_node_count_4 0
config.CONGESTION_TYPE, slugifiedstring, i, key, value : NON-RECURRENT-MMM non-recurrent-mmm-auckland-20-1-2-3-4-5-6-7-8-9-10-11-12-13-14-15-16-17-18-19-20-21-22-23-24 3 mean_lanes -0.00023860779447836976
config.CONGESTION_TYPE, slugifiedstring, i, key, value : NON-RECURRENT-MMM non-recurrent-mmm-auckland-20-1-2-3-4-5-6-7-8-9-10-11-12-13-14-15-16-17-18-19-20-21-22-23-24 4 circuity_avg -0.00016377872308680026
config.CONGESTION_TYPE, slugifiedstring, i, key, value : NON-RECURRENT-MMM non-recurrent-mmm-auckland-20-1-2-3-4-5-6-7-8-9-10-11-12-13-14-15-16-17-18-19-20-21-22-23-24 5 k_avg 0.003861322107939119
config.CONGESTION_TYPE, slugifiedstring, i, key, value : NON-RECURRENT-MMM non-recurrent-mmm-auckland-20-1-2-3-4-5-6-7-8-9-10-11-12-13-14-15-16-17-18-19-20-21-22-23-24 6 non_metered_count -0.0011008694980551173
config.CONGESTION_TYPE, slugifiedstring, i, key, value : NON-RECURRENT-MMM non-recurrent-mmm-auckland-20-1-2-3-4-5-6-7-8-9-10-11-12-13-14-15-16-17-18-19-20-21-22-23-24 7 streets_per_node_count_2 -0.0001746684565590602
config.CONGESTION_TYPE, slugifiedstring, i, key, value : NON-RECURRENT-MMM non-recurrent-mmm-auckland-20-1-2-3-4-5-6-7-8-9-10-11-12-13-14-15-16-17-18-19-20-21-22-23-24 8 streets_per_node_count_5 -0.0002174909841486542
config.CONGESTION_TYPE, slugifiedstring, i, key, value : NON-RECURRENT-MMM non-recurrent-mmm-auckland-20-1-2-3-4-5-6-7-8-9-10-11-12-13-14-15-16-17-18-19-20-21-22-23-24 9 metered_count -0.004759521694773897
config.CONGESTION_TYPE, slugifiedstring, i, key, value : NON-RECURRENT-MMM non-recurrent-mmm-auckland-20-1-2-3-4-5-6-7-8-9-10-11-12-13-14-15-16-17-18-19-20-21-22-23-24 10 streets_per_node_count_3 -0.0010553303229695245
config.CONGESTION_TYPE, slugifiedstring, i, key, value : NON-RECURRENT-MMM non-recurrent-mmm-auckland-20-1-2-3-4-5-6-7-8-9-10-11-12-13-14-15-16-17-18-19-20-21-22-23-24 11 global_betweenness -0.00507675015115324
config.CONGESTION_TYPE, slugifiedstring, i, key, value : NON-RECURRENT-MMM non-recurrent-mmm-auckland-20-1-2-3-4-5-6-7-8-9-10-11-12-13-14-15-16-17-18-19-20-21-22-23-24 12 total_crossings 0.0025731103461547897
config.CONGESTION_TYPE, slugifiedstring, i, key, value : NON-RECURRENT-MMM non-recurrent-mmm-auckland-20-1-2-3-4-5-6-7-8-9-10-11-12-13-14-15-16-17-18-19-20-21-22-23-24 13 streets_per_node_count_1 0
config.CONGESTION_TYPE, slugifiedstring, i, key, value : NON-RECURRENT-MMM non-recurrent-mmm-auckland-20-1-2-3-4-5-6-7-8-9-10-11-12-13-14-15-16-17-18-19-20-21-22-23-24 14 streets_per_node_count_6 -0.00041324923492674556
config.CONGESTION_TYPE, slugifiedstring, i, key, value : NON-RECURRENT-MMM non-recurrent-mmm-auckland-20-1-2-3-4-5-6-7-8-9-10-11-12-13-14-15-16-17-18-19-20-21-22-23-24 15 n -0.00014387087280801005
config.CONGESTION_TYPE, slugifiedstring, i, key, value : NON-RECURRENT-MMM non-recurrent-mmm-auckland-20-1-2-3-4-5-6-7-8-9-10-11-12-13-14-15-16-17-18-19-20-21-22-23-24 16 streets_per_node_avg -0.0009123980687304351
SHAP Values for each feature:
Slug                           Feature Name         Mean Abs SHAP Value
SHAP-- non-recurrent-mmm-auckland-20-1-2-3-4-5-6-7-8-9-10-11-12-13-14-15-16-17-18-19-20-21-22-23-24 betweenness                   0.0038
SHAP-- non-recurrent-mmm-auckland-20-1-2-3-4-5-6-7-8-9-10-11-12-13-14-15-16-17-18-19-20-21-22-23-24 m                             0.0013
SHAP-- non-recurrent-mmm-auckland-20-1-2-3-4-5-6-7-8-9-10-11-12-13-14-15-16-17-18-19-20-21-22-23-24 streets_per_node_count_4          0.0000
SHAP-- non-recurrent-mmm-auckland-20-1-2-3-4-5-6-7-8-9-10-11-12-13-14-15-16-17-18-19-20-21-22-23-24 mean_lanes                    0.0023
SHAP-- non-recurrent-mmm-auckland-20-1-2-3-4-5-6-7-8-9-10-11-12-13-14-15-16-17-18-19-20-21-22-23-24 circuity_avg                  0.0011
SHAP-- non-recurrent-mmm-auckland-20-1-2-3-4-5-6-7-8-9-10-11-12-13-14-15-16-17-18-19-20-21-22-23-24 k_avg                         0.0128
SHAP-- non-recurrent-mmm-auckland-20-1-2-3-4-5-6-7-8-9-10-11-12-13-14-15-16-17-18-19-20-21-22-23-24 non_metered_count             0.0014
SHAP-- non-recurrent-mmm-auckland-20-1-2-3-4-5-6-7-8-9-10-11-12-13-14-15-16-17-18-19-20-21-22-23-24 streets_per_node_count_2          0.0011
SHAP-- non-recurrent-mmm-auckland-20-1-2-3-4-5-6-7-8-9-10-11-12-13-14-15-16-17-18-19-20-21-22-23-24 streets_per_node_count_5          0.0024
SHAP-- non-recurrent-mmm-auckland-20-1-2-3-4-5-6-7-8-9-10-11-12-13-14-15-16-17-18-19-20-21-22-23-24 metered_count                 0.0175
SHAP-- non-recurrent-mmm-auckland-20-1-2-3-4-5-6-7-8-9-10-11-12-13-14-15-16-17-18-19-20-21-22-23-24 streets_per_node_count_3          0.0058
SHAP-- non-recurrent-mmm-auckland-20-1-2-3-4-5-6-7-8-9-10-11-12-13-14-15-16-17-18-19-20-21-22-23-24 global_betweenness            0.0121
SHAP-- non-recurrent-mmm-auckland-20-1-2-3-4-5-6-7-8-9-10-11-12-13-14-15-16-17-18-19-20-21-22-23-24 total_crossings               0.0071
SHAP-- non-recurrent-mmm-auckland-20-1-2-3-4-5-6-7-8-9-10-11-12-13-14-15-16-17-18-19-20-21-22-23-24 streets_per_node_count_1          0.0000
SHAP-- non-recurrent-mmm-auckland-20-1-2-3-4-5-6-7-8-9-10-11-12-13-14-15-16-17-18-19-20-21-22-23-24 streets_per_node_count_6          0.0035
SHAP-- non-recurrent-mmm-auckland-20-1-2-3-4-5-6-7-8-9-10-11-12-13-14-15-16-17-18-19-20-21-22-23-24 n                             0.0013
SHAP-- non-recurrent-mmm-auckland-20-1-2-3-4-5-6-7-8-9-10-11-12-13-14-15-16-17-18-19-20-21-22-23-24 streets_per_node_avg          0.0026
NON-RECURRENT-MMM Auckland 20 LR 0.5096162587238425 XpVar
NON-RECURRENT-MMM Auckland 20 RF 0.5298041200978713 XpVar
NON-RECURRENT-MMM Auckland 20 GBM 0.45842271265879947 XpVar
NON-RECURRENT-MMM Auckland 20 LLR 3.172065784643304e-17 XpVar
NON-RECURRENT-MMM Auckland 20 RLR 0.5260887026786082 XpVar
NON-RECURRENT-MMM Auckland 20 LR 0.002665020141885838 MSE
NON-RECURRENT-MMM Auckland 20 RF 0.0026265199751332002 MSE
NON-RECURRENT-MMM Auckland 20 GBM 0.003084346973656242 MSE
NON-RECURRENT-MMM Auckland 20 LLR 0.00550568692676904 MSE
NON-RECURRENT-MMM Auckland 20 RLR 0.002585231791743043 MSE
NON-RECURRENT-MMM Auckland 20 LR 0.4757504638565546 R2
NON-RECURRENT-MMM Auckland 20 RF 0.51261635522901 R2
NON-RECURRENT-MMM Auckland 20 GBM 0.4385995922009222 R2
NON-RECURRENT-MMM Auckland 20 LLR -0.0430206190721942 R2
NON-RECURRENT-MMM Auckland 20 RLR 0.4926974929656727 R2
t_spatial, t_non_spatial, "seconds" : 1.1920928955078125e-06 110.54994297027588 seconds
sorted_percentage_nan_per_column : Matplotlib is currently using agg, which is a non-GUI backend, so cannot show the figure.
Matplotlib is currently using agg, which is a non-GUI backend, so cannot show the figure.
maxspeed                         3.012048
n                                0.000000
lane_density                     0.000000
streets_per_node_proportion_6    0.000000
streets_per_node_count_6         0.000000
streets_per_node_proportion_5    0.000000
streets_per_node_count_5         0.000000
streets_per_node_proportion_4    0.000000
streets_per_node_count_4         0.000000
streets_per_node_proportion_3    0.000000
streets_per_node_count_3         0.000000
streets_per_node_proportion_2    0.000000
streets_per_node_count_2         0.000000
streets_per_node_proportion_1    0.000000
streets_per_node_count_1         0.000000
mean_lanes                       0.000000
m                                0.000000
betweenness                      0.000000
total_crossings                  0.000000
non_metered_count                0.000000
metered_count                    0.000000
self_loop_proportion             0.000000
circuity_avg                     0.000000
street_length_avg                0.000000
street_segment_count             0.000000
street_length_total              0.000000
streets_per_node_avg             0.000000
edge_length_avg                  0.000000
edge_length_total                0.000000
k_avg                            0.000000
global_betweenness               0.000000
dtype: float64
city, scale, tod, config.shift_tile_marker, X.shape, Y.shape : Auckland 30 [1, 2, 3, 4, 5, 6, 7, 8, 9, 10, 11, 12, 13, 14, 15, 16, 17, 18, 19, 20, 21, 22, 23, 24] 3 (332, 17) (332,)
X.shape, Y.shape, "Inside the model-fitting function" : (332, 17) (332,) Inside the model-fitting function
Dict: model_trials.best_params_
Key: Value
{'randomforestregressor__max_depth': 20,
 'randomforestregressor__max_features': 'sqrt',
 'randomforestregressor__n_estimators': 100}
Dict: model_trials.best_params_
Key: Value
{'xgbregressor__learning_rate': 0.01,
 'xgbregressor__max_depth': 10,
 'xgbregressor__n_estimators': 100}
Matplotlib is currently using agg, which is a non-GUI backend, so cannot show the figure.
config.CONGESTION_TYPE, slugifiedstring, i, key, value : NON-RECURRENT-MMM non-recurrent-mmm-auckland-30-1-2-3-4-5-6-7-8-9-10-11-12-13-14-15-16-17-18-19-20-21-22-23-24 0 betweenness -0.0006354227759652391
config.CONGESTION_TYPE, slugifiedstring, i, key, value : NON-RECURRENT-MMM non-recurrent-mmm-auckland-30-1-2-3-4-5-6-7-8-9-10-11-12-13-14-15-16-17-18-19-20-21-22-23-24 1 m -6.087216026666468e-05
config.CONGESTION_TYPE, slugifiedstring, i, key, value : NON-RECURRENT-MMM non-recurrent-mmm-auckland-30-1-2-3-4-5-6-7-8-9-10-11-12-13-14-15-16-17-18-19-20-21-22-23-24 2 streets_per_node_count_4 0
config.CONGESTION_TYPE, slugifiedstring, i, key, value : NON-RECURRENT-MMM non-recurrent-mmm-auckland-30-1-2-3-4-5-6-7-8-9-10-11-12-13-14-15-16-17-18-19-20-21-22-23-24 3 mean_lanes -0.00010470681863664922
config.CONGESTION_TYPE, slugifiedstring, i, key, value : NON-RECURRENT-MMM non-recurrent-mmm-auckland-30-1-2-3-4-5-6-7-8-9-10-11-12-13-14-15-16-17-18-19-20-21-22-23-24 4 circuity_avg -8.585064903856257e-05
config.CONGESTION_TYPE, slugifiedstring, i, key, value : NON-RECURRENT-MMM non-recurrent-mmm-auckland-30-1-2-3-4-5-6-7-8-9-10-11-12-13-14-15-16-17-18-19-20-21-22-23-24 5 k_avg 0.0022721119033405606
config.CONGESTION_TYPE, slugifiedstring, i, key, value : NON-RECURRENT-MMM non-recurrent-mmm-auckland-30-1-2-3-4-5-6-7-8-9-10-11-12-13-14-15-16-17-18-19-20-21-22-23-24 6 non_metered_count -6.696367904538062e-05
config.CONGESTION_TYPE, slugifiedstring, i, key, value : NON-RECURRENT-MMM non-recurrent-mmm-auckland-30-1-2-3-4-5-6-7-8-9-10-11-12-13-14-15-16-17-18-19-20-21-22-23-24 7 streets_per_node_count_2 -0.00018989572422668132
config.CONGESTION_TYPE, slugifiedstring, i, key, value : NON-RECURRENT-MMM non-recurrent-mmm-auckland-30-1-2-3-4-5-6-7-8-9-10-11-12-13-14-15-16-17-18-19-20-21-22-23-24 8 streets_per_node_count_5 -0.00013259909662976935
config.CONGESTION_TYPE, slugifiedstring, i, key, value : NON-RECURRENT-MMM non-recurrent-mmm-auckland-30-1-2-3-4-5-6-7-8-9-10-11-12-13-14-15-16-17-18-19-20-21-22-23-24 9 metered_count -0.0033154871287057195
config.CONGESTION_TYPE, slugifiedstring, i, key, value : NON-RECURRENT-MMM non-recurrent-mmm-auckland-30-1-2-3-4-5-6-7-8-9-10-11-12-13-14-15-16-17-18-19-20-21-22-23-24 10 streets_per_node_count_3 -0.0011614539789442338
config.CONGESTION_TYPE, slugifiedstring, i, key, value : NON-RECURRENT-MMM non-recurrent-mmm-auckland-30-1-2-3-4-5-6-7-8-9-10-11-12-13-14-15-16-17-18-19-20-21-22-23-24 11 global_betweenness -0.006683274086484265
config.CONGESTION_TYPE, slugifiedstring, i, key, value : NON-RECURRENT-MMM non-recurrent-mmm-auckland-30-1-2-3-4-5-6-7-8-9-10-11-12-13-14-15-16-17-18-19-20-21-22-23-24 12 total_crossings 0.0008229369976770044
config.CONGESTION_TYPE, slugifiedstring, i, key, value : NON-RECURRENT-MMM non-recurrent-mmm-auckland-30-1-2-3-4-5-6-7-8-9-10-11-12-13-14-15-16-17-18-19-20-21-22-23-24 13 streets_per_node_count_1 0
config.CONGESTION_TYPE, slugifiedstring, i, key, value : NON-RECURRENT-MMM non-recurrent-mmm-auckland-30-1-2-3-4-5-6-7-8-9-10-11-12-13-14-15-16-17-18-19-20-21-22-23-24 14 streets_per_node_count_6 -0.0019157051985385512
config.CONGESTION_TYPE, slugifiedstring, i, key, value : NON-RECURRENT-MMM non-recurrent-mmm-auckland-30-1-2-3-4-5-6-7-8-9-10-11-12-13-14-15-16-17-18-19-20-21-22-23-24 15 n -0.00015362576414753538
config.CONGESTION_TYPE, slugifiedstring, i, key, value : NON-RECURRENT-MMM non-recurrent-mmm-auckland-30-1-2-3-4-5-6-7-8-9-10-11-12-13-14-15-16-17-18-19-20-21-22-23-24 16 streets_per_node_avg -0.0011160318723280093
SHAP Values for each feature:
Slug                           Feature Name         Mean Abs SHAP Value
SHAP-- non-recurrent-mmm-auckland-30-1-2-3-4-5-6-7-8-9-10-11-12-13-14-15-16-17-18-19-20-21-22-23-24 betweenness                   0.0028
SHAP-- non-recurrent-mmm-auckland-30-1-2-3-4-5-6-7-8-9-10-11-12-13-14-15-16-17-18-19-20-21-22-23-24 m                             0.0011
SHAP-- non-recurrent-mmm-auckland-30-1-2-3-4-5-6-7-8-9-10-11-12-13-14-15-16-17-18-19-20-21-22-23-24 streets_per_node_count_4          0.0000
SHAP-- non-recurrent-mmm-auckland-30-1-2-3-4-5-6-7-8-9-10-11-12-13-14-15-16-17-18-19-20-21-22-23-24 mean_lanes                    0.0022
SHAP-- non-recurrent-mmm-auckland-30-1-2-3-4-5-6-7-8-9-10-11-12-13-14-15-16-17-18-19-20-21-22-23-24 circuity_avg                  0.0006
SHAP-- non-recurrent-mmm-auckland-30-1-2-3-4-5-6-7-8-9-10-11-12-13-14-15-16-17-18-19-20-21-22-23-24 k_avg                         0.0125
SHAP-- non-recurrent-mmm-auckland-30-1-2-3-4-5-6-7-8-9-10-11-12-13-14-15-16-17-18-19-20-21-22-23-24 non_metered_count             0.0015
SHAP-- non-recurrent-mmm-auckland-30-1-2-3-4-5-6-7-8-9-10-11-12-13-14-15-16-17-18-19-20-21-22-23-24 streets_per_node_count_2          0.0015
SHAP-- non-recurrent-mmm-auckland-30-1-2-3-4-5-6-7-8-9-10-11-12-13-14-15-16-17-18-19-20-21-22-23-24 streets_per_node_count_5          0.0028
SHAP-- non-recurrent-mmm-auckland-30-1-2-3-4-5-6-7-8-9-10-11-12-13-14-15-16-17-18-19-20-21-22-23-24 metered_count                 0.0171
SHAP-- non-recurrent-mmm-auckland-30-1-2-3-4-5-6-7-8-9-10-11-12-13-14-15-16-17-18-19-20-21-22-23-24 streets_per_node_count_3          0.0056
SHAP-- non-recurrent-mmm-auckland-30-1-2-3-4-5-6-7-8-9-10-11-12-13-14-15-16-17-18-19-20-21-22-23-24 global_betweenness            0.0150
SHAP-- non-recurrent-mmm-auckland-30-1-2-3-4-5-6-7-8-9-10-11-12-13-14-15-16-17-18-19-20-21-22-23-24 total_crossings               0.0052
SHAP-- non-recurrent-mmm-auckland-30-1-2-3-4-5-6-7-8-9-10-11-12-13-14-15-16-17-18-19-20-21-22-23-24 streets_per_node_count_1          0.0000
SHAP-- non-recurrent-mmm-auckland-30-1-2-3-4-5-6-7-8-9-10-11-12-13-14-15-16-17-18-19-20-21-22-23-24 streets_per_node_count_6          0.0061
SHAP-- non-recurrent-mmm-auckland-30-1-2-3-4-5-6-7-8-9-10-11-12-13-14-15-16-17-18-19-20-21-22-23-24 n                             0.0016
SHAP-- non-recurrent-mmm-auckland-30-1-2-3-4-5-6-7-8-9-10-11-12-13-14-15-16-17-18-19-20-21-22-23-24 streets_per_node_avg          0.0027
NON-RECURRENT-MMM Auckland 30 LR 0.5099743839410984 XpVar
NON-RECURRENT-MMM Auckland 30 RF 0.5806816971374212 XpVar
NON-RECURRENT-MMM Auckland 30 GBM 0.46009817828675387 XpVar
NON-RECURRENT-MMM Auckland 30 LLR -4.7580986769649563e-17 XpVar
NON-RECURRENT-MMM Auckland 30 RLR 0.5163645756391307 XpVar
NON-RECURRENT-MMM Auckland 30 LR 0.0027360518470528504 MSE
NON-RECURRENT-MMM Auckland 30 RF 0.00243900681451074 MSE
NON-RECURRENT-MMM Auckland 30 GBM 0.0030720711102935256 MSE
NON-RECURRENT-MMM Auckland 30 LLR 0.0056527829268894275 MSE
NON-RECURRENT-MMM Auckland 30 RLR 0.0027046233521108103 MSE
NON-RECURRENT-MMM Auckland 30 LR 0.4958601069173652 R2
NON-RECURRENT-MMM Auckland 30 RF 0.5704074254135587 R2
NON-RECURRENT-MMM Auckland 30 GBM 0.4528000833473487 R2
NON-RECURRENT-MMM Auckland 30 LLR -0.010930975760956045 R2
NON-RECURRENT-MMM Auckland 30 RLR 0.5020702801716862 R2
t_spatial, t_non_spatial, "seconds" : 1.430511474609375e-06 195.20467495918274 seconds
sorted_percentage_nan_per_column : Matplotlib is currently using agg, which is a non-GUI backend, so cannot show the figure.
Matplotlib is currently using agg, which is a non-GUI backend, so cannot show the figure.
maxspeed                         2.45283
n                                0.00000
lane_density                     0.00000
streets_per_node_proportion_6    0.00000
streets_per_node_count_6         0.00000
streets_per_node_proportion_5    0.00000
streets_per_node_count_5         0.00000
streets_per_node_proportion_4    0.00000
streets_per_node_count_4         0.00000
streets_per_node_proportion_3    0.00000
streets_per_node_count_3         0.00000
streets_per_node_proportion_2    0.00000
streets_per_node_count_2         0.00000
streets_per_node_proportion_1    0.00000
streets_per_node_count_1         0.00000
mean_lanes                       0.00000
m                                0.00000
betweenness                      0.00000
total_crossings                  0.00000
non_metered_count                0.00000
metered_count                    0.00000
self_loop_proportion             0.00000
circuity_avg                     0.00000
street_length_avg                0.00000
street_segment_count             0.00000
street_length_total              0.00000
streets_per_node_avg             0.00000
edge_length_avg                  0.00000
edge_length_total                0.00000
k_avg                            0.00000
global_betweenness               0.00000
dtype: float64
city, scale, tod, config.shift_tile_marker, X.shape, Y.shape : Auckland 40 [1, 2, 3, 4, 5, 6, 7, 8, 9, 10, 11, 12, 13, 14, 15, 16, 17, 18, 19, 20, 21, 22, 23, 24] 3 (530, 17) (530,)
X.shape, Y.shape, "Inside the model-fitting function" : (530, 17) (530,) Inside the model-fitting function
Dict: model_trials.best_params_
Key: Value
{'randomforestregressor__max_depth': 50,
 'randomforestregressor__max_features': 'sqrt',
 'randomforestregressor__n_estimators': 1000}
Dict: model_trials.best_params_
Key: Value
{'xgbregressor__learning_rate': 0.01,
 'xgbregressor__max_depth': 10,
 'xgbregressor__n_estimators': 200}
Matplotlib is currently using agg, which is a non-GUI backend, so cannot show the figure.
config.CONGESTION_TYPE, slugifiedstring, i, key, value : NON-RECURRENT-MMM non-recurrent-mmm-auckland-40-1-2-3-4-5-6-7-8-9-10-11-12-13-14-15-16-17-18-19-20-21-22-23-24 0 betweenness -0.0008528083163632133
config.CONGESTION_TYPE, slugifiedstring, i, key, value : NON-RECURRENT-MMM non-recurrent-mmm-auckland-40-1-2-3-4-5-6-7-8-9-10-11-12-13-14-15-16-17-18-19-20-21-22-23-24 1 m -8.053205080058904e-05
config.CONGESTION_TYPE, slugifiedstring, i, key, value : NON-RECURRENT-MMM non-recurrent-mmm-auckland-40-1-2-3-4-5-6-7-8-9-10-11-12-13-14-15-16-17-18-19-20-21-22-23-24 2 streets_per_node_count_4 0
config.CONGESTION_TYPE, slugifiedstring, i, key, value : NON-RECURRENT-MMM non-recurrent-mmm-auckland-40-1-2-3-4-5-6-7-8-9-10-11-12-13-14-15-16-17-18-19-20-21-22-23-24 3 mean_lanes -7.827225746899351e-05
config.CONGESTION_TYPE, slugifiedstring, i, key, value : NON-RECURRENT-MMM non-recurrent-mmm-auckland-40-1-2-3-4-5-6-7-8-9-10-11-12-13-14-15-16-17-18-19-20-21-22-23-24 4 circuity_avg -6.59982340990803e-05
config.CONGESTION_TYPE, slugifiedstring, i, key, value : NON-RECURRENT-MMM non-recurrent-mmm-auckland-40-1-2-3-4-5-6-7-8-9-10-11-12-13-14-15-16-17-18-19-20-21-22-23-24 5 k_avg 0.001833616845015996
config.CONGESTION_TYPE, slugifiedstring, i, key, value : NON-RECURRENT-MMM non-recurrent-mmm-auckland-40-1-2-3-4-5-6-7-8-9-10-11-12-13-14-15-16-17-18-19-20-21-22-23-24 6 non_metered_count -0.0002055552755841777
config.CONGESTION_TYPE, slugifiedstring, i, key, value : NON-RECURRENT-MMM non-recurrent-mmm-auckland-40-1-2-3-4-5-6-7-8-9-10-11-12-13-14-15-16-17-18-19-20-21-22-23-24 7 streets_per_node_count_2 -0.0001011354464661931
config.CONGESTION_TYPE, slugifiedstring, i, key, value : NON-RECURRENT-MMM non-recurrent-mmm-auckland-40-1-2-3-4-5-6-7-8-9-10-11-12-13-14-15-16-17-18-19-20-21-22-23-24 8 streets_per_node_count_5 -0.00011699073020501011
config.CONGESTION_TYPE, slugifiedstring, i, key, value : NON-RECURRENT-MMM non-recurrent-mmm-auckland-40-1-2-3-4-5-6-7-8-9-10-11-12-13-14-15-16-17-18-19-20-21-22-23-24 9 metered_count -0.0014453188634615342
config.CONGESTION_TYPE, slugifiedstring, i, key, value : NON-RECURRENT-MMM non-recurrent-mmm-auckland-40-1-2-3-4-5-6-7-8-9-10-11-12-13-14-15-16-17-18-19-20-21-22-23-24 10 streets_per_node_count_3 -0.0002553452652890864
config.CONGESTION_TYPE, slugifiedstring, i, key, value : NON-RECURRENT-MMM non-recurrent-mmm-auckland-40-1-2-3-4-5-6-7-8-9-10-11-12-13-14-15-16-17-18-19-20-21-22-23-24 11 global_betweenness -0.002943632028307527
config.CONGESTION_TYPE, slugifiedstring, i, key, value : NON-RECURRENT-MMM non-recurrent-mmm-auckland-40-1-2-3-4-5-6-7-8-9-10-11-12-13-14-15-16-17-18-19-20-21-22-23-24 12 total_crossings 0.0007515526338613014
config.CONGESTION_TYPE, slugifiedstring, i, key, value : NON-RECURRENT-MMM non-recurrent-mmm-auckland-40-1-2-3-4-5-6-7-8-9-10-11-12-13-14-15-16-17-18-19-20-21-22-23-24 13 streets_per_node_count_1 0
config.CONGESTION_TYPE, slugifiedstring, i, key, value : NON-RECURRENT-MMM non-recurrent-mmm-auckland-40-1-2-3-4-5-6-7-8-9-10-11-12-13-14-15-16-17-18-19-20-21-22-23-24 14 streets_per_node_count_6 -0.00046364506643444724
config.CONGESTION_TYPE, slugifiedstring, i, key, value : NON-RECURRENT-MMM non-recurrent-mmm-auckland-40-1-2-3-4-5-6-7-8-9-10-11-12-13-14-15-16-17-18-19-20-21-22-23-24 15 n -0.00013521021057296464
config.CONGESTION_TYPE, slugifiedstring, i, key, value : NON-RECURRENT-MMM non-recurrent-mmm-auckland-40-1-2-3-4-5-6-7-8-9-10-11-12-13-14-15-16-17-18-19-20-21-22-23-24 16 streets_per_node_avg -0.000438503477298877
SHAP Values for each feature:
Slug                           Feature Name         Mean Abs SHAP Value
SHAP-- non-recurrent-mmm-auckland-40-1-2-3-4-5-6-7-8-9-10-11-12-13-14-15-16-17-18-19-20-21-22-23-24 betweenness                   0.0041
SHAP-- non-recurrent-mmm-auckland-40-1-2-3-4-5-6-7-8-9-10-11-12-13-14-15-16-17-18-19-20-21-22-23-24 m                             0.0018
SHAP-- non-recurrent-mmm-auckland-40-1-2-3-4-5-6-7-8-9-10-11-12-13-14-15-16-17-18-19-20-21-22-23-24 streets_per_node_count_4          0.0000
SHAP-- non-recurrent-mmm-auckland-40-1-2-3-4-5-6-7-8-9-10-11-12-13-14-15-16-17-18-19-20-21-22-23-24 mean_lanes                    0.0032
SHAP-- non-recurrent-mmm-auckland-40-1-2-3-4-5-6-7-8-9-10-11-12-13-14-15-16-17-18-19-20-21-22-23-24 circuity_avg                  0.0011
SHAP-- non-recurrent-mmm-auckland-40-1-2-3-4-5-6-7-8-9-10-11-12-13-14-15-16-17-18-19-20-21-22-23-24 k_avg                         0.0110
SHAP-- non-recurrent-mmm-auckland-40-1-2-3-4-5-6-7-8-9-10-11-12-13-14-15-16-17-18-19-20-21-22-23-24 non_metered_count             0.0017
SHAP-- non-recurrent-mmm-auckland-40-1-2-3-4-5-6-7-8-9-10-11-12-13-14-15-16-17-18-19-20-21-22-23-24 streets_per_node_count_2          0.0016
SHAP-- non-recurrent-mmm-auckland-40-1-2-3-4-5-6-7-8-9-10-11-12-13-14-15-16-17-18-19-20-21-22-23-24 streets_per_node_count_5          0.0026
SHAP-- non-recurrent-mmm-auckland-40-1-2-3-4-5-6-7-8-9-10-11-12-13-14-15-16-17-18-19-20-21-22-23-24 metered_count                 0.0187
SHAP-- non-recurrent-mmm-auckland-40-1-2-3-4-5-6-7-8-9-10-11-12-13-14-15-16-17-18-19-20-21-22-23-24 streets_per_node_count_3          0.0036
SHAP-- non-recurrent-mmm-auckland-40-1-2-3-4-5-6-7-8-9-10-11-12-13-14-15-16-17-18-19-20-21-22-23-24 global_betweenness            0.0175
SHAP-- non-recurrent-mmm-auckland-40-1-2-3-4-5-6-7-8-9-10-11-12-13-14-15-16-17-18-19-20-21-22-23-24 total_crossings               0.0055
SHAP-- non-recurrent-mmm-auckland-40-1-2-3-4-5-6-7-8-9-10-11-12-13-14-15-16-17-18-19-20-21-22-23-24 streets_per_node_count_1          0.0000
SHAP-- non-recurrent-mmm-auckland-40-1-2-3-4-5-6-7-8-9-10-11-12-13-14-15-16-17-18-19-20-21-22-23-24 streets_per_node_count_6          0.0051
SHAP-- non-recurrent-mmm-auckland-40-1-2-3-4-5-6-7-8-9-10-11-12-13-14-15-16-17-18-19-20-21-22-23-24 n                             0.0021
SHAP-- non-recurrent-mmm-auckland-40-1-2-3-4-5-6-7-8-9-10-11-12-13-14-15-16-17-18-19-20-21-22-23-24 streets_per_node_avg          0.0039
NON-RECURRENT-MMM Auckland 40 LR 0.43997770209413556 XpVar
NON-RECURRENT-MMM Auckland 40 RF 0.5158444609825386 XpVar
NON-RECURRENT-MMM Auckland 40 GBM 0.40846966267908197 XpVar
NON-RECURRENT-MMM Auckland 40 LLR -1.586032892321652e-17 XpVar
NON-RECURRENT-MMM Auckland 40 RLR 0.4419742964313387 XpVar
NON-RECURRENT-MMM Auckland 40 LR 0.0038430057807112444 MSE
NON-RECURRENT-MMM Auckland 40 RF 0.0033768429074355283 MSE
NON-RECURRENT-MMM Auckland 40 GBM 0.004086381636437513 MSE
NON-RECURRENT-MMM Auckland 40 LLR 0.006853106500309403 MSE
NON-RECURRENT-MMM Auckland 40 RLR 0.0038288642170112015 MSE
NON-RECURRENT-MMM Auckland 40 LR 0.43641205436026553 R2
NON-RECURRENT-MMM Auckland 40 RF 0.5120937872867909 R2
NON-RECURRENT-MMM Auckland 40 GBM 0.4011579145841244 R2
NON-RECURRENT-MMM Auckland 40 LLR -0.007099901841767993 R2
NON-RECURRENT-MMM Auckland 40 RLR 0.43849315578857173 R2
t_spatial, t_non_spatial, "seconds" : 2.86102294921875e-06 389.5621256828308 seconds
sorted_percentage_nan_per_column : Matplotlib is currently using agg, which is a non-GUI backend, so cannot show the figure.
Matplotlib is currently using agg, which is a non-GUI backend, so cannot show the figure.
maxspeed                         3.769841
n                                0.000000
lane_density                     0.000000
streets_per_node_proportion_6    0.000000
streets_per_node_count_6         0.000000
streets_per_node_proportion_5    0.000000
streets_per_node_count_5         0.000000
streets_per_node_proportion_4    0.000000
streets_per_node_count_4         0.000000
streets_per_node_proportion_3    0.000000
streets_per_node_count_3         0.000000
streets_per_node_proportion_2    0.000000
streets_per_node_count_2         0.000000
streets_per_node_proportion_1    0.000000
streets_per_node_count_1         0.000000
mean_lanes                       0.000000
m                                0.000000
betweenness                      0.000000
total_crossings                  0.000000
non_metered_count                0.000000
metered_count                    0.000000
self_loop_proportion             0.000000
circuity_avg                     0.000000
street_length_avg                0.000000
street_segment_count             0.000000
street_length_total              0.000000
streets_per_node_avg             0.000000
edge_length_avg                  0.000000
edge_length_total                0.000000
k_avg                            0.000000
global_betweenness               0.000000
dtype: float64
city, scale, tod, config.shift_tile_marker, X.shape, Y.shape : Auckland 60 [1, 2, 3, 4, 5, 6, 7, 8, 9, 10, 11, 12, 13, 14, 15, 16, 17, 18, 19, 20, 21, 22, 23, 24] 3 (1008, 17) (1008,)
X.shape, Y.shape, "Inside the model-fitting function" : (1008, 17) (1008,) Inside the model-fitting function
Dict: model_trials.best_params_
Key: Value
{'randomforestregressor__max_depth': 10,
 'randomforestregressor__max_features': 'sqrt',
 'randomforestregressor__n_estimators': 400}
Dict: model_trials.best_params_
Key: Value
{'xgbregressor__learning_rate': 0.01,
 'xgbregressor__max_depth': 10,
 'xgbregressor__n_estimators': 200}
Matplotlib is currently using agg, which is a non-GUI backend, so cannot show the figure.
config.CONGESTION_TYPE, slugifiedstring, i, key, value : NON-RECURRENT-MMM non-recurrent-mmm-auckland-60-1-2-3-4-5-6-7-8-9-10-11-12-13-14-15-16-17-18-19-20-21-22-23-24 0 betweenness -0.0003548993748742566
config.CONGESTION_TYPE, slugifiedstring, i, key, value : NON-RECURRENT-MMM non-recurrent-mmm-auckland-60-1-2-3-4-5-6-7-8-9-10-11-12-13-14-15-16-17-18-19-20-21-22-23-24 1 m -5.173671542115116e-05
config.CONGESTION_TYPE, slugifiedstring, i, key, value : NON-RECURRENT-MMM non-recurrent-mmm-auckland-60-1-2-3-4-5-6-7-8-9-10-11-12-13-14-15-16-17-18-19-20-21-22-23-24 2 streets_per_node_count_4 0
config.CONGESTION_TYPE, slugifiedstring, i, key, value : NON-RECURRENT-MMM non-recurrent-mmm-auckland-60-1-2-3-4-5-6-7-8-9-10-11-12-13-14-15-16-17-18-19-20-21-22-23-24 3 mean_lanes -8.25199509287464e-05
config.CONGESTION_TYPE, slugifiedstring, i, key, value : NON-RECURRENT-MMM non-recurrent-mmm-auckland-60-1-2-3-4-5-6-7-8-9-10-11-12-13-14-15-16-17-18-19-20-21-22-23-24 4 circuity_avg -8.12848901549173e-05
config.CONGESTION_TYPE, slugifiedstring, i, key, value : NON-RECURRENT-MMM non-recurrent-mmm-auckland-60-1-2-3-4-5-6-7-8-9-10-11-12-13-14-15-16-17-18-19-20-21-22-23-24 5 k_avg 0.0026099919553526332
config.CONGESTION_TYPE, slugifiedstring, i, key, value : NON-RECURRENT-MMM non-recurrent-mmm-auckland-60-1-2-3-4-5-6-7-8-9-10-11-12-13-14-15-16-17-18-19-20-21-22-23-24 6 non_metered_count -1.794844439565417e-05
config.CONGESTION_TYPE, slugifiedstring, i, key, value : NON-RECURRENT-MMM non-recurrent-mmm-auckland-60-1-2-3-4-5-6-7-8-9-10-11-12-13-14-15-16-17-18-19-20-21-22-23-24 7 streets_per_node_count_2 -0.0006865927798851207
config.CONGESTION_TYPE, slugifiedstring, i, key, value : NON-RECURRENT-MMM non-recurrent-mmm-auckland-60-1-2-3-4-5-6-7-8-9-10-11-12-13-14-15-16-17-18-19-20-21-22-23-24 8 streets_per_node_count_5 -9.199361467566262e-05
config.CONGESTION_TYPE, slugifiedstring, i, key, value : NON-RECURRENT-MMM non-recurrent-mmm-auckland-60-1-2-3-4-5-6-7-8-9-10-11-12-13-14-15-16-17-18-19-20-21-22-23-24 9 metered_count -0.0006611455950248863
config.CONGESTION_TYPE, slugifiedstring, i, key, value : NON-RECURRENT-MMM non-recurrent-mmm-auckland-60-1-2-3-4-5-6-7-8-9-10-11-12-13-14-15-16-17-18-19-20-21-22-23-24 10 streets_per_node_count_3 -0.00020343422640329127
config.CONGESTION_TYPE, slugifiedstring, i, key, value : NON-RECURRENT-MMM non-recurrent-mmm-auckland-60-1-2-3-4-5-6-7-8-9-10-11-12-13-14-15-16-17-18-19-20-21-22-23-24 11 global_betweenness -0.022585778011737504
config.CONGESTION_TYPE, slugifiedstring, i, key, value : NON-RECURRENT-MMM non-recurrent-mmm-auckland-60-1-2-3-4-5-6-7-8-9-10-11-12-13-14-15-16-17-18-19-20-21-22-23-24 12 total_crossings -0.0047660638473647305
config.CONGESTION_TYPE, slugifiedstring, i, key, value : NON-RECURRENT-MMM non-recurrent-mmm-auckland-60-1-2-3-4-5-6-7-8-9-10-11-12-13-14-15-16-17-18-19-20-21-22-23-24 13 streets_per_node_count_1 0
config.CONGESTION_TYPE, slugifiedstring, i, key, value : NON-RECURRENT-MMM non-recurrent-mmm-auckland-60-1-2-3-4-5-6-7-8-9-10-11-12-13-14-15-16-17-18-19-20-21-22-23-24 14 streets_per_node_count_6 -0.0002340295850763739
config.CONGESTION_TYPE, slugifiedstring, i, key, value : NON-RECURRENT-MMM non-recurrent-mmm-auckland-60-1-2-3-4-5-6-7-8-9-10-11-12-13-14-15-16-17-18-19-20-21-22-23-24 15 n -0.0006364624435311068
config.CONGESTION_TYPE, slugifiedstring, i, key, value : NON-RECURRENT-MMM non-recurrent-mmm-auckland-60-1-2-3-4-5-6-7-8-9-10-11-12-13-14-15-16-17-18-19-20-21-22-23-24 16 streets_per_node_avg -0.00013258911145047205
SHAP Values for each feature:
Slug                           Feature Name         Mean Abs SHAP Value
SHAP-- non-recurrent-mmm-auckland-60-1-2-3-4-5-6-7-8-9-10-11-12-13-14-15-16-17-18-19-20-21-22-23-24 betweenness                   0.0064
SHAP-- non-recurrent-mmm-auckland-60-1-2-3-4-5-6-7-8-9-10-11-12-13-14-15-16-17-18-19-20-21-22-23-24 m                             0.0017
SHAP-- non-recurrent-mmm-auckland-60-1-2-3-4-5-6-7-8-9-10-11-12-13-14-15-16-17-18-19-20-21-22-23-24 streets_per_node_count_4          0.0000
SHAP-- non-recurrent-mmm-auckland-60-1-2-3-4-5-6-7-8-9-10-11-12-13-14-15-16-17-18-19-20-21-22-23-24 mean_lanes                    0.0034
SHAP-- non-recurrent-mmm-auckland-60-1-2-3-4-5-6-7-8-9-10-11-12-13-14-15-16-17-18-19-20-21-22-23-24 circuity_avg                  0.0013
SHAP-- non-recurrent-mmm-auckland-60-1-2-3-4-5-6-7-8-9-10-11-12-13-14-15-16-17-18-19-20-21-22-23-24 k_avg                         0.0092
SHAP-- non-recurrent-mmm-auckland-60-1-2-3-4-5-6-7-8-9-10-11-12-13-14-15-16-17-18-19-20-21-22-23-24 non_metered_count             0.0008
SHAP-- non-recurrent-mmm-auckland-60-1-2-3-4-5-6-7-8-9-10-11-12-13-14-15-16-17-18-19-20-21-22-23-24 streets_per_node_count_2          0.0031
SHAP-- non-recurrent-mmm-auckland-60-1-2-3-4-5-6-7-8-9-10-11-12-13-14-15-16-17-18-19-20-21-22-23-24 streets_per_node_count_5          0.0020
SHAP-- non-recurrent-mmm-auckland-60-1-2-3-4-5-6-7-8-9-10-11-12-13-14-15-16-17-18-19-20-21-22-23-24 metered_count                 0.0164
SHAP-- non-recurrent-mmm-auckland-60-1-2-3-4-5-6-7-8-9-10-11-12-13-14-15-16-17-18-19-20-21-22-23-24 streets_per_node_count_3          0.0045
SHAP-- non-recurrent-mmm-auckland-60-1-2-3-4-5-6-7-8-9-10-11-12-13-14-15-16-17-18-19-20-21-22-23-24 global_betweenness            0.0162
SHAP-- non-recurrent-mmm-auckland-60-1-2-3-4-5-6-7-8-9-10-11-12-13-14-15-16-17-18-19-20-21-22-23-24 total_crossings               0.0057
SHAP-- non-recurrent-mmm-auckland-60-1-2-3-4-5-6-7-8-9-10-11-12-13-14-15-16-17-18-19-20-21-22-23-24 streets_per_node_count_1          0.0000
SHAP-- non-recurrent-mmm-auckland-60-1-2-3-4-5-6-7-8-9-10-11-12-13-14-15-16-17-18-19-20-21-22-23-24 streets_per_node_count_6          0.0061
SHAP-- non-recurrent-mmm-auckland-60-1-2-3-4-5-6-7-8-9-10-11-12-13-14-15-16-17-18-19-20-21-22-23-24 n                             0.0032
SHAP-- non-recurrent-mmm-auckland-60-1-2-3-4-5-6-7-8-9-10-11-12-13-14-15-16-17-18-19-20-21-22-23-24 streets_per_node_avg          0.0027
NON-RECURRENT-MMM Auckland 60 LR 0.4083019210877587 XpVar
NON-RECURRENT-MMM Auckland 60 RF 0.48219897075172613 XpVar
NON-RECURRENT-MMM Auckland 60 GBM 0.3984759935420245 XpVar
NON-RECURRENT-MMM Auckland 60 LLR -1.586032892321652e-17 XpVar
NON-RECURRENT-MMM Auckland 60 RLR 0.4074492341725615 XpVar
NON-RECURRENT-MMM Auckland 60 LR 0.004285572265320915 MSE
NON-RECURRENT-MMM Auckland 60 RF 0.0037910086907467426 MSE
NON-RECURRENT-MMM Auckland 60 GBM 0.004390897029869299 MSE
NON-RECURRENT-MMM Auckland 60 LLR 0.007189320752173514 MSE
NON-RECURRENT-MMM Auckland 60 RLR 0.00429128052658607 MSE
NON-RECURRENT-MMM Auckland 60 LR 0.4017623940372233 R2
NON-RECURRENT-MMM Auckland 60 RF 0.477566055386165 R2
NON-RECURRENT-MMM Auckland 60 GBM 0.3953865348460785 R2
NON-RECURRENT-MMM Auckland 60 LLR -0.009123817465448214 R2
NON-RECURRENT-MMM Auckland 60 RLR 0.401008579818163 R2
t_spatial, t_non_spatial, "seconds" : 2.384185791015625e-06 514.4831404685974 seconds
sorted_percentage_nan_per_column : Matplotlib is currently using agg, which is a non-GUI backend, so cannot show the figure.
Matplotlib is currently using agg, which is a non-GUI backend, so cannot show the figure.
maxspeed                         3.294118
n                                0.000000
lane_density                     0.000000
streets_per_node_proportion_6    0.000000
streets_per_node_count_6         0.000000
streets_per_node_proportion_5    0.000000
streets_per_node_count_5         0.000000
streets_per_node_proportion_4    0.000000
streets_per_node_count_4         0.000000
streets_per_node_proportion_3    0.000000
streets_per_node_count_3         0.000000
streets_per_node_proportion_2    0.000000
streets_per_node_count_2         0.000000
streets_per_node_proportion_1    0.000000
streets_per_node_count_1         0.000000
mean_lanes                       0.000000
m                                0.000000
betweenness                      0.000000
total_crossings                  0.000000
non_metered_count                0.000000
metered_count                    0.000000
self_loop_proportion             0.000000
circuity_avg                     0.000000
street_length_avg                0.000000
street_segment_count             0.000000
street_length_total              0.000000
streets_per_node_avg             0.000000
edge_length_avg                  0.000000
edge_length_total                0.000000
k_avg                            0.000000
global_betweenness               0.000000
dtype: float64
city, scale, tod, config.shift_tile_marker, X.shape, Y.shape : Auckland 70 [1, 2, 3, 4, 5, 6, 7, 8, 9, 10, 11, 12, 13, 14, 15, 16, 17, 18, 19, 20, 21, 22, 23, 24] 3 (1275, 17) (1275,)
X.shape, Y.shape, "Inside the model-fitting function" : (1275, 17) (1275,) Inside the model-fitting function
Dict: model_trials.best_params_
Key: Value
{'randomforestregressor__max_depth': 10,
 'randomforestregressor__max_features': 'sqrt',
 'randomforestregressor__n_estimators': 200}
Dict: model_trials.best_params_
Key: Value
{'xgbregressor__learning_rate': 0.01,
 'xgbregressor__max_depth': 10,
 'xgbregressor__n_estimators': 200}
Matplotlib is currently using agg, which is a non-GUI backend, so cannot show the figure.
config.CONGESTION_TYPE, slugifiedstring, i, key, value : NON-RECURRENT-MMM non-recurrent-mmm-auckland-70-1-2-3-4-5-6-7-8-9-10-11-12-13-14-15-16-17-18-19-20-21-22-23-24 0 betweenness -0.00034285423929536957
config.CONGESTION_TYPE, slugifiedstring, i, key, value : NON-RECURRENT-MMM non-recurrent-mmm-auckland-70-1-2-3-4-5-6-7-8-9-10-11-12-13-14-15-16-17-18-19-20-21-22-23-24 1 m -3.9117443095699534e-05
config.CONGESTION_TYPE, slugifiedstring, i, key, value : NON-RECURRENT-MMM non-recurrent-mmm-auckland-70-1-2-3-4-5-6-7-8-9-10-11-12-13-14-15-16-17-18-19-20-21-22-23-24 2 streets_per_node_count_4 0
config.CONGESTION_TYPE, slugifiedstring, i, key, value : NON-RECURRENT-MMM non-recurrent-mmm-auckland-70-1-2-3-4-5-6-7-8-9-10-11-12-13-14-15-16-17-18-19-20-21-22-23-24 3 mean_lanes -0.0001442156242077644
config.CONGESTION_TYPE, slugifiedstring, i, key, value : NON-RECURRENT-MMM non-recurrent-mmm-auckland-70-1-2-3-4-5-6-7-8-9-10-11-12-13-14-15-16-17-18-19-20-21-22-23-24 4 circuity_avg -2.619542009501869e-05
config.CONGESTION_TYPE, slugifiedstring, i, key, value : NON-RECURRENT-MMM non-recurrent-mmm-auckland-70-1-2-3-4-5-6-7-8-9-10-11-12-13-14-15-16-17-18-19-20-21-22-23-24 5 k_avg -0.010216558682851224
config.CONGESTION_TYPE, slugifiedstring, i, key, value : NON-RECURRENT-MMM non-recurrent-mmm-auckland-70-1-2-3-4-5-6-7-8-9-10-11-12-13-14-15-16-17-18-19-20-21-22-23-24 6 non_metered_count -7.975735079924704e-06
config.CONGESTION_TYPE, slugifiedstring, i, key, value : NON-RECURRENT-MMM non-recurrent-mmm-auckland-70-1-2-3-4-5-6-7-8-9-10-11-12-13-14-15-16-17-18-19-20-21-22-23-24 7 streets_per_node_count_2 -0.0004135585116145653
config.CONGESTION_TYPE, slugifiedstring, i, key, value : NON-RECURRENT-MMM non-recurrent-mmm-auckland-70-1-2-3-4-5-6-7-8-9-10-11-12-13-14-15-16-17-18-19-20-21-22-23-24 8 streets_per_node_count_5 -0.005701329521647961
config.CONGESTION_TYPE, slugifiedstring, i, key, value : NON-RECURRENT-MMM non-recurrent-mmm-auckland-70-1-2-3-4-5-6-7-8-9-10-11-12-13-14-15-16-17-18-19-20-21-22-23-24 9 metered_count -0.0008446681566109922
config.CONGESTION_TYPE, slugifiedstring, i, key, value : NON-RECURRENT-MMM non-recurrent-mmm-auckland-70-1-2-3-4-5-6-7-8-9-10-11-12-13-14-15-16-17-18-19-20-21-22-23-24 10 streets_per_node_count_3 -5.0199773237785004e-05
config.CONGESTION_TYPE, slugifiedstring, i, key, value : NON-RECURRENT-MMM non-recurrent-mmm-auckland-70-1-2-3-4-5-6-7-8-9-10-11-12-13-14-15-16-17-18-19-20-21-22-23-24 11 global_betweenness 0.04591500588313245
config.CONGESTION_TYPE, slugifiedstring, i, key, value : NON-RECURRENT-MMM non-recurrent-mmm-auckland-70-1-2-3-4-5-6-7-8-9-10-11-12-13-14-15-16-17-18-19-20-21-22-23-24 12 total_crossings 0.000189375702436246
config.CONGESTION_TYPE, slugifiedstring, i, key, value : NON-RECURRENT-MMM non-recurrent-mmm-auckland-70-1-2-3-4-5-6-7-8-9-10-11-12-13-14-15-16-17-18-19-20-21-22-23-24 13 streets_per_node_count_1 0
config.CONGESTION_TYPE, slugifiedstring, i, key, value : NON-RECURRENT-MMM non-recurrent-mmm-auckland-70-1-2-3-4-5-6-7-8-9-10-11-12-13-14-15-16-17-18-19-20-21-22-23-24 14 streets_per_node_count_6 -9.944425754273805e-05
config.CONGESTION_TYPE, slugifiedstring, i, key, value : NON-RECURRENT-MMM non-recurrent-mmm-auckland-70-1-2-3-4-5-6-7-8-9-10-11-12-13-14-15-16-17-18-19-20-21-22-23-24 15 n -0.0012957382821715984
config.CONGESTION_TYPE, slugifiedstring, i, key, value : NON-RECURRENT-MMM non-recurrent-mmm-auckland-70-1-2-3-4-5-6-7-8-9-10-11-12-13-14-15-16-17-18-19-20-21-22-23-24 16 streets_per_node_avg -9.637511389065523e-05
SHAP Values for each feature:
Slug                           Feature Name         Mean Abs SHAP Value
SHAP-- non-recurrent-mmm-auckland-70-1-2-3-4-5-6-7-8-9-10-11-12-13-14-15-16-17-18-19-20-21-22-23-24 betweenness                   0.0065
SHAP-- non-recurrent-mmm-auckland-70-1-2-3-4-5-6-7-8-9-10-11-12-13-14-15-16-17-18-19-20-21-22-23-24 m                             0.0018
SHAP-- non-recurrent-mmm-auckland-70-1-2-3-4-5-6-7-8-9-10-11-12-13-14-15-16-17-18-19-20-21-22-23-24 streets_per_node_count_4          0.0000
SHAP-- non-recurrent-mmm-auckland-70-1-2-3-4-5-6-7-8-9-10-11-12-13-14-15-16-17-18-19-20-21-22-23-24 mean_lanes                    0.0047
SHAP-- non-recurrent-mmm-auckland-70-1-2-3-4-5-6-7-8-9-10-11-12-13-14-15-16-17-18-19-20-21-22-23-24 circuity_avg                  0.0008
SHAP-- non-recurrent-mmm-auckland-70-1-2-3-4-5-6-7-8-9-10-11-12-13-14-15-16-17-18-19-20-21-22-23-24 k_avg                         0.0085
SHAP-- non-recurrent-mmm-auckland-70-1-2-3-4-5-6-7-8-9-10-11-12-13-14-15-16-17-18-19-20-21-22-23-24 non_metered_count             0.0007
SHAP-- non-recurrent-mmm-auckland-70-1-2-3-4-5-6-7-8-9-10-11-12-13-14-15-16-17-18-19-20-21-22-23-24 streets_per_node_count_2          0.0035
SHAP-- non-recurrent-mmm-auckland-70-1-2-3-4-5-6-7-8-9-10-11-12-13-14-15-16-17-18-19-20-21-22-23-24 streets_per_node_count_5          0.0035
SHAP-- non-recurrent-mmm-auckland-70-1-2-3-4-5-6-7-8-9-10-11-12-13-14-15-16-17-18-19-20-21-22-23-24 metered_count                 0.0170
SHAP-- non-recurrent-mmm-auckland-70-1-2-3-4-5-6-7-8-9-10-11-12-13-14-15-16-17-18-19-20-21-22-23-24 streets_per_node_count_3          0.0027
SHAP-- non-recurrent-mmm-auckland-70-1-2-3-4-5-6-7-8-9-10-11-12-13-14-15-16-17-18-19-20-21-22-23-24 global_betweenness            0.0185
SHAP-- non-recurrent-mmm-auckland-70-1-2-3-4-5-6-7-8-9-10-11-12-13-14-15-16-17-18-19-20-21-22-23-24 total_crossings               0.0034
SHAP-- non-recurrent-mmm-auckland-70-1-2-3-4-5-6-7-8-9-10-11-12-13-14-15-16-17-18-19-20-21-22-23-24 streets_per_node_count_1          0.0000
SHAP-- non-recurrent-mmm-auckland-70-1-2-3-4-5-6-7-8-9-10-11-12-13-14-15-16-17-18-19-20-21-22-23-24 streets_per_node_count_6          0.0041
SHAP-- non-recurrent-mmm-auckland-70-1-2-3-4-5-6-7-8-9-10-11-12-13-14-15-16-17-18-19-20-21-22-23-24 n                             0.0051
SHAP-- non-recurrent-mmm-auckland-70-1-2-3-4-5-6-7-8-9-10-11-12-13-14-15-16-17-18-19-20-21-22-23-24 streets_per_node_avg          0.0019
NON-RECURRENT-MMM Auckland 70 LR 0.3677294376465582 XpVar
NON-RECURRENT-MMM Auckland 70 RF 0.4437001224339876 XpVar
NON-RECURRENT-MMM Auckland 70 GBM 0.3504583986065021 XpVar
NON-RECURRENT-MMM Auckland 70 LLR 1.586032892321652e-17 XpVar
NON-RECURRENT-MMM Auckland 70 RLR 0.36783424481784904 XpVar
NON-RECURRENT-MMM Auckland 70 LR 0.005026936540724278 MSE
NON-RECURRENT-MMM Auckland 70 RF 0.004447026967884052 MSE
NON-RECURRENT-MMM Auckland 70 GBM 0.00512115594805617 MSE
NON-RECURRENT-MMM Auckland 70 LLR 0.007874575209935826 MSE
NON-RECURRENT-MMM Auckland 70 RLR 0.005025080227909548 MSE
NON-RECURRENT-MMM Auckland 70 LR 0.35889777617314805 R2
NON-RECURRENT-MMM Auckland 70 RF 0.43652698781439714 R2
NON-RECURRENT-MMM Auckland 70 GBM 0.3434881832985637 R2
NON-RECURRENT-MMM Auckland 70 LLR -0.015559062806727253 R2
NON-RECURRENT-MMM Auckland 70 RLR 0.35904933590995736 R2
t_spatial, t_non_spatial, "seconds" : 3.0994415283203125e-06 614.6265695095062 seconds
sorted_percentage_nan_per_column : Matplotlib is currently using agg, which is a non-GUI backend, so cannot show the figure.
Matplotlib is currently using agg, which is a non-GUI backend, so cannot show the figure.
maxspeed                         2.783172
n                                0.000000
lane_density                     0.000000
streets_per_node_proportion_6    0.000000
streets_per_node_count_6         0.000000
streets_per_node_proportion_5    0.000000
streets_per_node_count_5         0.000000
streets_per_node_proportion_4    0.000000
streets_per_node_count_4         0.000000
streets_per_node_proportion_3    0.000000
streets_per_node_count_3         0.000000
streets_per_node_proportion_2    0.000000
streets_per_node_count_2         0.000000
streets_per_node_proportion_1    0.000000
streets_per_node_count_1         0.000000
mean_lanes                       0.000000
m                                0.000000
betweenness                      0.000000
total_crossings                  0.000000
non_metered_count                0.000000
metered_count                    0.000000
self_loop_proportion             0.000000
circuity_avg                     0.000000
street_length_avg                0.000000
street_segment_count             0.000000
street_length_total              0.000000
streets_per_node_avg             0.000000
edge_length_avg                  0.000000
edge_length_total                0.000000
k_avg                            0.000000
global_betweenness               0.000000
dtype: float64
city, scale, tod, config.shift_tile_marker, X.shape, Y.shape : Auckland 80 [1, 2, 3, 4, 5, 6, 7, 8, 9, 10, 11, 12, 13, 14, 15, 16, 17, 18, 19, 20, 21, 22, 23, 24] 3 (1545, 17) (1545,)
X.shape, Y.shape, "Inside the model-fitting function" : (1545, 17) (1545,) Inside the model-fitting function
Dict: model_trials.best_params_
Key: Value
{'randomforestregressor__max_depth': 50,
 'randomforestregressor__max_features': 'sqrt',
 'randomforestregressor__n_estimators': 300}
Dict: model_trials.best_params_
Key: Value
{'xgbregressor__learning_rate': 0.01,
 'xgbregressor__max_depth': 10,
 'xgbregressor__n_estimators': 300}
Matplotlib is currently using agg, which is a non-GUI backend, so cannot show the figure.
config.CONGESTION_TYPE, slugifiedstring, i, key, value : NON-RECURRENT-MMM non-recurrent-mmm-auckland-80-1-2-3-4-5-6-7-8-9-10-11-12-13-14-15-16-17-18-19-20-21-22-23-24 0 betweenness -0.00036729819552212524
config.CONGESTION_TYPE, slugifiedstring, i, key, value : NON-RECURRENT-MMM non-recurrent-mmm-auckland-80-1-2-3-4-5-6-7-8-9-10-11-12-13-14-15-16-17-18-19-20-21-22-23-24 1 m -4.845689973232862e-05
config.CONGESTION_TYPE, slugifiedstring, i, key, value : NON-RECURRENT-MMM non-recurrent-mmm-auckland-80-1-2-3-4-5-6-7-8-9-10-11-12-13-14-15-16-17-18-19-20-21-22-23-24 2 streets_per_node_count_4 0
config.CONGESTION_TYPE, slugifiedstring, i, key, value : NON-RECURRENT-MMM non-recurrent-mmm-auckland-80-1-2-3-4-5-6-7-8-9-10-11-12-13-14-15-16-17-18-19-20-21-22-23-24 3 mean_lanes -5.798176320512071e-05
config.CONGESTION_TYPE, slugifiedstring, i, key, value : NON-RECURRENT-MMM non-recurrent-mmm-auckland-80-1-2-3-4-5-6-7-8-9-10-11-12-13-14-15-16-17-18-19-20-21-22-23-24 4 circuity_avg -2.45494168251716e-05
config.CONGESTION_TYPE, slugifiedstring, i, key, value : NON-RECURRENT-MMM non-recurrent-mmm-auckland-80-1-2-3-4-5-6-7-8-9-10-11-12-13-14-15-16-17-18-19-20-21-22-23-24 5 k_avg -0.000480786185742234
config.CONGESTION_TYPE, slugifiedstring, i, key, value : NON-RECURRENT-MMM non-recurrent-mmm-auckland-80-1-2-3-4-5-6-7-8-9-10-11-12-13-14-15-16-17-18-19-20-21-22-23-24 6 non_metered_count -1.4216984100587308e-05
config.CONGESTION_TYPE, slugifiedstring, i, key, value : NON-RECURRENT-MMM non-recurrent-mmm-auckland-80-1-2-3-4-5-6-7-8-9-10-11-12-13-14-15-16-17-18-19-20-21-22-23-24 7 streets_per_node_count_2 -0.0001707064432374245
config.CONGESTION_TYPE, slugifiedstring, i, key, value : NON-RECURRENT-MMM non-recurrent-mmm-auckland-80-1-2-3-4-5-6-7-8-9-10-11-12-13-14-15-16-17-18-19-20-21-22-23-24 8 streets_per_node_count_5 -7.85673003678717e-05
config.CONGESTION_TYPE, slugifiedstring, i, key, value : NON-RECURRENT-MMM non-recurrent-mmm-auckland-80-1-2-3-4-5-6-7-8-9-10-11-12-13-14-15-16-17-18-19-20-21-22-23-24 9 metered_count -0.0005229239421011381
config.CONGESTION_TYPE, slugifiedstring, i, key, value : NON-RECURRENT-MMM non-recurrent-mmm-auckland-80-1-2-3-4-5-6-7-8-9-10-11-12-13-14-15-16-17-18-19-20-21-22-23-24 10 streets_per_node_count_3 -9.435392523141784e-05
config.CONGESTION_TYPE, slugifiedstring, i, key, value : NON-RECURRENT-MMM non-recurrent-mmm-auckland-80-1-2-3-4-5-6-7-8-9-10-11-12-13-14-15-16-17-18-19-20-21-22-23-24 11 global_betweenness -0.0031979413556148454
config.CONGESTION_TYPE, slugifiedstring, i, key, value : NON-RECURRENT-MMM non-recurrent-mmm-auckland-80-1-2-3-4-5-6-7-8-9-10-11-12-13-14-15-16-17-18-19-20-21-22-23-24 12 total_crossings 0.0014562108469179608
config.CONGESTION_TYPE, slugifiedstring, i, key, value : NON-RECURRENT-MMM non-recurrent-mmm-auckland-80-1-2-3-4-5-6-7-8-9-10-11-12-13-14-15-16-17-18-19-20-21-22-23-24 13 streets_per_node_count_1 0
config.CONGESTION_TYPE, slugifiedstring, i, key, value : NON-RECURRENT-MMM non-recurrent-mmm-auckland-80-1-2-3-4-5-6-7-8-9-10-11-12-13-14-15-16-17-18-19-20-21-22-23-24 14 streets_per_node_count_6 -0.00016162187406180007
config.CONGESTION_TYPE, slugifiedstring, i, key, value : NON-RECURRENT-MMM non-recurrent-mmm-auckland-80-1-2-3-4-5-6-7-8-9-10-11-12-13-14-15-16-17-18-19-20-21-22-23-24 15 n -0.00023518442271368753
config.CONGESTION_TYPE, slugifiedstring, i, key, value : NON-RECURRENT-MMM non-recurrent-mmm-auckland-80-1-2-3-4-5-6-7-8-9-10-11-12-13-14-15-16-17-18-19-20-21-22-23-24 16 streets_per_node_avg -9.898423542829571e-05
SHAP Values for each feature:
Slug                           Feature Name         Mean Abs SHAP Value
SHAP-- non-recurrent-mmm-auckland-80-1-2-3-4-5-6-7-8-9-10-11-12-13-14-15-16-17-18-19-20-21-22-23-24 betweenness                   0.0069
SHAP-- non-recurrent-mmm-auckland-80-1-2-3-4-5-6-7-8-9-10-11-12-13-14-15-16-17-18-19-20-21-22-23-24 m                             0.0024
SHAP-- non-recurrent-mmm-auckland-80-1-2-3-4-5-6-7-8-9-10-11-12-13-14-15-16-17-18-19-20-21-22-23-24 streets_per_node_count_4          0.0000
SHAP-- non-recurrent-mmm-auckland-80-1-2-3-4-5-6-7-8-9-10-11-12-13-14-15-16-17-18-19-20-21-22-23-24 mean_lanes                    0.0044
SHAP-- non-recurrent-mmm-auckland-80-1-2-3-4-5-6-7-8-9-10-11-12-13-14-15-16-17-18-19-20-21-22-23-24 circuity_avg                  0.0011
SHAP-- non-recurrent-mmm-auckland-80-1-2-3-4-5-6-7-8-9-10-11-12-13-14-15-16-17-18-19-20-21-22-23-24 k_avg                         0.0079
SHAP-- non-recurrent-mmm-auckland-80-1-2-3-4-5-6-7-8-9-10-11-12-13-14-15-16-17-18-19-20-21-22-23-24 non_metered_count             0.0010
SHAP-- non-recurrent-mmm-auckland-80-1-2-3-4-5-6-7-8-9-10-11-12-13-14-15-16-17-18-19-20-21-22-23-24 streets_per_node_count_2          0.0030
SHAP-- non-recurrent-mmm-auckland-80-1-2-3-4-5-6-7-8-9-10-11-12-13-14-15-16-17-18-19-20-21-22-23-24 streets_per_node_count_5          0.0034
SHAP-- non-recurrent-mmm-auckland-80-1-2-3-4-5-6-7-8-9-10-11-12-13-14-15-16-17-18-19-20-21-22-23-24 metered_count                 0.0146
SHAP-- non-recurrent-mmm-auckland-80-1-2-3-4-5-6-7-8-9-10-11-12-13-14-15-16-17-18-19-20-21-22-23-24 streets_per_node_count_3          0.0045
SHAP-- non-recurrent-mmm-auckland-80-1-2-3-4-5-6-7-8-9-10-11-12-13-14-15-16-17-18-19-20-21-22-23-24 global_betweenness            0.0209
SHAP-- non-recurrent-mmm-auckland-80-1-2-3-4-5-6-7-8-9-10-11-12-13-14-15-16-17-18-19-20-21-22-23-24 total_crossings               0.0049
SHAP-- non-recurrent-mmm-auckland-80-1-2-3-4-5-6-7-8-9-10-11-12-13-14-15-16-17-18-19-20-21-22-23-24 streets_per_node_count_1          0.0000
SHAP-- non-recurrent-mmm-auckland-80-1-2-3-4-5-6-7-8-9-10-11-12-13-14-15-16-17-18-19-20-21-22-23-24 streets_per_node_count_6          0.0070
SHAP-- non-recurrent-mmm-auckland-80-1-2-3-4-5-6-7-8-9-10-11-12-13-14-15-16-17-18-19-20-21-22-23-24 n                             0.0040
SHAP-- non-recurrent-mmm-auckland-80-1-2-3-4-5-6-7-8-9-10-11-12-13-14-15-16-17-18-19-20-21-22-23-24 streets_per_node_avg          0.0028
NON-RECURRENT-MMM Auckland 80 LR 0.3755511406545868 XpVar
NON-RECURRENT-MMM Auckland 80 RF 0.46822866849593947 XpVar
NON-RECURRENT-MMM Auckland 80 GBM 0.36622691932009305 XpVar
NON-RECURRENT-MMM Auckland 80 LLR -3.172065784643304e-17 XpVar
NON-RECURRENT-MMM Auckland 80 RLR 0.3756904217898202 XpVar
NON-RECURRENT-MMM Auckland 80 LR 0.005054297355112028 MSE
NON-RECURRENT-MMM Auckland 80 RF 0.004353804146991029 MSE
NON-RECURRENT-MMM Auckland 80 GBM 0.00508405137901678 MSE
NON-RECURRENT-MMM Auckland 80 LLR 0.008112552901996972 MSE
NON-RECURRENT-MMM Auckland 80 RLR 0.005053293832584013 MSE
NON-RECURRENT-MMM Auckland 80 LR 0.37075369575368233 R2
NON-RECURRENT-MMM Auckland 80 RF 0.4625429521610217 R2
NON-RECURRENT-MMM Auckland 80 GBM 0.36101839739777913 R2
NON-RECURRENT-MMM Auckland 80 LLR -0.012037718814266756 R2
NON-RECURRENT-MMM Auckland 80 RLR 0.370875160245887 R2
t_spatial, t_non_spatial, "seconds" : 3.0994415283203125e-06 934.1698994636536 seconds
sorted_percentage_nan_per_column : Matplotlib is currently using agg, which is a non-GUI backend, so cannot show the figure.
Matplotlib is currently using agg, which is a non-GUI backend, so cannot show the figure.
maxspeed                         3.693645
n                                0.000000
lane_density                     0.000000
streets_per_node_proportion_6    0.000000
streets_per_node_count_6         0.000000
streets_per_node_proportion_5    0.000000
streets_per_node_count_5         0.000000
streets_per_node_proportion_4    0.000000
streets_per_node_count_4         0.000000
streets_per_node_proportion_3    0.000000
streets_per_node_count_3         0.000000
streets_per_node_proportion_2    0.000000
streets_per_node_count_2         0.000000
streets_per_node_proportion_1    0.000000
streets_per_node_count_1         0.000000
mean_lanes                       0.000000
m                                0.000000
betweenness                      0.000000
total_crossings                  0.000000
non_metered_count                0.000000
metered_count                    0.000000
self_loop_proportion             0.000000
circuity_avg                     0.000000
street_length_avg                0.000000
street_segment_count             0.000000
street_length_total              0.000000
streets_per_node_avg             0.000000
edge_length_avg                  0.000000
edge_length_total                0.000000
k_avg                            0.000000
global_betweenness               0.000000
dtype: float64
city, scale, tod, config.shift_tile_marker, X.shape, Y.shape : Auckland 90 [1, 2, 3, 4, 5, 6, 7, 8, 9, 10, 11, 12, 13, 14, 15, 16, 17, 18, 19, 20, 21, 22, 23, 24] 3 (1841, 17) (1841,)
X.shape, Y.shape, "Inside the model-fitting function" : (1841, 17) (1841,) Inside the model-fitting function
Dict: model_trials.best_params_
Key: Value
{'randomforestregressor__max_depth': 10,
 'randomforestregressor__max_features': 'sqrt',
 'randomforestregressor__n_estimators': 500}
Dict: model_trials.best_params_
Key: Value
{'xgbregressor__learning_rate': 0.01,
 'xgbregressor__max_depth': 10,
 'xgbregressor__n_estimators': 200}
Matplotlib is currently using agg, which is a non-GUI backend, so cannot show the figure.
config.CONGESTION_TYPE, slugifiedstring, i, key, value : NON-RECURRENT-MMM non-recurrent-mmm-auckland-90-1-2-3-4-5-6-7-8-9-10-11-12-13-14-15-16-17-18-19-20-21-22-23-24 0 betweenness -0.00020105780829948793
config.CONGESTION_TYPE, slugifiedstring, i, key, value : NON-RECURRENT-MMM non-recurrent-mmm-auckland-90-1-2-3-4-5-6-7-8-9-10-11-12-13-14-15-16-17-18-19-20-21-22-23-24 1 m -4.2830239708929994e-05
config.CONGESTION_TYPE, slugifiedstring, i, key, value : NON-RECURRENT-MMM non-recurrent-mmm-auckland-90-1-2-3-4-5-6-7-8-9-10-11-12-13-14-15-16-17-18-19-20-21-22-23-24 2 streets_per_node_count_4 0
config.CONGESTION_TYPE, slugifiedstring, i, key, value : NON-RECURRENT-MMM non-recurrent-mmm-auckland-90-1-2-3-4-5-6-7-8-9-10-11-12-13-14-15-16-17-18-19-20-21-22-23-24 3 mean_lanes -6.693716707246166e-05
config.CONGESTION_TYPE, slugifiedstring, i, key, value : NON-RECURRENT-MMM non-recurrent-mmm-auckland-90-1-2-3-4-5-6-7-8-9-10-11-12-13-14-15-16-17-18-19-20-21-22-23-24 4 circuity_avg -1.6781791677742667e-05
config.CONGESTION_TYPE, slugifiedstring, i, key, value : NON-RECURRENT-MMM non-recurrent-mmm-auckland-90-1-2-3-4-5-6-7-8-9-10-11-12-13-14-15-16-17-18-19-20-21-22-23-24 5 k_avg 0.0010209591885998988
config.CONGESTION_TYPE, slugifiedstring, i, key, value : NON-RECURRENT-MMM non-recurrent-mmm-auckland-90-1-2-3-4-5-6-7-8-9-10-11-12-13-14-15-16-17-18-19-20-21-22-23-24 6 non_metered_count -5.932086856479671e-06
config.CONGESTION_TYPE, slugifiedstring, i, key, value : NON-RECURRENT-MMM non-recurrent-mmm-auckland-90-1-2-3-4-5-6-7-8-9-10-11-12-13-14-15-16-17-18-19-20-21-22-23-24 7 streets_per_node_count_2 -0.0005036575553121663
config.CONGESTION_TYPE, slugifiedstring, i, key, value : NON-RECURRENT-MMM non-recurrent-mmm-auckland-90-1-2-3-4-5-6-7-8-9-10-11-12-13-14-15-16-17-18-19-20-21-22-23-24 8 streets_per_node_count_5 -0.00032430200088590447
config.CONGESTION_TYPE, slugifiedstring, i, key, value : NON-RECURRENT-MMM non-recurrent-mmm-auckland-90-1-2-3-4-5-6-7-8-9-10-11-12-13-14-15-16-17-18-19-20-21-22-23-24 9 metered_count -0.000714343954283644
config.CONGESTION_TYPE, slugifiedstring, i, key, value : NON-RECURRENT-MMM non-recurrent-mmm-auckland-90-1-2-3-4-5-6-7-8-9-10-11-12-13-14-15-16-17-18-19-20-21-22-23-24 10 streets_per_node_count_3 -9.199835691599235e-05
config.CONGESTION_TYPE, slugifiedstring, i, key, value : NON-RECURRENT-MMM non-recurrent-mmm-auckland-90-1-2-3-4-5-6-7-8-9-10-11-12-13-14-15-16-17-18-19-20-21-22-23-24 11 global_betweenness 0.001709393231358663
config.CONGESTION_TYPE, slugifiedstring, i, key, value : NON-RECURRENT-MMM non-recurrent-mmm-auckland-90-1-2-3-4-5-6-7-8-9-10-11-12-13-14-15-16-17-18-19-20-21-22-23-24 12 total_crossings 0.00038769964248449776
config.CONGESTION_TYPE, slugifiedstring, i, key, value : NON-RECURRENT-MMM non-recurrent-mmm-auckland-90-1-2-3-4-5-6-7-8-9-10-11-12-13-14-15-16-17-18-19-20-21-22-23-24 13 streets_per_node_count_1 0
config.CONGESTION_TYPE, slugifiedstring, i, key, value : NON-RECURRENT-MMM non-recurrent-mmm-auckland-90-1-2-3-4-5-6-7-8-9-10-11-12-13-14-15-16-17-18-19-20-21-22-23-24 14 streets_per_node_count_6 -0.0001295145566677831
config.CONGESTION_TYPE, slugifiedstring, i, key, value : NON-RECURRENT-MMM non-recurrent-mmm-auckland-90-1-2-3-4-5-6-7-8-9-10-11-12-13-14-15-16-17-18-19-20-21-22-23-24 15 n 0.0033883902417946045
config.CONGESTION_TYPE, slugifiedstring, i, key, value : NON-RECURRENT-MMM non-recurrent-mmm-auckland-90-1-2-3-4-5-6-7-8-9-10-11-12-13-14-15-16-17-18-19-20-21-22-23-24 16 streets_per_node_avg -4.232099183443597e-05
SHAP Values for each feature:
Slug                           Feature Name         Mean Abs SHAP Value
SHAP-- non-recurrent-mmm-auckland-90-1-2-3-4-5-6-7-8-9-10-11-12-13-14-15-16-17-18-19-20-21-22-23-24 betweenness                   0.0060
SHAP-- non-recurrent-mmm-auckland-90-1-2-3-4-5-6-7-8-9-10-11-12-13-14-15-16-17-18-19-20-21-22-23-24 m                             0.0021
SHAP-- non-recurrent-mmm-auckland-90-1-2-3-4-5-6-7-8-9-10-11-12-13-14-15-16-17-18-19-20-21-22-23-24 streets_per_node_count_4          0.0000
SHAP-- non-recurrent-mmm-auckland-90-1-2-3-4-5-6-7-8-9-10-11-12-13-14-15-16-17-18-19-20-21-22-23-24 mean_lanes                    0.0048
SHAP-- non-recurrent-mmm-auckland-90-1-2-3-4-5-6-7-8-9-10-11-12-13-14-15-16-17-18-19-20-21-22-23-24 circuity_avg                  0.0007
SHAP-- non-recurrent-mmm-auckland-90-1-2-3-4-5-6-7-8-9-10-11-12-13-14-15-16-17-18-19-20-21-22-23-24 k_avg                         0.0088
SHAP-- non-recurrent-mmm-auckland-90-1-2-3-4-5-6-7-8-9-10-11-12-13-14-15-16-17-18-19-20-21-22-23-24 non_metered_count             0.0008
SHAP-- non-recurrent-mmm-auckland-90-1-2-3-4-5-6-7-8-9-10-11-12-13-14-15-16-17-18-19-20-21-22-23-24 streets_per_node_count_2          0.0027
SHAP-- non-recurrent-mmm-auckland-90-1-2-3-4-5-6-7-8-9-10-11-12-13-14-15-16-17-18-19-20-21-22-23-24 streets_per_node_count_5          0.0041
SHAP-- non-recurrent-mmm-auckland-90-1-2-3-4-5-6-7-8-9-10-11-12-13-14-15-16-17-18-19-20-21-22-23-24 metered_count                 0.0144
SHAP-- non-recurrent-mmm-auckland-90-1-2-3-4-5-6-7-8-9-10-11-12-13-14-15-16-17-18-19-20-21-22-23-24 streets_per_node_count_3          0.0031
SHAP-- non-recurrent-mmm-auckland-90-1-2-3-4-5-6-7-8-9-10-11-12-13-14-15-16-17-18-19-20-21-22-23-24 global_betweenness            0.0193
SHAP-- non-recurrent-mmm-auckland-90-1-2-3-4-5-6-7-8-9-10-11-12-13-14-15-16-17-18-19-20-21-22-23-24 total_crossings               0.0056
SHAP-- non-recurrent-mmm-auckland-90-1-2-3-4-5-6-7-8-9-10-11-12-13-14-15-16-17-18-19-20-21-22-23-24 streets_per_node_count_1          0.0000
SHAP-- non-recurrent-mmm-auckland-90-1-2-3-4-5-6-7-8-9-10-11-12-13-14-15-16-17-18-19-20-21-22-23-24 streets_per_node_count_6          0.0041
SHAP-- non-recurrent-mmm-auckland-90-1-2-3-4-5-6-7-8-9-10-11-12-13-14-15-16-17-18-19-20-21-22-23-24 n                             0.0039
SHAP-- non-recurrent-mmm-auckland-90-1-2-3-4-5-6-7-8-9-10-11-12-13-14-15-16-17-18-19-20-21-22-23-24 streets_per_node_avg          0.0015
NON-RECURRENT-MMM Auckland 90 LR 0.3781636805594582 XpVar
NON-RECURRENT-MMM Auckland 90 RF 0.44929362476093054 XpVar
NON-RECURRENT-MMM Auckland 90 GBM 0.39096251235919494 XpVar
NON-RECURRENT-MMM Auckland 90 LLR 0.0 XpVar
NON-RECURRENT-MMM Auckland 90 RLR 0.3781669985472437 XpVar
NON-RECURRENT-MMM Auckland 90 LR 0.004879644749046014 MSE
NON-RECURRENT-MMM Auckland 90 RF 0.004320042505445206 MSE
NON-RECURRENT-MMM Auckland 90 GBM 0.004761534810843216 MSE
NON-RECURRENT-MMM Auckland 90 LLR 0.007956861296764203 MSE
NON-RECURRENT-MMM Auckland 90 RLR 0.004879075791335787 MSE
NON-RECURRENT-MMM Auckland 90 LR 0.3772631845067484 R2
NON-RECURRENT-MMM Auckland 90 RF 0.44832950511443276 R2
NON-RECURRENT-MMM Auckland 90 GBM 0.38984660384661346 R2
NON-RECURRENT-MMM Auckland 90 LLR -0.007907199055155769 R2
NON-RECURRENT-MMM Auckland 90 RLR 0.3772718709528195 R2
t_spatial, t_non_spatial, "seconds" : 2.86102294921875e-06 805.2574219703674 seconds
sorted_percentage_nan_per_column : Matplotlib is currently using agg, which is a non-GUI backend, so cannot show the figure.
Matplotlib is currently using agg, which is a non-GUI backend, so cannot show the figure.
maxspeed                         2.371542
n                                0.000000
lane_density                     0.000000
streets_per_node_proportion_6    0.000000
streets_per_node_count_6         0.000000
streets_per_node_proportion_5    0.000000
streets_per_node_count_5         0.000000
streets_per_node_proportion_4    0.000000
streets_per_node_count_4         0.000000
streets_per_node_proportion_3    0.000000
streets_per_node_count_3         0.000000
streets_per_node_proportion_2    0.000000
streets_per_node_count_2         0.000000
streets_per_node_proportion_1    0.000000
streets_per_node_count_1         0.000000
mean_lanes                       0.000000
m                                0.000000
betweenness                      0.000000
total_crossings                  0.000000
non_metered_count                0.000000
metered_count                    0.000000
self_loop_proportion             0.000000
circuity_avg                     0.000000
street_length_avg                0.000000
street_segment_count             0.000000
street_length_total              0.000000
streets_per_node_avg             0.000000
edge_length_avg                  0.000000
edge_length_total                0.000000
k_avg                            0.000000
global_betweenness               0.000000
dtype: float64
city, scale, tod, config.shift_tile_marker, X.shape, Y.shape : Auckland 25 [1, 2, 3, 4, 5, 6, 7, 8, 9, 10, 11, 12, 13, 14, 15, 16, 17, 18, 19, 20, 21, 22, 23, 24] 3 (253, 17) (253,)
X.shape, Y.shape, "Inside the model-fitting function" : (253, 17) (253,) Inside the model-fitting function
Dict: model_trials.best_params_
Key: Value
{'randomforestregressor__max_depth': 10,
 'randomforestregressor__max_features': 'sqrt',
 'randomforestregressor__n_estimators': 100}
Dict: model_trials.best_params_
Key: Value
{'xgbregressor__learning_rate': 0.01,
 'xgbregressor__max_depth': 10,
 'xgbregressor__n_estimators': 200}
Matplotlib is currently using agg, which is a non-GUI backend, so cannot show the figure.
config.CONGESTION_TYPE, slugifiedstring, i, key, value : NON-RECURRENT-MMM non-recurrent-mmm-auckland-25-1-2-3-4-5-6-7-8-9-10-11-12-13-14-15-16-17-18-19-20-21-22-23-24 0 betweenness -0.00038808272545429184
config.CONGESTION_TYPE, slugifiedstring, i, key, value : NON-RECURRENT-MMM non-recurrent-mmm-auckland-25-1-2-3-4-5-6-7-8-9-10-11-12-13-14-15-16-17-18-19-20-21-22-23-24 1 m -0.00019168606610990593
config.CONGESTION_TYPE, slugifiedstring, i, key, value : NON-RECURRENT-MMM non-recurrent-mmm-auckland-25-1-2-3-4-5-6-7-8-9-10-11-12-13-14-15-16-17-18-19-20-21-22-23-24 2 streets_per_node_count_4 0
config.CONGESTION_TYPE, slugifiedstring, i, key, value : NON-RECURRENT-MMM non-recurrent-mmm-auckland-25-1-2-3-4-5-6-7-8-9-10-11-12-13-14-15-16-17-18-19-20-21-22-23-24 3 mean_lanes -8.837996398735533e-05
config.CONGESTION_TYPE, slugifiedstring, i, key, value : NON-RECURRENT-MMM non-recurrent-mmm-auckland-25-1-2-3-4-5-6-7-8-9-10-11-12-13-14-15-16-17-18-19-20-21-22-23-24 4 circuity_avg -0.0007592883592090223
config.CONGESTION_TYPE, slugifiedstring, i, key, value : NON-RECURRENT-MMM non-recurrent-mmm-auckland-25-1-2-3-4-5-6-7-8-9-10-11-12-13-14-15-16-17-18-19-20-21-22-23-24 5 k_avg 0.001052558907836453
config.CONGESTION_TYPE, slugifiedstring, i, key, value : NON-RECURRENT-MMM non-recurrent-mmm-auckland-25-1-2-3-4-5-6-7-8-9-10-11-12-13-14-15-16-17-18-19-20-21-22-23-24 6 non_metered_count -0.00030155583053682276
config.CONGESTION_TYPE, slugifiedstring, i, key, value : NON-RECURRENT-MMM non-recurrent-mmm-auckland-25-1-2-3-4-5-6-7-8-9-10-11-12-13-14-15-16-17-18-19-20-21-22-23-24 7 streets_per_node_count_2 -0.00023096624208910837
config.CONGESTION_TYPE, slugifiedstring, i, key, value : NON-RECURRENT-MMM non-recurrent-mmm-auckland-25-1-2-3-4-5-6-7-8-9-10-11-12-13-14-15-16-17-18-19-20-21-22-23-24 8 streets_per_node_count_5 -8.875014410499596e-05
config.CONGESTION_TYPE, slugifiedstring, i, key, value : NON-RECURRENT-MMM non-recurrent-mmm-auckland-25-1-2-3-4-5-6-7-8-9-10-11-12-13-14-15-16-17-18-19-20-21-22-23-24 9 metered_count -0.0020927242593879675
config.CONGESTION_TYPE, slugifiedstring, i, key, value : NON-RECURRENT-MMM non-recurrent-mmm-auckland-25-1-2-3-4-5-6-7-8-9-10-11-12-13-14-15-16-17-18-19-20-21-22-23-24 10 streets_per_node_count_3 -0.000482318329441387
config.CONGESTION_TYPE, slugifiedstring, i, key, value : NON-RECURRENT-MMM non-recurrent-mmm-auckland-25-1-2-3-4-5-6-7-8-9-10-11-12-13-14-15-16-17-18-19-20-21-22-23-24 11 global_betweenness -0.010904969122157602
config.CONGESTION_TYPE, slugifiedstring, i, key, value : NON-RECURRENT-MMM non-recurrent-mmm-auckland-25-1-2-3-4-5-6-7-8-9-10-11-12-13-14-15-16-17-18-19-20-21-22-23-24 12 total_crossings -0.03774632625867344
config.CONGESTION_TYPE, slugifiedstring, i, key, value : NON-RECURRENT-MMM non-recurrent-mmm-auckland-25-1-2-3-4-5-6-7-8-9-10-11-12-13-14-15-16-17-18-19-20-21-22-23-24 13 streets_per_node_count_1 0
config.CONGESTION_TYPE, slugifiedstring, i, key, value : NON-RECURRENT-MMM non-recurrent-mmm-auckland-25-1-2-3-4-5-6-7-8-9-10-11-12-13-14-15-16-17-18-19-20-21-22-23-24 14 streets_per_node_count_6 -0.0006156540053882694
config.CONGESTION_TYPE, slugifiedstring, i, key, value : NON-RECURRENT-MMM non-recurrent-mmm-auckland-25-1-2-3-4-5-6-7-8-9-10-11-12-13-14-15-16-17-18-19-20-21-22-23-24 15 n -0.00041849806076716935
config.CONGESTION_TYPE, slugifiedstring, i, key, value : NON-RECURRENT-MMM non-recurrent-mmm-auckland-25-1-2-3-4-5-6-7-8-9-10-11-12-13-14-15-16-17-18-19-20-21-22-23-24 16 streets_per_node_avg -0.0006352499926530634
SHAP Values for each feature:
Slug                           Feature Name         Mean Abs SHAP Value
SHAP-- non-recurrent-mmm-auckland-25-1-2-3-4-5-6-7-8-9-10-11-12-13-14-15-16-17-18-19-20-21-22-23-24 betweenness                   0.0050
SHAP-- non-recurrent-mmm-auckland-25-1-2-3-4-5-6-7-8-9-10-11-12-13-14-15-16-17-18-19-20-21-22-23-24 m                             0.0013
SHAP-- non-recurrent-mmm-auckland-25-1-2-3-4-5-6-7-8-9-10-11-12-13-14-15-16-17-18-19-20-21-22-23-24 streets_per_node_count_4          0.0000
SHAP-- non-recurrent-mmm-auckland-25-1-2-3-4-5-6-7-8-9-10-11-12-13-14-15-16-17-18-19-20-21-22-23-24 mean_lanes                    0.0019
SHAP-- non-recurrent-mmm-auckland-25-1-2-3-4-5-6-7-8-9-10-11-12-13-14-15-16-17-18-19-20-21-22-23-24 circuity_avg                  0.0006
SHAP-- non-recurrent-mmm-auckland-25-1-2-3-4-5-6-7-8-9-10-11-12-13-14-15-16-17-18-19-20-21-22-23-24 k_avg                         0.0086
SHAP-- non-recurrent-mmm-auckland-25-1-2-3-4-5-6-7-8-9-10-11-12-13-14-15-16-17-18-19-20-21-22-23-24 non_metered_count             0.0020
SHAP-- non-recurrent-mmm-auckland-25-1-2-3-4-5-6-7-8-9-10-11-12-13-14-15-16-17-18-19-20-21-22-23-24 streets_per_node_count_2          0.0016
SHAP-- non-recurrent-mmm-auckland-25-1-2-3-4-5-6-7-8-9-10-11-12-13-14-15-16-17-18-19-20-21-22-23-24 streets_per_node_count_5          0.0018
SHAP-- non-recurrent-mmm-auckland-25-1-2-3-4-5-6-7-8-9-10-11-12-13-14-15-16-17-18-19-20-21-22-23-24 metered_count                 0.0140
SHAP-- non-recurrent-mmm-auckland-25-1-2-3-4-5-6-7-8-9-10-11-12-13-14-15-16-17-18-19-20-21-22-23-24 streets_per_node_count_3          0.0051
SHAP-- non-recurrent-mmm-auckland-25-1-2-3-4-5-6-7-8-9-10-11-12-13-14-15-16-17-18-19-20-21-22-23-24 global_betweenness            0.0157
SHAP-- non-recurrent-mmm-auckland-25-1-2-3-4-5-6-7-8-9-10-11-12-13-14-15-16-17-18-19-20-21-22-23-24 total_crossings               0.0058
SHAP-- non-recurrent-mmm-auckland-25-1-2-3-4-5-6-7-8-9-10-11-12-13-14-15-16-17-18-19-20-21-22-23-24 streets_per_node_count_1          0.0000
SHAP-- non-recurrent-mmm-auckland-25-1-2-3-4-5-6-7-8-9-10-11-12-13-14-15-16-17-18-19-20-21-22-23-24 streets_per_node_count_6          0.0061
SHAP-- non-recurrent-mmm-auckland-25-1-2-3-4-5-6-7-8-9-10-11-12-13-14-15-16-17-18-19-20-21-22-23-24 n                             0.0018
SHAP-- non-recurrent-mmm-auckland-25-1-2-3-4-5-6-7-8-9-10-11-12-13-14-15-16-17-18-19-20-21-22-23-24 streets_per_node_avg          0.0042
NON-RECURRENT-MMM Auckland 25 LR 0.5030133740859307 XpVar
NON-RECURRENT-MMM Auckland 25 RF 0.5434537790230263 XpVar
NON-RECURRENT-MMM Auckland 25 GBM 0.43883148213809686 XpVar
NON-RECURRENT-MMM Auckland 25 LLR 0.0 XpVar
NON-RECURRENT-MMM Auckland 25 RLR 0.5069366737299165 XpVar
NON-RECURRENT-MMM Auckland 25 LR 0.0029210213769962404 MSE
NON-RECURRENT-MMM Auckland 25 RF 0.002600712827261323 MSE
NON-RECURRENT-MMM Auckland 25 GBM 0.0030903069423431537 MSE
NON-RECURRENT-MMM Auckland 25 LLR 0.005675431322946121 MSE
NON-RECURRENT-MMM Auckland 25 RLR 0.0028933059828968976 MSE
NON-RECURRENT-MMM Auckland 25 LR 0.4756478794586455 R2
NON-RECURRENT-MMM Auckland 25 RF 0.5280007163059595 R2
NON-RECURRENT-MMM Auckland 25 GBM 0.4277715570262522 R2
NON-RECURRENT-MMM Auckland 25 LLR -0.03775494844681674 R2
NON-RECURRENT-MMM Auckland 25 RLR 0.4800714868689178 R2
t_spatial, t_non_spatial, "seconds" : 2.1457672119140625e-06 163.38250422477722 seconds
sorted_percentage_nan_per_column : Matplotlib is currently using agg, which is a non-GUI backend, so cannot show the figure.
Matplotlib is currently using agg, which is a non-GUI backend, so cannot show the figure.
maxspeed                         3.766234
n                                0.000000
lane_density                     0.000000
streets_per_node_proportion_6    0.000000
streets_per_node_count_6         0.000000
streets_per_node_proportion_5    0.000000
streets_per_node_count_5         0.000000
streets_per_node_proportion_4    0.000000
streets_per_node_count_4         0.000000
streets_per_node_proportion_3    0.000000
streets_per_node_count_3         0.000000
streets_per_node_proportion_2    0.000000
streets_per_node_count_2         0.000000
streets_per_node_proportion_1    0.000000
streets_per_node_count_1         0.000000
mean_lanes                       0.000000
m                                0.000000
betweenness                      0.000000
total_crossings                  0.000000
non_metered_count                0.000000
metered_count                    0.000000
self_loop_proportion             0.000000
circuity_avg                     0.000000
street_length_avg                0.000000
street_segment_count             0.000000
street_length_total              0.000000
streets_per_node_avg             0.000000
edge_length_avg                  0.000000
edge_length_total                0.000000
k_avg                            0.000000
global_betweenness               0.000000
dtype: float64
city, scale, tod, config.shift_tile_marker, X.shape, Y.shape : Auckland 50 [1, 2, 3, 4, 5, 6, 7, 8, 9, 10, 11, 12, 13, 14, 15, 16, 17, 18, 19, 20, 21, 22, 23, 24] 3 (770, 17) (770,)
X.shape, Y.shape, "Inside the model-fitting function" : (770, 17) (770,) Inside the model-fitting function
Dict: model_trials.best_params_
Key: Value
{'randomforestregressor__max_depth': 10,
 'randomforestregressor__max_features': 'sqrt',
 'randomforestregressor__n_estimators': 300}
Dict: model_trials.best_params_
Key: Value
{'xgbregressor__learning_rate': 0.01,
 'xgbregressor__max_depth': 10,
 'xgbregressor__n_estimators': 100}
Matplotlib is currently using agg, which is a non-GUI backend, so cannot show the figure.
config.CONGESTION_TYPE, slugifiedstring, i, key, value : NON-RECURRENT-MMM non-recurrent-mmm-auckland-50-1-2-3-4-5-6-7-8-9-10-11-12-13-14-15-16-17-18-19-20-21-22-23-24 0 betweenness -0.001361682199414886
config.CONGESTION_TYPE, slugifiedstring, i, key, value : NON-RECURRENT-MMM non-recurrent-mmm-auckland-50-1-2-3-4-5-6-7-8-9-10-11-12-13-14-15-16-17-18-19-20-21-22-23-24 1 m -3.104109023043392e-05
config.CONGESTION_TYPE, slugifiedstring, i, key, value : NON-RECURRENT-MMM non-recurrent-mmm-auckland-50-1-2-3-4-5-6-7-8-9-10-11-12-13-14-15-16-17-18-19-20-21-22-23-24 2 streets_per_node_count_4 0
config.CONGESTION_TYPE, slugifiedstring, i, key, value : NON-RECURRENT-MMM non-recurrent-mmm-auckland-50-1-2-3-4-5-6-7-8-9-10-11-12-13-14-15-16-17-18-19-20-21-22-23-24 3 mean_lanes -5.466998316619303e-05
config.CONGESTION_TYPE, slugifiedstring, i, key, value : NON-RECURRENT-MMM non-recurrent-mmm-auckland-50-1-2-3-4-5-6-7-8-9-10-11-12-13-14-15-16-17-18-19-20-21-22-23-24 4 circuity_avg -3.157786343658508e-05
config.CONGESTION_TYPE, slugifiedstring, i, key, value : NON-RECURRENT-MMM non-recurrent-mmm-auckland-50-1-2-3-4-5-6-7-8-9-10-11-12-13-14-15-16-17-18-19-20-21-22-23-24 5 k_avg 0.002955238372516362
config.CONGESTION_TYPE, slugifiedstring, i, key, value : NON-RECURRENT-MMM non-recurrent-mmm-auckland-50-1-2-3-4-5-6-7-8-9-10-11-12-13-14-15-16-17-18-19-20-21-22-23-24 6 non_metered_count -8.208733221172337e-05
config.CONGESTION_TYPE, slugifiedstring, i, key, value : NON-RECURRENT-MMM non-recurrent-mmm-auckland-50-1-2-3-4-5-6-7-8-9-10-11-12-13-14-15-16-17-18-19-20-21-22-23-24 7 streets_per_node_count_2 -0.00013022748697422403
config.CONGESTION_TYPE, slugifiedstring, i, key, value : NON-RECURRENT-MMM non-recurrent-mmm-auckland-50-1-2-3-4-5-6-7-8-9-10-11-12-13-14-15-16-17-18-19-20-21-22-23-24 8 streets_per_node_count_5 0.0007302574611761006
config.CONGESTION_TYPE, slugifiedstring, i, key, value : NON-RECURRENT-MMM non-recurrent-mmm-auckland-50-1-2-3-4-5-6-7-8-9-10-11-12-13-14-15-16-17-18-19-20-21-22-23-24 9 metered_count -0.0014168647216409678
config.CONGESTION_TYPE, slugifiedstring, i, key, value : NON-RECURRENT-MMM non-recurrent-mmm-auckland-50-1-2-3-4-5-6-7-8-9-10-11-12-13-14-15-16-17-18-19-20-21-22-23-24 10 streets_per_node_count_3 -0.00017857149526800243
config.CONGESTION_TYPE, slugifiedstring, i, key, value : NON-RECURRENT-MMM non-recurrent-mmm-auckland-50-1-2-3-4-5-6-7-8-9-10-11-12-13-14-15-16-17-18-19-20-21-22-23-24 11 global_betweenness -0.01689465179586211
config.CONGESTION_TYPE, slugifiedstring, i, key, value : NON-RECURRENT-MMM non-recurrent-mmm-auckland-50-1-2-3-4-5-6-7-8-9-10-11-12-13-14-15-16-17-18-19-20-21-22-23-24 12 total_crossings 0.0006865619871751855
config.CONGESTION_TYPE, slugifiedstring, i, key, value : NON-RECURRENT-MMM non-recurrent-mmm-auckland-50-1-2-3-4-5-6-7-8-9-10-11-12-13-14-15-16-17-18-19-20-21-22-23-24 13 streets_per_node_count_1 0
config.CONGESTION_TYPE, slugifiedstring, i, key, value : NON-RECURRENT-MMM non-recurrent-mmm-auckland-50-1-2-3-4-5-6-7-8-9-10-11-12-13-14-15-16-17-18-19-20-21-22-23-24 14 streets_per_node_count_6 -0.000243014023192609
config.CONGESTION_TYPE, slugifiedstring, i, key, value : NON-RECURRENT-MMM non-recurrent-mmm-auckland-50-1-2-3-4-5-6-7-8-9-10-11-12-13-14-15-16-17-18-19-20-21-22-23-24 15 n 0.000651903488692493
config.CONGESTION_TYPE, slugifiedstring, i, key, value : NON-RECURRENT-MMM non-recurrent-mmm-auckland-50-1-2-3-4-5-6-7-8-9-10-11-12-13-14-15-16-17-18-19-20-21-22-23-24 16 streets_per_node_avg -0.00028617583307008183
SHAP Values for each feature:
Slug                           Feature Name         Mean Abs SHAP Value
SHAP-- non-recurrent-mmm-auckland-50-1-2-3-4-5-6-7-8-9-10-11-12-13-14-15-16-17-18-19-20-21-22-23-24 betweenness                   0.0049
SHAP-- non-recurrent-mmm-auckland-50-1-2-3-4-5-6-7-8-9-10-11-12-13-14-15-16-17-18-19-20-21-22-23-24 m                             0.0013
SHAP-- non-recurrent-mmm-auckland-50-1-2-3-4-5-6-7-8-9-10-11-12-13-14-15-16-17-18-19-20-21-22-23-24 streets_per_node_count_4          0.0000
SHAP-- non-recurrent-mmm-auckland-50-1-2-3-4-5-6-7-8-9-10-11-12-13-14-15-16-17-18-19-20-21-22-23-24 mean_lanes                    0.0028
SHAP-- non-recurrent-mmm-auckland-50-1-2-3-4-5-6-7-8-9-10-11-12-13-14-15-16-17-18-19-20-21-22-23-24 circuity_avg                  0.0007
SHAP-- non-recurrent-mmm-auckland-50-1-2-3-4-5-6-7-8-9-10-11-12-13-14-15-16-17-18-19-20-21-22-23-24 k_avg                         0.0104
SHAP-- non-recurrent-mmm-auckland-50-1-2-3-4-5-6-7-8-9-10-11-12-13-14-15-16-17-18-19-20-21-22-23-24 non_metered_count             0.0015
SHAP-- non-recurrent-mmm-auckland-50-1-2-3-4-5-6-7-8-9-10-11-12-13-14-15-16-17-18-19-20-21-22-23-24 streets_per_node_count_2          0.0019
SHAP-- non-recurrent-mmm-auckland-50-1-2-3-4-5-6-7-8-9-10-11-12-13-14-15-16-17-18-19-20-21-22-23-24 streets_per_node_count_5          0.0047
SHAP-- non-recurrent-mmm-auckland-50-1-2-3-4-5-6-7-8-9-10-11-12-13-14-15-16-17-18-19-20-21-22-23-24 metered_count                 0.0159
SHAP-- non-recurrent-mmm-auckland-50-1-2-3-4-5-6-7-8-9-10-11-12-13-14-15-16-17-18-19-20-21-22-23-24 streets_per_node_count_3          0.0042
SHAP-- non-recurrent-mmm-auckland-50-1-2-3-4-5-6-7-8-9-10-11-12-13-14-15-16-17-18-19-20-21-22-23-24 global_betweenness            0.0163
SHAP-- non-recurrent-mmm-auckland-50-1-2-3-4-5-6-7-8-9-10-11-12-13-14-15-16-17-18-19-20-21-22-23-24 total_crossings               0.0056
SHAP-- non-recurrent-mmm-auckland-50-1-2-3-4-5-6-7-8-9-10-11-12-13-14-15-16-17-18-19-20-21-22-23-24 streets_per_node_count_1          0.0000
SHAP-- non-recurrent-mmm-auckland-50-1-2-3-4-5-6-7-8-9-10-11-12-13-14-15-16-17-18-19-20-21-22-23-24 streets_per_node_count_6          0.0058
SHAP-- non-recurrent-mmm-auckland-50-1-2-3-4-5-6-7-8-9-10-11-12-13-14-15-16-17-18-19-20-21-22-23-24 n                             0.0027
SHAP-- non-recurrent-mmm-auckland-50-1-2-3-4-5-6-7-8-9-10-11-12-13-14-15-16-17-18-19-20-21-22-23-24 streets_per_node_avg          0.0031
NON-RECURRENT-MMM Auckland 50 LR 0.31498700867907087 XpVar
NON-RECURRENT-MMM Auckland 50 RF 0.4896082708546454 XpVar
NON-RECURRENT-MMM Auckland 50 GBM 0.3529443213084604 XpVar
NON-RECURRENT-MMM Auckland 50 LLR 3.172065784643304e-17 XpVar
NON-RECURRENT-MMM Auckland 50 RLR 0.31470337229188744 XpVar
NON-RECURRENT-MMM Auckland 50 LR 0.004739707087295883 MSE
NON-RECURRENT-MMM Auckland 50 RF 0.0035536212943426066 MSE
NON-RECURRENT-MMM Auckland 50 GBM 0.004474766658716308 MSE
NON-RECURRENT-MMM Auckland 50 LLR 0.006883713076883997 MSE
NON-RECURRENT-MMM Auckland 50 RLR 0.004740494294373663 MSE
NON-RECURRENT-MMM Auckland 50 LR 0.3091417597819036 R2
NON-RECURRENT-MMM Auckland 50 RF 0.4875446781864485 R2
NON-RECURRENT-MMM Auckland 50 GBM 0.35019404068130294 R2
NON-RECURRENT-MMM Auckland 50 LLR -0.007595642745279495 R2
NON-RECURRENT-MMM Auckland 50 RLR 0.3086922832092257 R2
t_spatial, t_non_spatial, "seconds" : 1.1920928955078125e-06 361.54844403266907 seconds
sorted_percentage_nan_per_column : Matplotlib is currently using agg, which is a non-GUI backend, so cannot show the figure.
Matplotlib is currently using agg, which is a non-GUI backend, so cannot show the figure.
maxspeed                         3.927069
n                                0.000000
lane_density                     0.000000
streets_per_node_proportion_6    0.000000
streets_per_node_count_6         0.000000
streets_per_node_proportion_5    0.000000
streets_per_node_count_5         0.000000
streets_per_node_proportion_4    0.000000
streets_per_node_count_4         0.000000
streets_per_node_proportion_3    0.000000
streets_per_node_count_3         0.000000
streets_per_node_proportion_2    0.000000
streets_per_node_count_2         0.000000
streets_per_node_proportion_1    0.000000
streets_per_node_count_1         0.000000
mean_lanes                       0.000000
m                                0.000000
betweenness                      0.000000
total_crossings                  0.000000
non_metered_count                0.000000
metered_count                    0.000000
self_loop_proportion             0.000000
circuity_avg                     0.000000
street_length_avg                0.000000
street_segment_count             0.000000
street_length_total              0.000000
streets_per_node_avg             0.000000
edge_length_avg                  0.000000
edge_length_total                0.000000
k_avg                            0.000000
global_betweenness               0.000000
dtype: float64
city, scale, tod, config.shift_tile_marker, X.shape, Y.shape : Auckland 100 [1, 2, 3, 4, 5, 6, 7, 8, 9, 10, 11, 12, 13, 14, 15, 16, 17, 18, 19, 20, 21, 22, 23, 24] 3 (2139, 17) (2139,)
X.shape, Y.shape, "Inside the model-fitting function" : (2139, 17) (2139,) Inside the model-fitting function
Dict: model_trials.best_params_
Key: Value
{'randomforestregressor__max_depth': 10,
 'randomforestregressor__max_features': 'sqrt',
 'randomforestregressor__n_estimators': 1000}
Dict: model_trials.best_params_
Key: Value
{'xgbregressor__learning_rate': 0.01,
 'xgbregressor__max_depth': 10,
 'xgbregressor__n_estimators': 200}
Matplotlib is currently using agg, which is a non-GUI backend, so cannot show the figure.
config.CONGESTION_TYPE, slugifiedstring, i, key, value : NON-RECURRENT-MMM non-recurrent-mmm-auckland-100-1-2-3-4-5-6-7-8-9-10-11-12-13-14-15-16-17-18-19-20-21-22-23-24 0 betweenness 0.012953414739765799
config.CONGESTION_TYPE, slugifiedstring, i, key, value : NON-RECURRENT-MMM non-recurrent-mmm-auckland-100-1-2-3-4-5-6-7-8-9-10-11-12-13-14-15-16-17-18-19-20-21-22-23-24 1 m -8.752252572723125e-05
config.CONGESTION_TYPE, slugifiedstring, i, key, value : NON-RECURRENT-MMM non-recurrent-mmm-auckland-100-1-2-3-4-5-6-7-8-9-10-11-12-13-14-15-16-17-18-19-20-21-22-23-24 2 streets_per_node_count_4 0
config.CONGESTION_TYPE, slugifiedstring, i, key, value : NON-RECURRENT-MMM non-recurrent-mmm-auckland-100-1-2-3-4-5-6-7-8-9-10-11-12-13-14-15-16-17-18-19-20-21-22-23-24 3 mean_lanes -0.0001025454405805777
config.CONGESTION_TYPE, slugifiedstring, i, key, value : NON-RECURRENT-MMM non-recurrent-mmm-auckland-100-1-2-3-4-5-6-7-8-9-10-11-12-13-14-15-16-17-18-19-20-21-22-23-24 4 circuity_avg -0.00011105737862575815
config.CONGESTION_TYPE, slugifiedstring, i, key, value : NON-RECURRENT-MMM non-recurrent-mmm-auckland-100-1-2-3-4-5-6-7-8-9-10-11-12-13-14-15-16-17-18-19-20-21-22-23-24 5 k_avg 0.0003842663617708583
config.CONGESTION_TYPE, slugifiedstring, i, key, value : NON-RECURRENT-MMM non-recurrent-mmm-auckland-100-1-2-3-4-5-6-7-8-9-10-11-12-13-14-15-16-17-18-19-20-21-22-23-24 6 non_metered_count -6.120936407339091e-06
config.CONGESTION_TYPE, slugifiedstring, i, key, value : NON-RECURRENT-MMM non-recurrent-mmm-auckland-100-1-2-3-4-5-6-7-8-9-10-11-12-13-14-15-16-17-18-19-20-21-22-23-24 7 streets_per_node_count_2 0.00039957972236454335
config.CONGESTION_TYPE, slugifiedstring, i, key, value : NON-RECURRENT-MMM non-recurrent-mmm-auckland-100-1-2-3-4-5-6-7-8-9-10-11-12-13-14-15-16-17-18-19-20-21-22-23-24 8 streets_per_node_count_5 -0.0005074124415465358
config.CONGESTION_TYPE, slugifiedstring, i, key, value : NON-RECURRENT-MMM non-recurrent-mmm-auckland-100-1-2-3-4-5-6-7-8-9-10-11-12-13-14-15-16-17-18-19-20-21-22-23-24 9 metered_count -0.0008521242973471478
config.CONGESTION_TYPE, slugifiedstring, i, key, value : NON-RECURRENT-MMM non-recurrent-mmm-auckland-100-1-2-3-4-5-6-7-8-9-10-11-12-13-14-15-16-17-18-19-20-21-22-23-24 10 streets_per_node_count_3 -5.6562123349353895e-05
config.CONGESTION_TYPE, slugifiedstring, i, key, value : NON-RECURRENT-MMM non-recurrent-mmm-auckland-100-1-2-3-4-5-6-7-8-9-10-11-12-13-14-15-16-17-18-19-20-21-22-23-24 11 global_betweenness 0.001737208159670099
config.CONGESTION_TYPE, slugifiedstring, i, key, value : NON-RECURRENT-MMM non-recurrent-mmm-auckland-100-1-2-3-4-5-6-7-8-9-10-11-12-13-14-15-16-17-18-19-20-21-22-23-24 12 total_crossings 0.00019802095788180827
config.CONGESTION_TYPE, slugifiedstring, i, key, value : NON-RECURRENT-MMM non-recurrent-mmm-auckland-100-1-2-3-4-5-6-7-8-9-10-11-12-13-14-15-16-17-18-19-20-21-22-23-24 13 streets_per_node_count_1 0
config.CONGESTION_TYPE, slugifiedstring, i, key, value : NON-RECURRENT-MMM non-recurrent-mmm-auckland-100-1-2-3-4-5-6-7-8-9-10-11-12-13-14-15-16-17-18-19-20-21-22-23-24 14 streets_per_node_count_6 -9.004273807487464e-05
config.CONGESTION_TYPE, slugifiedstring, i, key, value : NON-RECURRENT-MMM non-recurrent-mmm-auckland-100-1-2-3-4-5-6-7-8-9-10-11-12-13-14-15-16-17-18-19-20-21-22-23-24 15 n 0.004582774755089245
config.CONGESTION_TYPE, slugifiedstring, i, key, value : NON-RECURRENT-MMM non-recurrent-mmm-auckland-100-1-2-3-4-5-6-7-8-9-10-11-12-13-14-15-16-17-18-19-20-21-22-23-24 16 streets_per_node_avg -2.396469716676288e-05
SHAP Values for each feature:
Slug                           Feature Name         Mean Abs SHAP Value
SHAP-- non-recurrent-mmm-auckland-100-1-2-3-4-5-6-7-8-9-10-11-12-13-14-15-16-17-18-19-20-21-22-23-24 betweenness                   0.0090
SHAP-- non-recurrent-mmm-auckland-100-1-2-3-4-5-6-7-8-9-10-11-12-13-14-15-16-17-18-19-20-21-22-23-24 m                             0.0022
SHAP-- non-recurrent-mmm-auckland-100-1-2-3-4-5-6-7-8-9-10-11-12-13-14-15-16-17-18-19-20-21-22-23-24 streets_per_node_count_4          0.0000
SHAP-- non-recurrent-mmm-auckland-100-1-2-3-4-5-6-7-8-9-10-11-12-13-14-15-16-17-18-19-20-21-22-23-24 mean_lanes                    0.0059
SHAP-- non-recurrent-mmm-auckland-100-1-2-3-4-5-6-7-8-9-10-11-12-13-14-15-16-17-18-19-20-21-22-23-24 circuity_avg                  0.0010
SHAP-- non-recurrent-mmm-auckland-100-1-2-3-4-5-6-7-8-9-10-11-12-13-14-15-16-17-18-19-20-21-22-23-24 k_avg                         0.0080
SHAP-- non-recurrent-mmm-auckland-100-1-2-3-4-5-6-7-8-9-10-11-12-13-14-15-16-17-18-19-20-21-22-23-24 non_metered_count             0.0006
SHAP-- non-recurrent-mmm-auckland-100-1-2-3-4-5-6-7-8-9-10-11-12-13-14-15-16-17-18-19-20-21-22-23-24 streets_per_node_count_2          0.0032
SHAP-- non-recurrent-mmm-auckland-100-1-2-3-4-5-6-7-8-9-10-11-12-13-14-15-16-17-18-19-20-21-22-23-24 streets_per_node_count_5          0.0036
SHAP-- non-recurrent-mmm-auckland-100-1-2-3-4-5-6-7-8-9-10-11-12-13-14-15-16-17-18-19-20-21-22-23-24 metered_count                 0.0137
SHAP-- non-recurrent-mmm-auckland-100-1-2-3-4-5-6-7-8-9-10-11-12-13-14-15-16-17-18-19-20-21-22-23-24 streets_per_node_count_3          0.0031
SHAP-- non-recurrent-mmm-auckland-100-1-2-3-4-5-6-7-8-9-10-11-12-13-14-15-16-17-18-19-20-21-22-23-24 global_betweenness            0.0188
SHAP-- non-recurrent-mmm-auckland-100-1-2-3-4-5-6-7-8-9-10-11-12-13-14-15-16-17-18-19-20-21-22-23-24 total_crossings               0.0041
SHAP-- non-recurrent-mmm-auckland-100-1-2-3-4-5-6-7-8-9-10-11-12-13-14-15-16-17-18-19-20-21-22-23-24 streets_per_node_count_1          0.0000
SHAP-- non-recurrent-mmm-auckland-100-1-2-3-4-5-6-7-8-9-10-11-12-13-14-15-16-17-18-19-20-21-22-23-24 streets_per_node_count_6          0.0043
SHAP-- non-recurrent-mmm-auckland-100-1-2-3-4-5-6-7-8-9-10-11-12-13-14-15-16-17-18-19-20-21-22-23-24 n                             0.0042
SHAP-- non-recurrent-mmm-auckland-100-1-2-3-4-5-6-7-8-9-10-11-12-13-14-15-16-17-18-19-20-21-22-23-24 streets_per_node_avg          0.0016
NON-RECURRENT-MMM Auckland 100 LR 0.35735328597856164 XpVar
NON-RECURRENT-MMM Auckland 100 RF 0.45282696846864756 XpVar
NON-RECURRENT-MMM Auckland 100 GBM 0.3997391913796083 XpVar
NON-RECURRENT-MMM Auckland 100 LLR 3.172065784643304e-17 XpVar
NON-RECURRENT-MMM Auckland 100 RLR 0.3575937114946588 XpVar
NON-RECURRENT-MMM Auckland 100 LR 0.005524654621749893 MSE
NON-RECURRENT-MMM Auckland 100 RF 0.004713439665035478 MSE
NON-RECURRENT-MMM Auckland 100 GBM 0.005155686740765913 MSE
NON-RECURRENT-MMM Auckland 100 LLR 0.008570564321376836 MSE
NON-RECURRENT-MMM Auckland 100 RLR 0.005523391279925497 MSE
NON-RECURRENT-MMM Auckland 100 LR 0.3557483221078777 R2
NON-RECURRENT-MMM Auckland 100 RF 0.4509311462018862 R2
NON-RECURRENT-MMM Auckland 100 GBM 0.3971664790568122 R2
NON-RECURRENT-MMM Auckland 100 LLR -0.004802271519402046 R2
NON-RECURRENT-MMM Auckland 100 RLR 0.3559830523367274 R2
t_spatial, t_non_spatial, "seconds" : 4.0531158447265625e-06 962.1173174381256 seconds

 Complete: python urbanscales/modelling/SHAP_analysis.py

