Matplotlib is currently using agg, which is a non-GUI backend, so cannot show the figure.
Matplotlib is currently using agg, which is a non-GUI backend, so cannot show the figure.
Loaded config file: Prefix for name of road network object pickle file!
os.getcwd() : /home/niskumar/WCS/urbanscales/modelling
sorted_percentage_nan_per_column : maxspeed                         1.025641
n                                0.000000
lane_density                     0.000000
streets_per_node_proportion_6    0.000000
streets_per_node_count_6         0.000000
streets_per_node_proportion_5    0.000000
streets_per_node_count_5         0.000000
streets_per_node_proportion_4    0.000000
streets_per_node_count_4         0.000000
streets_per_node_proportion_3    0.000000
streets_per_node_count_3         0.000000
streets_per_node_proportion_2    0.000000
streets_per_node_count_2         0.000000
streets_per_node_proportion_1    0.000000
streets_per_node_count_1         0.000000
mean_lanes                       0.000000
m                                0.000000
betweenness                      0.000000
total_crossings                  0.000000
non_metered_count                0.000000
metered_count                    0.000000
self_loop_proportion             0.000000
circuity_avg                     0.000000
street_length_avg                0.000000
street_segment_count             0.000000
street_length_total              0.000000
streets_per_node_avg             0.000000
edge_length_avg                  0.000000
edge_length_total                0.000000
k_avg                            0.000000
global_betweenness               0.000000
dtype: float64
city, scale, tod, config.shift_tile_marker, X.shape, Y.shape : Capetown 20 [1, 2, 3, 4, 5, 6, 7, 8, 9, 10, 11, 12, 13, 14, 15, 16, 17, 18, 19, 20, 21, 22, 23, 24] 3 (195, 17) (195,)
X.shape, Y.shape, "Inside the model-fitting function" : (195, 17) (195,) Inside the model-fitting function
Dict: model_trials.best_params_
Key: Value
{'randomforestregressor__max_depth': 10,
 'randomforestregressor__max_features': 'sqrt',
 'randomforestregressor__n_estimators': 1000}
Dict: model_trials.best_params_
Key: Value
{'xgbregressor__learning_rate': 0.001,
 'xgbregressor__max_depth': 20,
 'xgbregressor__n_estimators': 500}
Matplotlib is currently using agg, which is a non-GUI backend, so cannot show the figure.
config.CONGESTION_TYPE, slugifiedstring, i, key, value : NON-RECURRENT-MMM non-recurrent-mmm-capetown-20-1-2-3-4-5-6-7-8-9-10-11-12-13-14-15-16-17-18-19-20-21-22-23-24 0 betweenness -0.0004768632977213027
config.CONGESTION_TYPE, slugifiedstring, i, key, value : NON-RECURRENT-MMM non-recurrent-mmm-capetown-20-1-2-3-4-5-6-7-8-9-10-11-12-13-14-15-16-17-18-19-20-21-22-23-24 1 n 9.773620802942302e-05
config.CONGESTION_TYPE, slugifiedstring, i, key, value : NON-RECURRENT-MMM non-recurrent-mmm-capetown-20-1-2-3-4-5-6-7-8-9-10-11-12-13-14-15-16-17-18-19-20-21-22-23-24 2 streets_per_node_count_2 7.019609035255682e-05
config.CONGESTION_TYPE, slugifiedstring, i, key, value : NON-RECURRENT-MMM non-recurrent-mmm-capetown-20-1-2-3-4-5-6-7-8-9-10-11-12-13-14-15-16-17-18-19-20-21-22-23-24 3 non_metered_count -0.00043758722411395826
config.CONGESTION_TYPE, slugifiedstring, i, key, value : NON-RECURRENT-MMM non-recurrent-mmm-capetown-20-1-2-3-4-5-6-7-8-9-10-11-12-13-14-15-16-17-18-19-20-21-22-23-24 4 streets_per_node_count_3 -0.000309034730531236
config.CONGESTION_TYPE, slugifiedstring, i, key, value : NON-RECURRENT-MMM non-recurrent-mmm-capetown-20-1-2-3-4-5-6-7-8-9-10-11-12-13-14-15-16-17-18-19-20-21-22-23-24 5 metered_count -0.0011393680841373449
config.CONGESTION_TYPE, slugifiedstring, i, key, value : NON-RECURRENT-MMM non-recurrent-mmm-capetown-20-1-2-3-4-5-6-7-8-9-10-11-12-13-14-15-16-17-18-19-20-21-22-23-24 6 mean_lanes 0.00010312428701827423
config.CONGESTION_TYPE, slugifiedstring, i, key, value : NON-RECURRENT-MMM non-recurrent-mmm-capetown-20-1-2-3-4-5-6-7-8-9-10-11-12-13-14-15-16-17-18-19-20-21-22-23-24 7 streets_per_node_avg 0.0009499304039812886
config.CONGESTION_TYPE, slugifiedstring, i, key, value : NON-RECURRENT-MMM non-recurrent-mmm-capetown-20-1-2-3-4-5-6-7-8-9-10-11-12-13-14-15-16-17-18-19-20-21-22-23-24 8 m 7.454513631537187e-05
config.CONGESTION_TYPE, slugifiedstring, i, key, value : NON-RECURRENT-MMM non-recurrent-mmm-capetown-20-1-2-3-4-5-6-7-8-9-10-11-12-13-14-15-16-17-18-19-20-21-22-23-24 9 total_crossings -0.0006374780557575648
config.CONGESTION_TYPE, slugifiedstring, i, key, value : NON-RECURRENT-MMM non-recurrent-mmm-capetown-20-1-2-3-4-5-6-7-8-9-10-11-12-13-14-15-16-17-18-19-20-21-22-23-24 10 streets_per_node_count_5 4.40229973653714e-05
config.CONGESTION_TYPE, slugifiedstring, i, key, value : NON-RECURRENT-MMM non-recurrent-mmm-capetown-20-1-2-3-4-5-6-7-8-9-10-11-12-13-14-15-16-17-18-19-20-21-22-23-24 11 streets_per_node_count_1 0
config.CONGESTION_TYPE, slugifiedstring, i, key, value : NON-RECURRENT-MMM non-recurrent-mmm-capetown-20-1-2-3-4-5-6-7-8-9-10-11-12-13-14-15-16-17-18-19-20-21-22-23-24 12 global_betweenness 0.00035015741435876223
config.CONGESTION_TYPE, slugifiedstring, i, key, value : NON-RECURRENT-MMM non-recurrent-mmm-capetown-20-1-2-3-4-5-6-7-8-9-10-11-12-13-14-15-16-17-18-19-20-21-22-23-24 13 streets_per_node_count_6 -0.0005856976664736345
config.CONGESTION_TYPE, slugifiedstring, i, key, value : NON-RECURRENT-MMM non-recurrent-mmm-capetown-20-1-2-3-4-5-6-7-8-9-10-11-12-13-14-15-16-17-18-19-20-21-22-23-24 14 streets_per_node_count_4 0
config.CONGESTION_TYPE, slugifiedstring, i, key, value : NON-RECURRENT-MMM non-recurrent-mmm-capetown-20-1-2-3-4-5-6-7-8-9-10-11-12-13-14-15-16-17-18-19-20-21-22-23-24 15 k_avg 0.00016406130701903003
config.CONGESTION_TYPE, slugifiedstring, i, key, value : NON-RECURRENT-MMM non-recurrent-mmm-capetown-20-1-2-3-4-5-6-7-8-9-10-11-12-13-14-15-16-17-18-19-20-21-22-23-24 16 circuity_avg 4.636813638496174e-05
SHAP Values for each feature:
Slug                           Feature Name         Mean Abs SHAP Value
SHAP-- non-recurrent-mmm-capetown-20-1-2-3-4-5-6-7-8-9-10-11-12-13-14-15-16-17-18-19-20-21-22-23-24 betweenness                   0.0017
SHAP-- non-recurrent-mmm-capetown-20-1-2-3-4-5-6-7-8-9-10-11-12-13-14-15-16-17-18-19-20-21-22-23-24 n                             0.0012
SHAP-- non-recurrent-mmm-capetown-20-1-2-3-4-5-6-7-8-9-10-11-12-13-14-15-16-17-18-19-20-21-22-23-24 streets_per_node_count_2          0.0012
SHAP-- non-recurrent-mmm-capetown-20-1-2-3-4-5-6-7-8-9-10-11-12-13-14-15-16-17-18-19-20-21-22-23-24 non_metered_count             0.0028
SHAP-- non-recurrent-mmm-capetown-20-1-2-3-4-5-6-7-8-9-10-11-12-13-14-15-16-17-18-19-20-21-22-23-24 streets_per_node_count_3          0.0020
SHAP-- non-recurrent-mmm-capetown-20-1-2-3-4-5-6-7-8-9-10-11-12-13-14-15-16-17-18-19-20-21-22-23-24 metered_count                 0.0056
SHAP-- non-recurrent-mmm-capetown-20-1-2-3-4-5-6-7-8-9-10-11-12-13-14-15-16-17-18-19-20-21-22-23-24 mean_lanes                    0.0015
SHAP-- non-recurrent-mmm-capetown-20-1-2-3-4-5-6-7-8-9-10-11-12-13-14-15-16-17-18-19-20-21-22-23-24 streets_per_node_avg          0.0014
SHAP-- non-recurrent-mmm-capetown-20-1-2-3-4-5-6-7-8-9-10-11-12-13-14-15-16-17-18-19-20-21-22-23-24 m                             0.0014
SHAP-- non-recurrent-mmm-capetown-20-1-2-3-4-5-6-7-8-9-10-11-12-13-14-15-16-17-18-19-20-21-22-23-24 total_crossings               0.0056
SHAP-- non-recurrent-mmm-capetown-20-1-2-3-4-5-6-7-8-9-10-11-12-13-14-15-16-17-18-19-20-21-22-23-24 streets_per_node_count_5          0.0007
SHAP-- non-recurrent-mmm-capetown-20-1-2-3-4-5-6-7-8-9-10-11-12-13-14-15-16-17-18-19-20-21-22-23-24 streets_per_node_count_1          0.0000
SHAP-- non-recurrent-mmm-capetown-20-1-2-3-4-5-6-7-8-9-10-11-12-13-14-15-16-17-18-19-20-21-22-23-24 global_betweenness            0.0029
SHAP-- non-recurrent-mmm-capetown-20-1-2-3-4-5-6-7-8-9-10-11-12-13-14-15-16-17-18-19-20-21-22-23-24 streets_per_node_count_6          0.0016
SHAP-- non-recurrent-mmm-capetown-20-1-2-3-4-5-6-7-8-9-10-11-12-13-14-15-16-17-18-19-20-21-22-23-24 streets_per_node_count_4          0.0000
SHAP-- non-recurrent-mmm-capetown-20-1-2-3-4-5-6-7-8-9-10-11-12-13-14-15-16-17-18-19-20-21-22-23-24 k_avg                         0.0025
SHAP-- non-recurrent-mmm-capetown-20-1-2-3-4-5-6-7-8-9-10-11-12-13-14-15-16-17-18-19-20-21-22-23-24 circuity_avg                  0.0003
NON-RECURRENT-MMM Capetown 20 LR 0.17098085786114217 XpVar
NON-RECURRENT-MMM Capetown 20 RF 0.2727730097430977 XpVar
NON-RECURRENT-MMM Capetown 20 GBM 0.09810493919907197 XpVar
NON-RECURRENT-MMM Capetown 20 LLR -1.586032892321652e-17 XpVar
NON-RECURRENT-MMM Capetown 20 RLR 0.18360744403698195 XpVar
NON-RECURRENT-MMM Capetown 20 LR 0.001219988473140988 MSE
NON-RECURRENT-MMM Capetown 20 RF 0.001070869580833394 MSE
NON-RECURRENT-MMM Capetown 20 GBM 0.0013575346884420849 MSE
NON-RECURRENT-MMM Capetown 20 LLR 0.0015119669064885826 MSE
NON-RECURRENT-MMM Capetown 20 RLR 0.0011912581295638988 MSE
NON-RECURRENT-MMM Capetown 20 LR 0.14873406674101738 R2
NON-RECURRENT-MMM Capetown 20 RF 0.25735236871899686 R2
NON-RECURRENT-MMM Capetown 20 GBM 0.08618919461789668 R2
NON-RECURRENT-MMM Capetown 20 LLR -0.02530728908381755 R2
NON-RECURRENT-MMM Capetown 20 RLR 0.16439507667569936 R2
t_spatial, t_non_spatial, "seconds" : 9.5367431640625e-07 141.56154084205627 seconds
sorted_percentage_nan_per_column : Matplotlib is currently using agg, which is a non-GUI backend, so cannot show the figure.
Matplotlib is currently using agg, which is a non-GUI backend, so cannot show the figure.
maxspeed                         3.157895
n                                0.000000
lane_density                     0.000000
streets_per_node_proportion_6    0.000000
streets_per_node_count_6         0.000000
streets_per_node_proportion_5    0.000000
streets_per_node_count_5         0.000000
streets_per_node_proportion_4    0.000000
streets_per_node_count_4         0.000000
streets_per_node_proportion_3    0.000000
streets_per_node_count_3         0.000000
streets_per_node_proportion_2    0.000000
streets_per_node_count_2         0.000000
streets_per_node_proportion_1    0.000000
streets_per_node_count_1         0.000000
mean_lanes                       0.000000
m                                0.000000
betweenness                      0.000000
total_crossings                  0.000000
non_metered_count                0.000000
metered_count                    0.000000
self_loop_proportion             0.000000
circuity_avg                     0.000000
street_length_avg                0.000000
street_segment_count             0.000000
street_length_total              0.000000
streets_per_node_avg             0.000000
edge_length_avg                  0.000000
edge_length_total                0.000000
k_avg                            0.000000
global_betweenness               0.000000
dtype: float64
city, scale, tod, config.shift_tile_marker, X.shape, Y.shape : Capetown 30 [1, 2, 3, 4, 5, 6, 7, 8, 9, 10, 11, 12, 13, 14, 15, 16, 17, 18, 19, 20, 21, 22, 23, 24] 3 (380, 17) (380,)
X.shape, Y.shape, "Inside the model-fitting function" : (380, 17) (380,) Inside the model-fitting function
Dict: model_trials.best_params_
Key: Value
{'randomforestregressor__max_depth': 10,
 'randomforestregressor__max_features': 'sqrt',
 'randomforestregressor__n_estimators': 1000}
Dict: model_trials.best_params_
Key: Value
{'xgbregressor__learning_rate': 0.001,
 'xgbregressor__max_depth': 10,
 'xgbregressor__n_estimators': 400}
Matplotlib is currently using agg, which is a non-GUI backend, so cannot show the figure.
config.CONGESTION_TYPE, slugifiedstring, i, key, value : NON-RECURRENT-MMM non-recurrent-mmm-capetown-30-1-2-3-4-5-6-7-8-9-10-11-12-13-14-15-16-17-18-19-20-21-22-23-24 0 betweenness 5.851328379632249e-05
config.CONGESTION_TYPE, slugifiedstring, i, key, value : NON-RECURRENT-MMM non-recurrent-mmm-capetown-30-1-2-3-4-5-6-7-8-9-10-11-12-13-14-15-16-17-18-19-20-21-22-23-24 1 n 3.8382320948019896e-05
config.CONGESTION_TYPE, slugifiedstring, i, key, value : NON-RECURRENT-MMM non-recurrent-mmm-capetown-30-1-2-3-4-5-6-7-8-9-10-11-12-13-14-15-16-17-18-19-20-21-22-23-24 2 streets_per_node_count_2 3.745696376890021e-05
config.CONGESTION_TYPE, slugifiedstring, i, key, value : NON-RECURRENT-MMM non-recurrent-mmm-capetown-30-1-2-3-4-5-6-7-8-9-10-11-12-13-14-15-16-17-18-19-20-21-22-23-24 3 non_metered_count -0.00018646169798381532
config.CONGESTION_TYPE, slugifiedstring, i, key, value : NON-RECURRENT-MMM non-recurrent-mmm-capetown-30-1-2-3-4-5-6-7-8-9-10-11-12-13-14-15-16-17-18-19-20-21-22-23-24 4 streets_per_node_count_3 -0.00010235955016907836
config.CONGESTION_TYPE, slugifiedstring, i, key, value : NON-RECURRENT-MMM non-recurrent-mmm-capetown-30-1-2-3-4-5-6-7-8-9-10-11-12-13-14-15-16-17-18-19-20-21-22-23-24 5 metered_count -0.0004013729382864452
config.CONGESTION_TYPE, slugifiedstring, i, key, value : NON-RECURRENT-MMM non-recurrent-mmm-capetown-30-1-2-3-4-5-6-7-8-9-10-11-12-13-14-15-16-17-18-19-20-21-22-23-24 6 mean_lanes 3.880380830823166e-05
config.CONGESTION_TYPE, slugifiedstring, i, key, value : NON-RECURRENT-MMM non-recurrent-mmm-capetown-30-1-2-3-4-5-6-7-8-9-10-11-12-13-14-15-16-17-18-19-20-21-22-23-24 7 streets_per_node_avg -8.862899309960886e-05
config.CONGESTION_TYPE, slugifiedstring, i, key, value : NON-RECURRENT-MMM non-recurrent-mmm-capetown-30-1-2-3-4-5-6-7-8-9-10-11-12-13-14-15-16-17-18-19-20-21-22-23-24 8 m 2.9974903864629347e-05
config.CONGESTION_TYPE, slugifiedstring, i, key, value : NON-RECURRENT-MMM non-recurrent-mmm-capetown-30-1-2-3-4-5-6-7-8-9-10-11-12-13-14-15-16-17-18-19-20-21-22-23-24 9 total_crossings -0.00033911805224744147
config.CONGESTION_TYPE, slugifiedstring, i, key, value : NON-RECURRENT-MMM non-recurrent-mmm-capetown-30-1-2-3-4-5-6-7-8-9-10-11-12-13-14-15-16-17-18-19-20-21-22-23-24 10 streets_per_node_count_5 4.338172570398935e-05
config.CONGESTION_TYPE, slugifiedstring, i, key, value : NON-RECURRENT-MMM non-recurrent-mmm-capetown-30-1-2-3-4-5-6-7-8-9-10-11-12-13-14-15-16-17-18-19-20-21-22-23-24 11 streets_per_node_count_1 0
config.CONGESTION_TYPE, slugifiedstring, i, key, value : NON-RECURRENT-MMM non-recurrent-mmm-capetown-30-1-2-3-4-5-6-7-8-9-10-11-12-13-14-15-16-17-18-19-20-21-22-23-24 12 global_betweenness 0.00012654033478673072
config.CONGESTION_TYPE, slugifiedstring, i, key, value : NON-RECURRENT-MMM non-recurrent-mmm-capetown-30-1-2-3-4-5-6-7-8-9-10-11-12-13-14-15-16-17-18-19-20-21-22-23-24 13 streets_per_node_count_6 -9.139780216269157e-05
config.CONGESTION_TYPE, slugifiedstring, i, key, value : NON-RECURRENT-MMM non-recurrent-mmm-capetown-30-1-2-3-4-5-6-7-8-9-10-11-12-13-14-15-16-17-18-19-20-21-22-23-24 14 streets_per_node_count_4 0
config.CONGESTION_TYPE, slugifiedstring, i, key, value : NON-RECURRENT-MMM non-recurrent-mmm-capetown-30-1-2-3-4-5-6-7-8-9-10-11-12-13-14-15-16-17-18-19-20-21-22-23-24 15 k_avg 9.365294504768433e-05
config.CONGESTION_TYPE, slugifiedstring, i, key, value : NON-RECURRENT-MMM non-recurrent-mmm-capetown-30-1-2-3-4-5-6-7-8-9-10-11-12-13-14-15-16-17-18-19-20-21-22-23-24 16 circuity_avg 2.566226587465767e-05
SHAP Values for each feature:
Slug                           Feature Name         Mean Abs SHAP Value
SHAP-- non-recurrent-mmm-capetown-30-1-2-3-4-5-6-7-8-9-10-11-12-13-14-15-16-17-18-19-20-21-22-23-24 betweenness                   0.0014
SHAP-- non-recurrent-mmm-capetown-30-1-2-3-4-5-6-7-8-9-10-11-12-13-14-15-16-17-18-19-20-21-22-23-24 n                             0.0014
SHAP-- non-recurrent-mmm-capetown-30-1-2-3-4-5-6-7-8-9-10-11-12-13-14-15-16-17-18-19-20-21-22-23-24 streets_per_node_count_2          0.0013
SHAP-- non-recurrent-mmm-capetown-30-1-2-3-4-5-6-7-8-9-10-11-12-13-14-15-16-17-18-19-20-21-22-23-24 non_metered_count             0.0024
SHAP-- non-recurrent-mmm-capetown-30-1-2-3-4-5-6-7-8-9-10-11-12-13-14-15-16-17-18-19-20-21-22-23-24 streets_per_node_count_3          0.0023
SHAP-- non-recurrent-mmm-capetown-30-1-2-3-4-5-6-7-8-9-10-11-12-13-14-15-16-17-18-19-20-21-22-23-24 metered_count                 0.0065
SHAP-- non-recurrent-mmm-capetown-30-1-2-3-4-5-6-7-8-9-10-11-12-13-14-15-16-17-18-19-20-21-22-23-24 mean_lanes                    0.0012
SHAP-- non-recurrent-mmm-capetown-30-1-2-3-4-5-6-7-8-9-10-11-12-13-14-15-16-17-18-19-20-21-22-23-24 streets_per_node_avg          0.0014
SHAP-- non-recurrent-mmm-capetown-30-1-2-3-4-5-6-7-8-9-10-11-12-13-14-15-16-17-18-19-20-21-22-23-24 m                             0.0014
SHAP-- non-recurrent-mmm-capetown-30-1-2-3-4-5-6-7-8-9-10-11-12-13-14-15-16-17-18-19-20-21-22-23-24 total_crossings               0.0054
SHAP-- non-recurrent-mmm-capetown-30-1-2-3-4-5-6-7-8-9-10-11-12-13-14-15-16-17-18-19-20-21-22-23-24 streets_per_node_count_5          0.0013
SHAP-- non-recurrent-mmm-capetown-30-1-2-3-4-5-6-7-8-9-10-11-12-13-14-15-16-17-18-19-20-21-22-23-24 streets_per_node_count_1          0.0000
SHAP-- non-recurrent-mmm-capetown-30-1-2-3-4-5-6-7-8-9-10-11-12-13-14-15-16-17-18-19-20-21-22-23-24 global_betweenness            0.0027
SHAP-- non-recurrent-mmm-capetown-30-1-2-3-4-5-6-7-8-9-10-11-12-13-14-15-16-17-18-19-20-21-22-23-24 streets_per_node_count_6          0.0023
SHAP-- non-recurrent-mmm-capetown-30-1-2-3-4-5-6-7-8-9-10-11-12-13-14-15-16-17-18-19-20-21-22-23-24 streets_per_node_count_4          0.0000
SHAP-- non-recurrent-mmm-capetown-30-1-2-3-4-5-6-7-8-9-10-11-12-13-14-15-16-17-18-19-20-21-22-23-24 k_avg                         0.0024
SHAP-- non-recurrent-mmm-capetown-30-1-2-3-4-5-6-7-8-9-10-11-12-13-14-15-16-17-18-19-20-21-22-23-24 circuity_avg                  0.0005
NON-RECURRENT-MMM Capetown 30 LR 0.09004251321043308 XpVar
NON-RECURRENT-MMM Capetown 30 RF 0.1111581432505403 XpVar
NON-RECURRENT-MMM Capetown 30 GBM 0.08399824335656599 XpVar
NON-RECURRENT-MMM Capetown 30 LLR 3.172065784643304e-17 XpVar
NON-RECURRENT-MMM Capetown 30 RLR 0.10268464140082774 XpVar
NON-RECURRENT-MMM Capetown 30 LR 0.001747633313880752 MSE
NON-RECURRENT-MMM Capetown 30 RF 0.0016920707179209928 MSE
NON-RECURRENT-MMM Capetown 30 GBM 0.0018075279083596106 MSE
NON-RECURRENT-MMM Capetown 30 LLR 0.001958002923387325 MSE
NON-RECURRENT-MMM Capetown 30 RLR 0.0017187396687898438 MSE
NON-RECURRENT-MMM Capetown 30 LR 0.07027350060071891 R2
NON-RECURRENT-MMM Capetown 30 RF 0.08371796251228833 R2
NON-RECURRENT-MMM Capetown 30 GBM 0.05021700840929804 R2
NON-RECURRENT-MMM Capetown 30 LLR -0.04349258316434702 R2
NON-RECURRENT-MMM Capetown 30 RLR 0.08311616386819384 R2
t_spatial, t_non_spatial, "seconds" : 2.1457672119140625e-06 266.83361315727234 seconds
sorted_percentage_nan_per_column : Matplotlib is currently using agg, which is a non-GUI backend, so cannot show the figure.
Matplotlib is currently using agg, which is a non-GUI backend, so cannot show the figure.
maxspeed                         2.755267
n                                0.000000
lane_density                     0.000000
streets_per_node_proportion_6    0.000000
streets_per_node_count_6         0.000000
streets_per_node_proportion_5    0.000000
streets_per_node_count_5         0.000000
streets_per_node_proportion_4    0.000000
streets_per_node_count_4         0.000000
streets_per_node_proportion_3    0.000000
streets_per_node_count_3         0.000000
streets_per_node_proportion_2    0.000000
streets_per_node_count_2         0.000000
streets_per_node_proportion_1    0.000000
streets_per_node_count_1         0.000000
mean_lanes                       0.000000
m                                0.000000
betweenness                      0.000000
total_crossings                  0.000000
non_metered_count                0.000000
metered_count                    0.000000
self_loop_proportion             0.000000
circuity_avg                     0.000000
street_length_avg                0.000000
street_segment_count             0.000000
street_length_total              0.000000
streets_per_node_avg             0.000000
edge_length_avg                  0.000000
edge_length_total                0.000000
k_avg                            0.000000
global_betweenness               0.000000
dtype: float64
city, scale, tod, config.shift_tile_marker, X.shape, Y.shape : Capetown 40 [1, 2, 3, 4, 5, 6, 7, 8, 9, 10, 11, 12, 13, 14, 15, 16, 17, 18, 19, 20, 21, 22, 23, 24] 3 (617, 17) (617,)
X.shape, Y.shape, "Inside the model-fitting function" : (617, 17) (617,) Inside the model-fitting function
Dict: model_trials.best_params_
Key: Value
{'randomforestregressor__max_depth': 10,
 'randomforestregressor__max_features': 'sqrt',
 'randomforestregressor__n_estimators': 1000}
Dict: model_trials.best_params_
Key: Value
{'xgbregressor__learning_rate': 0.001,
 'xgbregressor__max_depth': 20,
 'xgbregressor__n_estimators': 500}
Matplotlib is currently using agg, which is a non-GUI backend, so cannot show the figure.
config.CONGESTION_TYPE, slugifiedstring, i, key, value : NON-RECURRENT-MMM non-recurrent-mmm-capetown-40-1-2-3-4-5-6-7-8-9-10-11-12-13-14-15-16-17-18-19-20-21-22-23-24 0 betweenness 9.138736304373528e-05
config.CONGESTION_TYPE, slugifiedstring, i, key, value : NON-RECURRENT-MMM non-recurrent-mmm-capetown-40-1-2-3-4-5-6-7-8-9-10-11-12-13-14-15-16-17-18-19-20-21-22-23-24 1 n 2.01099412126448e-05
config.CONGESTION_TYPE, slugifiedstring, i, key, value : NON-RECURRENT-MMM non-recurrent-mmm-capetown-40-1-2-3-4-5-6-7-8-9-10-11-12-13-14-15-16-17-18-19-20-21-22-23-24 2 streets_per_node_count_2 2.5514473135432143e-05
config.CONGESTION_TYPE, slugifiedstring, i, key, value : NON-RECURRENT-MMM non-recurrent-mmm-capetown-40-1-2-3-4-5-6-7-8-9-10-11-12-13-14-15-16-17-18-19-20-21-22-23-24 3 non_metered_count -0.00010499546251461334
config.CONGESTION_TYPE, slugifiedstring, i, key, value : NON-RECURRENT-MMM non-recurrent-mmm-capetown-40-1-2-3-4-5-6-7-8-9-10-11-12-13-14-15-16-17-18-19-20-21-22-23-24 4 streets_per_node_count_3 -0.00011127159294016984
config.CONGESTION_TYPE, slugifiedstring, i, key, value : NON-RECURRENT-MMM non-recurrent-mmm-capetown-40-1-2-3-4-5-6-7-8-9-10-11-12-13-14-15-16-17-18-19-20-21-22-23-24 5 metered_count -0.00030670864011386647
config.CONGESTION_TYPE, slugifiedstring, i, key, value : NON-RECURRENT-MMM non-recurrent-mmm-capetown-40-1-2-3-4-5-6-7-8-9-10-11-12-13-14-15-16-17-18-19-20-21-22-23-24 6 mean_lanes 9.653873224162091e-05
config.CONGESTION_TYPE, slugifiedstring, i, key, value : NON-RECURRENT-MMM non-recurrent-mmm-capetown-40-1-2-3-4-5-6-7-8-9-10-11-12-13-14-15-16-17-18-19-20-21-22-23-24 7 streets_per_node_avg -8.831205133940224e-05
config.CONGESTION_TYPE, slugifiedstring, i, key, value : NON-RECURRENT-MMM non-recurrent-mmm-capetown-40-1-2-3-4-5-6-7-8-9-10-11-12-13-14-15-16-17-18-19-20-21-22-23-24 8 m 2.010841815453096e-05
config.CONGESTION_TYPE, slugifiedstring, i, key, value : NON-RECURRENT-MMM non-recurrent-mmm-capetown-40-1-2-3-4-5-6-7-8-9-10-11-12-13-14-15-16-17-18-19-20-21-22-23-24 9 total_crossings -0.00018406677428971482
config.CONGESTION_TYPE, slugifiedstring, i, key, value : NON-RECURRENT-MMM non-recurrent-mmm-capetown-40-1-2-3-4-5-6-7-8-9-10-11-12-13-14-15-16-17-18-19-20-21-22-23-24 10 streets_per_node_count_5 3.0117673022029346e-05
config.CONGESTION_TYPE, slugifiedstring, i, key, value : NON-RECURRENT-MMM non-recurrent-mmm-capetown-40-1-2-3-4-5-6-7-8-9-10-11-12-13-14-15-16-17-18-19-20-21-22-23-24 11 streets_per_node_count_1 0
config.CONGESTION_TYPE, slugifiedstring, i, key, value : NON-RECURRENT-MMM non-recurrent-mmm-capetown-40-1-2-3-4-5-6-7-8-9-10-11-12-13-14-15-16-17-18-19-20-21-22-23-24 12 global_betweenness 0.000379339483010664
config.CONGESTION_TYPE, slugifiedstring, i, key, value : NON-RECURRENT-MMM non-recurrent-mmm-capetown-40-1-2-3-4-5-6-7-8-9-10-11-12-13-14-15-16-17-18-19-20-21-22-23-24 13 streets_per_node_count_6 -0.0001784293892848985
config.CONGESTION_TYPE, slugifiedstring, i, key, value : NON-RECURRENT-MMM non-recurrent-mmm-capetown-40-1-2-3-4-5-6-7-8-9-10-11-12-13-14-15-16-17-18-19-20-21-22-23-24 14 streets_per_node_count_4 0
config.CONGESTION_TYPE, slugifiedstring, i, key, value : NON-RECURRENT-MMM non-recurrent-mmm-capetown-40-1-2-3-4-5-6-7-8-9-10-11-12-13-14-15-16-17-18-19-20-21-22-23-24 15 k_avg 6.52330451689976e-05
config.CONGESTION_TYPE, slugifiedstring, i, key, value : NON-RECURRENT-MMM non-recurrent-mmm-capetown-40-1-2-3-4-5-6-7-8-9-10-11-12-13-14-15-16-17-18-19-20-21-22-23-24 16 circuity_avg 2.435568920993404e-05
SHAP Values for each feature:
Slug                           Feature Name         Mean Abs SHAP Value
SHAP-- non-recurrent-mmm-capetown-40-1-2-3-4-5-6-7-8-9-10-11-12-13-14-15-16-17-18-19-20-21-22-23-24 betweenness                   0.0019
SHAP-- non-recurrent-mmm-capetown-40-1-2-3-4-5-6-7-8-9-10-11-12-13-14-15-16-17-18-19-20-21-22-23-24 n                             0.0009
SHAP-- non-recurrent-mmm-capetown-40-1-2-3-4-5-6-7-8-9-10-11-12-13-14-15-16-17-18-19-20-21-22-23-24 streets_per_node_count_2          0.0010
SHAP-- non-recurrent-mmm-capetown-40-1-2-3-4-5-6-7-8-9-10-11-12-13-14-15-16-17-18-19-20-21-22-23-24 non_metered_count             0.0015
SHAP-- non-recurrent-mmm-capetown-40-1-2-3-4-5-6-7-8-9-10-11-12-13-14-15-16-17-18-19-20-21-22-23-24 streets_per_node_count_3          0.0036
SHAP-- non-recurrent-mmm-capetown-40-1-2-3-4-5-6-7-8-9-10-11-12-13-14-15-16-17-18-19-20-21-22-23-24 metered_count                 0.0057
SHAP-- non-recurrent-mmm-capetown-40-1-2-3-4-5-6-7-8-9-10-11-12-13-14-15-16-17-18-19-20-21-22-23-24 mean_lanes                    0.0017
SHAP-- non-recurrent-mmm-capetown-40-1-2-3-4-5-6-7-8-9-10-11-12-13-14-15-16-17-18-19-20-21-22-23-24 streets_per_node_avg          0.0023
SHAP-- non-recurrent-mmm-capetown-40-1-2-3-4-5-6-7-8-9-10-11-12-13-14-15-16-17-18-19-20-21-22-23-24 m                             0.0012
SHAP-- non-recurrent-mmm-capetown-40-1-2-3-4-5-6-7-8-9-10-11-12-13-14-15-16-17-18-19-20-21-22-23-24 total_crossings               0.0038
SHAP-- non-recurrent-mmm-capetown-40-1-2-3-4-5-6-7-8-9-10-11-12-13-14-15-16-17-18-19-20-21-22-23-24 streets_per_node_count_5          0.0011
SHAP-- non-recurrent-mmm-capetown-40-1-2-3-4-5-6-7-8-9-10-11-12-13-14-15-16-17-18-19-20-21-22-23-24 streets_per_node_count_1          0.0000
SHAP-- non-recurrent-mmm-capetown-40-1-2-3-4-5-6-7-8-9-10-11-12-13-14-15-16-17-18-19-20-21-22-23-24 global_betweenness            0.0052
SHAP-- non-recurrent-mmm-capetown-40-1-2-3-4-5-6-7-8-9-10-11-12-13-14-15-16-17-18-19-20-21-22-23-24 streets_per_node_count_6          0.0016
SHAP-- non-recurrent-mmm-capetown-40-1-2-3-4-5-6-7-8-9-10-11-12-13-14-15-16-17-18-19-20-21-22-23-24 streets_per_node_count_4          0.0000
SHAP-- non-recurrent-mmm-capetown-40-1-2-3-4-5-6-7-8-9-10-11-12-13-14-15-16-17-18-19-20-21-22-23-24 k_avg                         0.0033
SHAP-- non-recurrent-mmm-capetown-40-1-2-3-4-5-6-7-8-9-10-11-12-13-14-15-16-17-18-19-20-21-22-23-24 circuity_avg                  0.0003
NON-RECURRENT-MMM Capetown 40 LR 0.12252906259322827 XpVar
NON-RECURRENT-MMM Capetown 40 RF 0.2195258919898608 XpVar
NON-RECURRENT-MMM Capetown 40 GBM 0.03150869617681643 XpVar
NON-RECURRENT-MMM Capetown 40 LLR 0.0 XpVar
NON-RECURRENT-MMM Capetown 40 RLR 0.12777221812697304 XpVar
NON-RECURRENT-MMM Capetown 40 LR 0.0021544623391438348 MSE
NON-RECURRENT-MMM Capetown 40 RF 0.0019691542015198463 MSE
NON-RECURRENT-MMM Capetown 40 GBM 0.0022951760451337287 MSE
NON-RECURRENT-MMM Capetown 40 LLR 0.0023723857030304657 MSE
NON-RECURRENT-MMM Capetown 40 RLR 0.0021390658798626978 MSE
NON-RECURRENT-MMM Capetown 40 LR 0.11220205515800634 R2
NON-RECURRENT-MMM Capetown 40 RF 0.20782186802470898 R2
NON-RECURRENT-MMM Capetown 40 GBM 0.02054024852538045 R2
NON-RECURRENT-MMM Capetown 40 LLR -0.010884371627937841 R2
NON-RECURRENT-MMM Capetown 40 RLR 0.11742774959985412 R2
t_spatial, t_non_spatial, "seconds" : 1.9073486328125e-06 430.1151747703552 seconds
sorted_percentage_nan_per_column : Matplotlib is currently using agg, which is a non-GUI backend, so cannot show the figure.
Matplotlib is currently using agg, which is a non-GUI backend, so cannot show the figure.
maxspeed                         3.599649
n                                0.000000
lane_density                     0.000000
streets_per_node_proportion_6    0.000000
streets_per_node_count_6         0.000000
streets_per_node_proportion_5    0.000000
streets_per_node_count_5         0.000000
streets_per_node_proportion_4    0.000000
streets_per_node_count_4         0.000000
streets_per_node_proportion_3    0.000000
streets_per_node_count_3         0.000000
streets_per_node_proportion_2    0.000000
streets_per_node_count_2         0.000000
streets_per_node_proportion_1    0.000000
streets_per_node_count_1         0.000000
mean_lanes                       0.000000
m                                0.000000
betweenness                      0.000000
total_crossings                  0.000000
non_metered_count                0.000000
metered_count                    0.000000
self_loop_proportion             0.000000
circuity_avg                     0.000000
street_length_avg                0.000000
street_segment_count             0.000000
street_length_total              0.000000
streets_per_node_avg             0.000000
edge_length_avg                  0.000000
edge_length_total                0.000000
k_avg                            0.000000
global_betweenness               0.000000
dtype: float64
city, scale, tod, config.shift_tile_marker, X.shape, Y.shape : Capetown 60 [1, 2, 3, 4, 5, 6, 7, 8, 9, 10, 11, 12, 13, 14, 15, 16, 17, 18, 19, 20, 21, 22, 23, 24] 3 (1139, 17) (1139,)
X.shape, Y.shape, "Inside the model-fitting function" : (1139, 17) (1139,) Inside the model-fitting function
Dict: model_trials.best_params_
Key: Value
{'randomforestregressor__max_depth': 10,
 'randomforestregressor__max_features': 'sqrt',
 'randomforestregressor__n_estimators': 100}
Dict: model_trials.best_params_
Key: Value
{'xgbregressor__learning_rate': 0.001,
 'xgbregressor__max_depth': 10,
 'xgbregressor__n_estimators': 500}
Matplotlib is currently using agg, which is a non-GUI backend, so cannot show the figure.
config.CONGESTION_TYPE, slugifiedstring, i, key, value : NON-RECURRENT-MMM non-recurrent-mmm-capetown-60-1-2-3-4-5-6-7-8-9-10-11-12-13-14-15-16-17-18-19-20-21-22-23-24 0 betweenness -0.00427961057880634
config.CONGESTION_TYPE, slugifiedstring, i, key, value : NON-RECURRENT-MMM non-recurrent-mmm-capetown-60-1-2-3-4-5-6-7-8-9-10-11-12-13-14-15-16-17-18-19-20-21-22-23-24 1 n -3.706881997562233e-05
config.CONGESTION_TYPE, slugifiedstring, i, key, value : NON-RECURRENT-MMM non-recurrent-mmm-capetown-60-1-2-3-4-5-6-7-8-9-10-11-12-13-14-15-16-17-18-19-20-21-22-23-24 2 streets_per_node_count_2 -4.398561888595352e-05
config.CONGESTION_TYPE, slugifiedstring, i, key, value : NON-RECURRENT-MMM non-recurrent-mmm-capetown-60-1-2-3-4-5-6-7-8-9-10-11-12-13-14-15-16-17-18-19-20-21-22-23-24 3 non_metered_count -0.00018351530327754813
config.CONGESTION_TYPE, slugifiedstring, i, key, value : NON-RECURRENT-MMM non-recurrent-mmm-capetown-60-1-2-3-4-5-6-7-8-9-10-11-12-13-14-15-16-17-18-19-20-21-22-23-24 4 streets_per_node_count_3 -3.4287133945253095e-05
config.CONGESTION_TYPE, slugifiedstring, i, key, value : NON-RECURRENT-MMM non-recurrent-mmm-capetown-60-1-2-3-4-5-6-7-8-9-10-11-12-13-14-15-16-17-18-19-20-21-22-23-24 5 metered_count -0.00015168091533708685
config.CONGESTION_TYPE, slugifiedstring, i, key, value : NON-RECURRENT-MMM non-recurrent-mmm-capetown-60-1-2-3-4-5-6-7-8-9-10-11-12-13-14-15-16-17-18-19-20-21-22-23-24 6 mean_lanes 1.4206041515595748e-05
config.CONGESTION_TYPE, slugifiedstring, i, key, value : NON-RECURRENT-MMM non-recurrent-mmm-capetown-60-1-2-3-4-5-6-7-8-9-10-11-12-13-14-15-16-17-18-19-20-21-22-23-24 7 streets_per_node_avg -0.00017492598553878056
config.CONGESTION_TYPE, slugifiedstring, i, key, value : NON-RECURRENT-MMM non-recurrent-mmm-capetown-60-1-2-3-4-5-6-7-8-9-10-11-12-13-14-15-16-17-18-19-20-21-22-23-24 8 m 3.2431773683449495e-05
config.CONGESTION_TYPE, slugifiedstring, i, key, value : NON-RECURRENT-MMM non-recurrent-mmm-capetown-60-1-2-3-4-5-6-7-8-9-10-11-12-13-14-15-16-17-18-19-20-21-22-23-24 9 total_crossings -0.0002242858130147712
config.CONGESTION_TYPE, slugifiedstring, i, key, value : NON-RECURRENT-MMM non-recurrent-mmm-capetown-60-1-2-3-4-5-6-7-8-9-10-11-12-13-14-15-16-17-18-19-20-21-22-23-24 10 streets_per_node_count_5 2.4688380249859457e-05
config.CONGESTION_TYPE, slugifiedstring, i, key, value : NON-RECURRENT-MMM non-recurrent-mmm-capetown-60-1-2-3-4-5-6-7-8-9-10-11-12-13-14-15-16-17-18-19-20-21-22-23-24 11 streets_per_node_count_1 0
config.CONGESTION_TYPE, slugifiedstring, i, key, value : NON-RECURRENT-MMM non-recurrent-mmm-capetown-60-1-2-3-4-5-6-7-8-9-10-11-12-13-14-15-16-17-18-19-20-21-22-23-24 12 global_betweenness 0.00031123136968514787
config.CONGESTION_TYPE, slugifiedstring, i, key, value : NON-RECURRENT-MMM non-recurrent-mmm-capetown-60-1-2-3-4-5-6-7-8-9-10-11-12-13-14-15-16-17-18-19-20-21-22-23-24 13 streets_per_node_count_6 5.555369734647241e-05
config.CONGESTION_TYPE, slugifiedstring, i, key, value : NON-RECURRENT-MMM non-recurrent-mmm-capetown-60-1-2-3-4-5-6-7-8-9-10-11-12-13-14-15-16-17-18-19-20-21-22-23-24 14 streets_per_node_count_4 0
config.CONGESTION_TYPE, slugifiedstring, i, key, value : NON-RECURRENT-MMM non-recurrent-mmm-capetown-60-1-2-3-4-5-6-7-8-9-10-11-12-13-14-15-16-17-18-19-20-21-22-23-24 15 k_avg 4.610837207359631e-05
config.CONGESTION_TYPE, slugifiedstring, i, key, value : NON-RECURRENT-MMM non-recurrent-mmm-capetown-60-1-2-3-4-5-6-7-8-9-10-11-12-13-14-15-16-17-18-19-20-21-22-23-24 16 circuity_avg 2.9323977012859078e-05
SHAP Values for each feature:
Slug                           Feature Name         Mean Abs SHAP Value
SHAP-- non-recurrent-mmm-capetown-60-1-2-3-4-5-6-7-8-9-10-11-12-13-14-15-16-17-18-19-20-21-22-23-24 betweenness                   0.0017
SHAP-- non-recurrent-mmm-capetown-60-1-2-3-4-5-6-7-8-9-10-11-12-13-14-15-16-17-18-19-20-21-22-23-24 n                             0.0016
SHAP-- non-recurrent-mmm-capetown-60-1-2-3-4-5-6-7-8-9-10-11-12-13-14-15-16-17-18-19-20-21-22-23-24 streets_per_node_count_2          0.0014
SHAP-- non-recurrent-mmm-capetown-60-1-2-3-4-5-6-7-8-9-10-11-12-13-14-15-16-17-18-19-20-21-22-23-24 non_metered_count             0.0021
SHAP-- non-recurrent-mmm-capetown-60-1-2-3-4-5-6-7-8-9-10-11-12-13-14-15-16-17-18-19-20-21-22-23-24 streets_per_node_count_3          0.0017
SHAP-- non-recurrent-mmm-capetown-60-1-2-3-4-5-6-7-8-9-10-11-12-13-14-15-16-17-18-19-20-21-22-23-24 metered_count                 0.0049
SHAP-- non-recurrent-mmm-capetown-60-1-2-3-4-5-6-7-8-9-10-11-12-13-14-15-16-17-18-19-20-21-22-23-24 mean_lanes                    0.0011
SHAP-- non-recurrent-mmm-capetown-60-1-2-3-4-5-6-7-8-9-10-11-12-13-14-15-16-17-18-19-20-21-22-23-24 streets_per_node_avg          0.0021
SHAP-- non-recurrent-mmm-capetown-60-1-2-3-4-5-6-7-8-9-10-11-12-13-14-15-16-17-18-19-20-21-22-23-24 m                             0.0018
SHAP-- non-recurrent-mmm-capetown-60-1-2-3-4-5-6-7-8-9-10-11-12-13-14-15-16-17-18-19-20-21-22-23-24 total_crossings               0.0061
SHAP-- non-recurrent-mmm-capetown-60-1-2-3-4-5-6-7-8-9-10-11-12-13-14-15-16-17-18-19-20-21-22-23-24 streets_per_node_count_5          0.0010
SHAP-- non-recurrent-mmm-capetown-60-1-2-3-4-5-6-7-8-9-10-11-12-13-14-15-16-17-18-19-20-21-22-23-24 streets_per_node_count_1          0.0000
SHAP-- non-recurrent-mmm-capetown-60-1-2-3-4-5-6-7-8-9-10-11-12-13-14-15-16-17-18-19-20-21-22-23-24 global_betweenness            0.0060
SHAP-- non-recurrent-mmm-capetown-60-1-2-3-4-5-6-7-8-9-10-11-12-13-14-15-16-17-18-19-20-21-22-23-24 streets_per_node_count_6          0.0013
SHAP-- non-recurrent-mmm-capetown-60-1-2-3-4-5-6-7-8-9-10-11-12-13-14-15-16-17-18-19-20-21-22-23-24 streets_per_node_count_4          0.0000
SHAP-- non-recurrent-mmm-capetown-60-1-2-3-4-5-6-7-8-9-10-11-12-13-14-15-16-17-18-19-20-21-22-23-24 k_avg                         0.0033
SHAP-- non-recurrent-mmm-capetown-60-1-2-3-4-5-6-7-8-9-10-11-12-13-14-15-16-17-18-19-20-21-22-23-24 circuity_avg                  0.0004
NON-RECURRENT-MMM Capetown 60 LR 0.11447737090546324 XpVar
NON-RECURRENT-MMM Capetown 60 RF 0.1620125195617297 XpVar
NON-RECURRENT-MMM Capetown 60 GBM 0.045260113664900806 XpVar
NON-RECURRENT-MMM Capetown 60 LLR -3.172065784643304e-17 XpVar
NON-RECURRENT-MMM Capetown 60 RLR 0.11610884368802296 XpVar
NON-RECURRENT-MMM Capetown 60 LR 0.0025544896787020018 MSE
NON-RECURRENT-MMM Capetown 60 RF 0.0023962004902760375 MSE
NON-RECURRENT-MMM Capetown 60 GBM 0.0027302675375691066 MSE
NON-RECURRENT-MMM Capetown 60 LLR 0.002842185473207779 MSE
NON-RECURRENT-MMM Capetown 60 RLR 0.0025495188295146347 MSE
NON-RECURRENT-MMM Capetown 60 LR 0.10510246900751874 R2
NON-RECURRENT-MMM Capetown 60 RF 0.15249761114549923 R2
NON-RECURRENT-MMM Capetown 60 GBM 0.03347937998470718 R2
NON-RECURRENT-MMM Capetown 60 LLR -0.01180422951351301 R2
NON-RECURRENT-MMM Capetown 60 RLR 0.10670144496666364 R2
t_spatial, t_non_spatial, "seconds" : 2.1457672119140625e-06 587.7730226516724 seconds
sorted_percentage_nan_per_column : Matplotlib is currently using agg, which is a non-GUI backend, so cannot show the figure.
Matplotlib is currently using agg, which is a non-GUI backend, so cannot show the figure.
maxspeed                         4.132231
n                                0.000000
lane_density                     0.000000
streets_per_node_proportion_6    0.000000
streets_per_node_count_6         0.000000
streets_per_node_proportion_5    0.000000
streets_per_node_count_5         0.000000
streets_per_node_proportion_4    0.000000
streets_per_node_count_4         0.000000
streets_per_node_proportion_3    0.000000
streets_per_node_count_3         0.000000
streets_per_node_proportion_2    0.000000
streets_per_node_count_2         0.000000
streets_per_node_proportion_1    0.000000
streets_per_node_count_1         0.000000
mean_lanes                       0.000000
m                                0.000000
betweenness                      0.000000
total_crossings                  0.000000
non_metered_count                0.000000
metered_count                    0.000000
self_loop_proportion             0.000000
circuity_avg                     0.000000
street_length_avg                0.000000
street_segment_count             0.000000
street_length_total              0.000000
streets_per_node_avg             0.000000
edge_length_avg                  0.000000
edge_length_total                0.000000
k_avg                            0.000000
global_betweenness               0.000000
dtype: float64
city, scale, tod, config.shift_tile_marker, X.shape, Y.shape : Capetown 70 [1, 2, 3, 4, 5, 6, 7, 8, 9, 10, 11, 12, 13, 14, 15, 16, 17, 18, 19, 20, 21, 22, 23, 24] 3 (1452, 17) (1452,)
X.shape, Y.shape, "Inside the model-fitting function" : (1452, 17) (1452,) Inside the model-fitting function
Dict: model_trials.best_params_
Key: Value
{'randomforestregressor__max_depth': 10,
 'randomforestregressor__max_features': 'sqrt',
 'randomforestregressor__n_estimators': 300}
Dict: model_trials.best_params_
Key: Value
{'xgbregressor__learning_rate': 0.001,
 'xgbregressor__max_depth': 10,
 'xgbregressor__n_estimators': 300}
Matplotlib is currently using agg, which is a non-GUI backend, so cannot show the figure.
config.CONGESTION_TYPE, slugifiedstring, i, key, value : NON-RECURRENT-MMM non-recurrent-mmm-capetown-70-1-2-3-4-5-6-7-8-9-10-11-12-13-14-15-16-17-18-19-20-21-22-23-24 0 betweenness -8.160890795105693e-05
config.CONGESTION_TYPE, slugifiedstring, i, key, value : NON-RECURRENT-MMM non-recurrent-mmm-capetown-70-1-2-3-4-5-6-7-8-9-10-11-12-13-14-15-16-17-18-19-20-21-22-23-24 1 n -5.834703772956469e-05
config.CONGESTION_TYPE, slugifiedstring, i, key, value : NON-RECURRENT-MMM non-recurrent-mmm-capetown-70-1-2-3-4-5-6-7-8-9-10-11-12-13-14-15-16-17-18-19-20-21-22-23-24 2 streets_per_node_count_2 -6.950547907897077e-05
config.CONGESTION_TYPE, slugifiedstring, i, key, value : NON-RECURRENT-MMM non-recurrent-mmm-capetown-70-1-2-3-4-5-6-7-8-9-10-11-12-13-14-15-16-17-18-19-20-21-22-23-24 3 non_metered_count -0.0002793321155631556
config.CONGESTION_TYPE, slugifiedstring, i, key, value : NON-RECURRENT-MMM non-recurrent-mmm-capetown-70-1-2-3-4-5-6-7-8-9-10-11-12-13-14-15-16-17-18-19-20-21-22-23-24 4 streets_per_node_count_3 -2.8825593691016175e-05
config.CONGESTION_TYPE, slugifiedstring, i, key, value : NON-RECURRENT-MMM non-recurrent-mmm-capetown-70-1-2-3-4-5-6-7-8-9-10-11-12-13-14-15-16-17-18-19-20-21-22-23-24 5 metered_count -0.00020462293102009138
config.CONGESTION_TYPE, slugifiedstring, i, key, value : NON-RECURRENT-MMM non-recurrent-mmm-capetown-70-1-2-3-4-5-6-7-8-9-10-11-12-13-14-15-16-17-18-19-20-21-22-23-24 6 mean_lanes 3.531970510231757e-05
config.CONGESTION_TYPE, slugifiedstring, i, key, value : NON-RECURRENT-MMM non-recurrent-mmm-capetown-70-1-2-3-4-5-6-7-8-9-10-11-12-13-14-15-16-17-18-19-20-21-22-23-24 7 streets_per_node_avg -5.5386022356851194e-05
config.CONGESTION_TYPE, slugifiedstring, i, key, value : NON-RECURRENT-MMM non-recurrent-mmm-capetown-70-1-2-3-4-5-6-7-8-9-10-11-12-13-14-15-16-17-18-19-20-21-22-23-24 8 m 1.901780061969538e-05
config.CONGESTION_TYPE, slugifiedstring, i, key, value : NON-RECURRENT-MMM non-recurrent-mmm-capetown-70-1-2-3-4-5-6-7-8-9-10-11-12-13-14-15-16-17-18-19-20-21-22-23-24 9 total_crossings -0.0002992430383070995
config.CONGESTION_TYPE, slugifiedstring, i, key, value : NON-RECURRENT-MMM non-recurrent-mmm-capetown-70-1-2-3-4-5-6-7-8-9-10-11-12-13-14-15-16-17-18-19-20-21-22-23-24 10 streets_per_node_count_5 2.5822414828649402e-05
config.CONGESTION_TYPE, slugifiedstring, i, key, value : NON-RECURRENT-MMM non-recurrent-mmm-capetown-70-1-2-3-4-5-6-7-8-9-10-11-12-13-14-15-16-17-18-19-20-21-22-23-24 11 streets_per_node_count_1 0
config.CONGESTION_TYPE, slugifiedstring, i, key, value : NON-RECURRENT-MMM non-recurrent-mmm-capetown-70-1-2-3-4-5-6-7-8-9-10-11-12-13-14-15-16-17-18-19-20-21-22-23-24 12 global_betweenness 0.0001716508092664006
config.CONGESTION_TYPE, slugifiedstring, i, key, value : NON-RECURRENT-MMM non-recurrent-mmm-capetown-70-1-2-3-4-5-6-7-8-9-10-11-12-13-14-15-16-17-18-19-20-21-22-23-24 13 streets_per_node_count_6 5.3493457068284606e-05
config.CONGESTION_TYPE, slugifiedstring, i, key, value : NON-RECURRENT-MMM non-recurrent-mmm-capetown-70-1-2-3-4-5-6-7-8-9-10-11-12-13-14-15-16-17-18-19-20-21-22-23-24 14 streets_per_node_count_4 0
config.CONGESTION_TYPE, slugifiedstring, i, key, value : NON-RECURRENT-MMM non-recurrent-mmm-capetown-70-1-2-3-4-5-6-7-8-9-10-11-12-13-14-15-16-17-18-19-20-21-22-23-24 15 k_avg 4.919420015625797e-05
config.CONGESTION_TYPE, slugifiedstring, i, key, value : NON-RECURRENT-MMM non-recurrent-mmm-capetown-70-1-2-3-4-5-6-7-8-9-10-11-12-13-14-15-16-17-18-19-20-21-22-23-24 16 circuity_avg 1.0535610652107981e-05
SHAP Values for each feature:
Slug                           Feature Name         Mean Abs SHAP Value
SHAP-- non-recurrent-mmm-capetown-70-1-2-3-4-5-6-7-8-9-10-11-12-13-14-15-16-17-18-19-20-21-22-23-24 betweenness                   0.0028
SHAP-- non-recurrent-mmm-capetown-70-1-2-3-4-5-6-7-8-9-10-11-12-13-14-15-16-17-18-19-20-21-22-23-24 n                             0.0016
SHAP-- non-recurrent-mmm-capetown-70-1-2-3-4-5-6-7-8-9-10-11-12-13-14-15-16-17-18-19-20-21-22-23-24 streets_per_node_count_2          0.0010
SHAP-- non-recurrent-mmm-capetown-70-1-2-3-4-5-6-7-8-9-10-11-12-13-14-15-16-17-18-19-20-21-22-23-24 non_metered_count             0.0018
SHAP-- non-recurrent-mmm-capetown-70-1-2-3-4-5-6-7-8-9-10-11-12-13-14-15-16-17-18-19-20-21-22-23-24 streets_per_node_count_3          0.0019
SHAP-- non-recurrent-mmm-capetown-70-1-2-3-4-5-6-7-8-9-10-11-12-13-14-15-16-17-18-19-20-21-22-23-24 metered_count                 0.0053
SHAP-- non-recurrent-mmm-capetown-70-1-2-3-4-5-6-7-8-9-10-11-12-13-14-15-16-17-18-19-20-21-22-23-24 mean_lanes                    0.0013
SHAP-- non-recurrent-mmm-capetown-70-1-2-3-4-5-6-7-8-9-10-11-12-13-14-15-16-17-18-19-20-21-22-23-24 streets_per_node_avg          0.0021
SHAP-- non-recurrent-mmm-capetown-70-1-2-3-4-5-6-7-8-9-10-11-12-13-14-15-16-17-18-19-20-21-22-23-24 m                             0.0014
SHAP-- non-recurrent-mmm-capetown-70-1-2-3-4-5-6-7-8-9-10-11-12-13-14-15-16-17-18-19-20-21-22-23-24 total_crossings               0.0042
SHAP-- non-recurrent-mmm-capetown-70-1-2-3-4-5-6-7-8-9-10-11-12-13-14-15-16-17-18-19-20-21-22-23-24 streets_per_node_count_5          0.0008
SHAP-- non-recurrent-mmm-capetown-70-1-2-3-4-5-6-7-8-9-10-11-12-13-14-15-16-17-18-19-20-21-22-23-24 streets_per_node_count_1          0.0000
SHAP-- non-recurrent-mmm-capetown-70-1-2-3-4-5-6-7-8-9-10-11-12-13-14-15-16-17-18-19-20-21-22-23-24 global_betweenness            0.0046
SHAP-- non-recurrent-mmm-capetown-70-1-2-3-4-5-6-7-8-9-10-11-12-13-14-15-16-17-18-19-20-21-22-23-24 streets_per_node_count_6          0.0011
SHAP-- non-recurrent-mmm-capetown-70-1-2-3-4-5-6-7-8-9-10-11-12-13-14-15-16-17-18-19-20-21-22-23-24 streets_per_node_count_4          0.0000
SHAP-- non-recurrent-mmm-capetown-70-1-2-3-4-5-6-7-8-9-10-11-12-13-14-15-16-17-18-19-20-21-22-23-24 k_avg                         0.0042
SHAP-- non-recurrent-mmm-capetown-70-1-2-3-4-5-6-7-8-9-10-11-12-13-14-15-16-17-18-19-20-21-22-23-24 circuity_avg                  0.0005
NON-RECURRENT-MMM Capetown 70 LR 0.10408251317299974 XpVar
NON-RECURRENT-MMM Capetown 70 RF 0.1432974384192958 XpVar
NON-RECURRENT-MMM Capetown 70 GBM 0.09289541024080739 XpVar
NON-RECURRENT-MMM Capetown 70 LLR -3.172065784643304e-17 XpVar
NON-RECURRENT-MMM Capetown 70 RLR 0.10425244282018706 XpVar
NON-RECURRENT-MMM Capetown 70 LR 0.003132215778565363 MSE
NON-RECURRENT-MMM Capetown 70 RF 0.0028902732560004674 MSE
NON-RECURRENT-MMM Capetown 70 GBM 0.0030309822797618025 MSE
NON-RECURRENT-MMM Capetown 70 LLR 0.00342356134029568 MSE
NON-RECURRENT-MMM Capetown 70 RLR 0.0031309269599574694 MSE
NON-RECURRENT-MMM Capetown 70 LR 0.08668999607405625 R2
NON-RECURRENT-MMM Capetown 70 RF 0.1258657465464029 R2
NON-RECURRENT-MMM Capetown 70 GBM 0.07575290237705302 R2
NON-RECURRENT-MMM Capetown 70 LLR -0.018378034801667237 R2
NON-RECURRENT-MMM Capetown 70 RLR 0.08689505138612448 R2
t_spatial, t_non_spatial, "seconds" : 2.384185791015625e-06 698.4677581787109 seconds
sorted_percentage_nan_per_column : Matplotlib is currently using agg, which is a non-GUI backend, so cannot show the figure.
Matplotlib is currently using agg, which is a non-GUI backend, so cannot show the figure.
maxspeed                         4.089862
n                                0.000000
lane_density                     0.000000
streets_per_node_proportion_6    0.000000
streets_per_node_count_6         0.000000
streets_per_node_proportion_5    0.000000
streets_per_node_count_5         0.000000
streets_per_node_proportion_4    0.000000
streets_per_node_count_4         0.000000
streets_per_node_proportion_3    0.000000
streets_per_node_count_3         0.000000
streets_per_node_proportion_2    0.000000
streets_per_node_count_2         0.000000
streets_per_node_proportion_1    0.000000
streets_per_node_count_1         0.000000
mean_lanes                       0.000000
m                                0.000000
betweenness                      0.000000
total_crossings                  0.000000
non_metered_count                0.000000
metered_count                    0.000000
self_loop_proportion             0.000000
circuity_avg                     0.000000
street_length_avg                0.000000
street_segment_count             0.000000
street_length_total              0.000000
streets_per_node_avg             0.000000
edge_length_avg                  0.000000
edge_length_total                0.000000
k_avg                            0.000000
global_betweenness               0.000000
dtype: float64
city, scale, tod, config.shift_tile_marker, X.shape, Y.shape : Capetown 80 [1, 2, 3, 4, 5, 6, 7, 8, 9, 10, 11, 12, 13, 14, 15, 16, 17, 18, 19, 20, 21, 22, 23, 24] 3 (1736, 17) (1736,)
X.shape, Y.shape, "Inside the model-fitting function" : (1736, 17) (1736,) Inside the model-fitting function
Dict: model_trials.best_params_
Key: Value
{'randomforestregressor__max_depth': 10,
 'randomforestregressor__max_features': 'sqrt',
 'randomforestregressor__n_estimators': 1000}
Dict: model_trials.best_params_
Key: Value
{'xgbregressor__learning_rate': 0.001,
 'xgbregressor__max_depth': 10,
 'xgbregressor__n_estimators': 300}
Matplotlib is currently using agg, which is a non-GUI backend, so cannot show the figure.
config.CONGESTION_TYPE, slugifiedstring, i, key, value : NON-RECURRENT-MMM non-recurrent-mmm-capetown-80-1-2-3-4-5-6-7-8-9-10-11-12-13-14-15-16-17-18-19-20-21-22-23-24 0 betweenness -0.00017351485359378335
config.CONGESTION_TYPE, slugifiedstring, i, key, value : NON-RECURRENT-MMM non-recurrent-mmm-capetown-80-1-2-3-4-5-6-7-8-9-10-11-12-13-14-15-16-17-18-19-20-21-22-23-24 1 n -4.673050429854073e-05
config.CONGESTION_TYPE, slugifiedstring, i, key, value : NON-RECURRENT-MMM non-recurrent-mmm-capetown-80-1-2-3-4-5-6-7-8-9-10-11-12-13-14-15-16-17-18-19-20-21-22-23-24 2 streets_per_node_count_2 -2.291554395743675e-05
config.CONGESTION_TYPE, slugifiedstring, i, key, value : NON-RECURRENT-MMM non-recurrent-mmm-capetown-80-1-2-3-4-5-6-7-8-9-10-11-12-13-14-15-16-17-18-19-20-21-22-23-24 3 non_metered_count -9.860373965978355e-05
config.CONGESTION_TYPE, slugifiedstring, i, key, value : NON-RECURRENT-MMM non-recurrent-mmm-capetown-80-1-2-3-4-5-6-7-8-9-10-11-12-13-14-15-16-17-18-19-20-21-22-23-24 4 streets_per_node_count_3 -3.741387445913388e-05
config.CONGESTION_TYPE, slugifiedstring, i, key, value : NON-RECURRENT-MMM non-recurrent-mmm-capetown-80-1-2-3-4-5-6-7-8-9-10-11-12-13-14-15-16-17-18-19-20-21-22-23-24 5 metered_count -0.00014858936611549886
config.CONGESTION_TYPE, slugifiedstring, i, key, value : NON-RECURRENT-MMM non-recurrent-mmm-capetown-80-1-2-3-4-5-6-7-8-9-10-11-12-13-14-15-16-17-18-19-20-21-22-23-24 6 mean_lanes 8.63195289310828e-05
config.CONGESTION_TYPE, slugifiedstring, i, key, value : NON-RECURRENT-MMM non-recurrent-mmm-capetown-80-1-2-3-4-5-6-7-8-9-10-11-12-13-14-15-16-17-18-19-20-21-22-23-24 7 streets_per_node_avg -8.835095133223182e-05
config.CONGESTION_TYPE, slugifiedstring, i, key, value : NON-RECURRENT-MMM non-recurrent-mmm-capetown-80-1-2-3-4-5-6-7-8-9-10-11-12-13-14-15-16-17-18-19-20-21-22-23-24 8 m 1.5929477533828825e-05
config.CONGESTION_TYPE, slugifiedstring, i, key, value : NON-RECURRENT-MMM non-recurrent-mmm-capetown-80-1-2-3-4-5-6-7-8-9-10-11-12-13-14-15-16-17-18-19-20-21-22-23-24 9 total_crossings -0.00013678760556665504
config.CONGESTION_TYPE, slugifiedstring, i, key, value : NON-RECURRENT-MMM non-recurrent-mmm-capetown-80-1-2-3-4-5-6-7-8-9-10-11-12-13-14-15-16-17-18-19-20-21-22-23-24 10 streets_per_node_count_5 1.1306943488465562e-05
config.CONGESTION_TYPE, slugifiedstring, i, key, value : NON-RECURRENT-MMM non-recurrent-mmm-capetown-80-1-2-3-4-5-6-7-8-9-10-11-12-13-14-15-16-17-18-19-20-21-22-23-24 11 streets_per_node_count_1 0
config.CONGESTION_TYPE, slugifiedstring, i, key, value : NON-RECURRENT-MMM non-recurrent-mmm-capetown-80-1-2-3-4-5-6-7-8-9-10-11-12-13-14-15-16-17-18-19-20-21-22-23-24 12 global_betweenness 0.00013850620085721854
config.CONGESTION_TYPE, slugifiedstring, i, key, value : NON-RECURRENT-MMM non-recurrent-mmm-capetown-80-1-2-3-4-5-6-7-8-9-10-11-12-13-14-15-16-17-18-19-20-21-22-23-24 13 streets_per_node_count_6 -0.0003221210662839599
config.CONGESTION_TYPE, slugifiedstring, i, key, value : NON-RECURRENT-MMM non-recurrent-mmm-capetown-80-1-2-3-4-5-6-7-8-9-10-11-12-13-14-15-16-17-18-19-20-21-22-23-24 14 streets_per_node_count_4 0
config.CONGESTION_TYPE, slugifiedstring, i, key, value : NON-RECURRENT-MMM non-recurrent-mmm-capetown-80-1-2-3-4-5-6-7-8-9-10-11-12-13-14-15-16-17-18-19-20-21-22-23-24 15 k_avg 3.5214929730909175e-05
config.CONGESTION_TYPE, slugifiedstring, i, key, value : NON-RECURRENT-MMM non-recurrent-mmm-capetown-80-1-2-3-4-5-6-7-8-9-10-11-12-13-14-15-16-17-18-19-20-21-22-23-24 16 circuity_avg 6.445048393687561e-06
SHAP Values for each feature:
Slug                           Feature Name         Mean Abs SHAP Value
SHAP-- non-recurrent-mmm-capetown-80-1-2-3-4-5-6-7-8-9-10-11-12-13-14-15-16-17-18-19-20-21-22-23-24 betweenness                   0.0019
SHAP-- non-recurrent-mmm-capetown-80-1-2-3-4-5-6-7-8-9-10-11-12-13-14-15-16-17-18-19-20-21-22-23-24 n                             0.0015
SHAP-- non-recurrent-mmm-capetown-80-1-2-3-4-5-6-7-8-9-10-11-12-13-14-15-16-17-18-19-20-21-22-23-24 streets_per_node_count_2          0.0013
SHAP-- non-recurrent-mmm-capetown-80-1-2-3-4-5-6-7-8-9-10-11-12-13-14-15-16-17-18-19-20-21-22-23-24 non_metered_count             0.0030
SHAP-- non-recurrent-mmm-capetown-80-1-2-3-4-5-6-7-8-9-10-11-12-13-14-15-16-17-18-19-20-21-22-23-24 streets_per_node_count_3          0.0020
SHAP-- non-recurrent-mmm-capetown-80-1-2-3-4-5-6-7-8-9-10-11-12-13-14-15-16-17-18-19-20-21-22-23-24 metered_count                 0.0043
SHAP-- non-recurrent-mmm-capetown-80-1-2-3-4-5-6-7-8-9-10-11-12-13-14-15-16-17-18-19-20-21-22-23-24 mean_lanes                    0.0012
SHAP-- non-recurrent-mmm-capetown-80-1-2-3-4-5-6-7-8-9-10-11-12-13-14-15-16-17-18-19-20-21-22-23-24 streets_per_node_avg          0.0019
SHAP-- non-recurrent-mmm-capetown-80-1-2-3-4-5-6-7-8-9-10-11-12-13-14-15-16-17-18-19-20-21-22-23-24 m                             0.0012
SHAP-- non-recurrent-mmm-capetown-80-1-2-3-4-5-6-7-8-9-10-11-12-13-14-15-16-17-18-19-20-21-22-23-24 total_crossings               0.0044
SHAP-- non-recurrent-mmm-capetown-80-1-2-3-4-5-6-7-8-9-10-11-12-13-14-15-16-17-18-19-20-21-22-23-24 streets_per_node_count_5          0.0010
SHAP-- non-recurrent-mmm-capetown-80-1-2-3-4-5-6-7-8-9-10-11-12-13-14-15-16-17-18-19-20-21-22-23-24 streets_per_node_count_1          0.0000
SHAP-- non-recurrent-mmm-capetown-80-1-2-3-4-5-6-7-8-9-10-11-12-13-14-15-16-17-18-19-20-21-22-23-24 global_betweenness            0.0064
SHAP-- non-recurrent-mmm-capetown-80-1-2-3-4-5-6-7-8-9-10-11-12-13-14-15-16-17-18-19-20-21-22-23-24 streets_per_node_count_6          0.0017
SHAP-- non-recurrent-mmm-capetown-80-1-2-3-4-5-6-7-8-9-10-11-12-13-14-15-16-17-18-19-20-21-22-23-24 streets_per_node_count_4          0.0000
SHAP-- non-recurrent-mmm-capetown-80-1-2-3-4-5-6-7-8-9-10-11-12-13-14-15-16-17-18-19-20-21-22-23-24 k_avg                         0.0037
SHAP-- non-recurrent-mmm-capetown-80-1-2-3-4-5-6-7-8-9-10-11-12-13-14-15-16-17-18-19-20-21-22-23-24 circuity_avg                  0.0005
NON-RECURRENT-MMM Capetown 80 LR 0.06042401044592045 XpVar
NON-RECURRENT-MMM Capetown 80 RF 0.06107147582754017 XpVar
NON-RECURRENT-MMM Capetown 80 GBM 0.019000659139439997 XpVar
NON-RECURRENT-MMM Capetown 80 LLR 4.7580986769649563e-17 XpVar
NON-RECURRENT-MMM Capetown 80 RLR 0.0613674606380163 XpVar
NON-RECURRENT-MMM Capetown 80 LR 0.004558564178692424 MSE
NON-RECURRENT-MMM Capetown 80 RF 0.004557886095345625 MSE
NON-RECURRENT-MMM Capetown 80 GBM 0.0047173913497497435 MSE
NON-RECURRENT-MMM Capetown 80 LLR 0.004783617692642847 MSE
NON-RECURRENT-MMM Capetown 80 RLR 0.004556152845550401 MSE
NON-RECURRENT-MMM Capetown 80 LR 0.05383986519158379 R2
NON-RECURRENT-MMM Capetown 80 RF 0.05398608370610609 R2
NON-RECURRENT-MMM Capetown 80 GBM 0.012457092123715692 R2
NON-RECURRENT-MMM Capetown 80 LLR -0.006763035524820683 R2
NON-RECURRENT-MMM Capetown 80 RLR 0.05484332257732697 R2
t_spatial, t_non_spatial, "seconds" : 2.1457672119140625e-06 892.1975784301758 seconds
sorted_percentage_nan_per_column : Matplotlib is currently using agg, which is a non-GUI backend, so cannot show the figure.
Matplotlib is currently using agg, which is a non-GUI backend, so cannot show the figure.
maxspeed                         4.53202
n                                0.00000
lane_density                     0.00000
streets_per_node_proportion_6    0.00000
streets_per_node_count_6         0.00000
streets_per_node_proportion_5    0.00000
streets_per_node_count_5         0.00000
streets_per_node_proportion_4    0.00000
streets_per_node_count_4         0.00000
streets_per_node_proportion_3    0.00000
streets_per_node_count_3         0.00000
streets_per_node_proportion_2    0.00000
streets_per_node_count_2         0.00000
streets_per_node_proportion_1    0.00000
streets_per_node_count_1         0.00000
mean_lanes                       0.00000
m                                0.00000
betweenness                      0.00000
total_crossings                  0.00000
non_metered_count                0.00000
metered_count                    0.00000
self_loop_proportion             0.00000
circuity_avg                     0.00000
street_length_avg                0.00000
street_segment_count             0.00000
street_length_total              0.00000
streets_per_node_avg             0.00000
edge_length_avg                  0.00000
edge_length_total                0.00000
k_avg                            0.00000
global_betweenness               0.00000
dtype: float64
city, scale, tod, config.shift_tile_marker, X.shape, Y.shape : Capetown 90 [1, 2, 3, 4, 5, 6, 7, 8, 9, 10, 11, 12, 13, 14, 15, 16, 17, 18, 19, 20, 21, 22, 23, 24] 3 (2030, 17) (2030,)
X.shape, Y.shape, "Inside the model-fitting function" : (2030, 17) (2030,) Inside the model-fitting function
Dict: model_trials.best_params_
Key: Value
{'randomforestregressor__max_depth': 10,
 'randomforestregressor__max_features': 'sqrt',
 'randomforestregressor__n_estimators': 500}
Dict: model_trials.best_params_
Key: Value
{'xgbregressor__learning_rate': 0.001,
 'xgbregressor__max_depth': 10,
 'xgbregressor__n_estimators': 300}
Matplotlib is currently using agg, which is a non-GUI backend, so cannot show the figure.
config.CONGESTION_TYPE, slugifiedstring, i, key, value : NON-RECURRENT-MMM non-recurrent-mmm-capetown-90-1-2-3-4-5-6-7-8-9-10-11-12-13-14-15-16-17-18-19-20-21-22-23-24 0 betweenness -0.00010309225970910957
config.CONGESTION_TYPE, slugifiedstring, i, key, value : NON-RECURRENT-MMM non-recurrent-mmm-capetown-90-1-2-3-4-5-6-7-8-9-10-11-12-13-14-15-16-17-18-19-20-21-22-23-24 1 n -3.1918380944905295e-05
config.CONGESTION_TYPE, slugifiedstring, i, key, value : NON-RECURRENT-MMM non-recurrent-mmm-capetown-90-1-2-3-4-5-6-7-8-9-10-11-12-13-14-15-16-17-18-19-20-21-22-23-24 2 streets_per_node_count_2 -1.657606764557159e-05
config.CONGESTION_TYPE, slugifiedstring, i, key, value : NON-RECURRENT-MMM non-recurrent-mmm-capetown-90-1-2-3-4-5-6-7-8-9-10-11-12-13-14-15-16-17-18-19-20-21-22-23-24 3 non_metered_count -0.00020785445242290783
config.CONGESTION_TYPE, slugifiedstring, i, key, value : NON-RECURRENT-MMM non-recurrent-mmm-capetown-90-1-2-3-4-5-6-7-8-9-10-11-12-13-14-15-16-17-18-19-20-21-22-23-24 4 streets_per_node_count_3 -2.1523867871138145e-05
config.CONGESTION_TYPE, slugifiedstring, i, key, value : NON-RECURRENT-MMM non-recurrent-mmm-capetown-90-1-2-3-4-5-6-7-8-9-10-11-12-13-14-15-16-17-18-19-20-21-22-23-24 5 metered_count -0.00019346177265579844
config.CONGESTION_TYPE, slugifiedstring, i, key, value : NON-RECURRENT-MMM non-recurrent-mmm-capetown-90-1-2-3-4-5-6-7-8-9-10-11-12-13-14-15-16-17-18-19-20-21-22-23-24 6 mean_lanes 2.3145919713665807e-05
config.CONGESTION_TYPE, slugifiedstring, i, key, value : NON-RECURRENT-MMM non-recurrent-mmm-capetown-90-1-2-3-4-5-6-7-8-9-10-11-12-13-14-15-16-17-18-19-20-21-22-23-24 7 streets_per_node_avg -4.663548129261862e-05
config.CONGESTION_TYPE, slugifiedstring, i, key, value : NON-RECURRENT-MMM non-recurrent-mmm-capetown-90-1-2-3-4-5-6-7-8-9-10-11-12-13-14-15-16-17-18-19-20-21-22-23-24 8 m 1.3602068080398338e-05
config.CONGESTION_TYPE, slugifiedstring, i, key, value : NON-RECURRENT-MMM non-recurrent-mmm-capetown-90-1-2-3-4-5-6-7-8-9-10-11-12-13-14-15-16-17-18-19-20-21-22-23-24 9 total_crossings -0.00019793237867454834
config.CONGESTION_TYPE, slugifiedstring, i, key, value : NON-RECURRENT-MMM non-recurrent-mmm-capetown-90-1-2-3-4-5-6-7-8-9-10-11-12-13-14-15-16-17-18-19-20-21-22-23-24 10 streets_per_node_count_5 1.1627932446703384e-05
config.CONGESTION_TYPE, slugifiedstring, i, key, value : NON-RECURRENT-MMM non-recurrent-mmm-capetown-90-1-2-3-4-5-6-7-8-9-10-11-12-13-14-15-16-17-18-19-20-21-22-23-24 11 streets_per_node_count_1 0
config.CONGESTION_TYPE, slugifiedstring, i, key, value : NON-RECURRENT-MMM non-recurrent-mmm-capetown-90-1-2-3-4-5-6-7-8-9-10-11-12-13-14-15-16-17-18-19-20-21-22-23-24 12 global_betweenness 0.00012138197447979522
config.CONGESTION_TYPE, slugifiedstring, i, key, value : NON-RECURRENT-MMM non-recurrent-mmm-capetown-90-1-2-3-4-5-6-7-8-9-10-11-12-13-14-15-16-17-18-19-20-21-22-23-24 13 streets_per_node_count_6 -4.114945180607211e-05
config.CONGESTION_TYPE, slugifiedstring, i, key, value : NON-RECURRENT-MMM non-recurrent-mmm-capetown-90-1-2-3-4-5-6-7-8-9-10-11-12-13-14-15-16-17-18-19-20-21-22-23-24 14 streets_per_node_count_4 0
config.CONGESTION_TYPE, slugifiedstring, i, key, value : NON-RECURRENT-MMM non-recurrent-mmm-capetown-90-1-2-3-4-5-6-7-8-9-10-11-12-13-14-15-16-17-18-19-20-21-22-23-24 15 k_avg 2.4125315543433857e-05
config.CONGESTION_TYPE, slugifiedstring, i, key, value : NON-RECURRENT-MMM non-recurrent-mmm-capetown-90-1-2-3-4-5-6-7-8-9-10-11-12-13-14-15-16-17-18-19-20-21-22-23-24 16 circuity_avg 4.5619402476753846e-06
SHAP Values for each feature:
Slug                           Feature Name         Mean Abs SHAP Value
SHAP-- non-recurrent-mmm-capetown-90-1-2-3-4-5-6-7-8-9-10-11-12-13-14-15-16-17-18-19-20-21-22-23-24 betweenness                   0.0032
SHAP-- non-recurrent-mmm-capetown-90-1-2-3-4-5-6-7-8-9-10-11-12-13-14-15-16-17-18-19-20-21-22-23-24 n                             0.0019
SHAP-- non-recurrent-mmm-capetown-90-1-2-3-4-5-6-7-8-9-10-11-12-13-14-15-16-17-18-19-20-21-22-23-24 streets_per_node_count_2          0.0014
SHAP-- non-recurrent-mmm-capetown-90-1-2-3-4-5-6-7-8-9-10-11-12-13-14-15-16-17-18-19-20-21-22-23-24 non_metered_count             0.0033
SHAP-- non-recurrent-mmm-capetown-90-1-2-3-4-5-6-7-8-9-10-11-12-13-14-15-16-17-18-19-20-21-22-23-24 streets_per_node_count_3          0.0017
SHAP-- non-recurrent-mmm-capetown-90-1-2-3-4-5-6-7-8-9-10-11-12-13-14-15-16-17-18-19-20-21-22-23-24 metered_count                 0.0054
SHAP-- non-recurrent-mmm-capetown-90-1-2-3-4-5-6-7-8-9-10-11-12-13-14-15-16-17-18-19-20-21-22-23-24 mean_lanes                    0.0011
SHAP-- non-recurrent-mmm-capetown-90-1-2-3-4-5-6-7-8-9-10-11-12-13-14-15-16-17-18-19-20-21-22-23-24 streets_per_node_avg          0.0020
SHAP-- non-recurrent-mmm-capetown-90-1-2-3-4-5-6-7-8-9-10-11-12-13-14-15-16-17-18-19-20-21-22-23-24 m                             0.0014
SHAP-- non-recurrent-mmm-capetown-90-1-2-3-4-5-6-7-8-9-10-11-12-13-14-15-16-17-18-19-20-21-22-23-24 total_crossings               0.0041
SHAP-- non-recurrent-mmm-capetown-90-1-2-3-4-5-6-7-8-9-10-11-12-13-14-15-16-17-18-19-20-21-22-23-24 streets_per_node_count_5          0.0009
SHAP-- non-recurrent-mmm-capetown-90-1-2-3-4-5-6-7-8-9-10-11-12-13-14-15-16-17-18-19-20-21-22-23-24 streets_per_node_count_1          0.0000
SHAP-- non-recurrent-mmm-capetown-90-1-2-3-4-5-6-7-8-9-10-11-12-13-14-15-16-17-18-19-20-21-22-23-24 global_betweenness            0.0056
SHAP-- non-recurrent-mmm-capetown-90-1-2-3-4-5-6-7-8-9-10-11-12-13-14-15-16-17-18-19-20-21-22-23-24 streets_per_node_count_6          0.0017
SHAP-- non-recurrent-mmm-capetown-90-1-2-3-4-5-6-7-8-9-10-11-12-13-14-15-16-17-18-19-20-21-22-23-24 streets_per_node_count_4          0.0000
SHAP-- non-recurrent-mmm-capetown-90-1-2-3-4-5-6-7-8-9-10-11-12-13-14-15-16-17-18-19-20-21-22-23-24 k_avg                         0.0031
SHAP-- non-recurrent-mmm-capetown-90-1-2-3-4-5-6-7-8-9-10-11-12-13-14-15-16-17-18-19-20-21-22-23-24 circuity_avg                  0.0003
NON-RECURRENT-MMM Capetown 90 LR 0.06615821783469214 XpVar
NON-RECURRENT-MMM Capetown 90 RF 0.07518933064585796 XpVar
NON-RECURRENT-MMM Capetown 90 GBM 0.0430366858405043 XpVar
NON-RECURRENT-MMM Capetown 90 LLR -6.344131569286608e-17 XpVar
NON-RECURRENT-MMM Capetown 90 RLR 0.06659613912081938 XpVar
NON-RECURRENT-MMM Capetown 90 LR 0.004562513571732672 MSE
NON-RECURRENT-MMM Capetown 90 RF 0.004243861047067314 MSE
NON-RECURRENT-MMM Capetown 90 GBM 0.004679588794053964 MSE
NON-RECURRENT-MMM Capetown 90 LLR 0.004808590763980666 MSE
NON-RECURRENT-MMM Capetown 90 RLR 0.0045613183091164095 MSE
NON-RECURRENT-MMM Capetown 90 LR 0.05674491003173808 R2
NON-RECURRENT-MMM Capetown 90 RF 0.0666382565020901 R2
NON-RECURRENT-MMM Capetown 90 GBM 0.0368220856544068 R2
NON-RECURRENT-MMM Capetown 90 LLR -0.007593633523696163 R2
NON-RECURRENT-MMM Capetown 90 RLR 0.057210668115359846 R2
t_spatial, t_non_spatial, "seconds" : 3.5762786865234375e-06 886.9120168685913 seconds
sorted_percentage_nan_per_column : Matplotlib is currently using agg, which is a non-GUI backend, so cannot show the figure.
Matplotlib is currently using agg, which is a non-GUI backend, so cannot show the figure.
maxspeed                         2.631579
n                                0.000000
lane_density                     0.000000
streets_per_node_proportion_6    0.000000
streets_per_node_count_6         0.000000
streets_per_node_proportion_5    0.000000
streets_per_node_count_5         0.000000
streets_per_node_proportion_4    0.000000
streets_per_node_count_4         0.000000
streets_per_node_proportion_3    0.000000
streets_per_node_count_3         0.000000
streets_per_node_proportion_2    0.000000
streets_per_node_count_2         0.000000
streets_per_node_proportion_1    0.000000
streets_per_node_count_1         0.000000
mean_lanes                       0.000000
m                                0.000000
betweenness                      0.000000
total_crossings                  0.000000
non_metered_count                0.000000
metered_count                    0.000000
self_loop_proportion             0.000000
circuity_avg                     0.000000
street_length_avg                0.000000
street_segment_count             0.000000
street_length_total              0.000000
streets_per_node_avg             0.000000
edge_length_avg                  0.000000
edge_length_total                0.000000
k_avg                            0.000000
global_betweenness               0.000000
dtype: float64
city, scale, tod, config.shift_tile_marker, X.shape, Y.shape : Capetown 25 [1, 2, 3, 4, 5, 6, 7, 8, 9, 10, 11, 12, 13, 14, 15, 16, 17, 18, 19, 20, 21, 22, 23, 24] 3 (304, 17) (304,)
X.shape, Y.shape, "Inside the model-fitting function" : (304, 17) (304,) Inside the model-fitting function
Dict: model_trials.best_params_
Key: Value
{'randomforestregressor__max_depth': 20,
 'randomforestregressor__max_features': 'sqrt',
 'randomforestregressor__n_estimators': 400}
Dict: model_trials.best_params_
Key: Value
{'xgbregressor__learning_rate': 0.001,
 'xgbregressor__max_depth': 20,
 'xgbregressor__n_estimators': 400}
Matplotlib is currently using agg, which is a non-GUI backend, so cannot show the figure.
config.CONGESTION_TYPE, slugifiedstring, i, key, value : NON-RECURRENT-MMM non-recurrent-mmm-capetown-25-1-2-3-4-5-6-7-8-9-10-11-12-13-14-15-16-17-18-19-20-21-22-23-24 0 betweenness 6.213910008411689e-05
config.CONGESTION_TYPE, slugifiedstring, i, key, value : NON-RECURRENT-MMM non-recurrent-mmm-capetown-25-1-2-3-4-5-6-7-8-9-10-11-12-13-14-15-16-17-18-19-20-21-22-23-24 1 n 0.00012871177032245483
config.CONGESTION_TYPE, slugifiedstring, i, key, value : NON-RECURRENT-MMM non-recurrent-mmm-capetown-25-1-2-3-4-5-6-7-8-9-10-11-12-13-14-15-16-17-18-19-20-21-22-23-24 2 streets_per_node_count_2 6.289100717255112e-05
config.CONGESTION_TYPE, slugifiedstring, i, key, value : NON-RECURRENT-MMM non-recurrent-mmm-capetown-25-1-2-3-4-5-6-7-8-9-10-11-12-13-14-15-16-17-18-19-20-21-22-23-24 3 non_metered_count -0.00013223964977518505
config.CONGESTION_TYPE, slugifiedstring, i, key, value : NON-RECURRENT-MMM non-recurrent-mmm-capetown-25-1-2-3-4-5-6-7-8-9-10-11-12-13-14-15-16-17-18-19-20-21-22-23-24 4 streets_per_node_count_3 -0.00010130401736854075
config.CONGESTION_TYPE, slugifiedstring, i, key, value : NON-RECURRENT-MMM non-recurrent-mmm-capetown-25-1-2-3-4-5-6-7-8-9-10-11-12-13-14-15-16-17-18-19-20-21-22-23-24 5 metered_count -0.00048710634008815345
config.CONGESTION_TYPE, slugifiedstring, i, key, value : NON-RECURRENT-MMM non-recurrent-mmm-capetown-25-1-2-3-4-5-6-7-8-9-10-11-12-13-14-15-16-17-18-19-20-21-22-23-24 6 mean_lanes 4.7568234799823996e-05
config.CONGESTION_TYPE, slugifiedstring, i, key, value : NON-RECURRENT-MMM non-recurrent-mmm-capetown-25-1-2-3-4-5-6-7-8-9-10-11-12-13-14-15-16-17-18-19-20-21-22-23-24 7 streets_per_node_avg -0.00021224135982570344
config.CONGESTION_TYPE, slugifiedstring, i, key, value : NON-RECURRENT-MMM non-recurrent-mmm-capetown-25-1-2-3-4-5-6-7-8-9-10-11-12-13-14-15-16-17-18-19-20-21-22-23-24 8 m 6.108473803837277e-05
config.CONGESTION_TYPE, slugifiedstring, i, key, value : NON-RECURRENT-MMM non-recurrent-mmm-capetown-25-1-2-3-4-5-6-7-8-9-10-11-12-13-14-15-16-17-18-19-20-21-22-23-24 9 total_crossings -0.000192492957844917
config.CONGESTION_TYPE, slugifiedstring, i, key, value : NON-RECURRENT-MMM non-recurrent-mmm-capetown-25-1-2-3-4-5-6-7-8-9-10-11-12-13-14-15-16-17-18-19-20-21-22-23-24 10 streets_per_node_count_5 0.00015513026217159708
config.CONGESTION_TYPE, slugifiedstring, i, key, value : NON-RECURRENT-MMM non-recurrent-mmm-capetown-25-1-2-3-4-5-6-7-8-9-10-11-12-13-14-15-16-17-18-19-20-21-22-23-24 11 streets_per_node_count_1 0
config.CONGESTION_TYPE, slugifiedstring, i, key, value : NON-RECURRENT-MMM non-recurrent-mmm-capetown-25-1-2-3-4-5-6-7-8-9-10-11-12-13-14-15-16-17-18-19-20-21-22-23-24 12 global_betweenness 0.00014233909468764906
config.CONGESTION_TYPE, slugifiedstring, i, key, value : NON-RECURRENT-MMM non-recurrent-mmm-capetown-25-1-2-3-4-5-6-7-8-9-10-11-12-13-14-15-16-17-18-19-20-21-22-23-24 13 streets_per_node_count_6 0.0003230331512982543
config.CONGESTION_TYPE, slugifiedstring, i, key, value : NON-RECURRENT-MMM non-recurrent-mmm-capetown-25-1-2-3-4-5-6-7-8-9-10-11-12-13-14-15-16-17-18-19-20-21-22-23-24 14 streets_per_node_count_4 0
config.CONGESTION_TYPE, slugifiedstring, i, key, value : NON-RECURRENT-MMM non-recurrent-mmm-capetown-25-1-2-3-4-5-6-7-8-9-10-11-12-13-14-15-16-17-18-19-20-21-22-23-24 15 k_avg 0.00012041715302119699
config.CONGESTION_TYPE, slugifiedstring, i, key, value : NON-RECURRENT-MMM non-recurrent-mmm-capetown-25-1-2-3-4-5-6-7-8-9-10-11-12-13-14-15-16-17-18-19-20-21-22-23-24 16 circuity_avg 3.260035575441459e-05
SHAP Values for each feature:
Slug                           Feature Name         Mean Abs SHAP Value
SHAP-- non-recurrent-mmm-capetown-25-1-2-3-4-5-6-7-8-9-10-11-12-13-14-15-16-17-18-19-20-21-22-23-24 betweenness                   0.0014
SHAP-- non-recurrent-mmm-capetown-25-1-2-3-4-5-6-7-8-9-10-11-12-13-14-15-16-17-18-19-20-21-22-23-24 n                             0.0022
SHAP-- non-recurrent-mmm-capetown-25-1-2-3-4-5-6-7-8-9-10-11-12-13-14-15-16-17-18-19-20-21-22-23-24 streets_per_node_count_2          0.0016
SHAP-- non-recurrent-mmm-capetown-25-1-2-3-4-5-6-7-8-9-10-11-12-13-14-15-16-17-18-19-20-21-22-23-24 non_metered_count             0.0017
SHAP-- non-recurrent-mmm-capetown-25-1-2-3-4-5-6-7-8-9-10-11-12-13-14-15-16-17-18-19-20-21-22-23-24 streets_per_node_count_3          0.0024
SHAP-- non-recurrent-mmm-capetown-25-1-2-3-4-5-6-7-8-9-10-11-12-13-14-15-16-17-18-19-20-21-22-23-24 metered_count                 0.0054
SHAP-- non-recurrent-mmm-capetown-25-1-2-3-4-5-6-7-8-9-10-11-12-13-14-15-16-17-18-19-20-21-22-23-24 mean_lanes                    0.0012
SHAP-- non-recurrent-mmm-capetown-25-1-2-3-4-5-6-7-8-9-10-11-12-13-14-15-16-17-18-19-20-21-22-23-24 streets_per_node_avg          0.0025
SHAP-- non-recurrent-mmm-capetown-25-1-2-3-4-5-6-7-8-9-10-11-12-13-14-15-16-17-18-19-20-21-22-23-24 m                             0.0017
SHAP-- non-recurrent-mmm-capetown-25-1-2-3-4-5-6-7-8-9-10-11-12-13-14-15-16-17-18-19-20-21-22-23-24 total_crossings               0.0037
SHAP-- non-recurrent-mmm-capetown-25-1-2-3-4-5-6-7-8-9-10-11-12-13-14-15-16-17-18-19-20-21-22-23-24 streets_per_node_count_5          0.0017
SHAP-- non-recurrent-mmm-capetown-25-1-2-3-4-5-6-7-8-9-10-11-12-13-14-15-16-17-18-19-20-21-22-23-24 streets_per_node_count_1          0.0000
SHAP-- non-recurrent-mmm-capetown-25-1-2-3-4-5-6-7-8-9-10-11-12-13-14-15-16-17-18-19-20-21-22-23-24 global_betweenness            0.0028
SHAP-- non-recurrent-mmm-capetown-25-1-2-3-4-5-6-7-8-9-10-11-12-13-14-15-16-17-18-19-20-21-22-23-24 streets_per_node_count_6          0.0013
SHAP-- non-recurrent-mmm-capetown-25-1-2-3-4-5-6-7-8-9-10-11-12-13-14-15-16-17-18-19-20-21-22-23-24 streets_per_node_count_4          0.0000
SHAP-- non-recurrent-mmm-capetown-25-1-2-3-4-5-6-7-8-9-10-11-12-13-14-15-16-17-18-19-20-21-22-23-24 k_avg                         0.0023
SHAP-- non-recurrent-mmm-capetown-25-1-2-3-4-5-6-7-8-9-10-11-12-13-14-15-16-17-18-19-20-21-22-23-24 circuity_avg                  0.0004
NON-RECURRENT-MMM Capetown 25 LR 0.04129091387055946 XpVar
NON-RECURRENT-MMM Capetown 25 RF 0.18914354660353164 XpVar
NON-RECURRENT-MMM Capetown 25 GBM 0.058318943247452903 XpVar
NON-RECURRENT-MMM Capetown 25 LLR -3.172065784643304e-17 XpVar
NON-RECURRENT-MMM Capetown 25 RLR 0.05931491178942694 XpVar
NON-RECURRENT-MMM Capetown 25 LR 0.0015144125306166042 MSE
NON-RECURRENT-MMM Capetown 25 RF 0.001277192359103543 MSE
NON-RECURRENT-MMM Capetown 25 GBM 0.0015017540371025757 MSE
NON-RECURRENT-MMM Capetown 25 LLR 0.001611269072839639 MSE
NON-RECURRENT-MMM Capetown 25 RLR 0.0014811259824736554 MSE
NON-RECURRENT-MMM Capetown 25 LR 0.02525413055692968 R2
NON-RECURRENT-MMM Capetown 25 RF 0.16499294798822253 R2
NON-RECURRENT-MMM Capetown 25 GBM 0.03398574982078054 R2
NON-RECURRENT-MMM Capetown 25 LLR -0.02746991496056569 R2
NON-RECURRENT-MMM Capetown 25 RLR 0.04469731871279329 R2
t_spatial, t_non_spatial, "seconds" : 1.6689300537109375e-06 202.9855797290802 seconds
sorted_percentage_nan_per_column : Matplotlib is currently using agg, which is a non-GUI backend, so cannot show the figure.
Matplotlib is currently using agg, which is a non-GUI backend, so cannot show the figure.
maxspeed                         3.378378
n                                0.000000
lane_density                     0.000000
streets_per_node_proportion_6    0.000000
streets_per_node_count_6         0.000000
streets_per_node_proportion_5    0.000000
streets_per_node_count_5         0.000000
streets_per_node_proportion_4    0.000000
streets_per_node_count_4         0.000000
streets_per_node_proportion_3    0.000000
streets_per_node_count_3         0.000000
streets_per_node_proportion_2    0.000000
streets_per_node_count_2         0.000000
streets_per_node_proportion_1    0.000000
streets_per_node_count_1         0.000000
mean_lanes                       0.000000
m                                0.000000
betweenness                      0.000000
total_crossings                  0.000000
non_metered_count                0.000000
metered_count                    0.000000
self_loop_proportion             0.000000
circuity_avg                     0.000000
street_length_avg                0.000000
street_segment_count             0.000000
street_length_total              0.000000
streets_per_node_avg             0.000000
edge_length_avg                  0.000000
edge_length_total                0.000000
k_avg                            0.000000
global_betweenness               0.000000
dtype: float64
city, scale, tod, config.shift_tile_marker, X.shape, Y.shape : Capetown 50 [1, 2, 3, 4, 5, 6, 7, 8, 9, 10, 11, 12, 13, 14, 15, 16, 17, 18, 19, 20, 21, 22, 23, 24] 3 (888, 17) (888,)
X.shape, Y.shape, "Inside the model-fitting function" : (888, 17) (888,) Inside the model-fitting function
Dict: model_trials.best_params_
Key: Value
{'randomforestregressor__max_depth': 20,
 'randomforestregressor__max_features': 'sqrt',
 'randomforestregressor__n_estimators': 100}
Dict: model_trials.best_params_
Key: Value
{'xgbregressor__learning_rate': 0.001,
 'xgbregressor__max_depth': 10,
 'xgbregressor__n_estimators': 1000}
Matplotlib is currently using agg, which is a non-GUI backend, so cannot show the figure.
config.CONGESTION_TYPE, slugifiedstring, i, key, value : NON-RECURRENT-MMM non-recurrent-mmm-capetown-50-1-2-3-4-5-6-7-8-9-10-11-12-13-14-15-16-17-18-19-20-21-22-23-24 0 betweenness 0.0007315969289663357
config.CONGESTION_TYPE, slugifiedstring, i, key, value : NON-RECURRENT-MMM non-recurrent-mmm-capetown-50-1-2-3-4-5-6-7-8-9-10-11-12-13-14-15-16-17-18-19-20-21-22-23-24 1 n -0.00041126794645044947
config.CONGESTION_TYPE, slugifiedstring, i, key, value : NON-RECURRENT-MMM non-recurrent-mmm-capetown-50-1-2-3-4-5-6-7-8-9-10-11-12-13-14-15-16-17-18-19-20-21-22-23-24 2 streets_per_node_count_2 2.9876974272625063e-05
config.CONGESTION_TYPE, slugifiedstring, i, key, value : NON-RECURRENT-MMM non-recurrent-mmm-capetown-50-1-2-3-4-5-6-7-8-9-10-11-12-13-14-15-16-17-18-19-20-21-22-23-24 3 non_metered_count -0.00010540348640528036
config.CONGESTION_TYPE, slugifiedstring, i, key, value : NON-RECURRENT-MMM non-recurrent-mmm-capetown-50-1-2-3-4-5-6-7-8-9-10-11-12-13-14-15-16-17-18-19-20-21-22-23-24 4 streets_per_node_count_3 -4.568312724631204e-05
config.CONGESTION_TYPE, slugifiedstring, i, key, value : NON-RECURRENT-MMM non-recurrent-mmm-capetown-50-1-2-3-4-5-6-7-8-9-10-11-12-13-14-15-16-17-18-19-20-21-22-23-24 5 metered_count -0.0001763389395204677
config.CONGESTION_TYPE, slugifiedstring, i, key, value : NON-RECURRENT-MMM non-recurrent-mmm-capetown-50-1-2-3-4-5-6-7-8-9-10-11-12-13-14-15-16-17-18-19-20-21-22-23-24 6 mean_lanes 4.4326823859135246e-05
config.CONGESTION_TYPE, slugifiedstring, i, key, value : NON-RECURRENT-MMM non-recurrent-mmm-capetown-50-1-2-3-4-5-6-7-8-9-10-11-12-13-14-15-16-17-18-19-20-21-22-23-24 7 streets_per_node_avg -0.00010439819453532807
config.CONGESTION_TYPE, slugifiedstring, i, key, value : NON-RECURRENT-MMM non-recurrent-mmm-capetown-50-1-2-3-4-5-6-7-8-9-10-11-12-13-14-15-16-17-18-19-20-21-22-23-24 8 m 3.683554887559265e-05
config.CONGESTION_TYPE, slugifiedstring, i, key, value : NON-RECURRENT-MMM non-recurrent-mmm-capetown-50-1-2-3-4-5-6-7-8-9-10-11-12-13-14-15-16-17-18-19-20-21-22-23-24 9 total_crossings -0.0001684956304784875
config.CONGESTION_TYPE, slugifiedstring, i, key, value : NON-RECURRENT-MMM non-recurrent-mmm-capetown-50-1-2-3-4-5-6-7-8-9-10-11-12-13-14-15-16-17-18-19-20-21-22-23-24 10 streets_per_node_count_5 3.6858251737726705e-05
config.CONGESTION_TYPE, slugifiedstring, i, key, value : NON-RECURRENT-MMM non-recurrent-mmm-capetown-50-1-2-3-4-5-6-7-8-9-10-11-12-13-14-15-16-17-18-19-20-21-22-23-24 11 streets_per_node_count_1 0
config.CONGESTION_TYPE, slugifiedstring, i, key, value : NON-RECURRENT-MMM non-recurrent-mmm-capetown-50-1-2-3-4-5-6-7-8-9-10-11-12-13-14-15-16-17-18-19-20-21-22-23-24 12 global_betweenness 0.00013876020218859205
config.CONGESTION_TYPE, slugifiedstring, i, key, value : NON-RECURRENT-MMM non-recurrent-mmm-capetown-50-1-2-3-4-5-6-7-8-9-10-11-12-13-14-15-16-17-18-19-20-21-22-23-24 13 streets_per_node_count_6 0.0005351909944470661
config.CONGESTION_TYPE, slugifiedstring, i, key, value : NON-RECURRENT-MMM non-recurrent-mmm-capetown-50-1-2-3-4-5-6-7-8-9-10-11-12-13-14-15-16-17-18-19-20-21-22-23-24 14 streets_per_node_count_4 0
config.CONGESTION_TYPE, slugifiedstring, i, key, value : NON-RECURRENT-MMM non-recurrent-mmm-capetown-50-1-2-3-4-5-6-7-8-9-10-11-12-13-14-15-16-17-18-19-20-21-22-23-24 15 k_avg 5.1204757126345695e-05
config.CONGESTION_TYPE, slugifiedstring, i, key, value : NON-RECURRENT-MMM non-recurrent-mmm-capetown-50-1-2-3-4-5-6-7-8-9-10-11-12-13-14-15-16-17-18-19-20-21-22-23-24 16 circuity_avg 1.2228250282955523e-05
SHAP Values for each feature:
Slug                           Feature Name         Mean Abs SHAP Value
SHAP-- non-recurrent-mmm-capetown-50-1-2-3-4-5-6-7-8-9-10-11-12-13-14-15-16-17-18-19-20-21-22-23-24 betweenness                   0.0030
SHAP-- non-recurrent-mmm-capetown-50-1-2-3-4-5-6-7-8-9-10-11-12-13-14-15-16-17-18-19-20-21-22-23-24 n                             0.0021
SHAP-- non-recurrent-mmm-capetown-50-1-2-3-4-5-6-7-8-9-10-11-12-13-14-15-16-17-18-19-20-21-22-23-24 streets_per_node_count_2          0.0015
SHAP-- non-recurrent-mmm-capetown-50-1-2-3-4-5-6-7-8-9-10-11-12-13-14-15-16-17-18-19-20-21-22-23-24 non_metered_count             0.0029
SHAP-- non-recurrent-mmm-capetown-50-1-2-3-4-5-6-7-8-9-10-11-12-13-14-15-16-17-18-19-20-21-22-23-24 streets_per_node_count_3          0.0017
SHAP-- non-recurrent-mmm-capetown-50-1-2-3-4-5-6-7-8-9-10-11-12-13-14-15-16-17-18-19-20-21-22-23-24 metered_count                 0.0040
SHAP-- non-recurrent-mmm-capetown-50-1-2-3-4-5-6-7-8-9-10-11-12-13-14-15-16-17-18-19-20-21-22-23-24 mean_lanes                    0.0017
SHAP-- non-recurrent-mmm-capetown-50-1-2-3-4-5-6-7-8-9-10-11-12-13-14-15-16-17-18-19-20-21-22-23-24 streets_per_node_avg          0.0031
SHAP-- non-recurrent-mmm-capetown-50-1-2-3-4-5-6-7-8-9-10-11-12-13-14-15-16-17-18-19-20-21-22-23-24 m                             0.0019
SHAP-- non-recurrent-mmm-capetown-50-1-2-3-4-5-6-7-8-9-10-11-12-13-14-15-16-17-18-19-20-21-22-23-24 total_crossings               0.0042
SHAP-- non-recurrent-mmm-capetown-50-1-2-3-4-5-6-7-8-9-10-11-12-13-14-15-16-17-18-19-20-21-22-23-24 streets_per_node_count_5          0.0014
SHAP-- non-recurrent-mmm-capetown-50-1-2-3-4-5-6-7-8-9-10-11-12-13-14-15-16-17-18-19-20-21-22-23-24 streets_per_node_count_1          0.0000
SHAP-- non-recurrent-mmm-capetown-50-1-2-3-4-5-6-7-8-9-10-11-12-13-14-15-16-17-18-19-20-21-22-23-24 global_betweenness            0.0049
SHAP-- non-recurrent-mmm-capetown-50-1-2-3-4-5-6-7-8-9-10-11-12-13-14-15-16-17-18-19-20-21-22-23-24 streets_per_node_count_6          0.0015
SHAP-- non-recurrent-mmm-capetown-50-1-2-3-4-5-6-7-8-9-10-11-12-13-14-15-16-17-18-19-20-21-22-23-24 streets_per_node_count_4          0.0000
SHAP-- non-recurrent-mmm-capetown-50-1-2-3-4-5-6-7-8-9-10-11-12-13-14-15-16-17-18-19-20-21-22-23-24 k_avg                         0.0037
SHAP-- non-recurrent-mmm-capetown-50-1-2-3-4-5-6-7-8-9-10-11-12-13-14-15-16-17-18-19-20-21-22-23-24 circuity_avg                  0.0007
NON-RECURRENT-MMM Capetown 50 LR 0.11235523510713337 XpVar
NON-RECURRENT-MMM Capetown 50 RF 0.16867321603081462 XpVar
NON-RECURRENT-MMM Capetown 50 GBM 0.06811188877774274 XpVar
NON-RECURRENT-MMM Capetown 50 LLR 0.0 XpVar
NON-RECURRENT-MMM Capetown 50 RLR 0.11447006724042212 XpVar
NON-RECURRENT-MMM Capetown 50 LR 0.0022459225233342726 MSE
NON-RECURRENT-MMM Capetown 50 RF 0.0021097445787023007 MSE
NON-RECURRENT-MMM Capetown 50 GBM 0.002310335861315985 MSE
NON-RECURRENT-MMM Capetown 50 LLR 0.0024781969104408037 MSE
NON-RECURRENT-MMM Capetown 50 RLR 0.0022405344186056495 MSE
NON-RECURRENT-MMM Capetown 50 LR 0.10808626417973956 R2
NON-RECURRENT-MMM Capetown 50 RF 0.16137318666532413 R2
NON-RECURRENT-MMM Capetown 50 GBM 0.061514241589364436 R2
NON-RECURRENT-MMM Capetown 50 LLR -0.004529240263039057 R2
NON-RECURRENT-MMM Capetown 50 RLR 0.11021249672152103 R2
t_spatial, t_non_spatial, "seconds" : 1.9073486328125e-06 422.5232639312744 seconds
sorted_percentage_nan_per_column : Matplotlib is currently using agg, which is a non-GUI backend, so cannot show the figure.
Matplotlib is currently using agg, which is a non-GUI backend, so cannot show the figure.
maxspeed                         5.21666
n                                0.00000
lane_density                     0.00000
streets_per_node_proportion_6    0.00000
streets_per_node_count_6         0.00000
streets_per_node_proportion_5    0.00000
streets_per_node_count_5         0.00000
streets_per_node_proportion_4    0.00000
streets_per_node_count_4         0.00000
streets_per_node_proportion_3    0.00000
streets_per_node_count_3         0.00000
streets_per_node_proportion_2    0.00000
streets_per_node_count_2         0.00000
streets_per_node_proportion_1    0.00000
streets_per_node_count_1         0.00000
mean_lanes                       0.00000
m                                0.00000
betweenness                      0.00000
total_crossings                  0.00000
non_metered_count                0.00000
metered_count                    0.00000
self_loop_proportion             0.00000
circuity_avg                     0.00000
street_length_avg                0.00000
street_segment_count             0.00000
street_length_total              0.00000
streets_per_node_avg             0.00000
edge_length_avg                  0.00000
edge_length_total                0.00000
k_avg                            0.00000
global_betweenness               0.00000
dtype: float64
city, scale, tod, config.shift_tile_marker, X.shape, Y.shape : Capetown 100 [1, 2, 3, 4, 5, 6, 7, 8, 9, 10, 11, 12, 13, 14, 15, 16, 17, 18, 19, 20, 21, 22, 23, 24] 3 (2377, 17) (2377,)
X.shape, Y.shape, "Inside the model-fitting function" : (2377, 17) (2377,) Inside the model-fitting function
Dict: model_trials.best_params_
Key: Value
{'randomforestregressor__max_depth': 10,
 'randomforestregressor__max_features': 'sqrt',
 'randomforestregressor__n_estimators': 1000}
Dict: model_trials.best_params_
Key: Value
{'xgbregressor__learning_rate': 0.001,
 'xgbregressor__max_depth': 10,
 'xgbregressor__n_estimators': 200}
Matplotlib is currently using agg, which is a non-GUI backend, so cannot show the figure.
config.CONGESTION_TYPE, slugifiedstring, i, key, value : NON-RECURRENT-MMM non-recurrent-mmm-capetown-100-1-2-3-4-5-6-7-8-9-10-11-12-13-14-15-16-17-18-19-20-21-22-23-24 0 betweenness -0.0001669133671082738
config.CONGESTION_TYPE, slugifiedstring, i, key, value : NON-RECURRENT-MMM non-recurrent-mmm-capetown-100-1-2-3-4-5-6-7-8-9-10-11-12-13-14-15-16-17-18-19-20-21-22-23-24 1 n -2.5548811845997522e-05
config.CONGESTION_TYPE, slugifiedstring, i, key, value : NON-RECURRENT-MMM non-recurrent-mmm-capetown-100-1-2-3-4-5-6-7-8-9-10-11-12-13-14-15-16-17-18-19-20-21-22-23-24 2 streets_per_node_count_2 -1.1628359925999533e-05
config.CONGESTION_TYPE, slugifiedstring, i, key, value : NON-RECURRENT-MMM non-recurrent-mmm-capetown-100-1-2-3-4-5-6-7-8-9-10-11-12-13-14-15-16-17-18-19-20-21-22-23-24 3 non_metered_count -9.538904358825508e-05
config.CONGESTION_TYPE, slugifiedstring, i, key, value : NON-RECURRENT-MMM non-recurrent-mmm-capetown-100-1-2-3-4-5-6-7-8-9-10-11-12-13-14-15-16-17-18-19-20-21-22-23-24 4 streets_per_node_count_3 -1.972285708942494e-05
config.CONGESTION_TYPE, slugifiedstring, i, key, value : NON-RECURRENT-MMM non-recurrent-mmm-capetown-100-1-2-3-4-5-6-7-8-9-10-11-12-13-14-15-16-17-18-19-20-21-22-23-24 5 metered_count -0.00013579246029617339
config.CONGESTION_TYPE, slugifiedstring, i, key, value : NON-RECURRENT-MMM non-recurrent-mmm-capetown-100-1-2-3-4-5-6-7-8-9-10-11-12-13-14-15-16-17-18-19-20-21-22-23-24 6 mean_lanes 1.950238448433161e-05
config.CONGESTION_TYPE, slugifiedstring, i, key, value : NON-RECURRENT-MMM non-recurrent-mmm-capetown-100-1-2-3-4-5-6-7-8-9-10-11-12-13-14-15-16-17-18-19-20-21-22-23-24 7 streets_per_node_avg -5.953916522975163e-05
config.CONGESTION_TYPE, slugifiedstring, i, key, value : NON-RECURRENT-MMM non-recurrent-mmm-capetown-100-1-2-3-4-5-6-7-8-9-10-11-12-13-14-15-16-17-18-19-20-21-22-23-24 8 m 1.6605852131004018e-05
config.CONGESTION_TYPE, slugifiedstring, i, key, value : NON-RECURRENT-MMM non-recurrent-mmm-capetown-100-1-2-3-4-5-6-7-8-9-10-11-12-13-14-15-16-17-18-19-20-21-22-23-24 9 total_crossings -0.00018885302948230828
config.CONGESTION_TYPE, slugifiedstring, i, key, value : NON-RECURRENT-MMM non-recurrent-mmm-capetown-100-1-2-3-4-5-6-7-8-9-10-11-12-13-14-15-16-17-18-19-20-21-22-23-24 10 streets_per_node_count_5 1.5694965733565117e-05
config.CONGESTION_TYPE, slugifiedstring, i, key, value : NON-RECURRENT-MMM non-recurrent-mmm-capetown-100-1-2-3-4-5-6-7-8-9-10-11-12-13-14-15-16-17-18-19-20-21-22-23-24 11 streets_per_node_count_1 0
config.CONGESTION_TYPE, slugifiedstring, i, key, value : NON-RECURRENT-MMM non-recurrent-mmm-capetown-100-1-2-3-4-5-6-7-8-9-10-11-12-13-14-15-16-17-18-19-20-21-22-23-24 12 global_betweenness 0.00012317229274158773
config.CONGESTION_TYPE, slugifiedstring, i, key, value : NON-RECURRENT-MMM non-recurrent-mmm-capetown-100-1-2-3-4-5-6-7-8-9-10-11-12-13-14-15-16-17-18-19-20-21-22-23-24 13 streets_per_node_count_6 1.4008698444591736e-05
config.CONGESTION_TYPE, slugifiedstring, i, key, value : NON-RECURRENT-MMM non-recurrent-mmm-capetown-100-1-2-3-4-5-6-7-8-9-10-11-12-13-14-15-16-17-18-19-20-21-22-23-24 14 streets_per_node_count_4 0
config.CONGESTION_TYPE, slugifiedstring, i, key, value : NON-RECURRENT-MMM non-recurrent-mmm-capetown-100-1-2-3-4-5-6-7-8-9-10-11-12-13-14-15-16-17-18-19-20-21-22-23-24 15 k_avg 3.849015766438345e-05
config.CONGESTION_TYPE, slugifiedstring, i, key, value : NON-RECURRENT-MMM non-recurrent-mmm-capetown-100-1-2-3-4-5-6-7-8-9-10-11-12-13-14-15-16-17-18-19-20-21-22-23-24 16 circuity_avg 1.722470380121241e-05
SHAP Values for each feature:
Slug                           Feature Name         Mean Abs SHAP Value
SHAP-- non-recurrent-mmm-capetown-100-1-2-3-4-5-6-7-8-9-10-11-12-13-14-15-16-17-18-19-20-21-22-23-24 betweenness                   0.0035
SHAP-- non-recurrent-mmm-capetown-100-1-2-3-4-5-6-7-8-9-10-11-12-13-14-15-16-17-18-19-20-21-22-23-24 n                             0.0020
SHAP-- non-recurrent-mmm-capetown-100-1-2-3-4-5-6-7-8-9-10-11-12-13-14-15-16-17-18-19-20-21-22-23-24 streets_per_node_count_2          0.0012
SHAP-- non-recurrent-mmm-capetown-100-1-2-3-4-5-6-7-8-9-10-11-12-13-14-15-16-17-18-19-20-21-22-23-24 non_metered_count             0.0040
SHAP-- non-recurrent-mmm-capetown-100-1-2-3-4-5-6-7-8-9-10-11-12-13-14-15-16-17-18-19-20-21-22-23-24 streets_per_node_count_3          0.0009
SHAP-- non-recurrent-mmm-capetown-100-1-2-3-4-5-6-7-8-9-10-11-12-13-14-15-16-17-18-19-20-21-22-23-24 metered_count                 0.0038
SHAP-- non-recurrent-mmm-capetown-100-1-2-3-4-5-6-7-8-9-10-11-12-13-14-15-16-17-18-19-20-21-22-23-24 mean_lanes                    0.0014
SHAP-- non-recurrent-mmm-capetown-100-1-2-3-4-5-6-7-8-9-10-11-12-13-14-15-16-17-18-19-20-21-22-23-24 streets_per_node_avg          0.0034
SHAP-- non-recurrent-mmm-capetown-100-1-2-3-4-5-6-7-8-9-10-11-12-13-14-15-16-17-18-19-20-21-22-23-24 m                             0.0013
SHAP-- non-recurrent-mmm-capetown-100-1-2-3-4-5-6-7-8-9-10-11-12-13-14-15-16-17-18-19-20-21-22-23-24 total_crossings               0.0063
SHAP-- non-recurrent-mmm-capetown-100-1-2-3-4-5-6-7-8-9-10-11-12-13-14-15-16-17-18-19-20-21-22-23-24 streets_per_node_count_5          0.0010
SHAP-- non-recurrent-mmm-capetown-100-1-2-3-4-5-6-7-8-9-10-11-12-13-14-15-16-17-18-19-20-21-22-23-24 streets_per_node_count_1          0.0000
SHAP-- non-recurrent-mmm-capetown-100-1-2-3-4-5-6-7-8-9-10-11-12-13-14-15-16-17-18-19-20-21-22-23-24 global_betweenness            0.0058
SHAP-- non-recurrent-mmm-capetown-100-1-2-3-4-5-6-7-8-9-10-11-12-13-14-15-16-17-18-19-20-21-22-23-24 streets_per_node_count_6          0.0013
SHAP-- non-recurrent-mmm-capetown-100-1-2-3-4-5-6-7-8-9-10-11-12-13-14-15-16-17-18-19-20-21-22-23-24 streets_per_node_count_4          0.0000
SHAP-- non-recurrent-mmm-capetown-100-1-2-3-4-5-6-7-8-9-10-11-12-13-14-15-16-17-18-19-20-21-22-23-24 k_avg                         0.0037
SHAP-- non-recurrent-mmm-capetown-100-1-2-3-4-5-6-7-8-9-10-11-12-13-14-15-16-17-18-19-20-21-22-23-24 circuity_avg                  0.0007
NON-RECURRENT-MMM Capetown 100 LR 0.04982873880893712 XpVar
NON-RECURRENT-MMM Capetown 100 RF 0.02226098372130249 XpVar
NON-RECURRENT-MMM Capetown 100 GBM 0.019270447666459738 XpVar
NON-RECURRENT-MMM Capetown 100 LLR 0.0 XpVar
NON-RECURRENT-MMM Capetown 100 RLR 0.050140195236531446 XpVar
NON-RECURRENT-MMM Capetown 100 LR 0.006244190628180349 MSE
NON-RECURRENT-MMM Capetown 100 RF 0.006301767841585515 MSE
NON-RECURRENT-MMM Capetown 100 GBM 0.006450936472223549 MSE
NON-RECURRENT-MMM Capetown 100 LLR 0.006541557959990342 MSE
NON-RECURRENT-MMM Capetown 100 RLR 0.00624318018027156 MSE
NON-RECURRENT-MMM Capetown 100 LR 0.04919608125458008 R2
NON-RECURRENT-MMM Capetown 100 RF 0.020906683572627704 R2
NON-RECURRENT-MMM Capetown 100 GBM 0.01883892254750568 R2
NON-RECURRENT-MMM Capetown 100 LLR -0.0005083521737791395 R2
NON-RECURRENT-MMM Capetown 100 RLR 0.049509225938178095 R2
t_spatial, t_non_spatial, "seconds" : 1.1920928955078125e-06 1069.5842061042786 seconds

 Complete: python urbanscales/modelling/SHAP_analysis.py

