config.CONGESTION_TYPE, slugifiedstring, i, key, value : NON-RECURRENT-MMM non-recurrent-mmm-capetown-20-1-2-3-4-5-6-7-8-9-10-11-12-13-14-15-16-17-18-19-20-21-22-23-24 0 betweenness -0.0004768632977213027
config.CONGESTION_TYPE, slugifiedstring, i, key, value : NON-RECURRENT-MMM non-recurrent-mmm-capetown-20-1-2-3-4-5-6-7-8-9-10-11-12-13-14-15-16-17-18-19-20-21-22-23-24 1 n 9.773620802942302e-05
config.CONGESTION_TYPE, slugifiedstring, i, key, value : NON-RECURRENT-MMM non-recurrent-mmm-capetown-20-1-2-3-4-5-6-7-8-9-10-11-12-13-14-15-16-17-18-19-20-21-22-23-24 2 streets_per_node_count_2 7.019609035255682e-05
config.CONGESTION_TYPE, slugifiedstring, i, key, value : NON-RECURRENT-MMM non-recurrent-mmm-capetown-20-1-2-3-4-5-6-7-8-9-10-11-12-13-14-15-16-17-18-19-20-21-22-23-24 3 non_metered_count -0.00043758722411395826
config.CONGESTION_TYPE, slugifiedstring, i, key, value : NON-RECURRENT-MMM non-recurrent-mmm-capetown-20-1-2-3-4-5-6-7-8-9-10-11-12-13-14-15-16-17-18-19-20-21-22-23-24 4 streets_per_node_count_3 -0.000309034730531236
config.CONGESTION_TYPE, slugifiedstring, i, key, value : NON-RECURRENT-MMM non-recurrent-mmm-capetown-20-1-2-3-4-5-6-7-8-9-10-11-12-13-14-15-16-17-18-19-20-21-22-23-24 5 metered_count -0.0011393680841373449
config.CONGESTION_TYPE, slugifiedstring, i, key, value : NON-RECURRENT-MMM non-recurrent-mmm-capetown-20-1-2-3-4-5-6-7-8-9-10-11-12-13-14-15-16-17-18-19-20-21-22-23-24 6 mean_lanes 0.00010312428701827423
config.CONGESTION_TYPE, slugifiedstring, i, key, value : NON-RECURRENT-MMM non-recurrent-mmm-capetown-20-1-2-3-4-5-6-7-8-9-10-11-12-13-14-15-16-17-18-19-20-21-22-23-24 7 streets_per_node_avg 0.0009499304039812886
config.CONGESTION_TYPE, slugifiedstring, i, key, value : NON-RECURRENT-MMM non-recurrent-mmm-capetown-20-1-2-3-4-5-6-7-8-9-10-11-12-13-14-15-16-17-18-19-20-21-22-23-24 8 m 7.454513631537187e-05
config.CONGESTION_TYPE, slugifiedstring, i, key, value : NON-RECURRENT-MMM non-recurrent-mmm-capetown-20-1-2-3-4-5-6-7-8-9-10-11-12-13-14-15-16-17-18-19-20-21-22-23-24 9 total_crossings -0.0006374780557575648
config.CONGESTION_TYPE, slugifiedstring, i, key, value : NON-RECURRENT-MMM non-recurrent-mmm-capetown-20-1-2-3-4-5-6-7-8-9-10-11-12-13-14-15-16-17-18-19-20-21-22-23-24 10 streets_per_node_count_5 4.40229973653714e-05
config.CONGESTION_TYPE, slugifiedstring, i, key, value : NON-RECURRENT-MMM non-recurrent-mmm-capetown-20-1-2-3-4-5-6-7-8-9-10-11-12-13-14-15-16-17-18-19-20-21-22-23-24 11 streets_per_node_count_1 0
config.CONGESTION_TYPE, slugifiedstring, i, key, value : NON-RECURRENT-MMM non-recurrent-mmm-capetown-20-1-2-3-4-5-6-7-8-9-10-11-12-13-14-15-16-17-18-19-20-21-22-23-24 12 global_betweenness 0.00035015741435876223
config.CONGESTION_TYPE, slugifiedstring, i, key, value : NON-RECURRENT-MMM non-recurrent-mmm-capetown-20-1-2-3-4-5-6-7-8-9-10-11-12-13-14-15-16-17-18-19-20-21-22-23-24 13 streets_per_node_count_6 -0.0005856976664736345
config.CONGESTION_TYPE, slugifiedstring, i, key, value : NON-RECURRENT-MMM non-recurrent-mmm-capetown-20-1-2-3-4-5-6-7-8-9-10-11-12-13-14-15-16-17-18-19-20-21-22-23-24 14 streets_per_node_count_4 0
config.CONGESTION_TYPE, slugifiedstring, i, key, value : NON-RECURRENT-MMM non-recurrent-mmm-capetown-20-1-2-3-4-5-6-7-8-9-10-11-12-13-14-15-16-17-18-19-20-21-22-23-24 15 k_avg 0.00016406130701903003
config.CONGESTION_TYPE, slugifiedstring, i, key, value : NON-RECURRENT-MMM non-recurrent-mmm-capetown-20-1-2-3-4-5-6-7-8-9-10-11-12-13-14-15-16-17-18-19-20-21-22-23-24 16 circuity_avg 4.636813638496174e-05
config.CONGESTION_TYPE, slugifiedstring, i, key, value : NON-RECURRENT-MMM non-recurrent-mmm-capetown-30-1-2-3-4-5-6-7-8-9-10-11-12-13-14-15-16-17-18-19-20-21-22-23-24 0 betweenness 5.851328379632249e-05
config.CONGESTION_TYPE, slugifiedstring, i, key, value : NON-RECURRENT-MMM non-recurrent-mmm-capetown-30-1-2-3-4-5-6-7-8-9-10-11-12-13-14-15-16-17-18-19-20-21-22-23-24 1 n 3.8382320948019896e-05
config.CONGESTION_TYPE, slugifiedstring, i, key, value : NON-RECURRENT-MMM non-recurrent-mmm-capetown-30-1-2-3-4-5-6-7-8-9-10-11-12-13-14-15-16-17-18-19-20-21-22-23-24 2 streets_per_node_count_2 3.745696376890021e-05
config.CONGESTION_TYPE, slugifiedstring, i, key, value : NON-RECURRENT-MMM non-recurrent-mmm-capetown-30-1-2-3-4-5-6-7-8-9-10-11-12-13-14-15-16-17-18-19-20-21-22-23-24 3 non_metered_count -0.00018646169798381532
config.CONGESTION_TYPE, slugifiedstring, i, key, value : NON-RECURRENT-MMM non-recurrent-mmm-capetown-30-1-2-3-4-5-6-7-8-9-10-11-12-13-14-15-16-17-18-19-20-21-22-23-24 4 streets_per_node_count_3 -0.00010235955016907836
config.CONGESTION_TYPE, slugifiedstring, i, key, value : NON-RECURRENT-MMM non-recurrent-mmm-capetown-30-1-2-3-4-5-6-7-8-9-10-11-12-13-14-15-16-17-18-19-20-21-22-23-24 5 metered_count -0.0004013729382864452
config.CONGESTION_TYPE, slugifiedstring, i, key, value : NON-RECURRENT-MMM non-recurrent-mmm-capetown-30-1-2-3-4-5-6-7-8-9-10-11-12-13-14-15-16-17-18-19-20-21-22-23-24 6 mean_lanes 3.880380830823166e-05
config.CONGESTION_TYPE, slugifiedstring, i, key, value : NON-RECURRENT-MMM non-recurrent-mmm-capetown-30-1-2-3-4-5-6-7-8-9-10-11-12-13-14-15-16-17-18-19-20-21-22-23-24 7 streets_per_node_avg -8.862899309960886e-05
config.CONGESTION_TYPE, slugifiedstring, i, key, value : NON-RECURRENT-MMM non-recurrent-mmm-capetown-30-1-2-3-4-5-6-7-8-9-10-11-12-13-14-15-16-17-18-19-20-21-22-23-24 8 m 2.9974903864629347e-05
config.CONGESTION_TYPE, slugifiedstring, i, key, value : NON-RECURRENT-MMM non-recurrent-mmm-capetown-30-1-2-3-4-5-6-7-8-9-10-11-12-13-14-15-16-17-18-19-20-21-22-23-24 9 total_crossings -0.00033911805224744147
config.CONGESTION_TYPE, slugifiedstring, i, key, value : NON-RECURRENT-MMM non-recurrent-mmm-capetown-30-1-2-3-4-5-6-7-8-9-10-11-12-13-14-15-16-17-18-19-20-21-22-23-24 10 streets_per_node_count_5 4.338172570398935e-05
config.CONGESTION_TYPE, slugifiedstring, i, key, value : NON-RECURRENT-MMM non-recurrent-mmm-capetown-30-1-2-3-4-5-6-7-8-9-10-11-12-13-14-15-16-17-18-19-20-21-22-23-24 11 streets_per_node_count_1 0
config.CONGESTION_TYPE, slugifiedstring, i, key, value : NON-RECURRENT-MMM non-recurrent-mmm-capetown-30-1-2-3-4-5-6-7-8-9-10-11-12-13-14-15-16-17-18-19-20-21-22-23-24 12 global_betweenness 0.00012654033478673072
config.CONGESTION_TYPE, slugifiedstring, i, key, value : NON-RECURRENT-MMM non-recurrent-mmm-capetown-30-1-2-3-4-5-6-7-8-9-10-11-12-13-14-15-16-17-18-19-20-21-22-23-24 13 streets_per_node_count_6 -9.139780216269157e-05
config.CONGESTION_TYPE, slugifiedstring, i, key, value : NON-RECURRENT-MMM non-recurrent-mmm-capetown-30-1-2-3-4-5-6-7-8-9-10-11-12-13-14-15-16-17-18-19-20-21-22-23-24 14 streets_per_node_count_4 0
config.CONGESTION_TYPE, slugifiedstring, i, key, value : NON-RECURRENT-MMM non-recurrent-mmm-capetown-30-1-2-3-4-5-6-7-8-9-10-11-12-13-14-15-16-17-18-19-20-21-22-23-24 15 k_avg 9.365294504768433e-05
config.CONGESTION_TYPE, slugifiedstring, i, key, value : NON-RECURRENT-MMM non-recurrent-mmm-capetown-30-1-2-3-4-5-6-7-8-9-10-11-12-13-14-15-16-17-18-19-20-21-22-23-24 16 circuity_avg 2.566226587465767e-05
config.CONGESTION_TYPE, slugifiedstring, i, key, value : NON-RECURRENT-MMM non-recurrent-mmm-capetown-40-1-2-3-4-5-6-7-8-9-10-11-12-13-14-15-16-17-18-19-20-21-22-23-24 0 betweenness 9.138736304373528e-05
config.CONGESTION_TYPE, slugifiedstring, i, key, value : NON-RECURRENT-MMM non-recurrent-mmm-capetown-40-1-2-3-4-5-6-7-8-9-10-11-12-13-14-15-16-17-18-19-20-21-22-23-24 1 n 2.01099412126448e-05
config.CONGESTION_TYPE, slugifiedstring, i, key, value : NON-RECURRENT-MMM non-recurrent-mmm-capetown-40-1-2-3-4-5-6-7-8-9-10-11-12-13-14-15-16-17-18-19-20-21-22-23-24 2 streets_per_node_count_2 2.5514473135432143e-05
config.CONGESTION_TYPE, slugifiedstring, i, key, value : NON-RECURRENT-MMM non-recurrent-mmm-capetown-40-1-2-3-4-5-6-7-8-9-10-11-12-13-14-15-16-17-18-19-20-21-22-23-24 3 non_metered_count -0.00010499546251461334
config.CONGESTION_TYPE, slugifiedstring, i, key, value : NON-RECURRENT-MMM non-recurrent-mmm-capetown-40-1-2-3-4-5-6-7-8-9-10-11-12-13-14-15-16-17-18-19-20-21-22-23-24 4 streets_per_node_count_3 -0.00011127159294016984
config.CONGESTION_TYPE, slugifiedstring, i, key, value : NON-RECURRENT-MMM non-recurrent-mmm-capetown-40-1-2-3-4-5-6-7-8-9-10-11-12-13-14-15-16-17-18-19-20-21-22-23-24 5 metered_count -0.00030670864011386647
config.CONGESTION_TYPE, slugifiedstring, i, key, value : NON-RECURRENT-MMM non-recurrent-mmm-capetown-40-1-2-3-4-5-6-7-8-9-10-11-12-13-14-15-16-17-18-19-20-21-22-23-24 6 mean_lanes 9.653873224162091e-05
config.CONGESTION_TYPE, slugifiedstring, i, key, value : NON-RECURRENT-MMM non-recurrent-mmm-capetown-40-1-2-3-4-5-6-7-8-9-10-11-12-13-14-15-16-17-18-19-20-21-22-23-24 7 streets_per_node_avg -8.831205133940224e-05
config.CONGESTION_TYPE, slugifiedstring, i, key, value : NON-RECURRENT-MMM non-recurrent-mmm-capetown-40-1-2-3-4-5-6-7-8-9-10-11-12-13-14-15-16-17-18-19-20-21-22-23-24 8 m 2.010841815453096e-05
config.CONGESTION_TYPE, slugifiedstring, i, key, value : NON-RECURRENT-MMM non-recurrent-mmm-capetown-40-1-2-3-4-5-6-7-8-9-10-11-12-13-14-15-16-17-18-19-20-21-22-23-24 9 total_crossings -0.00018406677428971482
config.CONGESTION_TYPE, slugifiedstring, i, key, value : NON-RECURRENT-MMM non-recurrent-mmm-capetown-40-1-2-3-4-5-6-7-8-9-10-11-12-13-14-15-16-17-18-19-20-21-22-23-24 10 streets_per_node_count_5 3.0117673022029346e-05
config.CONGESTION_TYPE, slugifiedstring, i, key, value : NON-RECURRENT-MMM non-recurrent-mmm-capetown-40-1-2-3-4-5-6-7-8-9-10-11-12-13-14-15-16-17-18-19-20-21-22-23-24 11 streets_per_node_count_1 0
config.CONGESTION_TYPE, slugifiedstring, i, key, value : NON-RECURRENT-MMM non-recurrent-mmm-capetown-40-1-2-3-4-5-6-7-8-9-10-11-12-13-14-15-16-17-18-19-20-21-22-23-24 12 global_betweenness 0.000379339483010664
config.CONGESTION_TYPE, slugifiedstring, i, key, value : NON-RECURRENT-MMM non-recurrent-mmm-capetown-40-1-2-3-4-5-6-7-8-9-10-11-12-13-14-15-16-17-18-19-20-21-22-23-24 13 streets_per_node_count_6 -0.0001784293892848985
config.CONGESTION_TYPE, slugifiedstring, i, key, value : NON-RECURRENT-MMM non-recurrent-mmm-capetown-40-1-2-3-4-5-6-7-8-9-10-11-12-13-14-15-16-17-18-19-20-21-22-23-24 14 streets_per_node_count_4 0
config.CONGESTION_TYPE, slugifiedstring, i, key, value : NON-RECURRENT-MMM non-recurrent-mmm-capetown-40-1-2-3-4-5-6-7-8-9-10-11-12-13-14-15-16-17-18-19-20-21-22-23-24 15 k_avg 6.52330451689976e-05
config.CONGESTION_TYPE, slugifiedstring, i, key, value : NON-RECURRENT-MMM non-recurrent-mmm-capetown-40-1-2-3-4-5-6-7-8-9-10-11-12-13-14-15-16-17-18-19-20-21-22-23-24 16 circuity_avg 2.435568920993404e-05
config.CONGESTION_TYPE, slugifiedstring, i, key, value : NON-RECURRENT-MMM non-recurrent-mmm-capetown-60-1-2-3-4-5-6-7-8-9-10-11-12-13-14-15-16-17-18-19-20-21-22-23-24 0 betweenness -0.00427961057880634
config.CONGESTION_TYPE, slugifiedstring, i, key, value : NON-RECURRENT-MMM non-recurrent-mmm-capetown-60-1-2-3-4-5-6-7-8-9-10-11-12-13-14-15-16-17-18-19-20-21-22-23-24 1 n -3.706881997562233e-05
config.CONGESTION_TYPE, slugifiedstring, i, key, value : NON-RECURRENT-MMM non-recurrent-mmm-capetown-60-1-2-3-4-5-6-7-8-9-10-11-12-13-14-15-16-17-18-19-20-21-22-23-24 2 streets_per_node_count_2 -4.398561888595352e-05
config.CONGESTION_TYPE, slugifiedstring, i, key, value : NON-RECURRENT-MMM non-recurrent-mmm-capetown-60-1-2-3-4-5-6-7-8-9-10-11-12-13-14-15-16-17-18-19-20-21-22-23-24 3 non_metered_count -0.00018351530327754813
config.CONGESTION_TYPE, slugifiedstring, i, key, value : NON-RECURRENT-MMM non-recurrent-mmm-capetown-60-1-2-3-4-5-6-7-8-9-10-11-12-13-14-15-16-17-18-19-20-21-22-23-24 4 streets_per_node_count_3 -3.4287133945253095e-05
config.CONGESTION_TYPE, slugifiedstring, i, key, value : NON-RECURRENT-MMM non-recurrent-mmm-capetown-60-1-2-3-4-5-6-7-8-9-10-11-12-13-14-15-16-17-18-19-20-21-22-23-24 5 metered_count -0.00015168091533708685
config.CONGESTION_TYPE, slugifiedstring, i, key, value : NON-RECURRENT-MMM non-recurrent-mmm-capetown-60-1-2-3-4-5-6-7-8-9-10-11-12-13-14-15-16-17-18-19-20-21-22-23-24 6 mean_lanes 1.4206041515595748e-05
config.CONGESTION_TYPE, slugifiedstring, i, key, value : NON-RECURRENT-MMM non-recurrent-mmm-capetown-60-1-2-3-4-5-6-7-8-9-10-11-12-13-14-15-16-17-18-19-20-21-22-23-24 7 streets_per_node_avg -0.00017492598553878056
config.CONGESTION_TYPE, slugifiedstring, i, key, value : NON-RECURRENT-MMM non-recurrent-mmm-capetown-60-1-2-3-4-5-6-7-8-9-10-11-12-13-14-15-16-17-18-19-20-21-22-23-24 8 m 3.2431773683449495e-05
config.CONGESTION_TYPE, slugifiedstring, i, key, value : NON-RECURRENT-MMM non-recurrent-mmm-capetown-60-1-2-3-4-5-6-7-8-9-10-11-12-13-14-15-16-17-18-19-20-21-22-23-24 9 total_crossings -0.0002242858130147712
config.CONGESTION_TYPE, slugifiedstring, i, key, value : NON-RECURRENT-MMM non-recurrent-mmm-capetown-60-1-2-3-4-5-6-7-8-9-10-11-12-13-14-15-16-17-18-19-20-21-22-23-24 10 streets_per_node_count_5 2.4688380249859457e-05
config.CONGESTION_TYPE, slugifiedstring, i, key, value : NON-RECURRENT-MMM non-recurrent-mmm-capetown-60-1-2-3-4-5-6-7-8-9-10-11-12-13-14-15-16-17-18-19-20-21-22-23-24 11 streets_per_node_count_1 0
config.CONGESTION_TYPE, slugifiedstring, i, key, value : NON-RECURRENT-MMM non-recurrent-mmm-capetown-60-1-2-3-4-5-6-7-8-9-10-11-12-13-14-15-16-17-18-19-20-21-22-23-24 12 global_betweenness 0.00031123136968514787
config.CONGESTION_TYPE, slugifiedstring, i, key, value : NON-RECURRENT-MMM non-recurrent-mmm-capetown-60-1-2-3-4-5-6-7-8-9-10-11-12-13-14-15-16-17-18-19-20-21-22-23-24 13 streets_per_node_count_6 5.555369734647241e-05
config.CONGESTION_TYPE, slugifiedstring, i, key, value : NON-RECURRENT-MMM non-recurrent-mmm-capetown-60-1-2-3-4-5-6-7-8-9-10-11-12-13-14-15-16-17-18-19-20-21-22-23-24 14 streets_per_node_count_4 0
config.CONGESTION_TYPE, slugifiedstring, i, key, value : NON-RECURRENT-MMM non-recurrent-mmm-capetown-60-1-2-3-4-5-6-7-8-9-10-11-12-13-14-15-16-17-18-19-20-21-22-23-24 15 k_avg 4.610837207359631e-05
config.CONGESTION_TYPE, slugifiedstring, i, key, value : NON-RECURRENT-MMM non-recurrent-mmm-capetown-60-1-2-3-4-5-6-7-8-9-10-11-12-13-14-15-16-17-18-19-20-21-22-23-24 16 circuity_avg 2.9323977012859078e-05
config.CONGESTION_TYPE, slugifiedstring, i, key, value : NON-RECURRENT-MMM non-recurrent-mmm-capetown-70-1-2-3-4-5-6-7-8-9-10-11-12-13-14-15-16-17-18-19-20-21-22-23-24 0 betweenness -8.160890795105693e-05
config.CONGESTION_TYPE, slugifiedstring, i, key, value : NON-RECURRENT-MMM non-recurrent-mmm-capetown-70-1-2-3-4-5-6-7-8-9-10-11-12-13-14-15-16-17-18-19-20-21-22-23-24 1 n -5.834703772956469e-05
config.CONGESTION_TYPE, slugifiedstring, i, key, value : NON-RECURRENT-MMM non-recurrent-mmm-capetown-70-1-2-3-4-5-6-7-8-9-10-11-12-13-14-15-16-17-18-19-20-21-22-23-24 2 streets_per_node_count_2 -6.950547907897077e-05
config.CONGESTION_TYPE, slugifiedstring, i, key, value : NON-RECURRENT-MMM non-recurrent-mmm-capetown-70-1-2-3-4-5-6-7-8-9-10-11-12-13-14-15-16-17-18-19-20-21-22-23-24 3 non_metered_count -0.0002793321155631556
config.CONGESTION_TYPE, slugifiedstring, i, key, value : NON-RECURRENT-MMM non-recurrent-mmm-capetown-70-1-2-3-4-5-6-7-8-9-10-11-12-13-14-15-16-17-18-19-20-21-22-23-24 4 streets_per_node_count_3 -2.8825593691016175e-05
config.CONGESTION_TYPE, slugifiedstring, i, key, value : NON-RECURRENT-MMM non-recurrent-mmm-capetown-70-1-2-3-4-5-6-7-8-9-10-11-12-13-14-15-16-17-18-19-20-21-22-23-24 5 metered_count -0.00020462293102009138
config.CONGESTION_TYPE, slugifiedstring, i, key, value : NON-RECURRENT-MMM non-recurrent-mmm-capetown-70-1-2-3-4-5-6-7-8-9-10-11-12-13-14-15-16-17-18-19-20-21-22-23-24 6 mean_lanes 3.531970510231757e-05
config.CONGESTION_TYPE, slugifiedstring, i, key, value : NON-RECURRENT-MMM non-recurrent-mmm-capetown-70-1-2-3-4-5-6-7-8-9-10-11-12-13-14-15-16-17-18-19-20-21-22-23-24 7 streets_per_node_avg -5.5386022356851194e-05
config.CONGESTION_TYPE, slugifiedstring, i, key, value : NON-RECURRENT-MMM non-recurrent-mmm-capetown-70-1-2-3-4-5-6-7-8-9-10-11-12-13-14-15-16-17-18-19-20-21-22-23-24 8 m 1.901780061969538e-05
config.CONGESTION_TYPE, slugifiedstring, i, key, value : NON-RECURRENT-MMM non-recurrent-mmm-capetown-70-1-2-3-4-5-6-7-8-9-10-11-12-13-14-15-16-17-18-19-20-21-22-23-24 9 total_crossings -0.0002992430383070995
config.CONGESTION_TYPE, slugifiedstring, i, key, value : NON-RECURRENT-MMM non-recurrent-mmm-capetown-70-1-2-3-4-5-6-7-8-9-10-11-12-13-14-15-16-17-18-19-20-21-22-23-24 10 streets_per_node_count_5 2.5822414828649402e-05
config.CONGESTION_TYPE, slugifiedstring, i, key, value : NON-RECURRENT-MMM non-recurrent-mmm-capetown-70-1-2-3-4-5-6-7-8-9-10-11-12-13-14-15-16-17-18-19-20-21-22-23-24 11 streets_per_node_count_1 0
config.CONGESTION_TYPE, slugifiedstring, i, key, value : NON-RECURRENT-MMM non-recurrent-mmm-capetown-70-1-2-3-4-5-6-7-8-9-10-11-12-13-14-15-16-17-18-19-20-21-22-23-24 12 global_betweenness 0.0001716508092664006
config.CONGESTION_TYPE, slugifiedstring, i, key, value : NON-RECURRENT-MMM non-recurrent-mmm-capetown-70-1-2-3-4-5-6-7-8-9-10-11-12-13-14-15-16-17-18-19-20-21-22-23-24 13 streets_per_node_count_6 5.3493457068284606e-05
config.CONGESTION_TYPE, slugifiedstring, i, key, value : NON-RECURRENT-MMM non-recurrent-mmm-capetown-70-1-2-3-4-5-6-7-8-9-10-11-12-13-14-15-16-17-18-19-20-21-22-23-24 14 streets_per_node_count_4 0
config.CONGESTION_TYPE, slugifiedstring, i, key, value : NON-RECURRENT-MMM non-recurrent-mmm-capetown-70-1-2-3-4-5-6-7-8-9-10-11-12-13-14-15-16-17-18-19-20-21-22-23-24 15 k_avg 4.919420015625797e-05
config.CONGESTION_TYPE, slugifiedstring, i, key, value : NON-RECURRENT-MMM non-recurrent-mmm-capetown-70-1-2-3-4-5-6-7-8-9-10-11-12-13-14-15-16-17-18-19-20-21-22-23-24 16 circuity_avg 1.0535610652107981e-05
config.CONGESTION_TYPE, slugifiedstring, i, key, value : NON-RECURRENT-MMM non-recurrent-mmm-capetown-80-1-2-3-4-5-6-7-8-9-10-11-12-13-14-15-16-17-18-19-20-21-22-23-24 0 betweenness -0.00017351485359378335
config.CONGESTION_TYPE, slugifiedstring, i, key, value : NON-RECURRENT-MMM non-recurrent-mmm-capetown-80-1-2-3-4-5-6-7-8-9-10-11-12-13-14-15-16-17-18-19-20-21-22-23-24 1 n -4.673050429854073e-05
config.CONGESTION_TYPE, slugifiedstring, i, key, value : NON-RECURRENT-MMM non-recurrent-mmm-capetown-80-1-2-3-4-5-6-7-8-9-10-11-12-13-14-15-16-17-18-19-20-21-22-23-24 2 streets_per_node_count_2 -2.291554395743675e-05
config.CONGESTION_TYPE, slugifiedstring, i, key, value : NON-RECURRENT-MMM non-recurrent-mmm-capetown-80-1-2-3-4-5-6-7-8-9-10-11-12-13-14-15-16-17-18-19-20-21-22-23-24 3 non_metered_count -9.860373965978355e-05
config.CONGESTION_TYPE, slugifiedstring, i, key, value : NON-RECURRENT-MMM non-recurrent-mmm-capetown-80-1-2-3-4-5-6-7-8-9-10-11-12-13-14-15-16-17-18-19-20-21-22-23-24 4 streets_per_node_count_3 -3.741387445913388e-05
config.CONGESTION_TYPE, slugifiedstring, i, key, value : NON-RECURRENT-MMM non-recurrent-mmm-capetown-80-1-2-3-4-5-6-7-8-9-10-11-12-13-14-15-16-17-18-19-20-21-22-23-24 5 metered_count -0.00014858936611549886
config.CONGESTION_TYPE, slugifiedstring, i, key, value : NON-RECURRENT-MMM non-recurrent-mmm-capetown-80-1-2-3-4-5-6-7-8-9-10-11-12-13-14-15-16-17-18-19-20-21-22-23-24 6 mean_lanes 8.63195289310828e-05
config.CONGESTION_TYPE, slugifiedstring, i, key, value : NON-RECURRENT-MMM non-recurrent-mmm-capetown-80-1-2-3-4-5-6-7-8-9-10-11-12-13-14-15-16-17-18-19-20-21-22-23-24 7 streets_per_node_avg -8.835095133223182e-05
config.CONGESTION_TYPE, slugifiedstring, i, key, value : NON-RECURRENT-MMM non-recurrent-mmm-capetown-80-1-2-3-4-5-6-7-8-9-10-11-12-13-14-15-16-17-18-19-20-21-22-23-24 8 m 1.5929477533828825e-05
config.CONGESTION_TYPE, slugifiedstring, i, key, value : NON-RECURRENT-MMM non-recurrent-mmm-capetown-80-1-2-3-4-5-6-7-8-9-10-11-12-13-14-15-16-17-18-19-20-21-22-23-24 9 total_crossings -0.00013678760556665504
config.CONGESTION_TYPE, slugifiedstring, i, key, value : NON-RECURRENT-MMM non-recurrent-mmm-capetown-80-1-2-3-4-5-6-7-8-9-10-11-12-13-14-15-16-17-18-19-20-21-22-23-24 10 streets_per_node_count_5 1.1306943488465562e-05
config.CONGESTION_TYPE, slugifiedstring, i, key, value : NON-RECURRENT-MMM non-recurrent-mmm-capetown-80-1-2-3-4-5-6-7-8-9-10-11-12-13-14-15-16-17-18-19-20-21-22-23-24 11 streets_per_node_count_1 0
config.CONGESTION_TYPE, slugifiedstring, i, key, value : NON-RECURRENT-MMM non-recurrent-mmm-capetown-80-1-2-3-4-5-6-7-8-9-10-11-12-13-14-15-16-17-18-19-20-21-22-23-24 12 global_betweenness 0.00013850620085721854
config.CONGESTION_TYPE, slugifiedstring, i, key, value : NON-RECURRENT-MMM non-recurrent-mmm-capetown-80-1-2-3-4-5-6-7-8-9-10-11-12-13-14-15-16-17-18-19-20-21-22-23-24 13 streets_per_node_count_6 -0.0003221210662839599
config.CONGESTION_TYPE, slugifiedstring, i, key, value : NON-RECURRENT-MMM non-recurrent-mmm-capetown-80-1-2-3-4-5-6-7-8-9-10-11-12-13-14-15-16-17-18-19-20-21-22-23-24 14 streets_per_node_count_4 0
config.CONGESTION_TYPE, slugifiedstring, i, key, value : NON-RECURRENT-MMM non-recurrent-mmm-capetown-80-1-2-3-4-5-6-7-8-9-10-11-12-13-14-15-16-17-18-19-20-21-22-23-24 15 k_avg 3.5214929730909175e-05
config.CONGESTION_TYPE, slugifiedstring, i, key, value : NON-RECURRENT-MMM non-recurrent-mmm-capetown-80-1-2-3-4-5-6-7-8-9-10-11-12-13-14-15-16-17-18-19-20-21-22-23-24 16 circuity_avg 6.445048393687561e-06
config.CONGESTION_TYPE, slugifiedstring, i, key, value : NON-RECURRENT-MMM non-recurrent-mmm-capetown-90-1-2-3-4-5-6-7-8-9-10-11-12-13-14-15-16-17-18-19-20-21-22-23-24 0 betweenness -0.00010309225970910957
config.CONGESTION_TYPE, slugifiedstring, i, key, value : NON-RECURRENT-MMM non-recurrent-mmm-capetown-90-1-2-3-4-5-6-7-8-9-10-11-12-13-14-15-16-17-18-19-20-21-22-23-24 1 n -3.1918380944905295e-05
config.CONGESTION_TYPE, slugifiedstring, i, key, value : NON-RECURRENT-MMM non-recurrent-mmm-capetown-90-1-2-3-4-5-6-7-8-9-10-11-12-13-14-15-16-17-18-19-20-21-22-23-24 2 streets_per_node_count_2 -1.657606764557159e-05
config.CONGESTION_TYPE, slugifiedstring, i, key, value : NON-RECURRENT-MMM non-recurrent-mmm-capetown-90-1-2-3-4-5-6-7-8-9-10-11-12-13-14-15-16-17-18-19-20-21-22-23-24 3 non_metered_count -0.00020785445242290783
config.CONGESTION_TYPE, slugifiedstring, i, key, value : NON-RECURRENT-MMM non-recurrent-mmm-capetown-90-1-2-3-4-5-6-7-8-9-10-11-12-13-14-15-16-17-18-19-20-21-22-23-24 4 streets_per_node_count_3 -2.1523867871138145e-05
config.CONGESTION_TYPE, slugifiedstring, i, key, value : NON-RECURRENT-MMM non-recurrent-mmm-capetown-90-1-2-3-4-5-6-7-8-9-10-11-12-13-14-15-16-17-18-19-20-21-22-23-24 5 metered_count -0.00019346177265579844
config.CONGESTION_TYPE, slugifiedstring, i, key, value : NON-RECURRENT-MMM non-recurrent-mmm-capetown-90-1-2-3-4-5-6-7-8-9-10-11-12-13-14-15-16-17-18-19-20-21-22-23-24 6 mean_lanes 2.3145919713665807e-05
config.CONGESTION_TYPE, slugifiedstring, i, key, value : NON-RECURRENT-MMM non-recurrent-mmm-capetown-90-1-2-3-4-5-6-7-8-9-10-11-12-13-14-15-16-17-18-19-20-21-22-23-24 7 streets_per_node_avg -4.663548129261862e-05
config.CONGESTION_TYPE, slugifiedstring, i, key, value : NON-RECURRENT-MMM non-recurrent-mmm-capetown-90-1-2-3-4-5-6-7-8-9-10-11-12-13-14-15-16-17-18-19-20-21-22-23-24 8 m 1.3602068080398338e-05
config.CONGESTION_TYPE, slugifiedstring, i, key, value : NON-RECURRENT-MMM non-recurrent-mmm-capetown-90-1-2-3-4-5-6-7-8-9-10-11-12-13-14-15-16-17-18-19-20-21-22-23-24 9 total_crossings -0.00019793237867454834
config.CONGESTION_TYPE, slugifiedstring, i, key, value : NON-RECURRENT-MMM non-recurrent-mmm-capetown-90-1-2-3-4-5-6-7-8-9-10-11-12-13-14-15-16-17-18-19-20-21-22-23-24 10 streets_per_node_count_5 1.1627932446703384e-05
config.CONGESTION_TYPE, slugifiedstring, i, key, value : NON-RECURRENT-MMM non-recurrent-mmm-capetown-90-1-2-3-4-5-6-7-8-9-10-11-12-13-14-15-16-17-18-19-20-21-22-23-24 11 streets_per_node_count_1 0
config.CONGESTION_TYPE, slugifiedstring, i, key, value : NON-RECURRENT-MMM non-recurrent-mmm-capetown-90-1-2-3-4-5-6-7-8-9-10-11-12-13-14-15-16-17-18-19-20-21-22-23-24 12 global_betweenness 0.00012138197447979522
config.CONGESTION_TYPE, slugifiedstring, i, key, value : NON-RECURRENT-MMM non-recurrent-mmm-capetown-90-1-2-3-4-5-6-7-8-9-10-11-12-13-14-15-16-17-18-19-20-21-22-23-24 13 streets_per_node_count_6 -4.114945180607211e-05
config.CONGESTION_TYPE, slugifiedstring, i, key, value : NON-RECURRENT-MMM non-recurrent-mmm-capetown-90-1-2-3-4-5-6-7-8-9-10-11-12-13-14-15-16-17-18-19-20-21-22-23-24 14 streets_per_node_count_4 0
config.CONGESTION_TYPE, slugifiedstring, i, key, value : NON-RECURRENT-MMM non-recurrent-mmm-capetown-90-1-2-3-4-5-6-7-8-9-10-11-12-13-14-15-16-17-18-19-20-21-22-23-24 15 k_avg 2.4125315543433857e-05
config.CONGESTION_TYPE, slugifiedstring, i, key, value : NON-RECURRENT-MMM non-recurrent-mmm-capetown-90-1-2-3-4-5-6-7-8-9-10-11-12-13-14-15-16-17-18-19-20-21-22-23-24 16 circuity_avg 4.5619402476753846e-06
config.CONGESTION_TYPE, slugifiedstring, i, key, value : NON-RECURRENT-MMM non-recurrent-mmm-capetown-25-1-2-3-4-5-6-7-8-9-10-11-12-13-14-15-16-17-18-19-20-21-22-23-24 0 betweenness 6.213910008411689e-05
config.CONGESTION_TYPE, slugifiedstring, i, key, value : NON-RECURRENT-MMM non-recurrent-mmm-capetown-25-1-2-3-4-5-6-7-8-9-10-11-12-13-14-15-16-17-18-19-20-21-22-23-24 1 n 0.00012871177032245483
config.CONGESTION_TYPE, slugifiedstring, i, key, value : NON-RECURRENT-MMM non-recurrent-mmm-capetown-25-1-2-3-4-5-6-7-8-9-10-11-12-13-14-15-16-17-18-19-20-21-22-23-24 2 streets_per_node_count_2 6.289100717255112e-05
config.CONGESTION_TYPE, slugifiedstring, i, key, value : NON-RECURRENT-MMM non-recurrent-mmm-capetown-25-1-2-3-4-5-6-7-8-9-10-11-12-13-14-15-16-17-18-19-20-21-22-23-24 3 non_metered_count -0.00013223964977518505
config.CONGESTION_TYPE, slugifiedstring, i, key, value : NON-RECURRENT-MMM non-recurrent-mmm-capetown-25-1-2-3-4-5-6-7-8-9-10-11-12-13-14-15-16-17-18-19-20-21-22-23-24 4 streets_per_node_count_3 -0.00010130401736854075
config.CONGESTION_TYPE, slugifiedstring, i, key, value : NON-RECURRENT-MMM non-recurrent-mmm-capetown-25-1-2-3-4-5-6-7-8-9-10-11-12-13-14-15-16-17-18-19-20-21-22-23-24 5 metered_count -0.00048710634008815345
config.CONGESTION_TYPE, slugifiedstring, i, key, value : NON-RECURRENT-MMM non-recurrent-mmm-capetown-25-1-2-3-4-5-6-7-8-9-10-11-12-13-14-15-16-17-18-19-20-21-22-23-24 6 mean_lanes 4.7568234799823996e-05
config.CONGESTION_TYPE, slugifiedstring, i, key, value : NON-RECURRENT-MMM non-recurrent-mmm-capetown-25-1-2-3-4-5-6-7-8-9-10-11-12-13-14-15-16-17-18-19-20-21-22-23-24 7 streets_per_node_avg -0.00021224135982570344
config.CONGESTION_TYPE, slugifiedstring, i, key, value : NON-RECURRENT-MMM non-recurrent-mmm-capetown-25-1-2-3-4-5-6-7-8-9-10-11-12-13-14-15-16-17-18-19-20-21-22-23-24 8 m 6.108473803837277e-05
config.CONGESTION_TYPE, slugifiedstring, i, key, value : NON-RECURRENT-MMM non-recurrent-mmm-capetown-25-1-2-3-4-5-6-7-8-9-10-11-12-13-14-15-16-17-18-19-20-21-22-23-24 9 total_crossings -0.000192492957844917
config.CONGESTION_TYPE, slugifiedstring, i, key, value : NON-RECURRENT-MMM non-recurrent-mmm-capetown-25-1-2-3-4-5-6-7-8-9-10-11-12-13-14-15-16-17-18-19-20-21-22-23-24 10 streets_per_node_count_5 0.00015513026217159708
config.CONGESTION_TYPE, slugifiedstring, i, key, value : NON-RECURRENT-MMM non-recurrent-mmm-capetown-25-1-2-3-4-5-6-7-8-9-10-11-12-13-14-15-16-17-18-19-20-21-22-23-24 11 streets_per_node_count_1 0
config.CONGESTION_TYPE, slugifiedstring, i, key, value : NON-RECURRENT-MMM non-recurrent-mmm-capetown-25-1-2-3-4-5-6-7-8-9-10-11-12-13-14-15-16-17-18-19-20-21-22-23-24 12 global_betweenness 0.00014233909468764906
config.CONGESTION_TYPE, slugifiedstring, i, key, value : NON-RECURRENT-MMM non-recurrent-mmm-capetown-25-1-2-3-4-5-6-7-8-9-10-11-12-13-14-15-16-17-18-19-20-21-22-23-24 13 streets_per_node_count_6 0.0003230331512982543
config.CONGESTION_TYPE, slugifiedstring, i, key, value : NON-RECURRENT-MMM non-recurrent-mmm-capetown-25-1-2-3-4-5-6-7-8-9-10-11-12-13-14-15-16-17-18-19-20-21-22-23-24 14 streets_per_node_count_4 0
config.CONGESTION_TYPE, slugifiedstring, i, key, value : NON-RECURRENT-MMM non-recurrent-mmm-capetown-25-1-2-3-4-5-6-7-8-9-10-11-12-13-14-15-16-17-18-19-20-21-22-23-24 15 k_avg 0.00012041715302119699
config.CONGESTION_TYPE, slugifiedstring, i, key, value : NON-RECURRENT-MMM non-recurrent-mmm-capetown-25-1-2-3-4-5-6-7-8-9-10-11-12-13-14-15-16-17-18-19-20-21-22-23-24 16 circuity_avg 3.260035575441459e-05
config.CONGESTION_TYPE, slugifiedstring, i, key, value : NON-RECURRENT-MMM non-recurrent-mmm-capetown-50-1-2-3-4-5-6-7-8-9-10-11-12-13-14-15-16-17-18-19-20-21-22-23-24 0 betweenness 0.0007315969289663357
config.CONGESTION_TYPE, slugifiedstring, i, key, value : NON-RECURRENT-MMM non-recurrent-mmm-capetown-50-1-2-3-4-5-6-7-8-9-10-11-12-13-14-15-16-17-18-19-20-21-22-23-24 1 n -0.00041126794645044947
config.CONGESTION_TYPE, slugifiedstring, i, key, value : NON-RECURRENT-MMM non-recurrent-mmm-capetown-50-1-2-3-4-5-6-7-8-9-10-11-12-13-14-15-16-17-18-19-20-21-22-23-24 2 streets_per_node_count_2 2.9876974272625063e-05
config.CONGESTION_TYPE, slugifiedstring, i, key, value : NON-RECURRENT-MMM non-recurrent-mmm-capetown-50-1-2-3-4-5-6-7-8-9-10-11-12-13-14-15-16-17-18-19-20-21-22-23-24 3 non_metered_count -0.00010540348640528036
config.CONGESTION_TYPE, slugifiedstring, i, key, value : NON-RECURRENT-MMM non-recurrent-mmm-capetown-50-1-2-3-4-5-6-7-8-9-10-11-12-13-14-15-16-17-18-19-20-21-22-23-24 4 streets_per_node_count_3 -4.568312724631204e-05
config.CONGESTION_TYPE, slugifiedstring, i, key, value : NON-RECURRENT-MMM non-recurrent-mmm-capetown-50-1-2-3-4-5-6-7-8-9-10-11-12-13-14-15-16-17-18-19-20-21-22-23-24 5 metered_count -0.0001763389395204677
config.CONGESTION_TYPE, slugifiedstring, i, key, value : NON-RECURRENT-MMM non-recurrent-mmm-capetown-50-1-2-3-4-5-6-7-8-9-10-11-12-13-14-15-16-17-18-19-20-21-22-23-24 6 mean_lanes 4.4326823859135246e-05
config.CONGESTION_TYPE, slugifiedstring, i, key, value : NON-RECURRENT-MMM non-recurrent-mmm-capetown-50-1-2-3-4-5-6-7-8-9-10-11-12-13-14-15-16-17-18-19-20-21-22-23-24 7 streets_per_node_avg -0.00010439819453532807
config.CONGESTION_TYPE, slugifiedstring, i, key, value : NON-RECURRENT-MMM non-recurrent-mmm-capetown-50-1-2-3-4-5-6-7-8-9-10-11-12-13-14-15-16-17-18-19-20-21-22-23-24 8 m 3.683554887559265e-05
config.CONGESTION_TYPE, slugifiedstring, i, key, value : NON-RECURRENT-MMM non-recurrent-mmm-capetown-50-1-2-3-4-5-6-7-8-9-10-11-12-13-14-15-16-17-18-19-20-21-22-23-24 9 total_crossings -0.0001684956304784875
config.CONGESTION_TYPE, slugifiedstring, i, key, value : NON-RECURRENT-MMM non-recurrent-mmm-capetown-50-1-2-3-4-5-6-7-8-9-10-11-12-13-14-15-16-17-18-19-20-21-22-23-24 10 streets_per_node_count_5 3.6858251737726705e-05
config.CONGESTION_TYPE, slugifiedstring, i, key, value : NON-RECURRENT-MMM non-recurrent-mmm-capetown-50-1-2-3-4-5-6-7-8-9-10-11-12-13-14-15-16-17-18-19-20-21-22-23-24 11 streets_per_node_count_1 0
config.CONGESTION_TYPE, slugifiedstring, i, key, value : NON-RECURRENT-MMM non-recurrent-mmm-capetown-50-1-2-3-4-5-6-7-8-9-10-11-12-13-14-15-16-17-18-19-20-21-22-23-24 12 global_betweenness 0.00013876020218859205
config.CONGESTION_TYPE, slugifiedstring, i, key, value : NON-RECURRENT-MMM non-recurrent-mmm-capetown-50-1-2-3-4-5-6-7-8-9-10-11-12-13-14-15-16-17-18-19-20-21-22-23-24 13 streets_per_node_count_6 0.0005351909944470661
config.CONGESTION_TYPE, slugifiedstring, i, key, value : NON-RECURRENT-MMM non-recurrent-mmm-capetown-50-1-2-3-4-5-6-7-8-9-10-11-12-13-14-15-16-17-18-19-20-21-22-23-24 14 streets_per_node_count_4 0
config.CONGESTION_TYPE, slugifiedstring, i, key, value : NON-RECURRENT-MMM non-recurrent-mmm-capetown-50-1-2-3-4-5-6-7-8-9-10-11-12-13-14-15-16-17-18-19-20-21-22-23-24 15 k_avg 5.1204757126345695e-05
config.CONGESTION_TYPE, slugifiedstring, i, key, value : NON-RECURRENT-MMM non-recurrent-mmm-capetown-50-1-2-3-4-5-6-7-8-9-10-11-12-13-14-15-16-17-18-19-20-21-22-23-24 16 circuity_avg 1.2228250282955523e-05
config.CONGESTION_TYPE, slugifiedstring, i, key, value : NON-RECURRENT-MMM non-recurrent-mmm-capetown-100-1-2-3-4-5-6-7-8-9-10-11-12-13-14-15-16-17-18-19-20-21-22-23-24 0 betweenness -0.0001669133671082738
config.CONGESTION_TYPE, slugifiedstring, i, key, value : NON-RECURRENT-MMM non-recurrent-mmm-capetown-100-1-2-3-4-5-6-7-8-9-10-11-12-13-14-15-16-17-18-19-20-21-22-23-24 1 n -2.5548811845997522e-05
config.CONGESTION_TYPE, slugifiedstring, i, key, value : NON-RECURRENT-MMM non-recurrent-mmm-capetown-100-1-2-3-4-5-6-7-8-9-10-11-12-13-14-15-16-17-18-19-20-21-22-23-24 2 streets_per_node_count_2 -1.1628359925999533e-05
config.CONGESTION_TYPE, slugifiedstring, i, key, value : NON-RECURRENT-MMM non-recurrent-mmm-capetown-100-1-2-3-4-5-6-7-8-9-10-11-12-13-14-15-16-17-18-19-20-21-22-23-24 3 non_metered_count -9.538904358825508e-05
config.CONGESTION_TYPE, slugifiedstring, i, key, value : NON-RECURRENT-MMM non-recurrent-mmm-capetown-100-1-2-3-4-5-6-7-8-9-10-11-12-13-14-15-16-17-18-19-20-21-22-23-24 4 streets_per_node_count_3 -1.972285708942494e-05
config.CONGESTION_TYPE, slugifiedstring, i, key, value : NON-RECURRENT-MMM non-recurrent-mmm-capetown-100-1-2-3-4-5-6-7-8-9-10-11-12-13-14-15-16-17-18-19-20-21-22-23-24 5 metered_count -0.00013579246029617339
config.CONGESTION_TYPE, slugifiedstring, i, key, value : NON-RECURRENT-MMM non-recurrent-mmm-capetown-100-1-2-3-4-5-6-7-8-9-10-11-12-13-14-15-16-17-18-19-20-21-22-23-24 6 mean_lanes 1.950238448433161e-05
config.CONGESTION_TYPE, slugifiedstring, i, key, value : NON-RECURRENT-MMM non-recurrent-mmm-capetown-100-1-2-3-4-5-6-7-8-9-10-11-12-13-14-15-16-17-18-19-20-21-22-23-24 7 streets_per_node_avg -5.953916522975163e-05
config.CONGESTION_TYPE, slugifiedstring, i, key, value : NON-RECURRENT-MMM non-recurrent-mmm-capetown-100-1-2-3-4-5-6-7-8-9-10-11-12-13-14-15-16-17-18-19-20-21-22-23-24 8 m 1.6605852131004018e-05
config.CONGESTION_TYPE, slugifiedstring, i, key, value : NON-RECURRENT-MMM non-recurrent-mmm-capetown-100-1-2-3-4-5-6-7-8-9-10-11-12-13-14-15-16-17-18-19-20-21-22-23-24 9 total_crossings -0.00018885302948230828
config.CONGESTION_TYPE, slugifiedstring, i, key, value : NON-RECURRENT-MMM non-recurrent-mmm-capetown-100-1-2-3-4-5-6-7-8-9-10-11-12-13-14-15-16-17-18-19-20-21-22-23-24 10 streets_per_node_count_5 1.5694965733565117e-05
config.CONGESTION_TYPE, slugifiedstring, i, key, value : NON-RECURRENT-MMM non-recurrent-mmm-capetown-100-1-2-3-4-5-6-7-8-9-10-11-12-13-14-15-16-17-18-19-20-21-22-23-24 11 streets_per_node_count_1 0
config.CONGESTION_TYPE, slugifiedstring, i, key, value : NON-RECURRENT-MMM non-recurrent-mmm-capetown-100-1-2-3-4-5-6-7-8-9-10-11-12-13-14-15-16-17-18-19-20-21-22-23-24 12 global_betweenness 0.00012317229274158773
config.CONGESTION_TYPE, slugifiedstring, i, key, value : NON-RECURRENT-MMM non-recurrent-mmm-capetown-100-1-2-3-4-5-6-7-8-9-10-11-12-13-14-15-16-17-18-19-20-21-22-23-24 13 streets_per_node_count_6 1.4008698444591736e-05
config.CONGESTION_TYPE, slugifiedstring, i, key, value : NON-RECURRENT-MMM non-recurrent-mmm-capetown-100-1-2-3-4-5-6-7-8-9-10-11-12-13-14-15-16-17-18-19-20-21-22-23-24 14 streets_per_node_count_4 0
config.CONGESTION_TYPE, slugifiedstring, i, key, value : NON-RECURRENT-MMM non-recurrent-mmm-capetown-100-1-2-3-4-5-6-7-8-9-10-11-12-13-14-15-16-17-18-19-20-21-22-23-24 15 k_avg 3.849015766438345e-05
config.CONGESTION_TYPE, slugifiedstring, i, key, value : NON-RECURRENT-MMM non-recurrent-mmm-capetown-100-1-2-3-4-5-6-7-8-9-10-11-12-13-14-15-16-17-18-19-20-21-22-23-24 16 circuity_avg 1.722470380121241e-05
