Matplotlib is currently using agg, which is a non-GUI backend, so cannot show the figure.
Matplotlib is currently using agg, which is a non-GUI backend, so cannot show the figure.
Loaded config file: Prefix for name of road network object pickle file!
os.getcwd() : /home/niskumar/WCS/urbanscales/modelling
sorted_percentage_nan_per_column : maxspeed                         26.5625
n                                 0.0000
lane_density                      0.0000
streets_per_node_proportion_6     0.0000
streets_per_node_count_6          0.0000
streets_per_node_proportion_5     0.0000
streets_per_node_count_5          0.0000
streets_per_node_proportion_4     0.0000
streets_per_node_count_4          0.0000
streets_per_node_proportion_3     0.0000
streets_per_node_count_3          0.0000
streets_per_node_proportion_2     0.0000
streets_per_node_count_2          0.0000
streets_per_node_proportion_1     0.0000
streets_per_node_count_1          0.0000
mean_lanes                        0.0000
m                                 0.0000
betweenness                       0.0000
total_crossings                   0.0000
non_metered_count                 0.0000
metered_count                     0.0000
self_loop_proportion              0.0000
circuity_avg                      0.0000
street_length_avg                 0.0000
street_segment_count              0.0000
street_length_total               0.0000
streets_per_node_avg              0.0000
edge_length_avg                   0.0000
edge_length_total                 0.0000
k_avg                             0.0000
global_betweenness                0.0000
dtype: float64
city, scale, tod, config.shift_tile_marker, X.shape, Y.shape : Bogota 20 [1, 2, 3, 4, 5, 6, 7, 8, 9, 10, 11, 12, 13, 14, 15, 16, 17, 18, 19, 20, 21, 22, 23, 24] 3 (128, 17) (128,)
X.shape, Y.shape, "Inside the model-fitting function" : (128, 17) (128,) Inside the model-fitting function
Dict: model_trials.best_params_
Key: Value
{'randomforestregressor__max_depth': 20,
 'randomforestregressor__max_features': 'sqrt',
 'randomforestregressor__n_estimators': 100}
Dict: model_trials.best_params_
Key: Value
{'xgbregressor__learning_rate': 0.01,
 'xgbregressor__max_depth': 10,
 'xgbregressor__n_estimators': 1000}
Matplotlib is currently using agg, which is a non-GUI backend, so cannot show the figure.
Matplotlib is currently using agg, which is a non-GUI backend, so cannot show the figure.
Matplotlib is currently using agg, which is a non-GUI backend, so cannot show the figure.
config.CONGESTION_TYPE, slugifiedstring, i, key, value : NON-RECURRENT-MMM non-recurrent-mmm-bogota-20-1-2-3-4-5-6-7-8-9-10-11-12-13-14-15-16-17-18-19-20-21-22-23-24 0 non_metered_count -0.007274700494704325
config.CONGESTION_TYPE, slugifiedstring, i, key, value : NON-RECURRENT-MMM non-recurrent-mmm-bogota-20-1-2-3-4-5-6-7-8-9-10-11-12-13-14-15-16-17-18-19-20-21-22-23-24 1 k_avg 0.0017395816851773042
config.CONGESTION_TYPE, slugifiedstring, i, key, value : NON-RECURRENT-MMM non-recurrent-mmm-bogota-20-1-2-3-4-5-6-7-8-9-10-11-12-13-14-15-16-17-18-19-20-21-22-23-24 2 betweenness -0.0062433646805022105
config.CONGESTION_TYPE, slugifiedstring, i, key, value : NON-RECURRENT-MMM non-recurrent-mmm-bogota-20-1-2-3-4-5-6-7-8-9-10-11-12-13-14-15-16-17-18-19-20-21-22-23-24 3 global_betweenness 0.001995873093247837
config.CONGESTION_TYPE, slugifiedstring, i, key, value : NON-RECURRENT-MMM non-recurrent-mmm-bogota-20-1-2-3-4-5-6-7-8-9-10-11-12-13-14-15-16-17-18-19-20-21-22-23-24 4 metered_count -0.005491217594825532
config.CONGESTION_TYPE, slugifiedstring, i, key, value : NON-RECURRENT-MMM non-recurrent-mmm-bogota-20-1-2-3-4-5-6-7-8-9-10-11-12-13-14-15-16-17-18-19-20-21-22-23-24 5 streets_per_node_count_3 -0.00167695390649367
config.CONGESTION_TYPE, slugifiedstring, i, key, value : NON-RECURRENT-MMM non-recurrent-mmm-bogota-20-1-2-3-4-5-6-7-8-9-10-11-12-13-14-15-16-17-18-19-20-21-22-23-24 6 streets_per_node_avg -0.014976676397767695
config.CONGESTION_TYPE, slugifiedstring, i, key, value : NON-RECURRENT-MMM non-recurrent-mmm-bogota-20-1-2-3-4-5-6-7-8-9-10-11-12-13-14-15-16-17-18-19-20-21-22-23-24 7 circuity_avg 0.00023922662592664116
config.CONGESTION_TYPE, slugifiedstring, i, key, value : NON-RECURRENT-MMM non-recurrent-mmm-bogota-20-1-2-3-4-5-6-7-8-9-10-11-12-13-14-15-16-17-18-19-20-21-22-23-24 8 m -0.001330150157643552
config.CONGESTION_TYPE, slugifiedstring, i, key, value : NON-RECURRENT-MMM non-recurrent-mmm-bogota-20-1-2-3-4-5-6-7-8-9-10-11-12-13-14-15-16-17-18-19-20-21-22-23-24 9 streets_per_node_count_6 -0.00160599771674803
config.CONGESTION_TYPE, slugifiedstring, i, key, value : NON-RECURRENT-MMM non-recurrent-mmm-bogota-20-1-2-3-4-5-6-7-8-9-10-11-12-13-14-15-16-17-18-19-20-21-22-23-24 10 n -0.002672697790303115
config.CONGESTION_TYPE, slugifiedstring, i, key, value : NON-RECURRENT-MMM non-recurrent-mmm-bogota-20-1-2-3-4-5-6-7-8-9-10-11-12-13-14-15-16-17-18-19-20-21-22-23-24 11 streets_per_node_count_5 0.0007910250524171054
config.CONGESTION_TYPE, slugifiedstring, i, key, value : NON-RECURRENT-MMM non-recurrent-mmm-bogota-20-1-2-3-4-5-6-7-8-9-10-11-12-13-14-15-16-17-18-19-20-21-22-23-24 12 streets_per_node_count_4 0
config.CONGESTION_TYPE, slugifiedstring, i, key, value : NON-RECURRENT-MMM non-recurrent-mmm-bogota-20-1-2-3-4-5-6-7-8-9-10-11-12-13-14-15-16-17-18-19-20-21-22-23-24 13 streets_per_node_count_2 0.0016256999340511333
config.CONGESTION_TYPE, slugifiedstring, i, key, value : NON-RECURRENT-MMM non-recurrent-mmm-bogota-20-1-2-3-4-5-6-7-8-9-10-11-12-13-14-15-16-17-18-19-20-21-22-23-24 14 streets_per_node_count_1 0
config.CONGESTION_TYPE, slugifiedstring, i, key, value : NON-RECURRENT-MMM non-recurrent-mmm-bogota-20-1-2-3-4-5-6-7-8-9-10-11-12-13-14-15-16-17-18-19-20-21-22-23-24 15 mean_lanes -0.0009311376114533021
config.CONGESTION_TYPE, slugifiedstring, i, key, value : NON-RECURRENT-MMM non-recurrent-mmm-bogota-20-1-2-3-4-5-6-7-8-9-10-11-12-13-14-15-16-17-18-19-20-21-22-23-24 16 total_crossings -0.010053389408150239
SHAP Values for each feature:
Slug                           Feature Name         Mean Abs SHAP Value
SHAP-- non-recurrent-mmm-bogota-20-1-2-3-4-5-6-7-8-9-10-11-12-13-14-15-16-17-18-19-20-21-22-23-24 non_metered_count             0.0196
SHAP-- non-recurrent-mmm-bogota-20-1-2-3-4-5-6-7-8-9-10-11-12-13-14-15-16-17-18-19-20-21-22-23-24 k_avg                         0.0159
SHAP-- non-recurrent-mmm-bogota-20-1-2-3-4-5-6-7-8-9-10-11-12-13-14-15-16-17-18-19-20-21-22-23-24 betweenness                   0.0274
SHAP-- non-recurrent-mmm-bogota-20-1-2-3-4-5-6-7-8-9-10-11-12-13-14-15-16-17-18-19-20-21-22-23-24 global_betweenness            0.0078
SHAP-- non-recurrent-mmm-bogota-20-1-2-3-4-5-6-7-8-9-10-11-12-13-14-15-16-17-18-19-20-21-22-23-24 metered_count                 0.0102
SHAP-- non-recurrent-mmm-bogota-20-1-2-3-4-5-6-7-8-9-10-11-12-13-14-15-16-17-18-19-20-21-22-23-24 streets_per_node_count_3          0.0099
SHAP-- non-recurrent-mmm-bogota-20-1-2-3-4-5-6-7-8-9-10-11-12-13-14-15-16-17-18-19-20-21-22-23-24 streets_per_node_avg          0.0079
SHAP-- non-recurrent-mmm-bogota-20-1-2-3-4-5-6-7-8-9-10-11-12-13-14-15-16-17-18-19-20-21-22-23-24 circuity_avg                  0.0008
SHAP-- non-recurrent-mmm-bogota-20-1-2-3-4-5-6-7-8-9-10-11-12-13-14-15-16-17-18-19-20-21-22-23-24 m                             0.0043
SHAP-- non-recurrent-mmm-bogota-20-1-2-3-4-5-6-7-8-9-10-11-12-13-14-15-16-17-18-19-20-21-22-23-24 streets_per_node_count_6          0.0059
SHAP-- non-recurrent-mmm-bogota-20-1-2-3-4-5-6-7-8-9-10-11-12-13-14-15-16-17-18-19-20-21-22-23-24 n                             0.0040
SHAP-- non-recurrent-mmm-bogota-20-1-2-3-4-5-6-7-8-9-10-11-12-13-14-15-16-17-18-19-20-21-22-23-24 streets_per_node_count_5          0.0038
SHAP-- non-recurrent-mmm-bogota-20-1-2-3-4-5-6-7-8-9-10-11-12-13-14-15-16-17-18-19-20-21-22-23-24 streets_per_node_count_4          0.0000
SHAP-- non-recurrent-mmm-bogota-20-1-2-3-4-5-6-7-8-9-10-11-12-13-14-15-16-17-18-19-20-21-22-23-24 streets_per_node_count_2          0.0032
SHAP-- non-recurrent-mmm-bogota-20-1-2-3-4-5-6-7-8-9-10-11-12-13-14-15-16-17-18-19-20-21-22-23-24 streets_per_node_count_1          0.0000
SHAP-- non-recurrent-mmm-bogota-20-1-2-3-4-5-6-7-8-9-10-11-12-13-14-15-16-17-18-19-20-21-22-23-24 mean_lanes                    0.0052
SHAP-- non-recurrent-mmm-bogota-20-1-2-3-4-5-6-7-8-9-10-11-12-13-14-15-16-17-18-19-20-21-22-23-24 total_crossings               0.0288
NON-RECURRENT-MMM Bogota 20 LR 0.5427723010975806 XpVar
NON-RECURRENT-MMM Bogota 20 RF 0.5769276480707671 XpVar
NON-RECURRENT-MMM Bogota 20 GBM 0.43629052961831316 XpVar
NON-RECURRENT-MMM Bogota 20 LLR 0.0 XpVar
NON-RECURRENT-MMM Bogota 20 RLR 0.5885350893399988 XpVar
NON-RECURRENT-MMM Bogota 20 LR 0.010518511849477321 MSE
NON-RECURRENT-MMM Bogota 20 RF 0.009661078302740217 MSE
NON-RECURRENT-MMM Bogota 20 GBM 0.012611862380628868 MSE
NON-RECURRENT-MMM Bogota 20 LLR 0.022600055098607002 MSE
NON-RECURRENT-MMM Bogota 20 RLR 0.009793849945112195 MSE
NON-RECURRENT-MMM Bogota 20 LR 0.4759524142924998 R2
NON-RECURRENT-MMM Bogota 20 RF 0.5357401263374287 R2
NON-RECURRENT-MMM Bogota 20 GBM 0.3818019960402826 R2
NON-RECURRENT-MMM Bogota 20 LLR -0.04631871134156535 R2
NON-RECURRENT-MMM Bogota 20 RLR 0.5177440170807698 R2
t_spatial, t_non_spatial, "seconds" : 9.5367431640625e-07 99.10561656951904 seconds
sorted_percentage_nan_per_column : maxspeed                         30.837004
n                                 0.000000
lane_density                      0.000000
streets_per_node_proportion_6     0.000000
streets_per_node_count_6          0.000000
streets_per_node_proportion_5     0.000000
streets_per_node_count_5          0.000000
streets_per_node_proportion_4     0.000000
streets_per_node_count_4          0.000000
streets_per_node_proportion_3     0.000000
streets_per_node_count_3          0.000000
streets_per_node_proportion_2     0.000000
streets_per_node_count_2          0.000000
streets_per_node_proportion_1     0.000000
streets_per_node_count_1          0.000000
mean_lanes                        0.000000
m                                 0.000000
betweenness                       0.000000
total_crossings                   0.000000
non_metered_count                 0.000000
metered_count                     0.000000
self_loop_proportion              0.000000
circuity_avg                      0.000000
street_length_avg                 0.000000
street_segment_count              0.000000
street_length_total               0.000000
streets_per_node_avg              0.000000
edge_length_avg                   0.000000
edge_length_total                 0.000000
k_avg                             0.000000
global_betweenness                0.000000
dtype: float64
city, scale, tod, config.shift_tile_marker, X.shape, Y.shape : Bogota 30 [1, 2, 3, 4, 5, 6, 7, 8, 9, 10, 11, 12, 13, 14, 15, 16, 17, 18, 19, 20, 21, 22, 23, 24] 3 (227, 17) (227,)
X.shape, Y.shape, "Inside the model-fitting function" : (227, 17) (227,) Inside the model-fitting function
Dict: model_trials.best_params_
Key: Value
{'randomforestregressor__max_depth': 20,
 'randomforestregressor__max_features': 'sqrt',
 'randomforestregressor__n_estimators': 1000}
Dict: model_trials.best_params_
Key: Value
{'xgbregressor__learning_rate': 0.01,
 'xgbregressor__max_depth': 20,
 'xgbregressor__n_estimators': 100}
Matplotlib is currently using agg, which is a non-GUI backend, so cannot show the figure.
config.CONGESTION_TYPE, slugifiedstring, i, key, value : NON-RECURRENT-MMM non-recurrent-mmm-bogota-30-1-2-3-4-5-6-7-8-9-10-11-12-13-14-15-16-17-18-19-20-21-22-23-24 0 non_metered_count -0.002386869740763252
config.CONGESTION_TYPE, slugifiedstring, i, key, value : NON-RECURRENT-MMM non-recurrent-mmm-bogota-30-1-2-3-4-5-6-7-8-9-10-11-12-13-14-15-16-17-18-19-20-21-22-23-24 1 k_avg 0.001475045363290961
config.CONGESTION_TYPE, slugifiedstring, i, key, value : NON-RECURRENT-MMM non-recurrent-mmm-bogota-30-1-2-3-4-5-6-7-8-9-10-11-12-13-14-15-16-17-18-19-20-21-22-23-24 2 betweenness 0.005662266469821399
config.CONGESTION_TYPE, slugifiedstring, i, key, value : NON-RECURRENT-MMM non-recurrent-mmm-bogota-30-1-2-3-4-5-6-7-8-9-10-11-12-13-14-15-16-17-18-19-20-21-22-23-24 3 global_betweenness 0.002274260849418436
config.CONGESTION_TYPE, slugifiedstring, i, key, value : NON-RECURRENT-MMM non-recurrent-mmm-bogota-30-1-2-3-4-5-6-7-8-9-10-11-12-13-14-15-16-17-18-19-20-21-22-23-24 4 metered_count -0.0017118682711805026
config.CONGESTION_TYPE, slugifiedstring, i, key, value : NON-RECURRENT-MMM non-recurrent-mmm-bogota-30-1-2-3-4-5-6-7-8-9-10-11-12-13-14-15-16-17-18-19-20-21-22-23-24 5 streets_per_node_count_3 -0.0006390794254167901
config.CONGESTION_TYPE, slugifiedstring, i, key, value : NON-RECURRENT-MMM non-recurrent-mmm-bogota-30-1-2-3-4-5-6-7-8-9-10-11-12-13-14-15-16-17-18-19-20-21-22-23-24 6 streets_per_node_avg -0.00254357224423803
config.CONGESTION_TYPE, slugifiedstring, i, key, value : NON-RECURRENT-MMM non-recurrent-mmm-bogota-30-1-2-3-4-5-6-7-8-9-10-11-12-13-14-15-16-17-18-19-20-21-22-23-24 7 circuity_avg 0.001504666165441012
config.CONGESTION_TYPE, slugifiedstring, i, key, value : NON-RECURRENT-MMM non-recurrent-mmm-bogota-30-1-2-3-4-5-6-7-8-9-10-11-12-13-14-15-16-17-18-19-20-21-22-23-24 8 m 0.00023406017807086835
config.CONGESTION_TYPE, slugifiedstring, i, key, value : NON-RECURRENT-MMM non-recurrent-mmm-bogota-30-1-2-3-4-5-6-7-8-9-10-11-12-13-14-15-16-17-18-19-20-21-22-23-24 9 streets_per_node_count_6 -0.0007444858505405772
config.CONGESTION_TYPE, slugifiedstring, i, key, value : NON-RECURRENT-MMM non-recurrent-mmm-bogota-30-1-2-3-4-5-6-7-8-9-10-11-12-13-14-15-16-17-18-19-20-21-22-23-24 10 n 0.0012889724390302275
config.CONGESTION_TYPE, slugifiedstring, i, key, value : NON-RECURRENT-MMM non-recurrent-mmm-bogota-30-1-2-3-4-5-6-7-8-9-10-11-12-13-14-15-16-17-18-19-20-21-22-23-24 11 streets_per_node_count_5 0.0005276570859459315
config.CONGESTION_TYPE, slugifiedstring, i, key, value : NON-RECURRENT-MMM non-recurrent-mmm-bogota-30-1-2-3-4-5-6-7-8-9-10-11-12-13-14-15-16-17-18-19-20-21-22-23-24 12 streets_per_node_count_4 0
config.CONGESTION_TYPE, slugifiedstring, i, key, value : NON-RECURRENT-MMM non-recurrent-mmm-bogota-30-1-2-3-4-5-6-7-8-9-10-11-12-13-14-15-16-17-18-19-20-21-22-23-24 13 streets_per_node_count_2 -0.0025038183165527208
config.CONGESTION_TYPE, slugifiedstring, i, key, value : NON-RECURRENT-MMM non-recurrent-mmm-bogota-30-1-2-3-4-5-6-7-8-9-10-11-12-13-14-15-16-17-18-19-20-21-22-23-24 14 streets_per_node_count_1 0
config.CONGESTION_TYPE, slugifiedstring, i, key, value : NON-RECURRENT-MMM non-recurrent-mmm-bogota-30-1-2-3-4-5-6-7-8-9-10-11-12-13-14-15-16-17-18-19-20-21-22-23-24 15 mean_lanes -0.001995850841485897
config.CONGESTION_TYPE, slugifiedstring, i, key, value : NON-RECURRENT-MMM non-recurrent-mmm-bogota-30-1-2-3-4-5-6-7-8-9-10-11-12-13-14-15-16-17-18-19-20-21-22-23-24 16 total_crossings -0.0029182166072885154
SHAP Values for each feature:
Slug                           Feature Name         Mean Abs SHAP Value
SHAP-- non-recurrent-mmm-bogota-30-1-2-3-4-5-6-7-8-9-10-11-12-13-14-15-16-17-18-19-20-21-22-23-24 non_metered_count             0.0258
SHAP-- non-recurrent-mmm-bogota-30-1-2-3-4-5-6-7-8-9-10-11-12-13-14-15-16-17-18-19-20-21-22-23-24 k_avg                         0.0182
SHAP-- non-recurrent-mmm-bogota-30-1-2-3-4-5-6-7-8-9-10-11-12-13-14-15-16-17-18-19-20-21-22-23-24 betweenness                   0.0052
SHAP-- non-recurrent-mmm-bogota-30-1-2-3-4-5-6-7-8-9-10-11-12-13-14-15-16-17-18-19-20-21-22-23-24 global_betweenness            0.0114
SHAP-- non-recurrent-mmm-bogota-30-1-2-3-4-5-6-7-8-9-10-11-12-13-14-15-16-17-18-19-20-21-22-23-24 metered_count                 0.0142
SHAP-- non-recurrent-mmm-bogota-30-1-2-3-4-5-6-7-8-9-10-11-12-13-14-15-16-17-18-19-20-21-22-23-24 streets_per_node_count_3          0.0085
SHAP-- non-recurrent-mmm-bogota-30-1-2-3-4-5-6-7-8-9-10-11-12-13-14-15-16-17-18-19-20-21-22-23-24 streets_per_node_avg          0.0129
SHAP-- non-recurrent-mmm-bogota-30-1-2-3-4-5-6-7-8-9-10-11-12-13-14-15-16-17-18-19-20-21-22-23-24 circuity_avg                  0.0011
SHAP-- non-recurrent-mmm-bogota-30-1-2-3-4-5-6-7-8-9-10-11-12-13-14-15-16-17-18-19-20-21-22-23-24 m                             0.0039
SHAP-- non-recurrent-mmm-bogota-30-1-2-3-4-5-6-7-8-9-10-11-12-13-14-15-16-17-18-19-20-21-22-23-24 streets_per_node_count_6          0.0108
SHAP-- non-recurrent-mmm-bogota-30-1-2-3-4-5-6-7-8-9-10-11-12-13-14-15-16-17-18-19-20-21-22-23-24 n                             0.0039
SHAP-- non-recurrent-mmm-bogota-30-1-2-3-4-5-6-7-8-9-10-11-12-13-14-15-16-17-18-19-20-21-22-23-24 streets_per_node_count_5          0.0048
SHAP-- non-recurrent-mmm-bogota-30-1-2-3-4-5-6-7-8-9-10-11-12-13-14-15-16-17-18-19-20-21-22-23-24 streets_per_node_count_4          0.0000
SHAP-- non-recurrent-mmm-bogota-30-1-2-3-4-5-6-7-8-9-10-11-12-13-14-15-16-17-18-19-20-21-22-23-24 streets_per_node_count_2          0.0043
SHAP-- non-recurrent-mmm-bogota-30-1-2-3-4-5-6-7-8-9-10-11-12-13-14-15-16-17-18-19-20-21-22-23-24 streets_per_node_count_1          0.0000
SHAP-- non-recurrent-mmm-bogota-30-1-2-3-4-5-6-7-8-9-10-11-12-13-14-15-16-17-18-19-20-21-22-23-24 mean_lanes                    0.0101
SHAP-- non-recurrent-mmm-bogota-30-1-2-3-4-5-6-7-8-9-10-11-12-13-14-15-16-17-18-19-20-21-22-23-24 total_crossings               0.0295
NON-RECURRENT-MMM Bogota 30 LR 0.49454293397694427 XpVar
NON-RECURRENT-MMM Bogota 30 RF 0.5460039418779238 XpVar
NON-RECURRENT-MMM Bogota 30 GBM 0.32569652805485766 XpVar
NON-RECURRENT-MMM Bogota 30 LLR -7.930164461608261e-17 XpVar
NON-RECURRENT-MMM Bogota 30 RLR 0.4906952784646683 XpVar
NON-RECURRENT-MMM Bogota 30 LR 0.012488194111425623 MSE
NON-RECURRENT-MMM Bogota 30 RF 0.011631714240150807 MSE
NON-RECURRENT-MMM Bogota 30 GBM 0.0166102619004441 MSE
NON-RECURRENT-MMM Bogota 30 LLR 0.025301483128928628 MSE
NON-RECURRENT-MMM Bogota 30 RLR 0.012590024118453764 MSE
NON-RECURRENT-MMM Bogota 30 LR 0.48559110811319256 R2
NON-RECURRENT-MMM Bogota 30 RF 0.5305850652414411 R2
NON-RECURRENT-MMM Bogota 30 GBM 0.30226089680753404 R2
NON-RECURRENT-MMM Bogota 30 LLR -0.043424260112192706 R2
NON-RECURRENT-MMM Bogota 30 RLR 0.480971750236106 R2
t_spatial, t_non_spatial, "seconds" : 1.1920928955078125e-06 161.7386667728424 seconds
sorted_percentage_nan_per_column : Matplotlib is currently using agg, which is a non-GUI backend, so cannot show the figure.
Matplotlib is currently using agg, which is a non-GUI backend, so cannot show the figure.
maxspeed                         30.409357
n                                 0.000000
lane_density                      0.000000
streets_per_node_proportion_6     0.000000
streets_per_node_count_6          0.000000
streets_per_node_proportion_5     0.000000
streets_per_node_count_5          0.000000
streets_per_node_proportion_4     0.000000
streets_per_node_count_4          0.000000
streets_per_node_proportion_3     0.000000
streets_per_node_count_3          0.000000
streets_per_node_proportion_2     0.000000
streets_per_node_count_2          0.000000
streets_per_node_proportion_1     0.000000
streets_per_node_count_1          0.000000
mean_lanes                        0.000000
m                                 0.000000
betweenness                       0.000000
total_crossings                   0.000000
non_metered_count                 0.000000
metered_count                     0.000000
self_loop_proportion              0.000000
circuity_avg                      0.000000
street_length_avg                 0.000000
street_segment_count              0.000000
street_length_total               0.000000
streets_per_node_avg              0.000000
edge_length_avg                   0.000000
edge_length_total                 0.000000
k_avg                             0.000000
global_betweenness                0.000000
dtype: float64
city, scale, tod, config.shift_tile_marker, X.shape, Y.shape : Bogota 40 [1, 2, 3, 4, 5, 6, 7, 8, 9, 10, 11, 12, 13, 14, 15, 16, 17, 18, 19, 20, 21, 22, 23, 24] 3 (342, 17) (342,)
X.shape, Y.shape, "Inside the model-fitting function" : (342, 17) (342,) Inside the model-fitting function
Dict: model_trials.best_params_
Key: Value
{'randomforestregressor__max_depth': 10,
 'randomforestregressor__max_features': 'sqrt',
 'randomforestregressor__n_estimators': 200}
Dict: model_trials.best_params_
Key: Value
{'xgbregressor__learning_rate': 0.01,
 'xgbregressor__max_depth': 20,
 'xgbregressor__n_estimators': 200}
Matplotlib is currently using agg, which is a non-GUI backend, so cannot show the figure.
config.CONGESTION_TYPE, slugifiedstring, i, key, value : NON-RECURRENT-MMM non-recurrent-mmm-bogota-40-1-2-3-4-5-6-7-8-9-10-11-12-13-14-15-16-17-18-19-20-21-22-23-24 0 non_metered_count -0.00272147785020708
config.CONGESTION_TYPE, slugifiedstring, i, key, value : NON-RECURRENT-MMM non-recurrent-mmm-bogota-40-1-2-3-4-5-6-7-8-9-10-11-12-13-14-15-16-17-18-19-20-21-22-23-24 1 k_avg 0.0007458126588206855
config.CONGESTION_TYPE, slugifiedstring, i, key, value : NON-RECURRENT-MMM non-recurrent-mmm-bogota-40-1-2-3-4-5-6-7-8-9-10-11-12-13-14-15-16-17-18-19-20-21-22-23-24 2 betweenness -0.0013443851051918696
config.CONGESTION_TYPE, slugifiedstring, i, key, value : NON-RECURRENT-MMM non-recurrent-mmm-bogota-40-1-2-3-4-5-6-7-8-9-10-11-12-13-14-15-16-17-18-19-20-21-22-23-24 3 global_betweenness -0.014008109667572294
config.CONGESTION_TYPE, slugifiedstring, i, key, value : NON-RECURRENT-MMM non-recurrent-mmm-bogota-40-1-2-3-4-5-6-7-8-9-10-11-12-13-14-15-16-17-18-19-20-21-22-23-24 4 metered_count -0.0009566550960941955
config.CONGESTION_TYPE, slugifiedstring, i, key, value : NON-RECURRENT-MMM non-recurrent-mmm-bogota-40-1-2-3-4-5-6-7-8-9-10-11-12-13-14-15-16-17-18-19-20-21-22-23-24 5 streets_per_node_count_3 -0.0004198596248245926
config.CONGESTION_TYPE, slugifiedstring, i, key, value : NON-RECURRENT-MMM non-recurrent-mmm-bogota-40-1-2-3-4-5-6-7-8-9-10-11-12-13-14-15-16-17-18-19-20-21-22-23-24 6 streets_per_node_avg -0.002235490487598127
config.CONGESTION_TYPE, slugifiedstring, i, key, value : NON-RECURRENT-MMM non-recurrent-mmm-bogota-40-1-2-3-4-5-6-7-8-9-10-11-12-13-14-15-16-17-18-19-20-21-22-23-24 7 circuity_avg -0.0009573426097847565
config.CONGESTION_TYPE, slugifiedstring, i, key, value : NON-RECURRENT-MMM non-recurrent-mmm-bogota-40-1-2-3-4-5-6-7-8-9-10-11-12-13-14-15-16-17-18-19-20-21-22-23-24 8 m 0.00033992537470032636
config.CONGESTION_TYPE, slugifiedstring, i, key, value : NON-RECURRENT-MMM non-recurrent-mmm-bogota-40-1-2-3-4-5-6-7-8-9-10-11-12-13-14-15-16-17-18-19-20-21-22-23-24 9 streets_per_node_count_6 -0.0006359308155807088
config.CONGESTION_TYPE, slugifiedstring, i, key, value : NON-RECURRENT-MMM non-recurrent-mmm-bogota-40-1-2-3-4-5-6-7-8-9-10-11-12-13-14-15-16-17-18-19-20-21-22-23-24 10 n -0.0004211341461667189
config.CONGESTION_TYPE, slugifiedstring, i, key, value : NON-RECURRENT-MMM non-recurrent-mmm-bogota-40-1-2-3-4-5-6-7-8-9-10-11-12-13-14-15-16-17-18-19-20-21-22-23-24 11 streets_per_node_count_5 0.00048481756105433685
config.CONGESTION_TYPE, slugifiedstring, i, key, value : NON-RECURRENT-MMM non-recurrent-mmm-bogota-40-1-2-3-4-5-6-7-8-9-10-11-12-13-14-15-16-17-18-19-20-21-22-23-24 12 streets_per_node_count_4 0
config.CONGESTION_TYPE, slugifiedstring, i, key, value : NON-RECURRENT-MMM non-recurrent-mmm-bogota-40-1-2-3-4-5-6-7-8-9-10-11-12-13-14-15-16-17-18-19-20-21-22-23-24 13 streets_per_node_count_2 -0.0002204273394823326
config.CONGESTION_TYPE, slugifiedstring, i, key, value : NON-RECURRENT-MMM non-recurrent-mmm-bogota-40-1-2-3-4-5-6-7-8-9-10-11-12-13-14-15-16-17-18-19-20-21-22-23-24 14 streets_per_node_count_1 0
config.CONGESTION_TYPE, slugifiedstring, i, key, value : NON-RECURRENT-MMM non-recurrent-mmm-bogota-40-1-2-3-4-5-6-7-8-9-10-11-12-13-14-15-16-17-18-19-20-21-22-23-24 15 mean_lanes -0.0014980299897884152
config.CONGESTION_TYPE, slugifiedstring, i, key, value : NON-RECURRENT-MMM non-recurrent-mmm-bogota-40-1-2-3-4-5-6-7-8-9-10-11-12-13-14-15-16-17-18-19-20-21-22-23-24 16 total_crossings -0.0037222615333483817
SHAP Values for each feature:
Slug                           Feature Name         Mean Abs SHAP Value
SHAP-- non-recurrent-mmm-bogota-40-1-2-3-4-5-6-7-8-9-10-11-12-13-14-15-16-17-18-19-20-21-22-23-24 non_metered_count             0.0193
SHAP-- non-recurrent-mmm-bogota-40-1-2-3-4-5-6-7-8-9-10-11-12-13-14-15-16-17-18-19-20-21-22-23-24 k_avg                         0.0166
SHAP-- non-recurrent-mmm-bogota-40-1-2-3-4-5-6-7-8-9-10-11-12-13-14-15-16-17-18-19-20-21-22-23-24 betweenness                   0.0082
SHAP-- non-recurrent-mmm-bogota-40-1-2-3-4-5-6-7-8-9-10-11-12-13-14-15-16-17-18-19-20-21-22-23-24 global_betweenness            0.0142
SHAP-- non-recurrent-mmm-bogota-40-1-2-3-4-5-6-7-8-9-10-11-12-13-14-15-16-17-18-19-20-21-22-23-24 metered_count                 0.0103
SHAP-- non-recurrent-mmm-bogota-40-1-2-3-4-5-6-7-8-9-10-11-12-13-14-15-16-17-18-19-20-21-22-23-24 streets_per_node_count_3          0.0098
SHAP-- non-recurrent-mmm-bogota-40-1-2-3-4-5-6-7-8-9-10-11-12-13-14-15-16-17-18-19-20-21-22-23-24 streets_per_node_avg          0.0147
SHAP-- non-recurrent-mmm-bogota-40-1-2-3-4-5-6-7-8-9-10-11-12-13-14-15-16-17-18-19-20-21-22-23-24 circuity_avg                  0.0010
SHAP-- non-recurrent-mmm-bogota-40-1-2-3-4-5-6-7-8-9-10-11-12-13-14-15-16-17-18-19-20-21-22-23-24 m                             0.0049
SHAP-- non-recurrent-mmm-bogota-40-1-2-3-4-5-6-7-8-9-10-11-12-13-14-15-16-17-18-19-20-21-22-23-24 streets_per_node_count_6          0.0135
SHAP-- non-recurrent-mmm-bogota-40-1-2-3-4-5-6-7-8-9-10-11-12-13-14-15-16-17-18-19-20-21-22-23-24 n                             0.0055
SHAP-- non-recurrent-mmm-bogota-40-1-2-3-4-5-6-7-8-9-10-11-12-13-14-15-16-17-18-19-20-21-22-23-24 streets_per_node_count_5          0.0038
SHAP-- non-recurrent-mmm-bogota-40-1-2-3-4-5-6-7-8-9-10-11-12-13-14-15-16-17-18-19-20-21-22-23-24 streets_per_node_count_4          0.0000
SHAP-- non-recurrent-mmm-bogota-40-1-2-3-4-5-6-7-8-9-10-11-12-13-14-15-16-17-18-19-20-21-22-23-24 streets_per_node_count_2          0.0032
SHAP-- non-recurrent-mmm-bogota-40-1-2-3-4-5-6-7-8-9-10-11-12-13-14-15-16-17-18-19-20-21-22-23-24 streets_per_node_count_1          0.0000
SHAP-- non-recurrent-mmm-bogota-40-1-2-3-4-5-6-7-8-9-10-11-12-13-14-15-16-17-18-19-20-21-22-23-24 mean_lanes                    0.0128
SHAP-- non-recurrent-mmm-bogota-40-1-2-3-4-5-6-7-8-9-10-11-12-13-14-15-16-17-18-19-20-21-22-23-24 total_crossings               0.0307
NON-RECURRENT-MMM Bogota 40 LR 0.5019205832449075 XpVar
NON-RECURRENT-MMM Bogota 40 RF 0.575559550135247 XpVar
NON-RECURRENT-MMM Bogota 40 GBM 0.4777029609764037 XpVar
NON-RECURRENT-MMM Bogota 40 LLR -3.172065784643304e-17 XpVar
NON-RECURRENT-MMM Bogota 40 RLR 0.5074062294633134 XpVar
NON-RECURRENT-MMM Bogota 40 LR 0.012707713563050973 MSE
NON-RECURRENT-MMM Bogota 40 RF 0.010921281234341383 MSE
NON-RECURRENT-MMM Bogota 40 GBM 0.013544580681949034 MSE
NON-RECURRENT-MMM Bogota 40 LLR 0.02586525817209512 MSE
NON-RECURRENT-MMM Bogota 40 RLR 0.012521290842635627 MSE
NON-RECURRENT-MMM Bogota 40 LR 0.4919890478932008 R2
NON-RECURRENT-MMM Bogota 40 RF 0.5683429617944685 R2
NON-RECURRENT-MMM Bogota 40 GBM 0.4646079156051801 R2
NON-RECURRENT-MMM Bogota 40 LLR -0.027434285283819415 R2
NON-RECURRENT-MMM Bogota 40 RLR 0.4976020716352663 R2
t_spatial, t_non_spatial, "seconds" : 1.430511474609375e-06 224.51152205467224 seconds
sorted_percentage_nan_per_column : Matplotlib is currently using agg, which is a non-GUI backend, so cannot show the figure.
Matplotlib is currently using agg, which is a non-GUI backend, so cannot show the figure.
maxspeed                         32.636656
n                                 0.000000
lane_density                      0.000000
streets_per_node_proportion_6     0.000000
streets_per_node_count_6          0.000000
streets_per_node_proportion_5     0.000000
streets_per_node_count_5          0.000000
streets_per_node_proportion_4     0.000000
streets_per_node_count_4          0.000000
streets_per_node_proportion_3     0.000000
streets_per_node_count_3          0.000000
streets_per_node_proportion_2     0.000000
streets_per_node_count_2          0.000000
streets_per_node_proportion_1     0.000000
streets_per_node_count_1          0.000000
mean_lanes                        0.000000
m                                 0.000000
betweenness                       0.000000
total_crossings                   0.000000
non_metered_count                 0.000000
metered_count                     0.000000
self_loop_proportion              0.000000
circuity_avg                      0.000000
street_length_avg                 0.000000
street_segment_count              0.000000
street_length_total               0.000000
streets_per_node_avg              0.000000
edge_length_avg                   0.000000
edge_length_total                 0.000000
k_avg                             0.000000
global_betweenness                0.000000
dtype: float64
city, scale, tod, config.shift_tile_marker, X.shape, Y.shape : Bogota 60 [1, 2, 3, 4, 5, 6, 7, 8, 9, 10, 11, 12, 13, 14, 15, 16, 17, 18, 19, 20, 21, 22, 23, 24] 3 (622, 17) (622,)
X.shape, Y.shape, "Inside the model-fitting function" : (622, 17) (622,) Inside the model-fitting function
Dict: model_trials.best_params_
Key: Value
{'randomforestregressor__max_depth': 10,
 'randomforestregressor__max_features': 'sqrt',
 'randomforestregressor__n_estimators': 300}
Dict: model_trials.best_params_
Key: Value
{'xgbregressor__learning_rate': 0.01,
 'xgbregressor__max_depth': 50,
 'xgbregressor__n_estimators': 200}
Matplotlib is currently using agg, which is a non-GUI backend, so cannot show the figure.
config.CONGESTION_TYPE, slugifiedstring, i, key, value : NON-RECURRENT-MMM non-recurrent-mmm-bogota-60-1-2-3-4-5-6-7-8-9-10-11-12-13-14-15-16-17-18-19-20-21-22-23-24 0 non_metered_count -0.0012155337291554385
config.CONGESTION_TYPE, slugifiedstring, i, key, value : NON-RECURRENT-MMM non-recurrent-mmm-bogota-60-1-2-3-4-5-6-7-8-9-10-11-12-13-14-15-16-17-18-19-20-21-22-23-24 1 k_avg 0.0006044595748972863
config.CONGESTION_TYPE, slugifiedstring, i, key, value : NON-RECURRENT-MMM non-recurrent-mmm-bogota-60-1-2-3-4-5-6-7-8-9-10-11-12-13-14-15-16-17-18-19-20-21-22-23-24 2 betweenness -0.0007180142330472112
config.CONGESTION_TYPE, slugifiedstring, i, key, value : NON-RECURRENT-MMM non-recurrent-mmm-bogota-60-1-2-3-4-5-6-7-8-9-10-11-12-13-14-15-16-17-18-19-20-21-22-23-24 3 global_betweenness -0.0034531924513027173
config.CONGESTION_TYPE, slugifiedstring, i, key, value : NON-RECURRENT-MMM non-recurrent-mmm-bogota-60-1-2-3-4-5-6-7-8-9-10-11-12-13-14-15-16-17-18-19-20-21-22-23-24 4 metered_count -0.0005386340351165668
config.CONGESTION_TYPE, slugifiedstring, i, key, value : NON-RECURRENT-MMM non-recurrent-mmm-bogota-60-1-2-3-4-5-6-7-8-9-10-11-12-13-14-15-16-17-18-19-20-21-22-23-24 5 streets_per_node_count_3 -0.0002624183071353517
config.CONGESTION_TYPE, slugifiedstring, i, key, value : NON-RECURRENT-MMM non-recurrent-mmm-bogota-60-1-2-3-4-5-6-7-8-9-10-11-12-13-14-15-16-17-18-19-20-21-22-23-24 6 streets_per_node_avg -0.0005486041667202018
config.CONGESTION_TYPE, slugifiedstring, i, key, value : NON-RECURRENT-MMM non-recurrent-mmm-bogota-60-1-2-3-4-5-6-7-8-9-10-11-12-13-14-15-16-17-18-19-20-21-22-23-24 7 circuity_avg 9.385269088206707e-05
config.CONGESTION_TYPE, slugifiedstring, i, key, value : NON-RECURRENT-MMM non-recurrent-mmm-bogota-60-1-2-3-4-5-6-7-8-9-10-11-12-13-14-15-16-17-18-19-20-21-22-23-24 8 m 6.516219735629447e-05
config.CONGESTION_TYPE, slugifiedstring, i, key, value : NON-RECURRENT-MMM non-recurrent-mmm-bogota-60-1-2-3-4-5-6-7-8-9-10-11-12-13-14-15-16-17-18-19-20-21-22-23-24 9 streets_per_node_count_6 -0.00021117431859114295
config.CONGESTION_TYPE, slugifiedstring, i, key, value : NON-RECURRENT-MMM non-recurrent-mmm-bogota-60-1-2-3-4-5-6-7-8-9-10-11-12-13-14-15-16-17-18-19-20-21-22-23-24 10 n -0.0001503475512883134
config.CONGESTION_TYPE, slugifiedstring, i, key, value : NON-RECURRENT-MMM non-recurrent-mmm-bogota-60-1-2-3-4-5-6-7-8-9-10-11-12-13-14-15-16-17-18-19-20-21-22-23-24 11 streets_per_node_count_5 0.00022141635716551797
config.CONGESTION_TYPE, slugifiedstring, i, key, value : NON-RECURRENT-MMM non-recurrent-mmm-bogota-60-1-2-3-4-5-6-7-8-9-10-11-12-13-14-15-16-17-18-19-20-21-22-23-24 12 streets_per_node_count_4 0
config.CONGESTION_TYPE, slugifiedstring, i, key, value : NON-RECURRENT-MMM non-recurrent-mmm-bogota-60-1-2-3-4-5-6-7-8-9-10-11-12-13-14-15-16-17-18-19-20-21-22-23-24 13 streets_per_node_count_2 -0.00021200309106378517
config.CONGESTION_TYPE, slugifiedstring, i, key, value : NON-RECURRENT-MMM non-recurrent-mmm-bogota-60-1-2-3-4-5-6-7-8-9-10-11-12-13-14-15-16-17-18-19-20-21-22-23-24 14 streets_per_node_count_1 0
config.CONGESTION_TYPE, slugifiedstring, i, key, value : NON-RECURRENT-MMM non-recurrent-mmm-bogota-60-1-2-3-4-5-6-7-8-9-10-11-12-13-14-15-16-17-18-19-20-21-22-23-24 15 mean_lanes -0.0008680613297452687
config.CONGESTION_TYPE, slugifiedstring, i, key, value : NON-RECURRENT-MMM non-recurrent-mmm-bogota-60-1-2-3-4-5-6-7-8-9-10-11-12-13-14-15-16-17-18-19-20-21-22-23-24 16 total_crossings -0.001177504084322999
SHAP Values for each feature:
Slug                           Feature Name         Mean Abs SHAP Value
SHAP-- non-recurrent-mmm-bogota-60-1-2-3-4-5-6-7-8-9-10-11-12-13-14-15-16-17-18-19-20-21-22-23-24 non_metered_count             0.0225
SHAP-- non-recurrent-mmm-bogota-60-1-2-3-4-5-6-7-8-9-10-11-12-13-14-15-16-17-18-19-20-21-22-23-24 k_avg                         0.0179
SHAP-- non-recurrent-mmm-bogota-60-1-2-3-4-5-6-7-8-9-10-11-12-13-14-15-16-17-18-19-20-21-22-23-24 betweenness                   0.0090
SHAP-- non-recurrent-mmm-bogota-60-1-2-3-4-5-6-7-8-9-10-11-12-13-14-15-16-17-18-19-20-21-22-23-24 global_betweenness            0.0141
SHAP-- non-recurrent-mmm-bogota-60-1-2-3-4-5-6-7-8-9-10-11-12-13-14-15-16-17-18-19-20-21-22-23-24 metered_count                 0.0149
SHAP-- non-recurrent-mmm-bogota-60-1-2-3-4-5-6-7-8-9-10-11-12-13-14-15-16-17-18-19-20-21-22-23-24 streets_per_node_count_3          0.0103
SHAP-- non-recurrent-mmm-bogota-60-1-2-3-4-5-6-7-8-9-10-11-12-13-14-15-16-17-18-19-20-21-22-23-24 streets_per_node_avg          0.0085
SHAP-- non-recurrent-mmm-bogota-60-1-2-3-4-5-6-7-8-9-10-11-12-13-14-15-16-17-18-19-20-21-22-23-24 circuity_avg                  0.0013
SHAP-- non-recurrent-mmm-bogota-60-1-2-3-4-5-6-7-8-9-10-11-12-13-14-15-16-17-18-19-20-21-22-23-24 m                             0.0039
SHAP-- non-recurrent-mmm-bogota-60-1-2-3-4-5-6-7-8-9-10-11-12-13-14-15-16-17-18-19-20-21-22-23-24 streets_per_node_count_6          0.0080
SHAP-- non-recurrent-mmm-bogota-60-1-2-3-4-5-6-7-8-9-10-11-12-13-14-15-16-17-18-19-20-21-22-23-24 n                             0.0043
SHAP-- non-recurrent-mmm-bogota-60-1-2-3-4-5-6-7-8-9-10-11-12-13-14-15-16-17-18-19-20-21-22-23-24 streets_per_node_count_5          0.0047
SHAP-- non-recurrent-mmm-bogota-60-1-2-3-4-5-6-7-8-9-10-11-12-13-14-15-16-17-18-19-20-21-22-23-24 streets_per_node_count_4          0.0000
SHAP-- non-recurrent-mmm-bogota-60-1-2-3-4-5-6-7-8-9-10-11-12-13-14-15-16-17-18-19-20-21-22-23-24 streets_per_node_count_2          0.0030
SHAP-- non-recurrent-mmm-bogota-60-1-2-3-4-5-6-7-8-9-10-11-12-13-14-15-16-17-18-19-20-21-22-23-24 streets_per_node_count_1          0.0000
SHAP-- non-recurrent-mmm-bogota-60-1-2-3-4-5-6-7-8-9-10-11-12-13-14-15-16-17-18-19-20-21-22-23-24 mean_lanes                    0.0158
SHAP-- non-recurrent-mmm-bogota-60-1-2-3-4-5-6-7-8-9-10-11-12-13-14-15-16-17-18-19-20-21-22-23-24 total_crossings               0.0314
NON-RECURRENT-MMM Bogota 60 LR 0.45665428829575916 XpVar
NON-RECURRENT-MMM Bogota 60 RF 0.5359579594103528 XpVar
NON-RECURRENT-MMM Bogota 60 GBM 0.41311629990353615 XpVar
NON-RECURRENT-MMM Bogota 60 LLR 0.0 XpVar
NON-RECURRENT-MMM Bogota 60 RLR 0.4566306046249025 XpVar
NON-RECURRENT-MMM Bogota 60 LR 0.014182993748910083 MSE
NON-RECURRENT-MMM Bogota 60 RF 0.012048753416553634 MSE
NON-RECURRENT-MMM Bogota 60 GBM 0.015215899855596795 MSE
NON-RECURRENT-MMM Bogota 60 LLR 0.026768900638470445 MSE
NON-RECURRENT-MMM Bogota 60 RLR 0.014169135954889226 MSE
NON-RECURRENT-MMM Bogota 60 LR 0.45087033929976916 R2
NON-RECURRENT-MMM Bogota 60 RF 0.5310819185469626 R2
NON-RECURRENT-MMM Bogota 60 GBM 0.40577840194366704 R2
NON-RECURRENT-MMM Bogota 60 LLR -0.02602975685844758 R2
NON-RECURRENT-MMM Bogota 60 RLR 0.4515064551967507 R2
t_spatial, t_non_spatial, "seconds" : 1.9073486328125e-06 339.699107170105 seconds
sorted_percentage_nan_per_column : Matplotlib is currently using agg, which is a non-GUI backend, so cannot show the figure.
Matplotlib is currently using agg, which is a non-GUI backend, so cannot show the figure.
maxspeed                         32.192649
n                                 0.000000
lane_density                      0.000000
streets_per_node_proportion_6     0.000000
streets_per_node_count_6          0.000000
streets_per_node_proportion_5     0.000000
streets_per_node_count_5          0.000000
streets_per_node_proportion_4     0.000000
streets_per_node_count_4          0.000000
streets_per_node_proportion_3     0.000000
streets_per_node_count_3          0.000000
streets_per_node_proportion_2     0.000000
streets_per_node_count_2          0.000000
streets_per_node_proportion_1     0.000000
streets_per_node_count_1          0.000000
mean_lanes                        0.000000
m                                 0.000000
betweenness                       0.000000
total_crossings                   0.000000
non_metered_count                 0.000000
metered_count                     0.000000
self_loop_proportion              0.000000
circuity_avg                      0.000000
street_length_avg                 0.000000
street_segment_count              0.000000
street_length_total               0.000000
streets_per_node_avg              0.000000
edge_length_avg                   0.000000
edge_length_total                 0.000000
k_avg                             0.000000
global_betweenness                0.000000
dtype: float64
city, scale, tod, config.shift_tile_marker, X.shape, Y.shape : Bogota 70 [1, 2, 3, 4, 5, 6, 7, 8, 9, 10, 11, 12, 13, 14, 15, 16, 17, 18, 19, 20, 21, 22, 23, 24] 3 (789, 17) (789,)
X.shape, Y.shape, "Inside the model-fitting function" : (789, 17) (789,) Inside the model-fitting function
Dict: model_trials.best_params_
Key: Value
{'randomforestregressor__max_depth': 10,
 'randomforestregressor__max_features': 'sqrt',
 'randomforestregressor__n_estimators': 500}
Dict: model_trials.best_params_
Key: Value
{'xgbregressor__learning_rate': 0.01,
 'xgbregressor__max_depth': 50,
 'xgbregressor__n_estimators': 200}
Matplotlib is currently using agg, which is a non-GUI backend, so cannot show the figure.
config.CONGESTION_TYPE, slugifiedstring, i, key, value : NON-RECURRENT-MMM non-recurrent-mmm-bogota-70-1-2-3-4-5-6-7-8-9-10-11-12-13-14-15-16-17-18-19-20-21-22-23-24 0 non_metered_count -0.0011408094823285822
config.CONGESTION_TYPE, slugifiedstring, i, key, value : NON-RECURRENT-MMM non-recurrent-mmm-bogota-70-1-2-3-4-5-6-7-8-9-10-11-12-13-14-15-16-17-18-19-20-21-22-23-24 1 k_avg 0.000646948233300135
config.CONGESTION_TYPE, slugifiedstring, i, key, value : NON-RECURRENT-MMM non-recurrent-mmm-bogota-70-1-2-3-4-5-6-7-8-9-10-11-12-13-14-15-16-17-18-19-20-21-22-23-24 2 betweenness -0.008817597500551928
config.CONGESTION_TYPE, slugifiedstring, i, key, value : NON-RECURRENT-MMM non-recurrent-mmm-bogota-70-1-2-3-4-5-6-7-8-9-10-11-12-13-14-15-16-17-18-19-20-21-22-23-24 3 global_betweenness -0.0064671273749583895
config.CONGESTION_TYPE, slugifiedstring, i, key, value : NON-RECURRENT-MMM non-recurrent-mmm-bogota-70-1-2-3-4-5-6-7-8-9-10-11-12-13-14-15-16-17-18-19-20-21-22-23-24 4 metered_count -0.00030661747301710045
config.CONGESTION_TYPE, slugifiedstring, i, key, value : NON-RECURRENT-MMM non-recurrent-mmm-bogota-70-1-2-3-4-5-6-7-8-9-10-11-12-13-14-15-16-17-18-19-20-21-22-23-24 5 streets_per_node_count_3 -0.00018364768211208334
config.CONGESTION_TYPE, slugifiedstring, i, key, value : NON-RECURRENT-MMM non-recurrent-mmm-bogota-70-1-2-3-4-5-6-7-8-9-10-11-12-13-14-15-16-17-18-19-20-21-22-23-24 6 streets_per_node_avg 0.00041148648491349637
config.CONGESTION_TYPE, slugifiedstring, i, key, value : NON-RECURRENT-MMM non-recurrent-mmm-bogota-70-1-2-3-4-5-6-7-8-9-10-11-12-13-14-15-16-17-18-19-20-21-22-23-24 7 circuity_avg 3.453996065016363e-05
config.CONGESTION_TYPE, slugifiedstring, i, key, value : NON-RECURRENT-MMM non-recurrent-mmm-bogota-70-1-2-3-4-5-6-7-8-9-10-11-12-13-14-15-16-17-18-19-20-21-22-23-24 8 m 0.00011779917674769412
config.CONGESTION_TYPE, slugifiedstring, i, key, value : NON-RECURRENT-MMM non-recurrent-mmm-bogota-70-1-2-3-4-5-6-7-8-9-10-11-12-13-14-15-16-17-18-19-20-21-22-23-24 9 streets_per_node_count_6 -0.00010955442128762599
config.CONGESTION_TYPE, slugifiedstring, i, key, value : NON-RECURRENT-MMM non-recurrent-mmm-bogota-70-1-2-3-4-5-6-7-8-9-10-11-12-13-14-15-16-17-18-19-20-21-22-23-24 10 n -0.0002539283233738544
config.CONGESTION_TYPE, slugifiedstring, i, key, value : NON-RECURRENT-MMM non-recurrent-mmm-bogota-70-1-2-3-4-5-6-7-8-9-10-11-12-13-14-15-16-17-18-19-20-21-22-23-24 11 streets_per_node_count_5 0.0001915574006409465
config.CONGESTION_TYPE, slugifiedstring, i, key, value : NON-RECURRENT-MMM non-recurrent-mmm-bogota-70-1-2-3-4-5-6-7-8-9-10-11-12-13-14-15-16-17-18-19-20-21-22-23-24 12 streets_per_node_count_4 0
config.CONGESTION_TYPE, slugifiedstring, i, key, value : NON-RECURRENT-MMM non-recurrent-mmm-bogota-70-1-2-3-4-5-6-7-8-9-10-11-12-13-14-15-16-17-18-19-20-21-22-23-24 13 streets_per_node_count_2 -0.00012150150168821204
config.CONGESTION_TYPE, slugifiedstring, i, key, value : NON-RECURRENT-MMM non-recurrent-mmm-bogota-70-1-2-3-4-5-6-7-8-9-10-11-12-13-14-15-16-17-18-19-20-21-22-23-24 14 streets_per_node_count_1 0
config.CONGESTION_TYPE, slugifiedstring, i, key, value : NON-RECURRENT-MMM non-recurrent-mmm-bogota-70-1-2-3-4-5-6-7-8-9-10-11-12-13-14-15-16-17-18-19-20-21-22-23-24 15 mean_lanes -0.0012289404711245833
config.CONGESTION_TYPE, slugifiedstring, i, key, value : NON-RECURRENT-MMM non-recurrent-mmm-bogota-70-1-2-3-4-5-6-7-8-9-10-11-12-13-14-15-16-17-18-19-20-21-22-23-24 16 total_crossings -0.0013450302727837217
SHAP Values for each feature:
Slug                           Feature Name         Mean Abs SHAP Value
SHAP-- non-recurrent-mmm-bogota-70-1-2-3-4-5-6-7-8-9-10-11-12-13-14-15-16-17-18-19-20-21-22-23-24 non_metered_count             0.0238
SHAP-- non-recurrent-mmm-bogota-70-1-2-3-4-5-6-7-8-9-10-11-12-13-14-15-16-17-18-19-20-21-22-23-24 k_avg                         0.0213
SHAP-- non-recurrent-mmm-bogota-70-1-2-3-4-5-6-7-8-9-10-11-12-13-14-15-16-17-18-19-20-21-22-23-24 betweenness                   0.0071
SHAP-- non-recurrent-mmm-bogota-70-1-2-3-4-5-6-7-8-9-10-11-12-13-14-15-16-17-18-19-20-21-22-23-24 global_betweenness            0.0158
SHAP-- non-recurrent-mmm-bogota-70-1-2-3-4-5-6-7-8-9-10-11-12-13-14-15-16-17-18-19-20-21-22-23-24 metered_count                 0.0090
SHAP-- non-recurrent-mmm-bogota-70-1-2-3-4-5-6-7-8-9-10-11-12-13-14-15-16-17-18-19-20-21-22-23-24 streets_per_node_count_3          0.0098
SHAP-- non-recurrent-mmm-bogota-70-1-2-3-4-5-6-7-8-9-10-11-12-13-14-15-16-17-18-19-20-21-22-23-24 streets_per_node_avg          0.0041
SHAP-- non-recurrent-mmm-bogota-70-1-2-3-4-5-6-7-8-9-10-11-12-13-14-15-16-17-18-19-20-21-22-23-24 circuity_avg                  0.0011
SHAP-- non-recurrent-mmm-bogota-70-1-2-3-4-5-6-7-8-9-10-11-12-13-14-15-16-17-18-19-20-21-22-23-24 m                             0.0036
SHAP-- non-recurrent-mmm-bogota-70-1-2-3-4-5-6-7-8-9-10-11-12-13-14-15-16-17-18-19-20-21-22-23-24 streets_per_node_count_6          0.0056
SHAP-- non-recurrent-mmm-bogota-70-1-2-3-4-5-6-7-8-9-10-11-12-13-14-15-16-17-18-19-20-21-22-23-24 n                             0.0086
SHAP-- non-recurrent-mmm-bogota-70-1-2-3-4-5-6-7-8-9-10-11-12-13-14-15-16-17-18-19-20-21-22-23-24 streets_per_node_count_5          0.0045
SHAP-- non-recurrent-mmm-bogota-70-1-2-3-4-5-6-7-8-9-10-11-12-13-14-15-16-17-18-19-20-21-22-23-24 streets_per_node_count_4          0.0000
SHAP-- non-recurrent-mmm-bogota-70-1-2-3-4-5-6-7-8-9-10-11-12-13-14-15-16-17-18-19-20-21-22-23-24 streets_per_node_count_2          0.0033
SHAP-- non-recurrent-mmm-bogota-70-1-2-3-4-5-6-7-8-9-10-11-12-13-14-15-16-17-18-19-20-21-22-23-24 streets_per_node_count_1          0.0000
SHAP-- non-recurrent-mmm-bogota-70-1-2-3-4-5-6-7-8-9-10-11-12-13-14-15-16-17-18-19-20-21-22-23-24 mean_lanes                    0.0177
SHAP-- non-recurrent-mmm-bogota-70-1-2-3-4-5-6-7-8-9-10-11-12-13-14-15-16-17-18-19-20-21-22-23-24 total_crossings               0.0313
NON-RECURRENT-MMM Bogota 70 LR 0.44024767649127927 XpVar
NON-RECURRENT-MMM Bogota 70 RF 0.5040412621209944 XpVar
NON-RECURRENT-MMM Bogota 70 GBM 0.37209682184830417 XpVar
NON-RECURRENT-MMM Bogota 70 LLR -6.344131569286608e-17 XpVar
NON-RECURRENT-MMM Bogota 70 RLR 0.4398331827192196 XpVar
NON-RECURRENT-MMM Bogota 70 LR 0.016291846403644013 MSE
NON-RECURRENT-MMM Bogota 70 RF 0.014358512146131696 MSE
NON-RECURRENT-MMM Bogota 70 GBM 0.017828995690475996 MSE
NON-RECURRENT-MMM Bogota 70 LLR 0.028374573538975316 MSE
NON-RECURRENT-MMM Bogota 70 RLR 0.016304320010431025 MSE
NON-RECURRENT-MMM Bogota 70 LR 0.43318986584705677 R2
NON-RECURRENT-MMM Bogota 70 RF 0.4993206869596195 R2
NON-RECURRENT-MMM Bogota 70 GBM 0.36718110151285127 R2
NON-RECURRENT-MMM Bogota 70 LLR -0.005931713933676245 R2
NON-RECURRENT-MMM Bogota 70 RLR 0.43284064213067264 R2
t_spatial, t_non_spatial, "seconds" : 1.1920928955078125e-06 418.96166729927063 seconds
sorted_percentage_nan_per_column : Matplotlib is currently using agg, which is a non-GUI backend, so cannot show the figure.
Matplotlib is currently using agg, which is a non-GUI backend, so cannot show the figure.
maxspeed                         32.676349
n                                 0.000000
lane_density                      0.000000
streets_per_node_proportion_6     0.000000
streets_per_node_count_6          0.000000
streets_per_node_proportion_5     0.000000
streets_per_node_count_5          0.000000
streets_per_node_proportion_4     0.000000
streets_per_node_count_4          0.000000
streets_per_node_proportion_3     0.000000
streets_per_node_count_3          0.000000
streets_per_node_proportion_2     0.000000
streets_per_node_count_2          0.000000
streets_per_node_proportion_1     0.000000
streets_per_node_count_1          0.000000
mean_lanes                        0.000000
m                                 0.000000
betweenness                       0.000000
total_crossings                   0.000000
non_metered_count                 0.000000
metered_count                     0.000000
self_loop_proportion              0.000000
circuity_avg                      0.000000
street_length_avg                 0.000000
street_segment_count              0.000000
street_length_total               0.000000
streets_per_node_avg              0.000000
edge_length_avg                   0.000000
edge_length_total                 0.000000
k_avg                             0.000000
global_betweenness                0.000000
dtype: float64
city, scale, tod, config.shift_tile_marker, X.shape, Y.shape : Bogota 80 [1, 2, 3, 4, 5, 6, 7, 8, 9, 10, 11, 12, 13, 14, 15, 16, 17, 18, 19, 20, 21, 22, 23, 24] 3 (964, 17) (964,)
X.shape, Y.shape, "Inside the model-fitting function" : (964, 17) (964,) Inside the model-fitting function
Dict: model_trials.best_params_
Key: Value
{'randomforestregressor__max_depth': 10,
 'randomforestregressor__max_features': 'sqrt',
 'randomforestregressor__n_estimators': 200}
Dict: model_trials.best_params_
Key: Value
{'xgbregressor__learning_rate': 0.01,
 'xgbregressor__max_depth': 10,
 'xgbregressor__n_estimators': 200}
Matplotlib is currently using agg, which is a non-GUI backend, so cannot show the figure.
config.CONGESTION_TYPE, slugifiedstring, i, key, value : NON-RECURRENT-MMM non-recurrent-mmm-bogota-80-1-2-3-4-5-6-7-8-9-10-11-12-13-14-15-16-17-18-19-20-21-22-23-24 0 non_metered_count -0.0006619409669684054
config.CONGESTION_TYPE, slugifiedstring, i, key, value : NON-RECURRENT-MMM non-recurrent-mmm-bogota-80-1-2-3-4-5-6-7-8-9-10-11-12-13-14-15-16-17-18-19-20-21-22-23-24 1 k_avg 0.0004939231356931079
config.CONGESTION_TYPE, slugifiedstring, i, key, value : NON-RECURRENT-MMM non-recurrent-mmm-bogota-80-1-2-3-4-5-6-7-8-9-10-11-12-13-14-15-16-17-18-19-20-21-22-23-24 2 betweenness 0.0009782841065557298
config.CONGESTION_TYPE, slugifiedstring, i, key, value : NON-RECURRENT-MMM non-recurrent-mmm-bogota-80-1-2-3-4-5-6-7-8-9-10-11-12-13-14-15-16-17-18-19-20-21-22-23-24 3 global_betweenness -0.008649206199774478
config.CONGESTION_TYPE, slugifiedstring, i, key, value : NON-RECURRENT-MMM non-recurrent-mmm-bogota-80-1-2-3-4-5-6-7-8-9-10-11-12-13-14-15-16-17-18-19-20-21-22-23-24 4 metered_count -0.0003038416209298782
config.CONGESTION_TYPE, slugifiedstring, i, key, value : NON-RECURRENT-MMM non-recurrent-mmm-bogota-80-1-2-3-4-5-6-7-8-9-10-11-12-13-14-15-16-17-18-19-20-21-22-23-24 5 streets_per_node_count_3 -0.00014005789362829543
config.CONGESTION_TYPE, slugifiedstring, i, key, value : NON-RECURRENT-MMM non-recurrent-mmm-bogota-80-1-2-3-4-5-6-7-8-9-10-11-12-13-14-15-16-17-18-19-20-21-22-23-24 6 streets_per_node_avg -0.0009654691002500538
config.CONGESTION_TYPE, slugifiedstring, i, key, value : NON-RECURRENT-MMM non-recurrent-mmm-bogota-80-1-2-3-4-5-6-7-8-9-10-11-12-13-14-15-16-17-18-19-20-21-22-23-24 7 circuity_avg 0.00018191037150539434
config.CONGESTION_TYPE, slugifiedstring, i, key, value : NON-RECURRENT-MMM non-recurrent-mmm-bogota-80-1-2-3-4-5-6-7-8-9-10-11-12-13-14-15-16-17-18-19-20-21-22-23-24 8 m 0.02576634166831422
config.CONGESTION_TYPE, slugifiedstring, i, key, value : NON-RECURRENT-MMM non-recurrent-mmm-bogota-80-1-2-3-4-5-6-7-8-9-10-11-12-13-14-15-16-17-18-19-20-21-22-23-24 9 streets_per_node_count_6 -8.836721707520608e-05
config.CONGESTION_TYPE, slugifiedstring, i, key, value : NON-RECURRENT-MMM non-recurrent-mmm-bogota-80-1-2-3-4-5-6-7-8-9-10-11-12-13-14-15-16-17-18-19-20-21-22-23-24 10 n -0.000125663125293845
config.CONGESTION_TYPE, slugifiedstring, i, key, value : NON-RECURRENT-MMM non-recurrent-mmm-bogota-80-1-2-3-4-5-6-7-8-9-10-11-12-13-14-15-16-17-18-19-20-21-22-23-24 11 streets_per_node_count_5 0.00017487492576263232
config.CONGESTION_TYPE, slugifiedstring, i, key, value : NON-RECURRENT-MMM non-recurrent-mmm-bogota-80-1-2-3-4-5-6-7-8-9-10-11-12-13-14-15-16-17-18-19-20-21-22-23-24 12 streets_per_node_count_4 0
config.CONGESTION_TYPE, slugifiedstring, i, key, value : NON-RECURRENT-MMM non-recurrent-mmm-bogota-80-1-2-3-4-5-6-7-8-9-10-11-12-13-14-15-16-17-18-19-20-21-22-23-24 13 streets_per_node_count_2 -9.670575194788839e-05
config.CONGESTION_TYPE, slugifiedstring, i, key, value : NON-RECURRENT-MMM non-recurrent-mmm-bogota-80-1-2-3-4-5-6-7-8-9-10-11-12-13-14-15-16-17-18-19-20-21-22-23-24 14 streets_per_node_count_1 0
config.CONGESTION_TYPE, slugifiedstring, i, key, value : NON-RECURRENT-MMM non-recurrent-mmm-bogota-80-1-2-3-4-5-6-7-8-9-10-11-12-13-14-15-16-17-18-19-20-21-22-23-24 15 mean_lanes -0.0008662738715098401
config.CONGESTION_TYPE, slugifiedstring, i, key, value : NON-RECURRENT-MMM non-recurrent-mmm-bogota-80-1-2-3-4-5-6-7-8-9-10-11-12-13-14-15-16-17-18-19-20-21-22-23-24 16 total_crossings -0.0009070326243213641
SHAP Values for each feature:
Slug                           Feature Name         Mean Abs SHAP Value
SHAP-- non-recurrent-mmm-bogota-80-1-2-3-4-5-6-7-8-9-10-11-12-13-14-15-16-17-18-19-20-21-22-23-24 non_metered_count             0.0225
SHAP-- non-recurrent-mmm-bogota-80-1-2-3-4-5-6-7-8-9-10-11-12-13-14-15-16-17-18-19-20-21-22-23-24 k_avg                         0.0194
SHAP-- non-recurrent-mmm-bogota-80-1-2-3-4-5-6-7-8-9-10-11-12-13-14-15-16-17-18-19-20-21-22-23-24 betweenness                   0.0127
SHAP-- non-recurrent-mmm-bogota-80-1-2-3-4-5-6-7-8-9-10-11-12-13-14-15-16-17-18-19-20-21-22-23-24 global_betweenness            0.0163
SHAP-- non-recurrent-mmm-bogota-80-1-2-3-4-5-6-7-8-9-10-11-12-13-14-15-16-17-18-19-20-21-22-23-24 metered_count                 0.0106
SHAP-- non-recurrent-mmm-bogota-80-1-2-3-4-5-6-7-8-9-10-11-12-13-14-15-16-17-18-19-20-21-22-23-24 streets_per_node_count_3          0.0095
SHAP-- non-recurrent-mmm-bogota-80-1-2-3-4-5-6-7-8-9-10-11-12-13-14-15-16-17-18-19-20-21-22-23-24 streets_per_node_avg          0.0062
SHAP-- non-recurrent-mmm-bogota-80-1-2-3-4-5-6-7-8-9-10-11-12-13-14-15-16-17-18-19-20-21-22-23-24 circuity_avg                  0.0015
SHAP-- non-recurrent-mmm-bogota-80-1-2-3-4-5-6-7-8-9-10-11-12-13-14-15-16-17-18-19-20-21-22-23-24 m                             0.0038
SHAP-- non-recurrent-mmm-bogota-80-1-2-3-4-5-6-7-8-9-10-11-12-13-14-15-16-17-18-19-20-21-22-23-24 streets_per_node_count_6          0.0057
SHAP-- non-recurrent-mmm-bogota-80-1-2-3-4-5-6-7-8-9-10-11-12-13-14-15-16-17-18-19-20-21-22-23-24 n                             0.0061
SHAP-- non-recurrent-mmm-bogota-80-1-2-3-4-5-6-7-8-9-10-11-12-13-14-15-16-17-18-19-20-21-22-23-24 streets_per_node_count_5          0.0043
SHAP-- non-recurrent-mmm-bogota-80-1-2-3-4-5-6-7-8-9-10-11-12-13-14-15-16-17-18-19-20-21-22-23-24 streets_per_node_count_4          0.0000
SHAP-- non-recurrent-mmm-bogota-80-1-2-3-4-5-6-7-8-9-10-11-12-13-14-15-16-17-18-19-20-21-22-23-24 streets_per_node_count_2          0.0027
SHAP-- non-recurrent-mmm-bogota-80-1-2-3-4-5-6-7-8-9-10-11-12-13-14-15-16-17-18-19-20-21-22-23-24 streets_per_node_count_1          0.0000
SHAP-- non-recurrent-mmm-bogota-80-1-2-3-4-5-6-7-8-9-10-11-12-13-14-15-16-17-18-19-20-21-22-23-24 mean_lanes                    0.0173
SHAP-- non-recurrent-mmm-bogota-80-1-2-3-4-5-6-7-8-9-10-11-12-13-14-15-16-17-18-19-20-21-22-23-24 total_crossings               0.0337
NON-RECURRENT-MMM Bogota 80 LR 0.40568159027047035 XpVar
NON-RECURRENT-MMM Bogota 80 RF 0.4787046156506971 XpVar
NON-RECURRENT-MMM Bogota 80 GBM 0.3674255694622697 XpVar
NON-RECURRENT-MMM Bogota 80 LLR -3.172065784643304e-17 XpVar
NON-RECURRENT-MMM Bogota 80 RLR 0.40619208507745874 XpVar
NON-RECURRENT-MMM Bogota 80 LR 0.01764211958050544 MSE
NON-RECURRENT-MMM Bogota 80 RF 0.015563344357389725 MSE
NON-RECURRENT-MMM Bogota 80 GBM 0.018716585825291374 MSE
NON-RECURRENT-MMM Bogota 80 LLR 0.029222879487863288 MSE
NON-RECURRENT-MMM Bogota 80 RLR 0.017626073816900747 MSE
NON-RECURRENT-MMM Bogota 80 LR 0.4038943402232998 R2
NON-RECURRENT-MMM Bogota 80 RF 0.47617352863024526 R2
NON-RECURRENT-MMM Bogota 80 GBM 0.3648376290224148 R2
NON-RECURRENT-MMM Bogota 80 LLR -0.004196053074210385 R2
NON-RECURRENT-MMM Bogota 80 RLR 0.40440326033170904 R2
t_spatial, t_non_spatial, "seconds" : 1.1920928955078125e-06 492.00017285346985 seconds
sorted_percentage_nan_per_column : Matplotlib is currently using agg, which is a non-GUI backend, so cannot show the figure.
Matplotlib is currently using agg, which is a non-GUI backend, so cannot show the figure.
maxspeed                         32.633421
n                                 0.000000
lane_density                      0.000000
streets_per_node_proportion_6     0.000000
streets_per_node_count_6          0.000000
streets_per_node_proportion_5     0.000000
streets_per_node_count_5          0.000000
streets_per_node_proportion_4     0.000000
streets_per_node_count_4          0.000000
streets_per_node_proportion_3     0.000000
streets_per_node_count_3          0.000000
streets_per_node_proportion_2     0.000000
streets_per_node_count_2          0.000000
streets_per_node_proportion_1     0.000000
streets_per_node_count_1          0.000000
mean_lanes                        0.000000
m                                 0.000000
betweenness                       0.000000
total_crossings                   0.000000
non_metered_count                 0.000000
metered_count                     0.000000
self_loop_proportion              0.000000
circuity_avg                      0.000000
street_length_avg                 0.000000
street_segment_count              0.000000
street_length_total               0.000000
streets_per_node_avg              0.000000
edge_length_avg                   0.000000
edge_length_total                 0.000000
k_avg                             0.000000
global_betweenness                0.000000
dtype: float64
city, scale, tod, config.shift_tile_marker, X.shape, Y.shape : Bogota 90 [1, 2, 3, 4, 5, 6, 7, 8, 9, 10, 11, 12, 13, 14, 15, 16, 17, 18, 19, 20, 21, 22, 23, 24] 3 (1143, 17) (1143,)
X.shape, Y.shape, "Inside the model-fitting function" : (1143, 17) (1143,) Inside the model-fitting function
Dict: model_trials.best_params_
Key: Value
{'randomforestregressor__max_depth': 50,
 'randomforestregressor__max_features': 'sqrt',
 'randomforestregressor__n_estimators': 400}
Dict: model_trials.best_params_
Key: Value
{'xgbregressor__learning_rate': 0.01,
 'xgbregressor__max_depth': 10,
 'xgbregressor__n_estimators': 200}
Matplotlib is currently using agg, which is a non-GUI backend, so cannot show the figure.
config.CONGESTION_TYPE, slugifiedstring, i, key, value : NON-RECURRENT-MMM non-recurrent-mmm-bogota-90-1-2-3-4-5-6-7-8-9-10-11-12-13-14-15-16-17-18-19-20-21-22-23-24 0 non_metered_count -0.0005330229601478828
config.CONGESTION_TYPE, slugifiedstring, i, key, value : NON-RECURRENT-MMM non-recurrent-mmm-bogota-90-1-2-3-4-5-6-7-8-9-10-11-12-13-14-15-16-17-18-19-20-21-22-23-24 1 k_avg 0.0003523419001324231
config.CONGESTION_TYPE, slugifiedstring, i, key, value : NON-RECURRENT-MMM non-recurrent-mmm-bogota-90-1-2-3-4-5-6-7-8-9-10-11-12-13-14-15-16-17-18-19-20-21-22-23-24 2 betweenness 0.003493914069566695
config.CONGESTION_TYPE, slugifiedstring, i, key, value : NON-RECURRENT-MMM non-recurrent-mmm-bogota-90-1-2-3-4-5-6-7-8-9-10-11-12-13-14-15-16-17-18-19-20-21-22-23-24 3 global_betweenness -0.008401539431693798
config.CONGESTION_TYPE, slugifiedstring, i, key, value : NON-RECURRENT-MMM non-recurrent-mmm-bogota-90-1-2-3-4-5-6-7-8-9-10-11-12-13-14-15-16-17-18-19-20-21-22-23-24 4 metered_count -0.0002749673715479209
config.CONGESTION_TYPE, slugifiedstring, i, key, value : NON-RECURRENT-MMM non-recurrent-mmm-bogota-90-1-2-3-4-5-6-7-8-9-10-11-12-13-14-15-16-17-18-19-20-21-22-23-24 5 streets_per_node_count_3 -0.0001226476210667539
config.CONGESTION_TYPE, slugifiedstring, i, key, value : NON-RECURRENT-MMM non-recurrent-mmm-bogota-90-1-2-3-4-5-6-7-8-9-10-11-12-13-14-15-16-17-18-19-20-21-22-23-24 6 streets_per_node_avg -0.0010130620964702783
config.CONGESTION_TYPE, slugifiedstring, i, key, value : NON-RECURRENT-MMM non-recurrent-mmm-bogota-90-1-2-3-4-5-6-7-8-9-10-11-12-13-14-15-16-17-18-19-20-21-22-23-24 7 circuity_avg 0.0002493564149607255
config.CONGESTION_TYPE, slugifiedstring, i, key, value : NON-RECURRENT-MMM non-recurrent-mmm-bogota-90-1-2-3-4-5-6-7-8-9-10-11-12-13-14-15-16-17-18-19-20-21-22-23-24 8 m 9.933228429603629e-05
config.CONGESTION_TYPE, slugifiedstring, i, key, value : NON-RECURRENT-MMM non-recurrent-mmm-bogota-90-1-2-3-4-5-6-7-8-9-10-11-12-13-14-15-16-17-18-19-20-21-22-23-24 9 streets_per_node_count_6 -9.636886090529268e-05
config.CONGESTION_TYPE, slugifiedstring, i, key, value : NON-RECURRENT-MMM non-recurrent-mmm-bogota-90-1-2-3-4-5-6-7-8-9-10-11-12-13-14-15-16-17-18-19-20-21-22-23-24 10 n -0.00013317176124269238
config.CONGESTION_TYPE, slugifiedstring, i, key, value : NON-RECURRENT-MMM non-recurrent-mmm-bogota-90-1-2-3-4-5-6-7-8-9-10-11-12-13-14-15-16-17-18-19-20-21-22-23-24 11 streets_per_node_count_5 0.00010269563222616398
config.CONGESTION_TYPE, slugifiedstring, i, key, value : NON-RECURRENT-MMM non-recurrent-mmm-bogota-90-1-2-3-4-5-6-7-8-9-10-11-12-13-14-15-16-17-18-19-20-21-22-23-24 12 streets_per_node_count_4 0
config.CONGESTION_TYPE, slugifiedstring, i, key, value : NON-RECURRENT-MMM non-recurrent-mmm-bogota-90-1-2-3-4-5-6-7-8-9-10-11-12-13-14-15-16-17-18-19-20-21-22-23-24 13 streets_per_node_count_2 -0.0002055471714496156
config.CONGESTION_TYPE, slugifiedstring, i, key, value : NON-RECURRENT-MMM non-recurrent-mmm-bogota-90-1-2-3-4-5-6-7-8-9-10-11-12-13-14-15-16-17-18-19-20-21-22-23-24 14 streets_per_node_count_1 0
config.CONGESTION_TYPE, slugifiedstring, i, key, value : NON-RECURRENT-MMM non-recurrent-mmm-bogota-90-1-2-3-4-5-6-7-8-9-10-11-12-13-14-15-16-17-18-19-20-21-22-23-24 15 mean_lanes -0.0012132807481181188
config.CONGESTION_TYPE, slugifiedstring, i, key, value : NON-RECURRENT-MMM non-recurrent-mmm-bogota-90-1-2-3-4-5-6-7-8-9-10-11-12-13-14-15-16-17-18-19-20-21-22-23-24 16 total_crossings -0.0007728474715849669
SHAP Values for each feature:
Slug                           Feature Name         Mean Abs SHAP Value
SHAP-- non-recurrent-mmm-bogota-90-1-2-3-4-5-6-7-8-9-10-11-12-13-14-15-16-17-18-19-20-21-22-23-24 non_metered_count             0.0221
SHAP-- non-recurrent-mmm-bogota-90-1-2-3-4-5-6-7-8-9-10-11-12-13-14-15-16-17-18-19-20-21-22-23-24 k_avg                         0.0189
SHAP-- non-recurrent-mmm-bogota-90-1-2-3-4-5-6-7-8-9-10-11-12-13-14-15-16-17-18-19-20-21-22-23-24 betweenness                   0.0161
SHAP-- non-recurrent-mmm-bogota-90-1-2-3-4-5-6-7-8-9-10-11-12-13-14-15-16-17-18-19-20-21-22-23-24 global_betweenness            0.0164
SHAP-- non-recurrent-mmm-bogota-90-1-2-3-4-5-6-7-8-9-10-11-12-13-14-15-16-17-18-19-20-21-22-23-24 metered_count                 0.0110
SHAP-- non-recurrent-mmm-bogota-90-1-2-3-4-5-6-7-8-9-10-11-12-13-14-15-16-17-18-19-20-21-22-23-24 streets_per_node_count_3          0.0079
SHAP-- non-recurrent-mmm-bogota-90-1-2-3-4-5-6-7-8-9-10-11-12-13-14-15-16-17-18-19-20-21-22-23-24 streets_per_node_avg          0.0060
SHAP-- non-recurrent-mmm-bogota-90-1-2-3-4-5-6-7-8-9-10-11-12-13-14-15-16-17-18-19-20-21-22-23-24 circuity_avg                  0.0026
SHAP-- non-recurrent-mmm-bogota-90-1-2-3-4-5-6-7-8-9-10-11-12-13-14-15-16-17-18-19-20-21-22-23-24 m                             0.0041
SHAP-- non-recurrent-mmm-bogota-90-1-2-3-4-5-6-7-8-9-10-11-12-13-14-15-16-17-18-19-20-21-22-23-24 streets_per_node_count_6          0.0062
SHAP-- non-recurrent-mmm-bogota-90-1-2-3-4-5-6-7-8-9-10-11-12-13-14-15-16-17-18-19-20-21-22-23-24 n                             0.0056
SHAP-- non-recurrent-mmm-bogota-90-1-2-3-4-5-6-7-8-9-10-11-12-13-14-15-16-17-18-19-20-21-22-23-24 streets_per_node_count_5          0.0052
SHAP-- non-recurrent-mmm-bogota-90-1-2-3-4-5-6-7-8-9-10-11-12-13-14-15-16-17-18-19-20-21-22-23-24 streets_per_node_count_4          0.0000
SHAP-- non-recurrent-mmm-bogota-90-1-2-3-4-5-6-7-8-9-10-11-12-13-14-15-16-17-18-19-20-21-22-23-24 streets_per_node_count_2          0.0034
SHAP-- non-recurrent-mmm-bogota-90-1-2-3-4-5-6-7-8-9-10-11-12-13-14-15-16-17-18-19-20-21-22-23-24 streets_per_node_count_1          0.0000
SHAP-- non-recurrent-mmm-bogota-90-1-2-3-4-5-6-7-8-9-10-11-12-13-14-15-16-17-18-19-20-21-22-23-24 mean_lanes                    0.0171
SHAP-- non-recurrent-mmm-bogota-90-1-2-3-4-5-6-7-8-9-10-11-12-13-14-15-16-17-18-19-20-21-22-23-24 total_crossings               0.0344
NON-RECURRENT-MMM Bogota 90 LR 0.39642694580066756 XpVar
NON-RECURRENT-MMM Bogota 90 RF 0.5279776616142213 XpVar
NON-RECURRENT-MMM Bogota 90 GBM 0.4475689110090138 XpVar
NON-RECURRENT-MMM Bogota 90 LLR 3.172065784643304e-17 XpVar
NON-RECURRENT-MMM Bogota 90 RLR 0.39621869570979545 XpVar
NON-RECURRENT-MMM Bogota 90 LR 0.017185258649721653 MSE
NON-RECURRENT-MMM Bogota 90 RF 0.013514983238414565 MSE
NON-RECURRENT-MMM Bogota 90 GBM 0.015805177600914964 MSE
NON-RECURRENT-MMM Bogota 90 LLR 0.02824836402686436 MSE
NON-RECURRENT-MMM Bogota 90 RLR 0.017188886021380502 MSE
NON-RECURRENT-MMM Bogota 90 LR 0.39361511008338407 R2
NON-RECURRENT-MMM Bogota 90 RF 0.5248869187455344 R2
NON-RECURRENT-MMM Bogota 90 GBM 0.4433684188056518 R2
NON-RECURRENT-MMM Bogota 90 LLR -0.005290622587011866 R2
NON-RECURRENT-MMM Bogota 90 RLR 0.39351090578456066 R2
t_spatial, t_non_spatial, "seconds" : 1.430511474609375e-06 767.076192855835 seconds
sorted_percentage_nan_per_column : Matplotlib is currently using agg, which is a non-GUI backend, so cannot show the figure.
Matplotlib is currently using agg, which is a non-GUI backend, so cannot show the figure.
maxspeed                         25.443787
n                                 0.000000
lane_density                      0.000000
streets_per_node_proportion_6     0.000000
streets_per_node_count_6          0.000000
streets_per_node_proportion_5     0.000000
streets_per_node_count_5          0.000000
streets_per_node_proportion_4     0.000000
streets_per_node_count_4          0.000000
streets_per_node_proportion_3     0.000000
streets_per_node_count_3          0.000000
streets_per_node_proportion_2     0.000000
streets_per_node_count_2          0.000000
streets_per_node_proportion_1     0.000000
streets_per_node_count_1          0.000000
mean_lanes                        0.000000
m                                 0.000000
betweenness                       0.000000
total_crossings                   0.000000
non_metered_count                 0.000000
metered_count                     0.000000
self_loop_proportion              0.000000
circuity_avg                      0.000000
street_length_avg                 0.000000
street_segment_count              0.000000
street_length_total               0.000000
streets_per_node_avg              0.000000
edge_length_avg                   0.000000
edge_length_total                 0.000000
k_avg                             0.000000
global_betweenness                0.000000
dtype: float64
city, scale, tod, config.shift_tile_marker, X.shape, Y.shape : Bogota 25 [1, 2, 3, 4, 5, 6, 7, 8, 9, 10, 11, 12, 13, 14, 15, 16, 17, 18, 19, 20, 21, 22, 23, 24] 3 (169, 17) (169,)
X.shape, Y.shape, "Inside the model-fitting function" : (169, 17) (169,) Inside the model-fitting function
Dict: model_trials.best_params_
Key: Value
{'randomforestregressor__max_depth': 10,
 'randomforestregressor__max_features': 'sqrt',
 'randomforestregressor__n_estimators': 500}
Dict: model_trials.best_params_
Key: Value
{'xgbregressor__learning_rate': 0.01,
 'xgbregressor__max_depth': 10,
 'xgbregressor__n_estimators': 100}
Matplotlib is currently using agg, which is a non-GUI backend, so cannot show the figure.
config.CONGESTION_TYPE, slugifiedstring, i, key, value : NON-RECURRENT-MMM non-recurrent-mmm-bogota-25-1-2-3-4-5-6-7-8-9-10-11-12-13-14-15-16-17-18-19-20-21-22-23-24 0 non_metered_count -0.0023257457115334803
config.CONGESTION_TYPE, slugifiedstring, i, key, value : NON-RECURRENT-MMM non-recurrent-mmm-bogota-25-1-2-3-4-5-6-7-8-9-10-11-12-13-14-15-16-17-18-19-20-21-22-23-24 1 k_avg 0.0018530402192910775
config.CONGESTION_TYPE, slugifiedstring, i, key, value : NON-RECURRENT-MMM non-recurrent-mmm-bogota-25-1-2-3-4-5-6-7-8-9-10-11-12-13-14-15-16-17-18-19-20-21-22-23-24 2 betweenness -0.002902176534009877
config.CONGESTION_TYPE, slugifiedstring, i, key, value : NON-RECURRENT-MMM non-recurrent-mmm-bogota-25-1-2-3-4-5-6-7-8-9-10-11-12-13-14-15-16-17-18-19-20-21-22-23-24 3 global_betweenness -0.008339787641029314
config.CONGESTION_TYPE, slugifiedstring, i, key, value : NON-RECURRENT-MMM non-recurrent-mmm-bogota-25-1-2-3-4-5-6-7-8-9-10-11-12-13-14-15-16-17-18-19-20-21-22-23-24 4 metered_count -0.0014299968706680156
config.CONGESTION_TYPE, slugifiedstring, i, key, value : NON-RECURRENT-MMM non-recurrent-mmm-bogota-25-1-2-3-4-5-6-7-8-9-10-11-12-13-14-15-16-17-18-19-20-21-22-23-24 5 streets_per_node_count_3 -0.00110437561933741
config.CONGESTION_TYPE, slugifiedstring, i, key, value : NON-RECURRENT-MMM non-recurrent-mmm-bogota-25-1-2-3-4-5-6-7-8-9-10-11-12-13-14-15-16-17-18-19-20-21-22-23-24 6 streets_per_node_avg -0.0010648660767644583
config.CONGESTION_TYPE, slugifiedstring, i, key, value : NON-RECURRENT-MMM non-recurrent-mmm-bogota-25-1-2-3-4-5-6-7-8-9-10-11-12-13-14-15-16-17-18-19-20-21-22-23-24 7 circuity_avg 0.00037174685764933507
config.CONGESTION_TYPE, slugifiedstring, i, key, value : NON-RECURRENT-MMM non-recurrent-mmm-bogota-25-1-2-3-4-5-6-7-8-9-10-11-12-13-14-15-16-17-18-19-20-21-22-23-24 8 m -0.0008002898682742175
config.CONGESTION_TYPE, slugifiedstring, i, key, value : NON-RECURRENT-MMM non-recurrent-mmm-bogota-25-1-2-3-4-5-6-7-8-9-10-11-12-13-14-15-16-17-18-19-20-21-22-23-24 9 streets_per_node_count_6 -0.0018123270919512848
config.CONGESTION_TYPE, slugifiedstring, i, key, value : NON-RECURRENT-MMM non-recurrent-mmm-bogota-25-1-2-3-4-5-6-7-8-9-10-11-12-13-14-15-16-17-18-19-20-21-22-23-24 10 n -0.000928906442843562
config.CONGESTION_TYPE, slugifiedstring, i, key, value : NON-RECURRENT-MMM non-recurrent-mmm-bogota-25-1-2-3-4-5-6-7-8-9-10-11-12-13-14-15-16-17-18-19-20-21-22-23-24 11 streets_per_node_count_5 -0.0024242053927445105
config.CONGESTION_TYPE, slugifiedstring, i, key, value : NON-RECURRENT-MMM non-recurrent-mmm-bogota-25-1-2-3-4-5-6-7-8-9-10-11-12-13-14-15-16-17-18-19-20-21-22-23-24 12 streets_per_node_count_4 0
config.CONGESTION_TYPE, slugifiedstring, i, key, value : NON-RECURRENT-MMM non-recurrent-mmm-bogota-25-1-2-3-4-5-6-7-8-9-10-11-12-13-14-15-16-17-18-19-20-21-22-23-24 13 streets_per_node_count_2 -0.0013397590536614705
config.CONGESTION_TYPE, slugifiedstring, i, key, value : NON-RECURRENT-MMM non-recurrent-mmm-bogota-25-1-2-3-4-5-6-7-8-9-10-11-12-13-14-15-16-17-18-19-20-21-22-23-24 14 streets_per_node_count_1 0
config.CONGESTION_TYPE, slugifiedstring, i, key, value : NON-RECURRENT-MMM non-recurrent-mmm-bogota-25-1-2-3-4-5-6-7-8-9-10-11-12-13-14-15-16-17-18-19-20-21-22-23-24 15 mean_lanes -0.002488067776730242
config.CONGESTION_TYPE, slugifiedstring, i, key, value : NON-RECURRENT-MMM non-recurrent-mmm-bogota-25-1-2-3-4-5-6-7-8-9-10-11-12-13-14-15-16-17-18-19-20-21-22-23-24 16 total_crossings -0.0035153542588069846
SHAP Values for each feature:
Slug                           Feature Name         Mean Abs SHAP Value
SHAP-- non-recurrent-mmm-bogota-25-1-2-3-4-5-6-7-8-9-10-11-12-13-14-15-16-17-18-19-20-21-22-23-24 non_metered_count             0.0214
SHAP-- non-recurrent-mmm-bogota-25-1-2-3-4-5-6-7-8-9-10-11-12-13-14-15-16-17-18-19-20-21-22-23-24 k_avg                         0.0150
SHAP-- non-recurrent-mmm-bogota-25-1-2-3-4-5-6-7-8-9-10-11-12-13-14-15-16-17-18-19-20-21-22-23-24 betweenness                   0.0080
SHAP-- non-recurrent-mmm-bogota-25-1-2-3-4-5-6-7-8-9-10-11-12-13-14-15-16-17-18-19-20-21-22-23-24 global_betweenness            0.0091
SHAP-- non-recurrent-mmm-bogota-25-1-2-3-4-5-6-7-8-9-10-11-12-13-14-15-16-17-18-19-20-21-22-23-24 metered_count                 0.0118
SHAP-- non-recurrent-mmm-bogota-25-1-2-3-4-5-6-7-8-9-10-11-12-13-14-15-16-17-18-19-20-21-22-23-24 streets_per_node_count_3          0.0082
SHAP-- non-recurrent-mmm-bogota-25-1-2-3-4-5-6-7-8-9-10-11-12-13-14-15-16-17-18-19-20-21-22-23-24 streets_per_node_avg          0.0080
SHAP-- non-recurrent-mmm-bogota-25-1-2-3-4-5-6-7-8-9-10-11-12-13-14-15-16-17-18-19-20-21-22-23-24 circuity_avg                  0.0011
SHAP-- non-recurrent-mmm-bogota-25-1-2-3-4-5-6-7-8-9-10-11-12-13-14-15-16-17-18-19-20-21-22-23-24 m                             0.0053
SHAP-- non-recurrent-mmm-bogota-25-1-2-3-4-5-6-7-8-9-10-11-12-13-14-15-16-17-18-19-20-21-22-23-24 streets_per_node_count_6          0.0113
SHAP-- non-recurrent-mmm-bogota-25-1-2-3-4-5-6-7-8-9-10-11-12-13-14-15-16-17-18-19-20-21-22-23-24 n                             0.0066
SHAP-- non-recurrent-mmm-bogota-25-1-2-3-4-5-6-7-8-9-10-11-12-13-14-15-16-17-18-19-20-21-22-23-24 streets_per_node_count_5          0.0100
SHAP-- non-recurrent-mmm-bogota-25-1-2-3-4-5-6-7-8-9-10-11-12-13-14-15-16-17-18-19-20-21-22-23-24 streets_per_node_count_4          0.0000
SHAP-- non-recurrent-mmm-bogota-25-1-2-3-4-5-6-7-8-9-10-11-12-13-14-15-16-17-18-19-20-21-22-23-24 streets_per_node_count_2          0.0047
SHAP-- non-recurrent-mmm-bogota-25-1-2-3-4-5-6-7-8-9-10-11-12-13-14-15-16-17-18-19-20-21-22-23-24 streets_per_node_count_1          0.0000
SHAP-- non-recurrent-mmm-bogota-25-1-2-3-4-5-6-7-8-9-10-11-12-13-14-15-16-17-18-19-20-21-22-23-24 mean_lanes                    0.0068
SHAP-- non-recurrent-mmm-bogota-25-1-2-3-4-5-6-7-8-9-10-11-12-13-14-15-16-17-18-19-20-21-22-23-24 total_crossings               0.0271
NON-RECURRENT-MMM Bogota 25 LR 0.46144384231982005 XpVar
NON-RECURRENT-MMM Bogota 25 RF 0.512374553932183 XpVar
NON-RECURRENT-MMM Bogota 25 GBM 0.33583972015534264 XpVar
NON-RECURRENT-MMM Bogota 25 LLR -6.344131569286608e-17 XpVar
NON-RECURRENT-MMM Bogota 25 RLR 0.4688379447026471 XpVar
NON-RECURRENT-MMM Bogota 25 LR 0.01467940806698633 MSE
NON-RECURRENT-MMM Bogota 25 RF 0.012663215767116404 MSE
NON-RECURRENT-MMM Bogota 25 GBM 0.016811307426946358 MSE
NON-RECURRENT-MMM Bogota 25 LLR 0.02406389618705867 MSE
NON-RECURRENT-MMM Bogota 25 RLR 0.014536711847869798 MSE
NON-RECURRENT-MMM Bogota 25 LR 0.3898785995520989 R2
NON-RECURRENT-MMM Bogota 25 RF 0.46223484814852256 R2
NON-RECURRENT-MMM Bogota 25 GBM 0.2875002823981646 R2
NON-RECURRENT-MMM Bogota 25 LLR -0.05968307337028796 R2
NON-RECURRENT-MMM Bogota 25 RLR 0.3971711092662963 R2
t_spatial, t_non_spatial, "seconds" : 2.1457672119140625e-06 131.6249237060547 seconds
sorted_percentage_nan_per_column : Matplotlib is currently using agg, which is a non-GUI backend, so cannot show the figure.
Matplotlib is currently using agg, which is a non-GUI backend, so cannot show the figure.
maxspeed                         32.704403
n                                 0.000000
lane_density                      0.000000
streets_per_node_proportion_6     0.000000
streets_per_node_count_6          0.000000
streets_per_node_proportion_5     0.000000
streets_per_node_count_5          0.000000
streets_per_node_proportion_4     0.000000
streets_per_node_count_4          0.000000
streets_per_node_proportion_3     0.000000
streets_per_node_count_3          0.000000
streets_per_node_proportion_2     0.000000
streets_per_node_count_2          0.000000
streets_per_node_proportion_1     0.000000
streets_per_node_count_1          0.000000
mean_lanes                        0.000000
m                                 0.000000
betweenness                       0.000000
total_crossings                   0.000000
non_metered_count                 0.000000
metered_count                     0.000000
self_loop_proportion              0.000000
circuity_avg                      0.000000
street_length_avg                 0.000000
street_segment_count              0.000000
street_length_total               0.000000
streets_per_node_avg              0.000000
edge_length_avg                   0.000000
edge_length_total                 0.000000
k_avg                             0.000000
global_betweenness                0.000000
dtype: float64
city, scale, tod, config.shift_tile_marker, X.shape, Y.shape : Bogota 50 [1, 2, 3, 4, 5, 6, 7, 8, 9, 10, 11, 12, 13, 14, 15, 16, 17, 18, 19, 20, 21, 22, 23, 24] 3 (477, 17) (477,)
X.shape, Y.shape, "Inside the model-fitting function" : (477, 17) (477,) Inside the model-fitting function
Dict: model_trials.best_params_
Key: Value
{'randomforestregressor__max_depth': 10,
 'randomforestregressor__max_features': 'sqrt',
 'randomforestregressor__n_estimators': 1000}
Dict: model_trials.best_params_
Key: Value
{'xgbregressor__learning_rate': 0.01,
 'xgbregressor__max_depth': 20,
 'xgbregressor__n_estimators': 200}
Matplotlib is currently using agg, which is a non-GUI backend, so cannot show the figure.
config.CONGESTION_TYPE, slugifiedstring, i, key, value : NON-RECURRENT-MMM non-recurrent-mmm-bogota-50-1-2-3-4-5-6-7-8-9-10-11-12-13-14-15-16-17-18-19-20-21-22-23-24 0 non_metered_count -0.0010882417931102246
config.CONGESTION_TYPE, slugifiedstring, i, key, value : NON-RECURRENT-MMM non-recurrent-mmm-bogota-50-1-2-3-4-5-6-7-8-9-10-11-12-13-14-15-16-17-18-19-20-21-22-23-24 1 k_avg 0.000919329792017459
config.CONGESTION_TYPE, slugifiedstring, i, key, value : NON-RECURRENT-MMM non-recurrent-mmm-bogota-50-1-2-3-4-5-6-7-8-9-10-11-12-13-14-15-16-17-18-19-20-21-22-23-24 2 betweenness -0.0026049227553270817
config.CONGESTION_TYPE, slugifiedstring, i, key, value : NON-RECURRENT-MMM non-recurrent-mmm-bogota-50-1-2-3-4-5-6-7-8-9-10-11-12-13-14-15-16-17-18-19-20-21-22-23-24 3 global_betweenness 0.0060790706508982405
config.CONGESTION_TYPE, slugifiedstring, i, key, value : NON-RECURRENT-MMM non-recurrent-mmm-bogota-50-1-2-3-4-5-6-7-8-9-10-11-12-13-14-15-16-17-18-19-20-21-22-23-24 4 metered_count -0.0005469894131515554
config.CONGESTION_TYPE, slugifiedstring, i, key, value : NON-RECURRENT-MMM non-recurrent-mmm-bogota-50-1-2-3-4-5-6-7-8-9-10-11-12-13-14-15-16-17-18-19-20-21-22-23-24 5 streets_per_node_count_3 -0.0002381545262790859
config.CONGESTION_TYPE, slugifiedstring, i, key, value : NON-RECURRENT-MMM non-recurrent-mmm-bogota-50-1-2-3-4-5-6-7-8-9-10-11-12-13-14-15-16-17-18-19-20-21-22-23-24 6 streets_per_node_avg -0.0009647226627891188
config.CONGESTION_TYPE, slugifiedstring, i, key, value : NON-RECURRENT-MMM non-recurrent-mmm-bogota-50-1-2-3-4-5-6-7-8-9-10-11-12-13-14-15-16-17-18-19-20-21-22-23-24 7 circuity_avg 0.0001218951485672941
config.CONGESTION_TYPE, slugifiedstring, i, key, value : NON-RECURRENT-MMM non-recurrent-mmm-bogota-50-1-2-3-4-5-6-7-8-9-10-11-12-13-14-15-16-17-18-19-20-21-22-23-24 8 m 0.00027090853919108733
config.CONGESTION_TYPE, slugifiedstring, i, key, value : NON-RECURRENT-MMM non-recurrent-mmm-bogota-50-1-2-3-4-5-6-7-8-9-10-11-12-13-14-15-16-17-18-19-20-21-22-23-24 9 streets_per_node_count_6 -0.00021758425297801814
config.CONGESTION_TYPE, slugifiedstring, i, key, value : NON-RECURRENT-MMM non-recurrent-mmm-bogota-50-1-2-3-4-5-6-7-8-9-10-11-12-13-14-15-16-17-18-19-20-21-22-23-24 10 n -0.00019646231597178439
config.CONGESTION_TYPE, slugifiedstring, i, key, value : NON-RECURRENT-MMM non-recurrent-mmm-bogota-50-1-2-3-4-5-6-7-8-9-10-11-12-13-14-15-16-17-18-19-20-21-22-23-24 11 streets_per_node_count_5 0.0005022941588713576
config.CONGESTION_TYPE, slugifiedstring, i, key, value : NON-RECURRENT-MMM non-recurrent-mmm-bogota-50-1-2-3-4-5-6-7-8-9-10-11-12-13-14-15-16-17-18-19-20-21-22-23-24 12 streets_per_node_count_4 0
config.CONGESTION_TYPE, slugifiedstring, i, key, value : NON-RECURRENT-MMM non-recurrent-mmm-bogota-50-1-2-3-4-5-6-7-8-9-10-11-12-13-14-15-16-17-18-19-20-21-22-23-24 13 streets_per_node_count_2 -0.00019294816921654783
config.CONGESTION_TYPE, slugifiedstring, i, key, value : NON-RECURRENT-MMM non-recurrent-mmm-bogota-50-1-2-3-4-5-6-7-8-9-10-11-12-13-14-15-16-17-18-19-20-21-22-23-24 14 streets_per_node_count_1 0
config.CONGESTION_TYPE, slugifiedstring, i, key, value : NON-RECURRENT-MMM non-recurrent-mmm-bogota-50-1-2-3-4-5-6-7-8-9-10-11-12-13-14-15-16-17-18-19-20-21-22-23-24 15 mean_lanes -0.003490035365108285
config.CONGESTION_TYPE, slugifiedstring, i, key, value : NON-RECURRENT-MMM non-recurrent-mmm-bogota-50-1-2-3-4-5-6-7-8-9-10-11-12-13-14-15-16-17-18-19-20-21-22-23-24 16 total_crossings -0.001683193324191894
SHAP Values for each feature:
Slug                           Feature Name         Mean Abs SHAP Value
SHAP-- non-recurrent-mmm-bogota-50-1-2-3-4-5-6-7-8-9-10-11-12-13-14-15-16-17-18-19-20-21-22-23-24 non_metered_count             0.0222
SHAP-- non-recurrent-mmm-bogota-50-1-2-3-4-5-6-7-8-9-10-11-12-13-14-15-16-17-18-19-20-21-22-23-24 k_avg                         0.0216
SHAP-- non-recurrent-mmm-bogota-50-1-2-3-4-5-6-7-8-9-10-11-12-13-14-15-16-17-18-19-20-21-22-23-24 betweenness                   0.0116
SHAP-- non-recurrent-mmm-bogota-50-1-2-3-4-5-6-7-8-9-10-11-12-13-14-15-16-17-18-19-20-21-22-23-24 global_betweenness            0.0147
SHAP-- non-recurrent-mmm-bogota-50-1-2-3-4-5-6-7-8-9-10-11-12-13-14-15-16-17-18-19-20-21-22-23-24 metered_count                 0.0103
SHAP-- non-recurrent-mmm-bogota-50-1-2-3-4-5-6-7-8-9-10-11-12-13-14-15-16-17-18-19-20-21-22-23-24 streets_per_node_count_3          0.0087
SHAP-- non-recurrent-mmm-bogota-50-1-2-3-4-5-6-7-8-9-10-11-12-13-14-15-16-17-18-19-20-21-22-23-24 streets_per_node_avg          0.0111
SHAP-- non-recurrent-mmm-bogota-50-1-2-3-4-5-6-7-8-9-10-11-12-13-14-15-16-17-18-19-20-21-22-23-24 circuity_avg                  0.0009
SHAP-- non-recurrent-mmm-bogota-50-1-2-3-4-5-6-7-8-9-10-11-12-13-14-15-16-17-18-19-20-21-22-23-24 m                             0.0034
SHAP-- non-recurrent-mmm-bogota-50-1-2-3-4-5-6-7-8-9-10-11-12-13-14-15-16-17-18-19-20-21-22-23-24 streets_per_node_count_6          0.0072
SHAP-- non-recurrent-mmm-bogota-50-1-2-3-4-5-6-7-8-9-10-11-12-13-14-15-16-17-18-19-20-21-22-23-24 n                             0.0057
SHAP-- non-recurrent-mmm-bogota-50-1-2-3-4-5-6-7-8-9-10-11-12-13-14-15-16-17-18-19-20-21-22-23-24 streets_per_node_count_5          0.0040
SHAP-- non-recurrent-mmm-bogota-50-1-2-3-4-5-6-7-8-9-10-11-12-13-14-15-16-17-18-19-20-21-22-23-24 streets_per_node_count_4          0.0000
SHAP-- non-recurrent-mmm-bogota-50-1-2-3-4-5-6-7-8-9-10-11-12-13-14-15-16-17-18-19-20-21-22-23-24 streets_per_node_count_2          0.0044
SHAP-- non-recurrent-mmm-bogota-50-1-2-3-4-5-6-7-8-9-10-11-12-13-14-15-16-17-18-19-20-21-22-23-24 streets_per_node_count_1          0.0000
SHAP-- non-recurrent-mmm-bogota-50-1-2-3-4-5-6-7-8-9-10-11-12-13-14-15-16-17-18-19-20-21-22-23-24 mean_lanes                    0.0128
SHAP-- non-recurrent-mmm-bogota-50-1-2-3-4-5-6-7-8-9-10-11-12-13-14-15-16-17-18-19-20-21-22-23-24 total_crossings               0.0300
NON-RECURRENT-MMM Bogota 50 LR 0.44412425395620414 XpVar
NON-RECURRENT-MMM Bogota 50 RF 0.5586838847291757 XpVar
NON-RECURRENT-MMM Bogota 50 GBM 0.49899702518909816 XpVar
NON-RECURRENT-MMM Bogota 50 LLR 1.586032892321652e-17 XpVar
NON-RECURRENT-MMM Bogota 50 RLR 0.44571668816154475 XpVar
NON-RECURRENT-MMM Bogota 50 LR 0.014356195897719793 MSE
NON-RECURRENT-MMM Bogota 50 RF 0.011526834571989567 MSE
NON-RECURRENT-MMM Bogota 50 GBM 0.013228022973832921 MSE
NON-RECURRENT-MMM Bogota 50 LLR 0.02581991587623634 MSE
NON-RECURRENT-MMM Bogota 50 RLR 0.014313387957085583 MSE
NON-RECURRENT-MMM Bogota 50 LR 0.4384919922355198 R2
NON-RECURRENT-MMM Bogota 50 RF 0.5537488287389787 R2
NON-RECURRENT-MMM Bogota 50 GBM 0.49156638874956343 R2
NON-RECURRENT-MMM Bogota 50 LLR -0.007683581891007104 R2
NON-RECURRENT-MMM Bogota 50 RLR 0.44050296885754253 R2
t_spatial, t_non_spatial, "seconds" : 1.9073486328125e-06 325.5092074871063 seconds
sorted_percentage_nan_per_column : Matplotlib is currently using agg, which is a non-GUI backend, so cannot show the figure.
Matplotlib is currently using agg, which is a non-GUI backend, so cannot show the figure.
maxspeed                         31.681682
n                                 0.000000
lane_density                      0.000000
streets_per_node_proportion_6     0.000000
streets_per_node_count_6          0.000000
streets_per_node_proportion_5     0.000000
streets_per_node_count_5          0.000000
streets_per_node_proportion_4     0.000000
streets_per_node_count_4          0.000000
streets_per_node_proportion_3     0.000000
streets_per_node_count_3          0.000000
streets_per_node_proportion_2     0.000000
streets_per_node_count_2          0.000000
streets_per_node_proportion_1     0.000000
streets_per_node_count_1          0.000000
mean_lanes                        0.000000
m                                 0.000000
betweenness                       0.000000
total_crossings                   0.000000
non_metered_count                 0.000000
metered_count                     0.000000
self_loop_proportion              0.000000
circuity_avg                      0.000000
street_length_avg                 0.000000
street_segment_count              0.000000
street_length_total               0.000000
streets_per_node_avg              0.000000
edge_length_avg                   0.000000
edge_length_total                 0.000000
k_avg                             0.000000
global_betweenness                0.000000
dtype: float64
city, scale, tod, config.shift_tile_marker, X.shape, Y.shape : Bogota 100 [1, 2, 3, 4, 5, 6, 7, 8, 9, 10, 11, 12, 13, 14, 15, 16, 17, 18, 19, 20, 21, 22, 23, 24] 3 (1332, 17) (1332,)
X.shape, Y.shape, "Inside the model-fitting function" : (1332, 17) (1332,) Inside the model-fitting function
Dict: model_trials.best_params_
Key: Value
{'randomforestregressor__max_depth': 10,
 'randomforestregressor__max_features': 'sqrt',
 'randomforestregressor__n_estimators': 1000}
Dict: model_trials.best_params_
Key: Value
{'xgbregressor__learning_rate': 0.01,
 'xgbregressor__max_depth': 10,
 'xgbregressor__n_estimators': 100}
Matplotlib is currently using agg, which is a non-GUI backend, so cannot show the figure.
config.CONGESTION_TYPE, slugifiedstring, i, key, value : NON-RECURRENT-MMM non-recurrent-mmm-bogota-100-1-2-3-4-5-6-7-8-9-10-11-12-13-14-15-16-17-18-19-20-21-22-23-24 0 non_metered_count -0.0005094263901719675
config.CONGESTION_TYPE, slugifiedstring, i, key, value : NON-RECURRENT-MMM non-recurrent-mmm-bogota-100-1-2-3-4-5-6-7-8-9-10-11-12-13-14-15-16-17-18-19-20-21-22-23-24 1 k_avg 0.0003206522092055955
config.CONGESTION_TYPE, slugifiedstring, i, key, value : NON-RECURRENT-MMM non-recurrent-mmm-bogota-100-1-2-3-4-5-6-7-8-9-10-11-12-13-14-15-16-17-18-19-20-21-22-23-24 2 betweenness -0.0011110504424016166
config.CONGESTION_TYPE, slugifiedstring, i, key, value : NON-RECURRENT-MMM non-recurrent-mmm-bogota-100-1-2-3-4-5-6-7-8-9-10-11-12-13-14-15-16-17-18-19-20-21-22-23-24 3 global_betweenness -0.0011158919364857793
config.CONGESTION_TYPE, slugifiedstring, i, key, value : NON-RECURRENT-MMM non-recurrent-mmm-bogota-100-1-2-3-4-5-6-7-8-9-10-11-12-13-14-15-16-17-18-19-20-21-22-23-24 4 metered_count -0.00027320088553029083
config.CONGESTION_TYPE, slugifiedstring, i, key, value : NON-RECURRENT-MMM non-recurrent-mmm-bogota-100-1-2-3-4-5-6-7-8-9-10-11-12-13-14-15-16-17-18-19-20-21-22-23-24 5 streets_per_node_count_3 -8.85067227913564e-05
config.CONGESTION_TYPE, slugifiedstring, i, key, value : NON-RECURRENT-MMM non-recurrent-mmm-bogota-100-1-2-3-4-5-6-7-8-9-10-11-12-13-14-15-16-17-18-19-20-21-22-23-24 6 streets_per_node_avg 0.0009613584444713089
config.CONGESTION_TYPE, slugifiedstring, i, key, value : NON-RECURRENT-MMM non-recurrent-mmm-bogota-100-1-2-3-4-5-6-7-8-9-10-11-12-13-14-15-16-17-18-19-20-21-22-23-24 7 circuity_avg 4.908728405929197e-05
config.CONGESTION_TYPE, slugifiedstring, i, key, value : NON-RECURRENT-MMM non-recurrent-mmm-bogota-100-1-2-3-4-5-6-7-8-9-10-11-12-13-14-15-16-17-18-19-20-21-22-23-24 8 m 6.520756175637788e-05
config.CONGESTION_TYPE, slugifiedstring, i, key, value : NON-RECURRENT-MMM non-recurrent-mmm-bogota-100-1-2-3-4-5-6-7-8-9-10-11-12-13-14-15-16-17-18-19-20-21-22-23-24 9 streets_per_node_count_6 -6.583514716371105e-05
config.CONGESTION_TYPE, slugifiedstring, i, key, value : NON-RECURRENT-MMM non-recurrent-mmm-bogota-100-1-2-3-4-5-6-7-8-9-10-11-12-13-14-15-16-17-18-19-20-21-22-23-24 10 n -9.530476988704823e-05
config.CONGESTION_TYPE, slugifiedstring, i, key, value : NON-RECURRENT-MMM non-recurrent-mmm-bogota-100-1-2-3-4-5-6-7-8-9-10-11-12-13-14-15-16-17-18-19-20-21-22-23-24 11 streets_per_node_count_5 0.00026249078621314384
config.CONGESTION_TYPE, slugifiedstring, i, key, value : NON-RECURRENT-MMM non-recurrent-mmm-bogota-100-1-2-3-4-5-6-7-8-9-10-11-12-13-14-15-16-17-18-19-20-21-22-23-24 12 streets_per_node_count_4 0
config.CONGESTION_TYPE, slugifiedstring, i, key, value : NON-RECURRENT-MMM non-recurrent-mmm-bogota-100-1-2-3-4-5-6-7-8-9-10-11-12-13-14-15-16-17-18-19-20-21-22-23-24 13 streets_per_node_count_2 -0.00010195752566303076
config.CONGESTION_TYPE, slugifiedstring, i, key, value : NON-RECURRENT-MMM non-recurrent-mmm-bogota-100-1-2-3-4-5-6-7-8-9-10-11-12-13-14-15-16-17-18-19-20-21-22-23-24 14 streets_per_node_count_1 0
config.CONGESTION_TYPE, slugifiedstring, i, key, value : NON-RECURRENT-MMM non-recurrent-mmm-bogota-100-1-2-3-4-5-6-7-8-9-10-11-12-13-14-15-16-17-18-19-20-21-22-23-24 15 mean_lanes -0.000802313775479269
config.CONGESTION_TYPE, slugifiedstring, i, key, value : NON-RECURRENT-MMM non-recurrent-mmm-bogota-100-1-2-3-4-5-6-7-8-9-10-11-12-13-14-15-16-17-18-19-20-21-22-23-24 16 total_crossings -0.0007004170367062609
SHAP Values for each feature:
Slug                           Feature Name         Mean Abs SHAP Value
SHAP-- non-recurrent-mmm-bogota-100-1-2-3-4-5-6-7-8-9-10-11-12-13-14-15-16-17-18-19-20-21-22-23-24 non_metered_count             0.0202
SHAP-- non-recurrent-mmm-bogota-100-1-2-3-4-5-6-7-8-9-10-11-12-13-14-15-16-17-18-19-20-21-22-23-24 k_avg                         0.0195
SHAP-- non-recurrent-mmm-bogota-100-1-2-3-4-5-6-7-8-9-10-11-12-13-14-15-16-17-18-19-20-21-22-23-24 betweenness                   0.0160
SHAP-- non-recurrent-mmm-bogota-100-1-2-3-4-5-6-7-8-9-10-11-12-13-14-15-16-17-18-19-20-21-22-23-24 global_betweenness            0.0142
SHAP-- non-recurrent-mmm-bogota-100-1-2-3-4-5-6-7-8-9-10-11-12-13-14-15-16-17-18-19-20-21-22-23-24 metered_count                 0.0104
SHAP-- non-recurrent-mmm-bogota-100-1-2-3-4-5-6-7-8-9-10-11-12-13-14-15-16-17-18-19-20-21-22-23-24 streets_per_node_count_3          0.0069
SHAP-- non-recurrent-mmm-bogota-100-1-2-3-4-5-6-7-8-9-10-11-12-13-14-15-16-17-18-19-20-21-22-23-24 streets_per_node_avg          0.0050
SHAP-- non-recurrent-mmm-bogota-100-1-2-3-4-5-6-7-8-9-10-11-12-13-14-15-16-17-18-19-20-21-22-23-24 circuity_avg                  0.0015
SHAP-- non-recurrent-mmm-bogota-100-1-2-3-4-5-6-7-8-9-10-11-12-13-14-15-16-17-18-19-20-21-22-23-24 m                             0.0035
SHAP-- non-recurrent-mmm-bogota-100-1-2-3-4-5-6-7-8-9-10-11-12-13-14-15-16-17-18-19-20-21-22-23-24 streets_per_node_count_6          0.0037
SHAP-- non-recurrent-mmm-bogota-100-1-2-3-4-5-6-7-8-9-10-11-12-13-14-15-16-17-18-19-20-21-22-23-24 n                             0.0059
SHAP-- non-recurrent-mmm-bogota-100-1-2-3-4-5-6-7-8-9-10-11-12-13-14-15-16-17-18-19-20-21-22-23-24 streets_per_node_count_5          0.0041
SHAP-- non-recurrent-mmm-bogota-100-1-2-3-4-5-6-7-8-9-10-11-12-13-14-15-16-17-18-19-20-21-22-23-24 streets_per_node_count_4          0.0000
SHAP-- non-recurrent-mmm-bogota-100-1-2-3-4-5-6-7-8-9-10-11-12-13-14-15-16-17-18-19-20-21-22-23-24 streets_per_node_count_2          0.0028
SHAP-- non-recurrent-mmm-bogota-100-1-2-3-4-5-6-7-8-9-10-11-12-13-14-15-16-17-18-19-20-21-22-23-24 streets_per_node_count_1          0.0000
SHAP-- non-recurrent-mmm-bogota-100-1-2-3-4-5-6-7-8-9-10-11-12-13-14-15-16-17-18-19-20-21-22-23-24 mean_lanes                    0.0178
SHAP-- non-recurrent-mmm-bogota-100-1-2-3-4-5-6-7-8-9-10-11-12-13-14-15-16-17-18-19-20-21-22-23-24 total_crossings               0.0336
NON-RECURRENT-MMM Bogota 100 LR 0.32630363013204 XpVar
NON-RECURRENT-MMM Bogota 100 RF 0.45468620200502397 XpVar
NON-RECURRENT-MMM Bogota 100 GBM 0.33489241301547257 XpVar
NON-RECURRENT-MMM Bogota 100 LLR 6.344131569286608e-17 XpVar
NON-RECURRENT-MMM Bogota 100 RLR 0.32626751284060596 XpVar
NON-RECURRENT-MMM Bogota 100 LR 0.020090313011842453 MSE
NON-RECURRENT-MMM Bogota 100 RF 0.01633760568704997 MSE
NON-RECURRENT-MMM Bogota 100 GBM 0.019770583676995277 MSE
NON-RECURRENT-MMM Bogota 100 LLR 0.02973096149096758 MSE
NON-RECURRENT-MMM Bogota 100 RLR 0.020090841385523032 MSE
NON-RECURRENT-MMM Bogota 100 LR 0.32155490032712664 R2
NON-RECURRENT-MMM Bogota 100 RF 0.45036426557124365 R2
NON-RECURRENT-MMM Bogota 100 GBM 0.3307272407513838 R2
NON-RECURRENT-MMM Bogota 100 LLR -0.0019051977429266817 R2
NON-RECURRENT-MMM Bogota 100 RLR 0.3215653916628553 R2
t_spatial, t_non_spatial, "seconds" : 1.6689300537109375e-06 708.5709145069122 seconds

 Complete: python urbanscales/modelling/SHAP_analysis.py

