config.CONGESTION_TYPE, slugifiedstring, i, key, value : NON-RECURRENT-MMM non-recurrent-mmm-istanbul-30-1-2-3-4-5-6-7-8-9-10-11-12-13-14-15-16-17-18-19-20-21-22-23-24 0 non_metered_count -7.716725842797452e-05
config.CONGESTION_TYPE, slugifiedstring, i, key, value : NON-RECURRENT-MMM non-recurrent-mmm-istanbul-30-1-2-3-4-5-6-7-8-9-10-11-12-13-14-15-16-17-18-19-20-21-22-23-24 1 streets_per_node_count_3 -0.00013921474597539097
config.CONGESTION_TYPE, slugifiedstring, i, key, value : NON-RECURRENT-MMM non-recurrent-mmm-istanbul-30-1-2-3-4-5-6-7-8-9-10-11-12-13-14-15-16-17-18-19-20-21-22-23-24 2 streets_per_node_count_6 -6.63965976987459e-05
config.CONGESTION_TYPE, slugifiedstring, i, key, value : NON-RECURRENT-MMM non-recurrent-mmm-istanbul-30-1-2-3-4-5-6-7-8-9-10-11-12-13-14-15-16-17-18-19-20-21-22-23-24 3 betweenness -6.225439054130297e-05
config.CONGESTION_TYPE, slugifiedstring, i, key, value : NON-RECURRENT-MMM non-recurrent-mmm-istanbul-30-1-2-3-4-5-6-7-8-9-10-11-12-13-14-15-16-17-18-19-20-21-22-23-24 4 metered_count -0.00013384641191487994
config.CONGESTION_TYPE, slugifiedstring, i, key, value : NON-RECURRENT-MMM non-recurrent-mmm-istanbul-30-1-2-3-4-5-6-7-8-9-10-11-12-13-14-15-16-17-18-19-20-21-22-23-24 5 streets_per_node_count_4 0
config.CONGESTION_TYPE, slugifiedstring, i, key, value : NON-RECURRENT-MMM non-recurrent-mmm-istanbul-30-1-2-3-4-5-6-7-8-9-10-11-12-13-14-15-16-17-18-19-20-21-22-23-24 6 n -5.6484883036247615e-05
config.CONGESTION_TYPE, slugifiedstring, i, key, value : NON-RECURRENT-MMM non-recurrent-mmm-istanbul-30-1-2-3-4-5-6-7-8-9-10-11-12-13-14-15-16-17-18-19-20-21-22-23-24 7 circuity_avg 5.623709458096729e-05
config.CONGESTION_TYPE, slugifiedstring, i, key, value : NON-RECURRENT-MMM non-recurrent-mmm-istanbul-30-1-2-3-4-5-6-7-8-9-10-11-12-13-14-15-16-17-18-19-20-21-22-23-24 8 k_avg -0.00029155900262147464
config.CONGESTION_TYPE, slugifiedstring, i, key, value : NON-RECURRENT-MMM non-recurrent-mmm-istanbul-30-1-2-3-4-5-6-7-8-9-10-11-12-13-14-15-16-17-18-19-20-21-22-23-24 9 mean_lanes -0.0001190377249936489
config.CONGESTION_TYPE, slugifiedstring, i, key, value : NON-RECURRENT-MMM non-recurrent-mmm-istanbul-30-1-2-3-4-5-6-7-8-9-10-11-12-13-14-15-16-17-18-19-20-21-22-23-24 10 streets_per_node_count_1 0
config.CONGESTION_TYPE, slugifiedstring, i, key, value : NON-RECURRENT-MMM non-recurrent-mmm-istanbul-30-1-2-3-4-5-6-7-8-9-10-11-12-13-14-15-16-17-18-19-20-21-22-23-24 11 streets_per_node_avg -0.00010997409120600289
config.CONGESTION_TYPE, slugifiedstring, i, key, value : NON-RECURRENT-MMM non-recurrent-mmm-istanbul-30-1-2-3-4-5-6-7-8-9-10-11-12-13-14-15-16-17-18-19-20-21-22-23-24 12 m -3.903965385158675e-05
config.CONGESTION_TYPE, slugifiedstring, i, key, value : NON-RECURRENT-MMM non-recurrent-mmm-istanbul-30-1-2-3-4-5-6-7-8-9-10-11-12-13-14-15-16-17-18-19-20-21-22-23-24 13 streets_per_node_count_5 -6.541270837578407e-05
config.CONGESTION_TYPE, slugifiedstring, i, key, value : NON-RECURRENT-MMM non-recurrent-mmm-istanbul-30-1-2-3-4-5-6-7-8-9-10-11-12-13-14-15-16-17-18-19-20-21-22-23-24 14 global_betweenness 0.0004560306371007727
config.CONGESTION_TYPE, slugifiedstring, i, key, value : NON-RECURRENT-MMM non-recurrent-mmm-istanbul-30-1-2-3-4-5-6-7-8-9-10-11-12-13-14-15-16-17-18-19-20-21-22-23-24 15 total_crossings -0.00016726058661439803
config.CONGESTION_TYPE, slugifiedstring, i, key, value : NON-RECURRENT-MMM non-recurrent-mmm-istanbul-30-1-2-3-4-5-6-7-8-9-10-11-12-13-14-15-16-17-18-19-20-21-22-23-24 16 streets_per_node_count_2 -5.1912671702830456e-05
config.CONGESTION_TYPE, slugifiedstring, i, key, value : NON-RECURRENT-MMM non-recurrent-mmm-istanbul-45-1-2-3-4-5-6-7-8-9-10-11-12-13-14-15-16-17-18-19-20-21-22-23-24 0 non_metered_count -4.9133401591605746e-05
config.CONGESTION_TYPE, slugifiedstring, i, key, value : NON-RECURRENT-MMM non-recurrent-mmm-istanbul-45-1-2-3-4-5-6-7-8-9-10-11-12-13-14-15-16-17-18-19-20-21-22-23-24 1 streets_per_node_count_3 -6.574216322830846e-05
config.CONGESTION_TYPE, slugifiedstring, i, key, value : NON-RECURRENT-MMM non-recurrent-mmm-istanbul-45-1-2-3-4-5-6-7-8-9-10-11-12-13-14-15-16-17-18-19-20-21-22-23-24 2 streets_per_node_count_6 -3.500884737993501e-05
config.CONGESTION_TYPE, slugifiedstring, i, key, value : NON-RECURRENT-MMM non-recurrent-mmm-istanbul-45-1-2-3-4-5-6-7-8-9-10-11-12-13-14-15-16-17-18-19-20-21-22-23-24 3 betweenness -6.0734112412400546e-05
config.CONGESTION_TYPE, slugifiedstring, i, key, value : NON-RECURRENT-MMM non-recurrent-mmm-istanbul-45-1-2-3-4-5-6-7-8-9-10-11-12-13-14-15-16-17-18-19-20-21-22-23-24 4 metered_count -8.018506616628914e-05
config.CONGESTION_TYPE, slugifiedstring, i, key, value : NON-RECURRENT-MMM non-recurrent-mmm-istanbul-45-1-2-3-4-5-6-7-8-9-10-11-12-13-14-15-16-17-18-19-20-21-22-23-24 5 streets_per_node_count_4 0
config.CONGESTION_TYPE, slugifiedstring, i, key, value : NON-RECURRENT-MMM non-recurrent-mmm-istanbul-45-1-2-3-4-5-6-7-8-9-10-11-12-13-14-15-16-17-18-19-20-21-22-23-24 6 n -3.486015555932841e-05
config.CONGESTION_TYPE, slugifiedstring, i, key, value : NON-RECURRENT-MMM non-recurrent-mmm-istanbul-45-1-2-3-4-5-6-7-8-9-10-11-12-13-14-15-16-17-18-19-20-21-22-23-24 7 circuity_avg 4.001961908733632e-05
config.CONGESTION_TYPE, slugifiedstring, i, key, value : NON-RECURRENT-MMM non-recurrent-mmm-istanbul-45-1-2-3-4-5-6-7-8-9-10-11-12-13-14-15-16-17-18-19-20-21-22-23-24 8 k_avg -0.00013097618929499162
config.CONGESTION_TYPE, slugifiedstring, i, key, value : NON-RECURRENT-MMM non-recurrent-mmm-istanbul-45-1-2-3-4-5-6-7-8-9-10-11-12-13-14-15-16-17-18-19-20-21-22-23-24 9 mean_lanes -0.00010338428809850217
config.CONGESTION_TYPE, slugifiedstring, i, key, value : NON-RECURRENT-MMM non-recurrent-mmm-istanbul-45-1-2-3-4-5-6-7-8-9-10-11-12-13-14-15-16-17-18-19-20-21-22-23-24 10 streets_per_node_count_1 0
config.CONGESTION_TYPE, slugifiedstring, i, key, value : NON-RECURRENT-MMM non-recurrent-mmm-istanbul-45-1-2-3-4-5-6-7-8-9-10-11-12-13-14-15-16-17-18-19-20-21-22-23-24 11 streets_per_node_avg -8.165557926271173e-05
config.CONGESTION_TYPE, slugifiedstring, i, key, value : NON-RECURRENT-MMM non-recurrent-mmm-istanbul-45-1-2-3-4-5-6-7-8-9-10-11-12-13-14-15-16-17-18-19-20-21-22-23-24 12 m -4.42320337728031e-05
config.CONGESTION_TYPE, slugifiedstring, i, key, value : NON-RECURRENT-MMM non-recurrent-mmm-istanbul-45-1-2-3-4-5-6-7-8-9-10-11-12-13-14-15-16-17-18-19-20-21-22-23-24 13 streets_per_node_count_5 -2.799988933541464e-05
config.CONGESTION_TYPE, slugifiedstring, i, key, value : NON-RECURRENT-MMM non-recurrent-mmm-istanbul-45-1-2-3-4-5-6-7-8-9-10-11-12-13-14-15-16-17-18-19-20-21-22-23-24 14 global_betweenness -0.0010608443151430703
config.CONGESTION_TYPE, slugifiedstring, i, key, value : NON-RECURRENT-MMM non-recurrent-mmm-istanbul-45-1-2-3-4-5-6-7-8-9-10-11-12-13-14-15-16-17-18-19-20-21-22-23-24 15 total_crossings -0.00010673771184275571
config.CONGESTION_TYPE, slugifiedstring, i, key, value : NON-RECURRENT-MMM non-recurrent-mmm-istanbul-45-1-2-3-4-5-6-7-8-9-10-11-12-13-14-15-16-17-18-19-20-21-22-23-24 16 streets_per_node_count_2 -4.204108861768778e-05
config.CONGESTION_TYPE, slugifiedstring, i, key, value : NON-RECURRENT-MMM non-recurrent-mmm-istanbul-60-1-2-3-4-5-6-7-8-9-10-11-12-13-14-15-16-17-18-19-20-21-22-23-24 0 non_metered_count -3.7374513058095044e-05
config.CONGESTION_TYPE, slugifiedstring, i, key, value : NON-RECURRENT-MMM non-recurrent-mmm-istanbul-60-1-2-3-4-5-6-7-8-9-10-11-12-13-14-15-16-17-18-19-20-21-22-23-24 1 streets_per_node_count_3 -4.726316083059781e-05
config.CONGESTION_TYPE, slugifiedstring, i, key, value : NON-RECURRENT-MMM non-recurrent-mmm-istanbul-60-1-2-3-4-5-6-7-8-9-10-11-12-13-14-15-16-17-18-19-20-21-22-23-24 2 streets_per_node_count_6 -2.360631893626045e-05
config.CONGESTION_TYPE, slugifiedstring, i, key, value : NON-RECURRENT-MMM non-recurrent-mmm-istanbul-60-1-2-3-4-5-6-7-8-9-10-11-12-13-14-15-16-17-18-19-20-21-22-23-24 3 betweenness -4.6878520348486326e-05
config.CONGESTION_TYPE, slugifiedstring, i, key, value : NON-RECURRENT-MMM non-recurrent-mmm-istanbul-60-1-2-3-4-5-6-7-8-9-10-11-12-13-14-15-16-17-18-19-20-21-22-23-24 4 metered_count -4.342666224693511e-05
config.CONGESTION_TYPE, slugifiedstring, i, key, value : NON-RECURRENT-MMM non-recurrent-mmm-istanbul-60-1-2-3-4-5-6-7-8-9-10-11-12-13-14-15-16-17-18-19-20-21-22-23-24 5 streets_per_node_count_4 0
config.CONGESTION_TYPE, slugifiedstring, i, key, value : NON-RECURRENT-MMM non-recurrent-mmm-istanbul-60-1-2-3-4-5-6-7-8-9-10-11-12-13-14-15-16-17-18-19-20-21-22-23-24 6 n -2.5278094274692823e-05
config.CONGESTION_TYPE, slugifiedstring, i, key, value : NON-RECURRENT-MMM non-recurrent-mmm-istanbul-60-1-2-3-4-5-6-7-8-9-10-11-12-13-14-15-16-17-18-19-20-21-22-23-24 7 circuity_avg 3.0050321342628117e-05
config.CONGESTION_TYPE, slugifiedstring, i, key, value : NON-RECURRENT-MMM non-recurrent-mmm-istanbul-60-1-2-3-4-5-6-7-8-9-10-11-12-13-14-15-16-17-18-19-20-21-22-23-24 8 k_avg -0.0001702633229923722
config.CONGESTION_TYPE, slugifiedstring, i, key, value : NON-RECURRENT-MMM non-recurrent-mmm-istanbul-60-1-2-3-4-5-6-7-8-9-10-11-12-13-14-15-16-17-18-19-20-21-22-23-24 9 mean_lanes -9.440287773090237e-05
config.CONGESTION_TYPE, slugifiedstring, i, key, value : NON-RECURRENT-MMM non-recurrent-mmm-istanbul-60-1-2-3-4-5-6-7-8-9-10-11-12-13-14-15-16-17-18-19-20-21-22-23-24 10 streets_per_node_count_1 0
config.CONGESTION_TYPE, slugifiedstring, i, key, value : NON-RECURRENT-MMM non-recurrent-mmm-istanbul-60-1-2-3-4-5-6-7-8-9-10-11-12-13-14-15-16-17-18-19-20-21-22-23-24 11 streets_per_node_avg -4.537062439816745e-05
config.CONGESTION_TYPE, slugifiedstring, i, key, value : NON-RECURRENT-MMM non-recurrent-mmm-istanbul-60-1-2-3-4-5-6-7-8-9-10-11-12-13-14-15-16-17-18-19-20-21-22-23-24 12 m -0.0012777825533756878
config.CONGESTION_TYPE, slugifiedstring, i, key, value : NON-RECURRENT-MMM non-recurrent-mmm-istanbul-60-1-2-3-4-5-6-7-8-9-10-11-12-13-14-15-16-17-18-19-20-21-22-23-24 13 streets_per_node_count_5 -2.8740275267066956e-05
config.CONGESTION_TYPE, slugifiedstring, i, key, value : NON-RECURRENT-MMM non-recurrent-mmm-istanbul-60-1-2-3-4-5-6-7-8-9-10-11-12-13-14-15-16-17-18-19-20-21-22-23-24 14 global_betweenness 0.0004545705496420688
config.CONGESTION_TYPE, slugifiedstring, i, key, value : NON-RECURRENT-MMM non-recurrent-mmm-istanbul-60-1-2-3-4-5-6-7-8-9-10-11-12-13-14-15-16-17-18-19-20-21-22-23-24 15 total_crossings -6.702946163333683e-05
config.CONGESTION_TYPE, slugifiedstring, i, key, value : NON-RECURRENT-MMM non-recurrent-mmm-istanbul-60-1-2-3-4-5-6-7-8-9-10-11-12-13-14-15-16-17-18-19-20-21-22-23-24 16 streets_per_node_count_2 -1.9260773149328032e-05
config.CONGESTION_TYPE, slugifiedstring, i, key, value : NON-RECURRENT-MMM non-recurrent-mmm-istanbul-90-1-2-3-4-5-6-7-8-9-10-11-12-13-14-15-16-17-18-19-20-21-22-23-24 0 non_metered_count -2.533941473729644e-05
config.CONGESTION_TYPE, slugifiedstring, i, key, value : NON-RECURRENT-MMM non-recurrent-mmm-istanbul-90-1-2-3-4-5-6-7-8-9-10-11-12-13-14-15-16-17-18-19-20-21-22-23-24 1 streets_per_node_count_3 -2.3283278601150536e-05
config.CONGESTION_TYPE, slugifiedstring, i, key, value : NON-RECURRENT-MMM non-recurrent-mmm-istanbul-90-1-2-3-4-5-6-7-8-9-10-11-12-13-14-15-16-17-18-19-20-21-22-23-24 2 streets_per_node_count_6 -1.44111833744419e-05
config.CONGESTION_TYPE, slugifiedstring, i, key, value : NON-RECURRENT-MMM non-recurrent-mmm-istanbul-90-1-2-3-4-5-6-7-8-9-10-11-12-13-14-15-16-17-18-19-20-21-22-23-24 3 betweenness -3.4215343905045585e-05
config.CONGESTION_TYPE, slugifiedstring, i, key, value : NON-RECURRENT-MMM non-recurrent-mmm-istanbul-90-1-2-3-4-5-6-7-8-9-10-11-12-13-14-15-16-17-18-19-20-21-22-23-24 4 metered_count -2.943042833614609e-05
config.CONGESTION_TYPE, slugifiedstring, i, key, value : NON-RECURRENT-MMM non-recurrent-mmm-istanbul-90-1-2-3-4-5-6-7-8-9-10-11-12-13-14-15-16-17-18-19-20-21-22-23-24 5 streets_per_node_count_4 0
config.CONGESTION_TYPE, slugifiedstring, i, key, value : NON-RECURRENT-MMM non-recurrent-mmm-istanbul-90-1-2-3-4-5-6-7-8-9-10-11-12-13-14-15-16-17-18-19-20-21-22-23-24 6 n -1.8890965887624206e-05
config.CONGESTION_TYPE, slugifiedstring, i, key, value : NON-RECURRENT-MMM non-recurrent-mmm-istanbul-90-1-2-3-4-5-6-7-8-9-10-11-12-13-14-15-16-17-18-19-20-21-22-23-24 7 circuity_avg 6.3500434664434295e-06
config.CONGESTION_TYPE, slugifiedstring, i, key, value : NON-RECURRENT-MMM non-recurrent-mmm-istanbul-90-1-2-3-4-5-6-7-8-9-10-11-12-13-14-15-16-17-18-19-20-21-22-23-24 8 k_avg -0.00036599526684228957
config.CONGESTION_TYPE, slugifiedstring, i, key, value : NON-RECURRENT-MMM non-recurrent-mmm-istanbul-90-1-2-3-4-5-6-7-8-9-10-11-12-13-14-15-16-17-18-19-20-21-22-23-24 9 mean_lanes -6.0559907639272484e-05
config.CONGESTION_TYPE, slugifiedstring, i, key, value : NON-RECURRENT-MMM non-recurrent-mmm-istanbul-90-1-2-3-4-5-6-7-8-9-10-11-12-13-14-15-16-17-18-19-20-21-22-23-24 10 streets_per_node_count_1 0
config.CONGESTION_TYPE, slugifiedstring, i, key, value : NON-RECURRENT-MMM non-recurrent-mmm-istanbul-90-1-2-3-4-5-6-7-8-9-10-11-12-13-14-15-16-17-18-19-20-21-22-23-24 11 streets_per_node_avg -2.9109268299352846e-05
config.CONGESTION_TYPE, slugifiedstring, i, key, value : NON-RECURRENT-MMM non-recurrent-mmm-istanbul-90-1-2-3-4-5-6-7-8-9-10-11-12-13-14-15-16-17-18-19-20-21-22-23-24 12 m -3.0850895827612975e-05
config.CONGESTION_TYPE, slugifiedstring, i, key, value : NON-RECURRENT-MMM non-recurrent-mmm-istanbul-90-1-2-3-4-5-6-7-8-9-10-11-12-13-14-15-16-17-18-19-20-21-22-23-24 13 streets_per_node_count_5 -1.3490810245423394e-05
config.CONGESTION_TYPE, slugifiedstring, i, key, value : NON-RECURRENT-MMM non-recurrent-mmm-istanbul-90-1-2-3-4-5-6-7-8-9-10-11-12-13-14-15-16-17-18-19-20-21-22-23-24 14 global_betweenness 0.00014739831368685102
config.CONGESTION_TYPE, slugifiedstring, i, key, value : NON-RECURRENT-MMM non-recurrent-mmm-istanbul-90-1-2-3-4-5-6-7-8-9-10-11-12-13-14-15-16-17-18-19-20-21-22-23-24 15 total_crossings -5.373516851358683e-05
config.CONGESTION_TYPE, slugifiedstring, i, key, value : NON-RECURRENT-MMM non-recurrent-mmm-istanbul-90-1-2-3-4-5-6-7-8-9-10-11-12-13-14-15-16-17-18-19-20-21-22-23-24 16 streets_per_node_count_2 -1.3088746077100101e-05
config.CONGESTION_TYPE, slugifiedstring, i, key, value : NON-RECURRENT-MMM non-recurrent-mmm-istanbul-105-1-2-3-4-5-6-7-8-9-10-11-12-13-14-15-16-17-18-19-20-21-22-23-24 0 non_metered_count -1.5921612267263326e-05
config.CONGESTION_TYPE, slugifiedstring, i, key, value : NON-RECURRENT-MMM non-recurrent-mmm-istanbul-105-1-2-3-4-5-6-7-8-9-10-11-12-13-14-15-16-17-18-19-20-21-22-23-24 1 streets_per_node_count_3 -1.632553729144142e-05
config.CONGESTION_TYPE, slugifiedstring, i, key, value : NON-RECURRENT-MMM non-recurrent-mmm-istanbul-105-1-2-3-4-5-6-7-8-9-10-11-12-13-14-15-16-17-18-19-20-21-22-23-24 2 streets_per_node_count_6 -1.2504451250302491e-05
config.CONGESTION_TYPE, slugifiedstring, i, key, value : NON-RECURRENT-MMM non-recurrent-mmm-istanbul-105-1-2-3-4-5-6-7-8-9-10-11-12-13-14-15-16-17-18-19-20-21-22-23-24 3 betweenness -2.2122657464508125e-05
config.CONGESTION_TYPE, slugifiedstring, i, key, value : NON-RECURRENT-MMM non-recurrent-mmm-istanbul-105-1-2-3-4-5-6-7-8-9-10-11-12-13-14-15-16-17-18-19-20-21-22-23-24 4 metered_count -2.6863241831668284e-05
config.CONGESTION_TYPE, slugifiedstring, i, key, value : NON-RECURRENT-MMM non-recurrent-mmm-istanbul-105-1-2-3-4-5-6-7-8-9-10-11-12-13-14-15-16-17-18-19-20-21-22-23-24 5 streets_per_node_count_4 0
config.CONGESTION_TYPE, slugifiedstring, i, key, value : NON-RECURRENT-MMM non-recurrent-mmm-istanbul-105-1-2-3-4-5-6-7-8-9-10-11-12-13-14-15-16-17-18-19-20-21-22-23-24 6 n -1.5871089634214833e-05
config.CONGESTION_TYPE, slugifiedstring, i, key, value : NON-RECURRENT-MMM non-recurrent-mmm-istanbul-105-1-2-3-4-5-6-7-8-9-10-11-12-13-14-15-16-17-18-19-20-21-22-23-24 7 circuity_avg 1.3635003054849907e-05
config.CONGESTION_TYPE, slugifiedstring, i, key, value : NON-RECURRENT-MMM non-recurrent-mmm-istanbul-105-1-2-3-4-5-6-7-8-9-10-11-12-13-14-15-16-17-18-19-20-21-22-23-24 8 k_avg 0.00042423517568318785
config.CONGESTION_TYPE, slugifiedstring, i, key, value : NON-RECURRENT-MMM non-recurrent-mmm-istanbul-105-1-2-3-4-5-6-7-8-9-10-11-12-13-14-15-16-17-18-19-20-21-22-23-24 9 mean_lanes -5.74996284507056e-05
config.CONGESTION_TYPE, slugifiedstring, i, key, value : NON-RECURRENT-MMM non-recurrent-mmm-istanbul-105-1-2-3-4-5-6-7-8-9-10-11-12-13-14-15-16-17-18-19-20-21-22-23-24 10 streets_per_node_count_1 0
config.CONGESTION_TYPE, slugifiedstring, i, key, value : NON-RECURRENT-MMM non-recurrent-mmm-istanbul-105-1-2-3-4-5-6-7-8-9-10-11-12-13-14-15-16-17-18-19-20-21-22-23-24 11 streets_per_node_avg -2.0244428603326693e-05
config.CONGESTION_TYPE, slugifiedstring, i, key, value : NON-RECURRENT-MMM non-recurrent-mmm-istanbul-105-1-2-3-4-5-6-7-8-9-10-11-12-13-14-15-16-17-18-19-20-21-22-23-24 12 m -8.972915902145513e-06
config.CONGESTION_TYPE, slugifiedstring, i, key, value : NON-RECURRENT-MMM non-recurrent-mmm-istanbul-105-1-2-3-4-5-6-7-8-9-10-11-12-13-14-15-16-17-18-19-20-21-22-23-24 13 streets_per_node_count_5 -9.6909835774582e-06
config.CONGESTION_TYPE, slugifiedstring, i, key, value : NON-RECURRENT-MMM non-recurrent-mmm-istanbul-105-1-2-3-4-5-6-7-8-9-10-11-12-13-14-15-16-17-18-19-20-21-22-23-24 14 global_betweenness 0.00010305067358383561
config.CONGESTION_TYPE, slugifiedstring, i, key, value : NON-RECURRENT-MMM non-recurrent-mmm-istanbul-105-1-2-3-4-5-6-7-8-9-10-11-12-13-14-15-16-17-18-19-20-21-22-23-24 15 total_crossings -4.348810744361374e-05
config.CONGESTION_TYPE, slugifiedstring, i, key, value : NON-RECURRENT-MMM non-recurrent-mmm-istanbul-105-1-2-3-4-5-6-7-8-9-10-11-12-13-14-15-16-17-18-19-20-21-22-23-24 16 streets_per_node_count_2 -1.2438159471834752e-05
config.CONGESTION_TYPE, slugifiedstring, i, key, value : NON-RECURRENT-MMM non-recurrent-mmm-istanbul-120-1-2-3-4-5-6-7-8-9-10-11-12-13-14-15-16-17-18-19-20-21-22-23-24 0 non_metered_count -1.70767303932311e-05
config.CONGESTION_TYPE, slugifiedstring, i, key, value : NON-RECURRENT-MMM non-recurrent-mmm-istanbul-120-1-2-3-4-5-6-7-8-9-10-11-12-13-14-15-16-17-18-19-20-21-22-23-24 1 streets_per_node_count_3 -1.1639023910293408e-05
config.CONGESTION_TYPE, slugifiedstring, i, key, value : NON-RECURRENT-MMM non-recurrent-mmm-istanbul-120-1-2-3-4-5-6-7-8-9-10-11-12-13-14-15-16-17-18-19-20-21-22-23-24 2 streets_per_node_count_6 -7.148304722732087e-06
config.CONGESTION_TYPE, slugifiedstring, i, key, value : NON-RECURRENT-MMM non-recurrent-mmm-istanbul-120-1-2-3-4-5-6-7-8-9-10-11-12-13-14-15-16-17-18-19-20-21-22-23-24 3 betweenness -2.4733330847608077e-05
config.CONGESTION_TYPE, slugifiedstring, i, key, value : NON-RECURRENT-MMM non-recurrent-mmm-istanbul-120-1-2-3-4-5-6-7-8-9-10-11-12-13-14-15-16-17-18-19-20-21-22-23-24 4 metered_count -2.0986822852008772e-05
config.CONGESTION_TYPE, slugifiedstring, i, key, value : NON-RECURRENT-MMM non-recurrent-mmm-istanbul-120-1-2-3-4-5-6-7-8-9-10-11-12-13-14-15-16-17-18-19-20-21-22-23-24 5 streets_per_node_count_4 0
config.CONGESTION_TYPE, slugifiedstring, i, key, value : NON-RECURRENT-MMM non-recurrent-mmm-istanbul-120-1-2-3-4-5-6-7-8-9-10-11-12-13-14-15-16-17-18-19-20-21-22-23-24 6 n -1.814806876039968e-05
config.CONGESTION_TYPE, slugifiedstring, i, key, value : NON-RECURRENT-MMM non-recurrent-mmm-istanbul-120-1-2-3-4-5-6-7-8-9-10-11-12-13-14-15-16-17-18-19-20-21-22-23-24 7 circuity_avg 1.1242830237679873e-05
config.CONGESTION_TYPE, slugifiedstring, i, key, value : NON-RECURRENT-MMM non-recurrent-mmm-istanbul-120-1-2-3-4-5-6-7-8-9-10-11-12-13-14-15-16-17-18-19-20-21-22-23-24 8 k_avg -0.000134237655722994
config.CONGESTION_TYPE, slugifiedstring, i, key, value : NON-RECURRENT-MMM non-recurrent-mmm-istanbul-120-1-2-3-4-5-6-7-8-9-10-11-12-13-14-15-16-17-18-19-20-21-22-23-24 9 mean_lanes -6.244650722350544e-05
config.CONGESTION_TYPE, slugifiedstring, i, key, value : NON-RECURRENT-MMM non-recurrent-mmm-istanbul-120-1-2-3-4-5-6-7-8-9-10-11-12-13-14-15-16-17-18-19-20-21-22-23-24 10 streets_per_node_count_1 0
config.CONGESTION_TYPE, slugifiedstring, i, key, value : NON-RECURRENT-MMM non-recurrent-mmm-istanbul-120-1-2-3-4-5-6-7-8-9-10-11-12-13-14-15-16-17-18-19-20-21-22-23-24 11 streets_per_node_avg -2.0915043298760724e-05
config.CONGESTION_TYPE, slugifiedstring, i, key, value : NON-RECURRENT-MMM non-recurrent-mmm-istanbul-120-1-2-3-4-5-6-7-8-9-10-11-12-13-14-15-16-17-18-19-20-21-22-23-24 12 m -6.034536554982991e-06
config.CONGESTION_TYPE, slugifiedstring, i, key, value : NON-RECURRENT-MMM non-recurrent-mmm-istanbul-120-1-2-3-4-5-6-7-8-9-10-11-12-13-14-15-16-17-18-19-20-21-22-23-24 13 streets_per_node_count_5 -1.2286833748528805e-05
config.CONGESTION_TYPE, slugifiedstring, i, key, value : NON-RECURRENT-MMM non-recurrent-mmm-istanbul-120-1-2-3-4-5-6-7-8-9-10-11-12-13-14-15-16-17-18-19-20-21-22-23-24 14 global_betweenness 0.00011162084087343107
config.CONGESTION_TYPE, slugifiedstring, i, key, value : NON-RECURRENT-MMM non-recurrent-mmm-istanbul-120-1-2-3-4-5-6-7-8-9-10-11-12-13-14-15-16-17-18-19-20-21-22-23-24 15 total_crossings -3.995999833966719e-05
config.CONGESTION_TYPE, slugifiedstring, i, key, value : NON-RECURRENT-MMM non-recurrent-mmm-istanbul-120-1-2-3-4-5-6-7-8-9-10-11-12-13-14-15-16-17-18-19-20-21-22-23-24 16 streets_per_node_count_2 -6.241503836725958e-06
config.CONGESTION_TYPE, slugifiedstring, i, key, value : NON-RECURRENT-MMM non-recurrent-mmm-istanbul-135-1-2-3-4-5-6-7-8-9-10-11-12-13-14-15-16-17-18-19-20-21-22-23-24 0 non_metered_count -1.2490818769236215e-05
config.CONGESTION_TYPE, slugifiedstring, i, key, value : NON-RECURRENT-MMM non-recurrent-mmm-istanbul-135-1-2-3-4-5-6-7-8-9-10-11-12-13-14-15-16-17-18-19-20-21-22-23-24 1 streets_per_node_count_3 -1.265641066504299e-05
config.CONGESTION_TYPE, slugifiedstring, i, key, value : NON-RECURRENT-MMM non-recurrent-mmm-istanbul-135-1-2-3-4-5-6-7-8-9-10-11-12-13-14-15-16-17-18-19-20-21-22-23-24 2 streets_per_node_count_6 -9.067502598921142e-06
config.CONGESTION_TYPE, slugifiedstring, i, key, value : NON-RECURRENT-MMM non-recurrent-mmm-istanbul-135-1-2-3-4-5-6-7-8-9-10-11-12-13-14-15-16-17-18-19-20-21-22-23-24 3 betweenness -2.267250813218357e-05
config.CONGESTION_TYPE, slugifiedstring, i, key, value : NON-RECURRENT-MMM non-recurrent-mmm-istanbul-135-1-2-3-4-5-6-7-8-9-10-11-12-13-14-15-16-17-18-19-20-21-22-23-24 4 metered_count -1.690520405800456e-05
config.CONGESTION_TYPE, slugifiedstring, i, key, value : NON-RECURRENT-MMM non-recurrent-mmm-istanbul-135-1-2-3-4-5-6-7-8-9-10-11-12-13-14-15-16-17-18-19-20-21-22-23-24 5 streets_per_node_count_4 0
config.CONGESTION_TYPE, slugifiedstring, i, key, value : NON-RECURRENT-MMM non-recurrent-mmm-istanbul-135-1-2-3-4-5-6-7-8-9-10-11-12-13-14-15-16-17-18-19-20-21-22-23-24 6 n -1.729215967039052e-05
config.CONGESTION_TYPE, slugifiedstring, i, key, value : NON-RECURRENT-MMM non-recurrent-mmm-istanbul-135-1-2-3-4-5-6-7-8-9-10-11-12-13-14-15-16-17-18-19-20-21-22-23-24 7 circuity_avg 7.906920019645595e-05
config.CONGESTION_TYPE, slugifiedstring, i, key, value : NON-RECURRENT-MMM non-recurrent-mmm-istanbul-135-1-2-3-4-5-6-7-8-9-10-11-12-13-14-15-16-17-18-19-20-21-22-23-24 8 k_avg -0.00023028955675846038
config.CONGESTION_TYPE, slugifiedstring, i, key, value : NON-RECURRENT-MMM non-recurrent-mmm-istanbul-135-1-2-3-4-5-6-7-8-9-10-11-12-13-14-15-16-17-18-19-20-21-22-23-24 9 mean_lanes -3.91088258324168e-05
config.CONGESTION_TYPE, slugifiedstring, i, key, value : NON-RECURRENT-MMM non-recurrent-mmm-istanbul-135-1-2-3-4-5-6-7-8-9-10-11-12-13-14-15-16-17-18-19-20-21-22-23-24 10 streets_per_node_count_1 0
config.CONGESTION_TYPE, slugifiedstring, i, key, value : NON-RECURRENT-MMM non-recurrent-mmm-istanbul-135-1-2-3-4-5-6-7-8-9-10-11-12-13-14-15-16-17-18-19-20-21-22-23-24 11 streets_per_node_avg -1.391170687176561e-05
config.CONGESTION_TYPE, slugifiedstring, i, key, value : NON-RECURRENT-MMM non-recurrent-mmm-istanbul-135-1-2-3-4-5-6-7-8-9-10-11-12-13-14-15-16-17-18-19-20-21-22-23-24 12 m -9.275982686020981e-06
config.CONGESTION_TYPE, slugifiedstring, i, key, value : NON-RECURRENT-MMM non-recurrent-mmm-istanbul-135-1-2-3-4-5-6-7-8-9-10-11-12-13-14-15-16-17-18-19-20-21-22-23-24 13 streets_per_node_count_5 -8.661417216893585e-06
config.CONGESTION_TYPE, slugifiedstring, i, key, value : NON-RECURRENT-MMM non-recurrent-mmm-istanbul-135-1-2-3-4-5-6-7-8-9-10-11-12-13-14-15-16-17-18-19-20-21-22-23-24 14 global_betweenness 0.00012663855582257353
config.CONGESTION_TYPE, slugifiedstring, i, key, value : NON-RECURRENT-MMM non-recurrent-mmm-istanbul-135-1-2-3-4-5-6-7-8-9-10-11-12-13-14-15-16-17-18-19-20-21-22-23-24 15 total_crossings -3.6371394422476106e-05
config.CONGESTION_TYPE, slugifiedstring, i, key, value : NON-RECURRENT-MMM non-recurrent-mmm-istanbul-135-1-2-3-4-5-6-7-8-9-10-11-12-13-14-15-16-17-18-19-20-21-22-23-24 16 streets_per_node_count_2 -9.232993815331152e-06
config.CONGESTION_TYPE, slugifiedstring, i, key, value : NON-RECURRENT-MMM non-recurrent-mmm-istanbul-37-1-2-3-4-5-6-7-8-9-10-11-12-13-14-15-16-17-18-19-20-21-22-23-24 0 non_metered_count -7.806563458700925e-05
config.CONGESTION_TYPE, slugifiedstring, i, key, value : NON-RECURRENT-MMM non-recurrent-mmm-istanbul-37-1-2-3-4-5-6-7-8-9-10-11-12-13-14-15-16-17-18-19-20-21-22-23-24 1 streets_per_node_count_3 -7.92101580055842e-05
config.CONGESTION_TYPE, slugifiedstring, i, key, value : NON-RECURRENT-MMM non-recurrent-mmm-istanbul-37-1-2-3-4-5-6-7-8-9-10-11-12-13-14-15-16-17-18-19-20-21-22-23-24 2 streets_per_node_count_6 -5.7548866149814996e-05
config.CONGESTION_TYPE, slugifiedstring, i, key, value : NON-RECURRENT-MMM non-recurrent-mmm-istanbul-37-1-2-3-4-5-6-7-8-9-10-11-12-13-14-15-16-17-18-19-20-21-22-23-24 3 betweenness -7.12298637342154e-05
config.CONGESTION_TYPE, slugifiedstring, i, key, value : NON-RECURRENT-MMM non-recurrent-mmm-istanbul-37-1-2-3-4-5-6-7-8-9-10-11-12-13-14-15-16-17-18-19-20-21-22-23-24 4 metered_count -0.00010425808595553146
config.CONGESTION_TYPE, slugifiedstring, i, key, value : NON-RECURRENT-MMM non-recurrent-mmm-istanbul-37-1-2-3-4-5-6-7-8-9-10-11-12-13-14-15-16-17-18-19-20-21-22-23-24 5 streets_per_node_count_4 0
config.CONGESTION_TYPE, slugifiedstring, i, key, value : NON-RECURRENT-MMM non-recurrent-mmm-istanbul-37-1-2-3-4-5-6-7-8-9-10-11-12-13-14-15-16-17-18-19-20-21-22-23-24 6 n -4.783961708401955e-05
config.CONGESTION_TYPE, slugifiedstring, i, key, value : NON-RECURRENT-MMM non-recurrent-mmm-istanbul-37-1-2-3-4-5-6-7-8-9-10-11-12-13-14-15-16-17-18-19-20-21-22-23-24 7 circuity_avg 3.3554538040641714e-05
config.CONGESTION_TYPE, slugifiedstring, i, key, value : NON-RECURRENT-MMM non-recurrent-mmm-istanbul-37-1-2-3-4-5-6-7-8-9-10-11-12-13-14-15-16-17-18-19-20-21-22-23-24 8 k_avg -0.0003477629695240127
config.CONGESTION_TYPE, slugifiedstring, i, key, value : NON-RECURRENT-MMM non-recurrent-mmm-istanbul-37-1-2-3-4-5-6-7-8-9-10-11-12-13-14-15-16-17-18-19-20-21-22-23-24 9 mean_lanes -0.0001003610228196094
config.CONGESTION_TYPE, slugifiedstring, i, key, value : NON-RECURRENT-MMM non-recurrent-mmm-istanbul-37-1-2-3-4-5-6-7-8-9-10-11-12-13-14-15-16-17-18-19-20-21-22-23-24 10 streets_per_node_count_1 0
config.CONGESTION_TYPE, slugifiedstring, i, key, value : NON-RECURRENT-MMM non-recurrent-mmm-istanbul-37-1-2-3-4-5-6-7-8-9-10-11-12-13-14-15-16-17-18-19-20-21-22-23-24 11 streets_per_node_avg -0.00011289762755526058
config.CONGESTION_TYPE, slugifiedstring, i, key, value : NON-RECURRENT-MMM non-recurrent-mmm-istanbul-37-1-2-3-4-5-6-7-8-9-10-11-12-13-14-15-16-17-18-19-20-21-22-23-24 12 m -3.5354734114127005e-05
config.CONGESTION_TYPE, slugifiedstring, i, key, value : NON-RECURRENT-MMM non-recurrent-mmm-istanbul-37-1-2-3-4-5-6-7-8-9-10-11-12-13-14-15-16-17-18-19-20-21-22-23-24 13 streets_per_node_count_5 -4.6165650627647484e-05
config.CONGESTION_TYPE, slugifiedstring, i, key, value : NON-RECURRENT-MMM non-recurrent-mmm-istanbul-37-1-2-3-4-5-6-7-8-9-10-11-12-13-14-15-16-17-18-19-20-21-22-23-24 14 global_betweenness -0.00031738425039400765
config.CONGESTION_TYPE, slugifiedstring, i, key, value : NON-RECURRENT-MMM non-recurrent-mmm-istanbul-37-1-2-3-4-5-6-7-8-9-10-11-12-13-14-15-16-17-18-19-20-21-22-23-24 15 total_crossings -0.00012862077526286825
config.CONGESTION_TYPE, slugifiedstring, i, key, value : NON-RECURRENT-MMM non-recurrent-mmm-istanbul-37-1-2-3-4-5-6-7-8-9-10-11-12-13-14-15-16-17-18-19-20-21-22-23-24 16 streets_per_node_count_2 -5.512802678768473e-05
config.CONGESTION_TYPE, slugifiedstring, i, key, value : NON-RECURRENT-MMM non-recurrent-mmm-istanbul-75-1-2-3-4-5-6-7-8-9-10-11-12-13-14-15-16-17-18-19-20-21-22-23-24 0 non_metered_count -2.342305836554083e-05
config.CONGESTION_TYPE, slugifiedstring, i, key, value : NON-RECURRENT-MMM non-recurrent-mmm-istanbul-75-1-2-3-4-5-6-7-8-9-10-11-12-13-14-15-16-17-18-19-20-21-22-23-24 1 streets_per_node_count_3 -3.0821860153286e-05
config.CONGESTION_TYPE, slugifiedstring, i, key, value : NON-RECURRENT-MMM non-recurrent-mmm-istanbul-75-1-2-3-4-5-6-7-8-9-10-11-12-13-14-15-16-17-18-19-20-21-22-23-24 2 streets_per_node_count_6 -1.7125835281724775e-05
config.CONGESTION_TYPE, slugifiedstring, i, key, value : NON-RECURRENT-MMM non-recurrent-mmm-istanbul-75-1-2-3-4-5-6-7-8-9-10-11-12-13-14-15-16-17-18-19-20-21-22-23-24 3 betweenness -3.725747034176745e-05
config.CONGESTION_TYPE, slugifiedstring, i, key, value : NON-RECURRENT-MMM non-recurrent-mmm-istanbul-75-1-2-3-4-5-6-7-8-9-10-11-12-13-14-15-16-17-18-19-20-21-22-23-24 4 metered_count -5.270870780096765e-05
config.CONGESTION_TYPE, slugifiedstring, i, key, value : NON-RECURRENT-MMM non-recurrent-mmm-istanbul-75-1-2-3-4-5-6-7-8-9-10-11-12-13-14-15-16-17-18-19-20-21-22-23-24 5 streets_per_node_count_4 0
config.CONGESTION_TYPE, slugifiedstring, i, key, value : NON-RECURRENT-MMM non-recurrent-mmm-istanbul-75-1-2-3-4-5-6-7-8-9-10-11-12-13-14-15-16-17-18-19-20-21-22-23-24 6 n -1.907379030781996e-05
config.CONGESTION_TYPE, slugifiedstring, i, key, value : NON-RECURRENT-MMM non-recurrent-mmm-istanbul-75-1-2-3-4-5-6-7-8-9-10-11-12-13-14-15-16-17-18-19-20-21-22-23-24 7 circuity_avg 1.7208421294467626e-05
config.CONGESTION_TYPE, slugifiedstring, i, key, value : NON-RECURRENT-MMM non-recurrent-mmm-istanbul-75-1-2-3-4-5-6-7-8-9-10-11-12-13-14-15-16-17-18-19-20-21-22-23-24 8 k_avg -0.0004669790473248558
config.CONGESTION_TYPE, slugifiedstring, i, key, value : NON-RECURRENT-MMM non-recurrent-mmm-istanbul-75-1-2-3-4-5-6-7-8-9-10-11-12-13-14-15-16-17-18-19-20-21-22-23-24 9 mean_lanes -6.79413478887633e-05
config.CONGESTION_TYPE, slugifiedstring, i, key, value : NON-RECURRENT-MMM non-recurrent-mmm-istanbul-75-1-2-3-4-5-6-7-8-9-10-11-12-13-14-15-16-17-18-19-20-21-22-23-24 10 streets_per_node_count_1 0
config.CONGESTION_TYPE, slugifiedstring, i, key, value : NON-RECURRENT-MMM non-recurrent-mmm-istanbul-75-1-2-3-4-5-6-7-8-9-10-11-12-13-14-15-16-17-18-19-20-21-22-23-24 11 streets_per_node_avg -3.3763919011663124e-05
config.CONGESTION_TYPE, slugifiedstring, i, key, value : NON-RECURRENT-MMM non-recurrent-mmm-istanbul-75-1-2-3-4-5-6-7-8-9-10-11-12-13-14-15-16-17-18-19-20-21-22-23-24 12 m 2.8970005295903007e-05
config.CONGESTION_TYPE, slugifiedstring, i, key, value : NON-RECURRENT-MMM non-recurrent-mmm-istanbul-75-1-2-3-4-5-6-7-8-9-10-11-12-13-14-15-16-17-18-19-20-21-22-23-24 13 streets_per_node_count_5 -1.879381369663238e-05
config.CONGESTION_TYPE, slugifiedstring, i, key, value : NON-RECURRENT-MMM non-recurrent-mmm-istanbul-75-1-2-3-4-5-6-7-8-9-10-11-12-13-14-15-16-17-18-19-20-21-22-23-24 14 global_betweenness 0.000277133592878711
config.CONGESTION_TYPE, slugifiedstring, i, key, value : NON-RECURRENT-MMM non-recurrent-mmm-istanbul-75-1-2-3-4-5-6-7-8-9-10-11-12-13-14-15-16-17-18-19-20-21-22-23-24 15 total_crossings -5.898953819805912e-05
config.CONGESTION_TYPE, slugifiedstring, i, key, value : NON-RECURRENT-MMM non-recurrent-mmm-istanbul-75-1-2-3-4-5-6-7-8-9-10-11-12-13-14-15-16-17-18-19-20-21-22-23-24 16 streets_per_node_count_2 -2.5283438263024614e-05
config.CONGESTION_TYPE, slugifiedstring, i, key, value : NON-RECURRENT-MMM non-recurrent-mmm-istanbul-150-1-2-3-4-5-6-7-8-9-10-11-12-13-14-15-16-17-18-19-20-21-22-23-24 0 non_metered_count -1.5325568015148426e-05
config.CONGESTION_TYPE, slugifiedstring, i, key, value : NON-RECURRENT-MMM non-recurrent-mmm-istanbul-150-1-2-3-4-5-6-7-8-9-10-11-12-13-14-15-16-17-18-19-20-21-22-23-24 1 streets_per_node_count_3 -8.75945496030187e-06
config.CONGESTION_TYPE, slugifiedstring, i, key, value : NON-RECURRENT-MMM non-recurrent-mmm-istanbul-150-1-2-3-4-5-6-7-8-9-10-11-12-13-14-15-16-17-18-19-20-21-22-23-24 2 streets_per_node_count_6 -8.378565604604946e-06
config.CONGESTION_TYPE, slugifiedstring, i, key, value : NON-RECURRENT-MMM non-recurrent-mmm-istanbul-150-1-2-3-4-5-6-7-8-9-10-11-12-13-14-15-16-17-18-19-20-21-22-23-24 3 betweenness -2.1634463002645887e-05
config.CONGESTION_TYPE, slugifiedstring, i, key, value : NON-RECURRENT-MMM non-recurrent-mmm-istanbul-150-1-2-3-4-5-6-7-8-9-10-11-12-13-14-15-16-17-18-19-20-21-22-23-24 4 metered_count -1.3401761707682449e-05
config.CONGESTION_TYPE, slugifiedstring, i, key, value : NON-RECURRENT-MMM non-recurrent-mmm-istanbul-150-1-2-3-4-5-6-7-8-9-10-11-12-13-14-15-16-17-18-19-20-21-22-23-24 5 streets_per_node_count_4 0
config.CONGESTION_TYPE, slugifiedstring, i, key, value : NON-RECURRENT-MMM non-recurrent-mmm-istanbul-150-1-2-3-4-5-6-7-8-9-10-11-12-13-14-15-16-17-18-19-20-21-22-23-24 6 n -1.2351088038754868e-05
config.CONGESTION_TYPE, slugifiedstring, i, key, value : NON-RECURRENT-MMM non-recurrent-mmm-istanbul-150-1-2-3-4-5-6-7-8-9-10-11-12-13-14-15-16-17-18-19-20-21-22-23-24 7 circuity_avg 6.913282896602811e-06
config.CONGESTION_TYPE, slugifiedstring, i, key, value : NON-RECURRENT-MMM non-recurrent-mmm-istanbul-150-1-2-3-4-5-6-7-8-9-10-11-12-13-14-15-16-17-18-19-20-21-22-23-24 8 k_avg -0.00043653659107565675
config.CONGESTION_TYPE, slugifiedstring, i, key, value : NON-RECURRENT-MMM non-recurrent-mmm-istanbul-150-1-2-3-4-5-6-7-8-9-10-11-12-13-14-15-16-17-18-19-20-21-22-23-24 9 mean_lanes -5.528515724183233e-05
config.CONGESTION_TYPE, slugifiedstring, i, key, value : NON-RECURRENT-MMM non-recurrent-mmm-istanbul-150-1-2-3-4-5-6-7-8-9-10-11-12-13-14-15-16-17-18-19-20-21-22-23-24 10 streets_per_node_count_1 0
config.CONGESTION_TYPE, slugifiedstring, i, key, value : NON-RECURRENT-MMM non-recurrent-mmm-istanbul-150-1-2-3-4-5-6-7-8-9-10-11-12-13-14-15-16-17-18-19-20-21-22-23-24 11 streets_per_node_avg -1.4188587110406575e-05
config.CONGESTION_TYPE, slugifiedstring, i, key, value : NON-RECURRENT-MMM non-recurrent-mmm-istanbul-150-1-2-3-4-5-6-7-8-9-10-11-12-13-14-15-16-17-18-19-20-21-22-23-24 12 m -7.022509626553434e-06
config.CONGESTION_TYPE, slugifiedstring, i, key, value : NON-RECURRENT-MMM non-recurrent-mmm-istanbul-150-1-2-3-4-5-6-7-8-9-10-11-12-13-14-15-16-17-18-19-20-21-22-23-24 13 streets_per_node_count_5 -9.889565443074529e-06
config.CONGESTION_TYPE, slugifiedstring, i, key, value : NON-RECURRENT-MMM non-recurrent-mmm-istanbul-150-1-2-3-4-5-6-7-8-9-10-11-12-13-14-15-16-17-18-19-20-21-22-23-24 14 global_betweenness 6.0983337911331995e-05
config.CONGESTION_TYPE, slugifiedstring, i, key, value : NON-RECURRENT-MMM non-recurrent-mmm-istanbul-150-1-2-3-4-5-6-7-8-9-10-11-12-13-14-15-16-17-18-19-20-21-22-23-24 15 total_crossings -3.277097810291473e-05
config.CONGESTION_TYPE, slugifiedstring, i, key, value : NON-RECURRENT-MMM non-recurrent-mmm-istanbul-150-1-2-3-4-5-6-7-8-9-10-11-12-13-14-15-16-17-18-19-20-21-22-23-24 16 streets_per_node_count_2 -7.9709248297327e-06
