Matplotlib is currently using agg, which is a non-GUI backend, so cannot show the figure.
Matplotlib is currently using agg, which is a non-GUI backend, so cannot show the figure.
Loaded config file: Prefix for name of road network object pickle file!
os.getcwd() : /home/niskumar/WCS/urbanscales/modelling
sorted_percentage_nan_per_column : maxspeed                         53.424658
n                                 0.000000
lane_density                      0.000000
streets_per_node_proportion_6     0.000000
streets_per_node_count_6          0.000000
streets_per_node_proportion_5     0.000000
streets_per_node_count_5          0.000000
streets_per_node_proportion_4     0.000000
streets_per_node_count_4          0.000000
streets_per_node_proportion_3     0.000000
streets_per_node_count_3          0.000000
streets_per_node_proportion_2     0.000000
streets_per_node_count_2          0.000000
streets_per_node_proportion_1     0.000000
streets_per_node_count_1          0.000000
mean_lanes                        0.000000
m                                 0.000000
betweenness                       0.000000
total_crossings                   0.000000
non_metered_count                 0.000000
metered_count                     0.000000
self_loop_proportion              0.000000
circuity_avg                      0.000000
street_length_avg                 0.000000
street_segment_count              0.000000
street_length_total               0.000000
streets_per_node_avg              0.000000
edge_length_avg                   0.000000
edge_length_total                 0.000000
k_avg                             0.000000
global_betweenness                0.000000
dtype: float64
city, scale, tod, config.shift_tile_marker, X.shape, Y.shape : Istanbul 30 [1, 2, 3, 4, 5, 6, 7, 8, 9, 10, 11, 12, 13, 14, 15, 16, 17, 18, 19, 20, 21, 22, 23, 24] 3 (657, 17) (657,)
X.shape, Y.shape, "Inside the model-fitting function" : (657, 17) (657,) Inside the model-fitting function
Dict: model_trials.best_params_
Key: Value
{'randomforestregressor__max_depth': 50,
 'randomforestregressor__max_features': 'sqrt',
 'randomforestregressor__n_estimators': 500}
Dict: model_trials.best_params_
Key: Value
{'xgbregressor__learning_rate': 0.2,
 'xgbregressor__max_depth': 10,
 'xgbregressor__n_estimators': 200}
Matplotlib is currently using agg, which is a non-GUI backend, so cannot show the figure.
config.CONGESTION_TYPE, slugifiedstring, i, key, value : NON-RECURRENT-MMM non-recurrent-mmm-istanbul-30-1-2-3-4-5-6-7-8-9-10-11-12-13-14-15-16-17-18-19-20-21-22-23-24 0 non_metered_count -7.716725842797452e-05
config.CONGESTION_TYPE, slugifiedstring, i, key, value : NON-RECURRENT-MMM non-recurrent-mmm-istanbul-30-1-2-3-4-5-6-7-8-9-10-11-12-13-14-15-16-17-18-19-20-21-22-23-24 1 streets_per_node_count_3 -0.00013921474597539097
config.CONGESTION_TYPE, slugifiedstring, i, key, value : NON-RECURRENT-MMM non-recurrent-mmm-istanbul-30-1-2-3-4-5-6-7-8-9-10-11-12-13-14-15-16-17-18-19-20-21-22-23-24 2 streets_per_node_count_6 -6.63965976987459e-05
config.CONGESTION_TYPE, slugifiedstring, i, key, value : NON-RECURRENT-MMM non-recurrent-mmm-istanbul-30-1-2-3-4-5-6-7-8-9-10-11-12-13-14-15-16-17-18-19-20-21-22-23-24 3 betweenness -6.225439054130297e-05
config.CONGESTION_TYPE, slugifiedstring, i, key, value : NON-RECURRENT-MMM non-recurrent-mmm-istanbul-30-1-2-3-4-5-6-7-8-9-10-11-12-13-14-15-16-17-18-19-20-21-22-23-24 4 metered_count -0.00013384641191487994
config.CONGESTION_TYPE, slugifiedstring, i, key, value : NON-RECURRENT-MMM non-recurrent-mmm-istanbul-30-1-2-3-4-5-6-7-8-9-10-11-12-13-14-15-16-17-18-19-20-21-22-23-24 5 streets_per_node_count_4 0
config.CONGESTION_TYPE, slugifiedstring, i, key, value : NON-RECURRENT-MMM non-recurrent-mmm-istanbul-30-1-2-3-4-5-6-7-8-9-10-11-12-13-14-15-16-17-18-19-20-21-22-23-24 6 n -5.6484883036247615e-05
config.CONGESTION_TYPE, slugifiedstring, i, key, value : NON-RECURRENT-MMM non-recurrent-mmm-istanbul-30-1-2-3-4-5-6-7-8-9-10-11-12-13-14-15-16-17-18-19-20-21-22-23-24 7 circuity_avg 5.623709458096729e-05
config.CONGESTION_TYPE, slugifiedstring, i, key, value : NON-RECURRENT-MMM non-recurrent-mmm-istanbul-30-1-2-3-4-5-6-7-8-9-10-11-12-13-14-15-16-17-18-19-20-21-22-23-24 8 k_avg -0.00029155900262147464
config.CONGESTION_TYPE, slugifiedstring, i, key, value : NON-RECURRENT-MMM non-recurrent-mmm-istanbul-30-1-2-3-4-5-6-7-8-9-10-11-12-13-14-15-16-17-18-19-20-21-22-23-24 9 mean_lanes -0.0001190377249936489
config.CONGESTION_TYPE, slugifiedstring, i, key, value : NON-RECURRENT-MMM non-recurrent-mmm-istanbul-30-1-2-3-4-5-6-7-8-9-10-11-12-13-14-15-16-17-18-19-20-21-22-23-24 10 streets_per_node_count_1 0
config.CONGESTION_TYPE, slugifiedstring, i, key, value : NON-RECURRENT-MMM non-recurrent-mmm-istanbul-30-1-2-3-4-5-6-7-8-9-10-11-12-13-14-15-16-17-18-19-20-21-22-23-24 11 streets_per_node_avg -0.00010997409120600289
config.CONGESTION_TYPE, slugifiedstring, i, key, value : NON-RECURRENT-MMM non-recurrent-mmm-istanbul-30-1-2-3-4-5-6-7-8-9-10-11-12-13-14-15-16-17-18-19-20-21-22-23-24 12 m -3.903965385158675e-05
config.CONGESTION_TYPE, slugifiedstring, i, key, value : NON-RECURRENT-MMM non-recurrent-mmm-istanbul-30-1-2-3-4-5-6-7-8-9-10-11-12-13-14-15-16-17-18-19-20-21-22-23-24 13 streets_per_node_count_5 -6.541270837578407e-05
config.CONGESTION_TYPE, slugifiedstring, i, key, value : NON-RECURRENT-MMM non-recurrent-mmm-istanbul-30-1-2-3-4-5-6-7-8-9-10-11-12-13-14-15-16-17-18-19-20-21-22-23-24 14 global_betweenness 0.0004560306371007727
config.CONGESTION_TYPE, slugifiedstring, i, key, value : NON-RECURRENT-MMM non-recurrent-mmm-istanbul-30-1-2-3-4-5-6-7-8-9-10-11-12-13-14-15-16-17-18-19-20-21-22-23-24 15 total_crossings -0.00016726058661439803
config.CONGESTION_TYPE, slugifiedstring, i, key, value : NON-RECURRENT-MMM non-recurrent-mmm-istanbul-30-1-2-3-4-5-6-7-8-9-10-11-12-13-14-15-16-17-18-19-20-21-22-23-24 16 streets_per_node_count_2 -5.1912671702830456e-05
SHAP Values for each feature:
Slug                           Feature Name         Mean Abs SHAP Value
SHAP-- non-recurrent-mmm-istanbul-30-1-2-3-4-5-6-7-8-9-10-11-12-13-14-15-16-17-18-19-20-21-22-23-24 non_metered_count             0.0059
SHAP-- non-recurrent-mmm-istanbul-30-1-2-3-4-5-6-7-8-9-10-11-12-13-14-15-16-17-18-19-20-21-22-23-24 streets_per_node_count_3          0.0147
SHAP-- non-recurrent-mmm-istanbul-30-1-2-3-4-5-6-7-8-9-10-11-12-13-14-15-16-17-18-19-20-21-22-23-24 streets_per_node_count_6          0.0059
SHAP-- non-recurrent-mmm-istanbul-30-1-2-3-4-5-6-7-8-9-10-11-12-13-14-15-16-17-18-19-20-21-22-23-24 betweenness                   0.0044
SHAP-- non-recurrent-mmm-istanbul-30-1-2-3-4-5-6-7-8-9-10-11-12-13-14-15-16-17-18-19-20-21-22-23-24 metered_count                 0.0095
SHAP-- non-recurrent-mmm-istanbul-30-1-2-3-4-5-6-7-8-9-10-11-12-13-14-15-16-17-18-19-20-21-22-23-24 streets_per_node_count_4          0.0000
SHAP-- non-recurrent-mmm-istanbul-30-1-2-3-4-5-6-7-8-9-10-11-12-13-14-15-16-17-18-19-20-21-22-23-24 n                             0.0044
SHAP-- non-recurrent-mmm-istanbul-30-1-2-3-4-5-6-7-8-9-10-11-12-13-14-15-16-17-18-19-20-21-22-23-24 circuity_avg                  0.0013
SHAP-- non-recurrent-mmm-istanbul-30-1-2-3-4-5-6-7-8-9-10-11-12-13-14-15-16-17-18-19-20-21-22-23-24 k_avg                         0.0058
SHAP-- non-recurrent-mmm-istanbul-30-1-2-3-4-5-6-7-8-9-10-11-12-13-14-15-16-17-18-19-20-21-22-23-24 mean_lanes                    0.0064
SHAP-- non-recurrent-mmm-istanbul-30-1-2-3-4-5-6-7-8-9-10-11-12-13-14-15-16-17-18-19-20-21-22-23-24 streets_per_node_count_1          0.0000
SHAP-- non-recurrent-mmm-istanbul-30-1-2-3-4-5-6-7-8-9-10-11-12-13-14-15-16-17-18-19-20-21-22-23-24 streets_per_node_avg          0.0103
SHAP-- non-recurrent-mmm-istanbul-30-1-2-3-4-5-6-7-8-9-10-11-12-13-14-15-16-17-18-19-20-21-22-23-24 m                             0.0028
SHAP-- non-recurrent-mmm-istanbul-30-1-2-3-4-5-6-7-8-9-10-11-12-13-14-15-16-17-18-19-20-21-22-23-24 streets_per_node_count_5          0.0044
SHAP-- non-recurrent-mmm-istanbul-30-1-2-3-4-5-6-7-8-9-10-11-12-13-14-15-16-17-18-19-20-21-22-23-24 global_betweenness            0.0058
SHAP-- non-recurrent-mmm-istanbul-30-1-2-3-4-5-6-7-8-9-10-11-12-13-14-15-16-17-18-19-20-21-22-23-24 total_crossings               0.0142
SHAP-- non-recurrent-mmm-istanbul-30-1-2-3-4-5-6-7-8-9-10-11-12-13-14-15-16-17-18-19-20-21-22-23-24 streets_per_node_count_2          0.0037
NON-RECURRENT-MMM Istanbul 30 LR 0.41115312491232886 XpVar
NON-RECURRENT-MMM Istanbul 30 RF 0.4927190309099729 XpVar
NON-RECURRENT-MMM Istanbul 30 GBM 0.3642089765632419 XpVar
NON-RECURRENT-MMM Istanbul 30 LLR 0.0 XpVar
NON-RECURRENT-MMM Istanbul 30 RLR 0.40629448405869584 XpVar
NON-RECURRENT-MMM Istanbul 30 LR 0.006104449151481528 MSE
NON-RECURRENT-MMM Istanbul 30 RF 0.005289278655531073 MSE
NON-RECURRENT-MMM Istanbul 30 GBM 0.006458517525466668 MSE
NON-RECURRENT-MMM Istanbul 30 LLR 0.009856955616101297 MSE
NON-RECURRENT-MMM Istanbul 30 RLR 0.006148858979030779 MSE
NON-RECURRENT-MMM Istanbul 30 LR 0.4049693503319957 R2
NON-RECURRENT-MMM Istanbul 30 RF 0.48354274708872597 R2
NON-RECURRENT-MMM Istanbul 30 GBM 0.3524675437167521 R2
NON-RECURRENT-MMM Istanbul 30 LLR -0.007215373390122824 R2
NON-RECURRENT-MMM Istanbul 30 RLR 0.4002854875971047 R2
t_spatial, t_non_spatial, "seconds" : 1.430511474609375e-06 345.88084411621094 seconds
sorted_percentage_nan_per_column : Matplotlib is currently using agg, which is a non-GUI backend, so cannot show the figure.
Matplotlib is currently using agg, which is a non-GUI backend, so cannot show the figure.
maxspeed                         60.031847
n                                 0.000000
lane_density                      0.000000
streets_per_node_proportion_6     0.000000
streets_per_node_count_6          0.000000
streets_per_node_proportion_5     0.000000
streets_per_node_count_5          0.000000
streets_per_node_proportion_4     0.000000
streets_per_node_count_4          0.000000
streets_per_node_proportion_3     0.000000
streets_per_node_count_3          0.000000
streets_per_node_proportion_2     0.000000
streets_per_node_count_2          0.000000
streets_per_node_proportion_1     0.000000
streets_per_node_count_1          0.000000
mean_lanes                        0.000000
m                                 0.000000
betweenness                       0.000000
total_crossings                   0.000000
non_metered_count                 0.000000
metered_count                     0.000000
self_loop_proportion              0.000000
circuity_avg                      0.000000
street_length_avg                 0.000000
street_segment_count              0.000000
street_length_total               0.000000
streets_per_node_avg              0.000000
edge_length_avg                   0.000000
edge_length_total                 0.000000
k_avg                             0.000000
global_betweenness                0.000000
dtype: float64
city, scale, tod, config.shift_tile_marker, X.shape, Y.shape : Istanbul 45 [1, 2, 3, 4, 5, 6, 7, 8, 9, 10, 11, 12, 13, 14, 15, 16, 17, 18, 19, 20, 21, 22, 23, 24] 3 (1256, 17) (1256,)
X.shape, Y.shape, "Inside the model-fitting function" : (1256, 17) (1256,) Inside the model-fitting function
Dict: model_trials.best_params_
Key: Value
{'randomforestregressor__max_depth': 10,
 'randomforestregressor__max_features': 'sqrt',
 'randomforestregressor__n_estimators': 200}
Dict: model_trials.best_params_
Key: Value
{'xgbregressor__learning_rate': 0.01,
 'xgbregressor__max_depth': 10,
 'xgbregressor__n_estimators': 200}
Matplotlib is currently using agg, which is a non-GUI backend, so cannot show the figure.
config.CONGESTION_TYPE, slugifiedstring, i, key, value : NON-RECURRENT-MMM non-recurrent-mmm-istanbul-45-1-2-3-4-5-6-7-8-9-10-11-12-13-14-15-16-17-18-19-20-21-22-23-24 0 non_metered_count -4.9133401591605746e-05
config.CONGESTION_TYPE, slugifiedstring, i, key, value : NON-RECURRENT-MMM non-recurrent-mmm-istanbul-45-1-2-3-4-5-6-7-8-9-10-11-12-13-14-15-16-17-18-19-20-21-22-23-24 1 streets_per_node_count_3 -6.574216322830846e-05
config.CONGESTION_TYPE, slugifiedstring, i, key, value : NON-RECURRENT-MMM non-recurrent-mmm-istanbul-45-1-2-3-4-5-6-7-8-9-10-11-12-13-14-15-16-17-18-19-20-21-22-23-24 2 streets_per_node_count_6 -3.500884737993501e-05
config.CONGESTION_TYPE, slugifiedstring, i, key, value : NON-RECURRENT-MMM non-recurrent-mmm-istanbul-45-1-2-3-4-5-6-7-8-9-10-11-12-13-14-15-16-17-18-19-20-21-22-23-24 3 betweenness -6.0734112412400546e-05
config.CONGESTION_TYPE, slugifiedstring, i, key, value : NON-RECURRENT-MMM non-recurrent-mmm-istanbul-45-1-2-3-4-5-6-7-8-9-10-11-12-13-14-15-16-17-18-19-20-21-22-23-24 4 metered_count -8.018506616628914e-05
config.CONGESTION_TYPE, slugifiedstring, i, key, value : NON-RECURRENT-MMM non-recurrent-mmm-istanbul-45-1-2-3-4-5-6-7-8-9-10-11-12-13-14-15-16-17-18-19-20-21-22-23-24 5 streets_per_node_count_4 0
config.CONGESTION_TYPE, slugifiedstring, i, key, value : NON-RECURRENT-MMM non-recurrent-mmm-istanbul-45-1-2-3-4-5-6-7-8-9-10-11-12-13-14-15-16-17-18-19-20-21-22-23-24 6 n -3.486015555932841e-05
config.CONGESTION_TYPE, slugifiedstring, i, key, value : NON-RECURRENT-MMM non-recurrent-mmm-istanbul-45-1-2-3-4-5-6-7-8-9-10-11-12-13-14-15-16-17-18-19-20-21-22-23-24 7 circuity_avg 4.001961908733632e-05
config.CONGESTION_TYPE, slugifiedstring, i, key, value : NON-RECURRENT-MMM non-recurrent-mmm-istanbul-45-1-2-3-4-5-6-7-8-9-10-11-12-13-14-15-16-17-18-19-20-21-22-23-24 8 k_avg -0.00013097618929499162
config.CONGESTION_TYPE, slugifiedstring, i, key, value : NON-RECURRENT-MMM non-recurrent-mmm-istanbul-45-1-2-3-4-5-6-7-8-9-10-11-12-13-14-15-16-17-18-19-20-21-22-23-24 9 mean_lanes -0.00010338428809850217
config.CONGESTION_TYPE, slugifiedstring, i, key, value : NON-RECURRENT-MMM non-recurrent-mmm-istanbul-45-1-2-3-4-5-6-7-8-9-10-11-12-13-14-15-16-17-18-19-20-21-22-23-24 10 streets_per_node_count_1 0
config.CONGESTION_TYPE, slugifiedstring, i, key, value : NON-RECURRENT-MMM non-recurrent-mmm-istanbul-45-1-2-3-4-5-6-7-8-9-10-11-12-13-14-15-16-17-18-19-20-21-22-23-24 11 streets_per_node_avg -8.165557926271173e-05
config.CONGESTION_TYPE, slugifiedstring, i, key, value : NON-RECURRENT-MMM non-recurrent-mmm-istanbul-45-1-2-3-4-5-6-7-8-9-10-11-12-13-14-15-16-17-18-19-20-21-22-23-24 12 m -4.42320337728031e-05
config.CONGESTION_TYPE, slugifiedstring, i, key, value : NON-RECURRENT-MMM non-recurrent-mmm-istanbul-45-1-2-3-4-5-6-7-8-9-10-11-12-13-14-15-16-17-18-19-20-21-22-23-24 13 streets_per_node_count_5 -2.799988933541464e-05
config.CONGESTION_TYPE, slugifiedstring, i, key, value : NON-RECURRENT-MMM non-recurrent-mmm-istanbul-45-1-2-3-4-5-6-7-8-9-10-11-12-13-14-15-16-17-18-19-20-21-22-23-24 14 global_betweenness -0.0010608443151430703
config.CONGESTION_TYPE, slugifiedstring, i, key, value : NON-RECURRENT-MMM non-recurrent-mmm-istanbul-45-1-2-3-4-5-6-7-8-9-10-11-12-13-14-15-16-17-18-19-20-21-22-23-24 15 total_crossings -0.00010673771184275571
config.CONGESTION_TYPE, slugifiedstring, i, key, value : NON-RECURRENT-MMM non-recurrent-mmm-istanbul-45-1-2-3-4-5-6-7-8-9-10-11-12-13-14-15-16-17-18-19-20-21-22-23-24 16 streets_per_node_count_2 -4.204108861768778e-05
SHAP Values for each feature:
Slug                           Feature Name         Mean Abs SHAP Value
SHAP-- non-recurrent-mmm-istanbul-45-1-2-3-4-5-6-7-8-9-10-11-12-13-14-15-16-17-18-19-20-21-22-23-24 non_metered_count             0.0066
SHAP-- non-recurrent-mmm-istanbul-45-1-2-3-4-5-6-7-8-9-10-11-12-13-14-15-16-17-18-19-20-21-22-23-24 streets_per_node_count_3          0.0122
SHAP-- non-recurrent-mmm-istanbul-45-1-2-3-4-5-6-7-8-9-10-11-12-13-14-15-16-17-18-19-20-21-22-23-24 streets_per_node_count_6          0.0056
SHAP-- non-recurrent-mmm-istanbul-45-1-2-3-4-5-6-7-8-9-10-11-12-13-14-15-16-17-18-19-20-21-22-23-24 betweenness                   0.0057
SHAP-- non-recurrent-mmm-istanbul-45-1-2-3-4-5-6-7-8-9-10-11-12-13-14-15-16-17-18-19-20-21-22-23-24 metered_count                 0.0091
SHAP-- non-recurrent-mmm-istanbul-45-1-2-3-4-5-6-7-8-9-10-11-12-13-14-15-16-17-18-19-20-21-22-23-24 streets_per_node_count_4          0.0000
SHAP-- non-recurrent-mmm-istanbul-45-1-2-3-4-5-6-7-8-9-10-11-12-13-14-15-16-17-18-19-20-21-22-23-24 n                             0.0036
SHAP-- non-recurrent-mmm-istanbul-45-1-2-3-4-5-6-7-8-9-10-11-12-13-14-15-16-17-18-19-20-21-22-23-24 circuity_avg                  0.0012
SHAP-- non-recurrent-mmm-istanbul-45-1-2-3-4-5-6-7-8-9-10-11-12-13-14-15-16-17-18-19-20-21-22-23-24 k_avg                         0.0065
SHAP-- non-recurrent-mmm-istanbul-45-1-2-3-4-5-6-7-8-9-10-11-12-13-14-15-16-17-18-19-20-21-22-23-24 mean_lanes                    0.0104
SHAP-- non-recurrent-mmm-istanbul-45-1-2-3-4-5-6-7-8-9-10-11-12-13-14-15-16-17-18-19-20-21-22-23-24 streets_per_node_count_1          0.0000
SHAP-- non-recurrent-mmm-istanbul-45-1-2-3-4-5-6-7-8-9-10-11-12-13-14-15-16-17-18-19-20-21-22-23-24 streets_per_node_avg          0.0136
SHAP-- non-recurrent-mmm-istanbul-45-1-2-3-4-5-6-7-8-9-10-11-12-13-14-15-16-17-18-19-20-21-22-23-24 m                             0.0032
SHAP-- non-recurrent-mmm-istanbul-45-1-2-3-4-5-6-7-8-9-10-11-12-13-14-15-16-17-18-19-20-21-22-23-24 streets_per_node_count_5          0.0041
SHAP-- non-recurrent-mmm-istanbul-45-1-2-3-4-5-6-7-8-9-10-11-12-13-14-15-16-17-18-19-20-21-22-23-24 global_betweenness            0.0077
SHAP-- non-recurrent-mmm-istanbul-45-1-2-3-4-5-6-7-8-9-10-11-12-13-14-15-16-17-18-19-20-21-22-23-24 total_crossings               0.0149
SHAP-- non-recurrent-mmm-istanbul-45-1-2-3-4-5-6-7-8-9-10-11-12-13-14-15-16-17-18-19-20-21-22-23-24 streets_per_node_count_2          0.0042
NON-RECURRENT-MMM Istanbul 45 LR 0.2974222913283066 XpVar
NON-RECURRENT-MMM Istanbul 45 RF 0.38320460763959546 XpVar
NON-RECURRENT-MMM Istanbul 45 GBM 0.2990682640866412 XpVar
NON-RECURRENT-MMM Istanbul 45 LLR 1.586032892321652e-17 XpVar
NON-RECURRENT-MMM Istanbul 45 RLR 0.2972066621303197 XpVar
NON-RECURRENT-MMM Istanbul 45 LR 0.00870390245510431 MSE
NON-RECURRENT-MMM Istanbul 45 RF 0.007650530797700782 MSE
NON-RECURRENT-MMM Istanbul 45 GBM 0.008648677233661016 MSE
NON-RECURRENT-MMM Istanbul 45 LLR 0.01236698963810277 MSE
NON-RECURRENT-MMM Istanbul 45 RLR 0.008700056859832864 MSE
NON-RECURRENT-MMM Istanbul 45 LR 0.292633893935126 R2
NON-RECURRENT-MMM Istanbul 45 RF 0.3796256415868703 R2
NON-RECURRENT-MMM Istanbul 45 GBM 0.2954462877618473 R2
NON-RECURRENT-MMM Istanbul 45 LLR -0.006348401845515962 R2
NON-RECURRENT-MMM Istanbul 45 RLR 0.29230084293128605 R2
t_spatial, t_non_spatial, "seconds" : 2.384185791015625e-06 549.2293245792389 seconds
sorted_percentage_nan_per_column : Matplotlib is currently using agg, which is a non-GUI backend, so cannot show the figure.
Matplotlib is currently using agg, which is a non-GUI backend, so cannot show the figure.
maxspeed                         64.870361
n                                 0.000000
lane_density                      0.000000
streets_per_node_proportion_6     0.000000
streets_per_node_count_6          0.000000
streets_per_node_proportion_5     0.000000
streets_per_node_count_5          0.000000
streets_per_node_proportion_4     0.000000
streets_per_node_count_4          0.000000
streets_per_node_proportion_3     0.000000
streets_per_node_count_3          0.000000
streets_per_node_proportion_2     0.000000
streets_per_node_count_2          0.000000
streets_per_node_proportion_1     0.000000
streets_per_node_count_1          0.000000
mean_lanes                        0.000000
m                                 0.000000
betweenness                       0.000000
total_crossings                   0.000000
non_metered_count                 0.000000
metered_count                     0.000000
self_loop_proportion              0.000000
circuity_avg                      0.000000
street_length_avg                 0.000000
street_segment_count              0.000000
street_length_total               0.000000
streets_per_node_avg              0.000000
edge_length_avg                   0.000000
edge_length_total                 0.000000
k_avg                             0.000000
global_betweenness                0.000000
dtype: float64
city, scale, tod, config.shift_tile_marker, X.shape, Y.shape : Istanbul 60 [1, 2, 3, 4, 5, 6, 7, 8, 9, 10, 11, 12, 13, 14, 15, 16, 17, 18, 19, 20, 21, 22, 23, 24] 3 (1967, 17) (1967,)
X.shape, Y.shape, "Inside the model-fitting function" : (1967, 17) (1967,) Inside the model-fitting function
Dict: model_trials.best_params_
Key: Value
{'randomforestregressor__max_depth': 10,
 'randomforestregressor__max_features': 'sqrt',
 'randomforestregressor__n_estimators': 1000}
Dict: model_trials.best_params_
Key: Value
{'xgbregressor__learning_rate': 0.01,
 'xgbregressor__max_depth': 10,
 'xgbregressor__n_estimators': 200}
Matplotlib is currently using agg, which is a non-GUI backend, so cannot show the figure.
config.CONGESTION_TYPE, slugifiedstring, i, key, value : NON-RECURRENT-MMM non-recurrent-mmm-istanbul-60-1-2-3-4-5-6-7-8-9-10-11-12-13-14-15-16-17-18-19-20-21-22-23-24 0 non_metered_count -3.7374513058095044e-05
config.CONGESTION_TYPE, slugifiedstring, i, key, value : NON-RECURRENT-MMM non-recurrent-mmm-istanbul-60-1-2-3-4-5-6-7-8-9-10-11-12-13-14-15-16-17-18-19-20-21-22-23-24 1 streets_per_node_count_3 -4.726316083059781e-05
config.CONGESTION_TYPE, slugifiedstring, i, key, value : NON-RECURRENT-MMM non-recurrent-mmm-istanbul-60-1-2-3-4-5-6-7-8-9-10-11-12-13-14-15-16-17-18-19-20-21-22-23-24 2 streets_per_node_count_6 -2.360631893626045e-05
config.CONGESTION_TYPE, slugifiedstring, i, key, value : NON-RECURRENT-MMM non-recurrent-mmm-istanbul-60-1-2-3-4-5-6-7-8-9-10-11-12-13-14-15-16-17-18-19-20-21-22-23-24 3 betweenness -4.6878520348486326e-05
config.CONGESTION_TYPE, slugifiedstring, i, key, value : NON-RECURRENT-MMM non-recurrent-mmm-istanbul-60-1-2-3-4-5-6-7-8-9-10-11-12-13-14-15-16-17-18-19-20-21-22-23-24 4 metered_count -4.342666224693511e-05
config.CONGESTION_TYPE, slugifiedstring, i, key, value : NON-RECURRENT-MMM non-recurrent-mmm-istanbul-60-1-2-3-4-5-6-7-8-9-10-11-12-13-14-15-16-17-18-19-20-21-22-23-24 5 streets_per_node_count_4 0
config.CONGESTION_TYPE, slugifiedstring, i, key, value : NON-RECURRENT-MMM non-recurrent-mmm-istanbul-60-1-2-3-4-5-6-7-8-9-10-11-12-13-14-15-16-17-18-19-20-21-22-23-24 6 n -2.5278094274692823e-05
config.CONGESTION_TYPE, slugifiedstring, i, key, value : NON-RECURRENT-MMM non-recurrent-mmm-istanbul-60-1-2-3-4-5-6-7-8-9-10-11-12-13-14-15-16-17-18-19-20-21-22-23-24 7 circuity_avg 3.0050321342628117e-05
config.CONGESTION_TYPE, slugifiedstring, i, key, value : NON-RECURRENT-MMM non-recurrent-mmm-istanbul-60-1-2-3-4-5-6-7-8-9-10-11-12-13-14-15-16-17-18-19-20-21-22-23-24 8 k_avg -0.0001702633229923722
config.CONGESTION_TYPE, slugifiedstring, i, key, value : NON-RECURRENT-MMM non-recurrent-mmm-istanbul-60-1-2-3-4-5-6-7-8-9-10-11-12-13-14-15-16-17-18-19-20-21-22-23-24 9 mean_lanes -9.440287773090237e-05
config.CONGESTION_TYPE, slugifiedstring, i, key, value : NON-RECURRENT-MMM non-recurrent-mmm-istanbul-60-1-2-3-4-5-6-7-8-9-10-11-12-13-14-15-16-17-18-19-20-21-22-23-24 10 streets_per_node_count_1 0
config.CONGESTION_TYPE, slugifiedstring, i, key, value : NON-RECURRENT-MMM non-recurrent-mmm-istanbul-60-1-2-3-4-5-6-7-8-9-10-11-12-13-14-15-16-17-18-19-20-21-22-23-24 11 streets_per_node_avg -4.537062439816745e-05
config.CONGESTION_TYPE, slugifiedstring, i, key, value : NON-RECURRENT-MMM non-recurrent-mmm-istanbul-60-1-2-3-4-5-6-7-8-9-10-11-12-13-14-15-16-17-18-19-20-21-22-23-24 12 m -0.0012777825533756878
config.CONGESTION_TYPE, slugifiedstring, i, key, value : NON-RECURRENT-MMM non-recurrent-mmm-istanbul-60-1-2-3-4-5-6-7-8-9-10-11-12-13-14-15-16-17-18-19-20-21-22-23-24 13 streets_per_node_count_5 -2.8740275267066956e-05
config.CONGESTION_TYPE, slugifiedstring, i, key, value : NON-RECURRENT-MMM non-recurrent-mmm-istanbul-60-1-2-3-4-5-6-7-8-9-10-11-12-13-14-15-16-17-18-19-20-21-22-23-24 14 global_betweenness 0.0004545705496420688
config.CONGESTION_TYPE, slugifiedstring, i, key, value : NON-RECURRENT-MMM non-recurrent-mmm-istanbul-60-1-2-3-4-5-6-7-8-9-10-11-12-13-14-15-16-17-18-19-20-21-22-23-24 15 total_crossings -6.702946163333683e-05
config.CONGESTION_TYPE, slugifiedstring, i, key, value : NON-RECURRENT-MMM non-recurrent-mmm-istanbul-60-1-2-3-4-5-6-7-8-9-10-11-12-13-14-15-16-17-18-19-20-21-22-23-24 16 streets_per_node_count_2 -1.9260773149328032e-05
SHAP Values for each feature:
Slug                           Feature Name         Mean Abs SHAP Value
SHAP-- non-recurrent-mmm-istanbul-60-1-2-3-4-5-6-7-8-9-10-11-12-13-14-15-16-17-18-19-20-21-22-23-24 non_metered_count             0.0068
SHAP-- non-recurrent-mmm-istanbul-60-1-2-3-4-5-6-7-8-9-10-11-12-13-14-15-16-17-18-19-20-21-22-23-24 streets_per_node_count_3          0.0130
SHAP-- non-recurrent-mmm-istanbul-60-1-2-3-4-5-6-7-8-9-10-11-12-13-14-15-16-17-18-19-20-21-22-23-24 streets_per_node_count_6          0.0059
SHAP-- non-recurrent-mmm-istanbul-60-1-2-3-4-5-6-7-8-9-10-11-12-13-14-15-16-17-18-19-20-21-22-23-24 betweenness                   0.0072
SHAP-- non-recurrent-mmm-istanbul-60-1-2-3-4-5-6-7-8-9-10-11-12-13-14-15-16-17-18-19-20-21-22-23-24 metered_count                 0.0062
SHAP-- non-recurrent-mmm-istanbul-60-1-2-3-4-5-6-7-8-9-10-11-12-13-14-15-16-17-18-19-20-21-22-23-24 streets_per_node_count_4          0.0000
SHAP-- non-recurrent-mmm-istanbul-60-1-2-3-4-5-6-7-8-9-10-11-12-13-14-15-16-17-18-19-20-21-22-23-24 n                             0.0060
SHAP-- non-recurrent-mmm-istanbul-60-1-2-3-4-5-6-7-8-9-10-11-12-13-14-15-16-17-18-19-20-21-22-23-24 circuity_avg                  0.0010
SHAP-- non-recurrent-mmm-istanbul-60-1-2-3-4-5-6-7-8-9-10-11-12-13-14-15-16-17-18-19-20-21-22-23-24 k_avg                         0.0063
SHAP-- non-recurrent-mmm-istanbul-60-1-2-3-4-5-6-7-8-9-10-11-12-13-14-15-16-17-18-19-20-21-22-23-24 mean_lanes                    0.0131
SHAP-- non-recurrent-mmm-istanbul-60-1-2-3-4-5-6-7-8-9-10-11-12-13-14-15-16-17-18-19-20-21-22-23-24 streets_per_node_count_1          0.0000
SHAP-- non-recurrent-mmm-istanbul-60-1-2-3-4-5-6-7-8-9-10-11-12-13-14-15-16-17-18-19-20-21-22-23-24 streets_per_node_avg          0.0122
SHAP-- non-recurrent-mmm-istanbul-60-1-2-3-4-5-6-7-8-9-10-11-12-13-14-15-16-17-18-19-20-21-22-23-24 m                             0.0026
SHAP-- non-recurrent-mmm-istanbul-60-1-2-3-4-5-6-7-8-9-10-11-12-13-14-15-16-17-18-19-20-21-22-23-24 streets_per_node_count_5          0.0060
SHAP-- non-recurrent-mmm-istanbul-60-1-2-3-4-5-6-7-8-9-10-11-12-13-14-15-16-17-18-19-20-21-22-23-24 global_betweenness            0.0094
SHAP-- non-recurrent-mmm-istanbul-60-1-2-3-4-5-6-7-8-9-10-11-12-13-14-15-16-17-18-19-20-21-22-23-24 total_crossings               0.0130
SHAP-- non-recurrent-mmm-istanbul-60-1-2-3-4-5-6-7-8-9-10-11-12-13-14-15-16-17-18-19-20-21-22-23-24 streets_per_node_count_2          0.0038
NON-RECURRENT-MMM Istanbul 60 LR 0.29723677117667424 XpVar
NON-RECURRENT-MMM Istanbul 60 RF 0.38043382284666627 XpVar
NON-RECURRENT-MMM Istanbul 60 GBM 0.2606173188415326 XpVar
NON-RECURRENT-MMM Istanbul 60 LLR -3.172065784643304e-17 XpVar
NON-RECURRENT-MMM Istanbul 60 RLR 0.29708405326344084 XpVar
NON-RECURRENT-MMM Istanbul 60 LR 0.009200267417184344 MSE
NON-RECURRENT-MMM Istanbul 60 RF 0.008153505808906928 MSE
NON-RECURRENT-MMM Istanbul 60 GBM 0.009617334321596087 MSE
NON-RECURRENT-MMM Istanbul 60 LLR 0.012985375749666864 MSE
NON-RECURRENT-MMM Istanbul 60 RLR 0.009205711884029475 MSE
NON-RECURRENT-MMM Istanbul 60 LR 0.29423733900052834 R2
NON-RECURRENT-MMM Istanbul 60 RF 0.3784938924465485 R2
NON-RECURRENT-MMM Istanbul 60 GBM 0.25769904211851125 R2
NON-RECURRENT-MMM Istanbul 60 LLR -0.001177593134581529 R2
NON-RECURRENT-MMM Istanbul 60 RLR 0.2940829413198676 R2
t_spatial, t_non_spatial, "seconds" : 2.6226043701171875e-06 993.3937907218933 seconds
sorted_percentage_nan_per_column : Matplotlib is currently using agg, which is a non-GUI backend, so cannot show the figure.
Matplotlib is currently using agg, which is a non-GUI backend, so cannot show the figure.
maxspeed                         70.606061
n                                 0.000000
lane_density                      0.000000
streets_per_node_proportion_6     0.000000
streets_per_node_count_6          0.000000
streets_per_node_proportion_5     0.000000
streets_per_node_count_5          0.000000
streets_per_node_proportion_4     0.000000
streets_per_node_count_4          0.000000
streets_per_node_proportion_3     0.000000
streets_per_node_count_3          0.000000
streets_per_node_proportion_2     0.000000
streets_per_node_count_2          0.000000
streets_per_node_proportion_1     0.000000
streets_per_node_count_1          0.000000
mean_lanes                        0.000000
m                                 0.000000
betweenness                       0.000000
total_crossings                   0.000000
non_metered_count                 0.000000
metered_count                     0.000000
self_loop_proportion              0.000000
circuity_avg                      0.000000
street_length_avg                 0.000000
street_segment_count              0.000000
street_length_total               0.000000
streets_per_node_avg              0.000000
edge_length_avg                   0.000000
edge_length_total                 0.000000
k_avg                             0.000000
global_betweenness                0.000000
dtype: float64
city, scale, tod, config.shift_tile_marker, X.shape, Y.shape : Istanbul 90 [1, 2, 3, 4, 5, 6, 7, 8, 9, 10, 11, 12, 13, 14, 15, 16, 17, 18, 19, 20, 21, 22, 23, 24] 3 (3630, 17) (3630,)
X.shape, Y.shape, "Inside the model-fitting function" : (3630, 17) (3630,) Inside the model-fitting function
Dict: model_trials.best_params_
Key: Value
{'randomforestregressor__max_depth': 10,
 'randomforestregressor__max_features': 'sqrt',
 'randomforestregressor__n_estimators': 1000}
Dict: model_trials.best_params_
Key: Value
{'xgbregressor__learning_rate': 0.01,
 'xgbregressor__max_depth': 10,
 'xgbregressor__n_estimators': 200}
Matplotlib is currently using agg, which is a non-GUI backend, so cannot show the figure.
config.CONGESTION_TYPE, slugifiedstring, i, key, value : NON-RECURRENT-MMM non-recurrent-mmm-istanbul-90-1-2-3-4-5-6-7-8-9-10-11-12-13-14-15-16-17-18-19-20-21-22-23-24 0 non_metered_count -2.533941473729644e-05
config.CONGESTION_TYPE, slugifiedstring, i, key, value : NON-RECURRENT-MMM non-recurrent-mmm-istanbul-90-1-2-3-4-5-6-7-8-9-10-11-12-13-14-15-16-17-18-19-20-21-22-23-24 1 streets_per_node_count_3 -2.3283278601150536e-05
config.CONGESTION_TYPE, slugifiedstring, i, key, value : NON-RECURRENT-MMM non-recurrent-mmm-istanbul-90-1-2-3-4-5-6-7-8-9-10-11-12-13-14-15-16-17-18-19-20-21-22-23-24 2 streets_per_node_count_6 -1.44111833744419e-05
config.CONGESTION_TYPE, slugifiedstring, i, key, value : NON-RECURRENT-MMM non-recurrent-mmm-istanbul-90-1-2-3-4-5-6-7-8-9-10-11-12-13-14-15-16-17-18-19-20-21-22-23-24 3 betweenness -3.4215343905045585e-05
config.CONGESTION_TYPE, slugifiedstring, i, key, value : NON-RECURRENT-MMM non-recurrent-mmm-istanbul-90-1-2-3-4-5-6-7-8-9-10-11-12-13-14-15-16-17-18-19-20-21-22-23-24 4 metered_count -2.943042833614609e-05
config.CONGESTION_TYPE, slugifiedstring, i, key, value : NON-RECURRENT-MMM non-recurrent-mmm-istanbul-90-1-2-3-4-5-6-7-8-9-10-11-12-13-14-15-16-17-18-19-20-21-22-23-24 5 streets_per_node_count_4 0
config.CONGESTION_TYPE, slugifiedstring, i, key, value : NON-RECURRENT-MMM non-recurrent-mmm-istanbul-90-1-2-3-4-5-6-7-8-9-10-11-12-13-14-15-16-17-18-19-20-21-22-23-24 6 n -1.8890965887624206e-05
config.CONGESTION_TYPE, slugifiedstring, i, key, value : NON-RECURRENT-MMM non-recurrent-mmm-istanbul-90-1-2-3-4-5-6-7-8-9-10-11-12-13-14-15-16-17-18-19-20-21-22-23-24 7 circuity_avg 6.3500434664434295e-06
config.CONGESTION_TYPE, slugifiedstring, i, key, value : NON-RECURRENT-MMM non-recurrent-mmm-istanbul-90-1-2-3-4-5-6-7-8-9-10-11-12-13-14-15-16-17-18-19-20-21-22-23-24 8 k_avg -0.00036599526684228957
config.CONGESTION_TYPE, slugifiedstring, i, key, value : NON-RECURRENT-MMM non-recurrent-mmm-istanbul-90-1-2-3-4-5-6-7-8-9-10-11-12-13-14-15-16-17-18-19-20-21-22-23-24 9 mean_lanes -6.0559907639272484e-05
config.CONGESTION_TYPE, slugifiedstring, i, key, value : NON-RECURRENT-MMM non-recurrent-mmm-istanbul-90-1-2-3-4-5-6-7-8-9-10-11-12-13-14-15-16-17-18-19-20-21-22-23-24 10 streets_per_node_count_1 0
config.CONGESTION_TYPE, slugifiedstring, i, key, value : NON-RECURRENT-MMM non-recurrent-mmm-istanbul-90-1-2-3-4-5-6-7-8-9-10-11-12-13-14-15-16-17-18-19-20-21-22-23-24 11 streets_per_node_avg -2.9109268299352846e-05
config.CONGESTION_TYPE, slugifiedstring, i, key, value : NON-RECURRENT-MMM non-recurrent-mmm-istanbul-90-1-2-3-4-5-6-7-8-9-10-11-12-13-14-15-16-17-18-19-20-21-22-23-24 12 m -3.0850895827612975e-05
config.CONGESTION_TYPE, slugifiedstring, i, key, value : NON-RECURRENT-MMM non-recurrent-mmm-istanbul-90-1-2-3-4-5-6-7-8-9-10-11-12-13-14-15-16-17-18-19-20-21-22-23-24 13 streets_per_node_count_5 -1.3490810245423394e-05
config.CONGESTION_TYPE, slugifiedstring, i, key, value : NON-RECURRENT-MMM non-recurrent-mmm-istanbul-90-1-2-3-4-5-6-7-8-9-10-11-12-13-14-15-16-17-18-19-20-21-22-23-24 14 global_betweenness 0.00014739831368685102
config.CONGESTION_TYPE, slugifiedstring, i, key, value : NON-RECURRENT-MMM non-recurrent-mmm-istanbul-90-1-2-3-4-5-6-7-8-9-10-11-12-13-14-15-16-17-18-19-20-21-22-23-24 15 total_crossings -5.373516851358683e-05
config.CONGESTION_TYPE, slugifiedstring, i, key, value : NON-RECURRENT-MMM non-recurrent-mmm-istanbul-90-1-2-3-4-5-6-7-8-9-10-11-12-13-14-15-16-17-18-19-20-21-22-23-24 16 streets_per_node_count_2 -1.3088746077100101e-05
SHAP Values for each feature:
Slug                           Feature Name         Mean Abs SHAP Value
SHAP-- non-recurrent-mmm-istanbul-90-1-2-3-4-5-6-7-8-9-10-11-12-13-14-15-16-17-18-19-20-21-22-23-24 non_metered_count             0.0064
SHAP-- non-recurrent-mmm-istanbul-90-1-2-3-4-5-6-7-8-9-10-11-12-13-14-15-16-17-18-19-20-21-22-23-24 streets_per_node_count_3          0.0112
SHAP-- non-recurrent-mmm-istanbul-90-1-2-3-4-5-6-7-8-9-10-11-12-13-14-15-16-17-18-19-20-21-22-23-24 streets_per_node_count_6          0.0065
SHAP-- non-recurrent-mmm-istanbul-90-1-2-3-4-5-6-7-8-9-10-11-12-13-14-15-16-17-18-19-20-21-22-23-24 betweenness                   0.0077
SHAP-- non-recurrent-mmm-istanbul-90-1-2-3-4-5-6-7-8-9-10-11-12-13-14-15-16-17-18-19-20-21-22-23-24 metered_count                 0.0055
SHAP-- non-recurrent-mmm-istanbul-90-1-2-3-4-5-6-7-8-9-10-11-12-13-14-15-16-17-18-19-20-21-22-23-24 streets_per_node_count_4          0.0000
SHAP-- non-recurrent-mmm-istanbul-90-1-2-3-4-5-6-7-8-9-10-11-12-13-14-15-16-17-18-19-20-21-22-23-24 n                             0.0058
SHAP-- non-recurrent-mmm-istanbul-90-1-2-3-4-5-6-7-8-9-10-11-12-13-14-15-16-17-18-19-20-21-22-23-24 circuity_avg                  0.0010
SHAP-- non-recurrent-mmm-istanbul-90-1-2-3-4-5-6-7-8-9-10-11-12-13-14-15-16-17-18-19-20-21-22-23-24 k_avg                         0.0077
SHAP-- non-recurrent-mmm-istanbul-90-1-2-3-4-5-6-7-8-9-10-11-12-13-14-15-16-17-18-19-20-21-22-23-24 mean_lanes                    0.0117
SHAP-- non-recurrent-mmm-istanbul-90-1-2-3-4-5-6-7-8-9-10-11-12-13-14-15-16-17-18-19-20-21-22-23-24 streets_per_node_count_1          0.0000
SHAP-- non-recurrent-mmm-istanbul-90-1-2-3-4-5-6-7-8-9-10-11-12-13-14-15-16-17-18-19-20-21-22-23-24 streets_per_node_avg          0.0137
SHAP-- non-recurrent-mmm-istanbul-90-1-2-3-4-5-6-7-8-9-10-11-12-13-14-15-16-17-18-19-20-21-22-23-24 m                             0.0028
SHAP-- non-recurrent-mmm-istanbul-90-1-2-3-4-5-6-7-8-9-10-11-12-13-14-15-16-17-18-19-20-21-22-23-24 streets_per_node_count_5          0.0052
SHAP-- non-recurrent-mmm-istanbul-90-1-2-3-4-5-6-7-8-9-10-11-12-13-14-15-16-17-18-19-20-21-22-23-24 global_betweenness            0.0102
SHAP-- non-recurrent-mmm-istanbul-90-1-2-3-4-5-6-7-8-9-10-11-12-13-14-15-16-17-18-19-20-21-22-23-24 total_crossings               0.0154
SHAP-- non-recurrent-mmm-istanbul-90-1-2-3-4-5-6-7-8-9-10-11-12-13-14-15-16-17-18-19-20-21-22-23-24 streets_per_node_count_2          0.0033
NON-RECURRENT-MMM Istanbul 90 LR 0.24851510499978863 XpVar
NON-RECURRENT-MMM Istanbul 90 RF 0.3242215465848606 XpVar
NON-RECURRENT-MMM Istanbul 90 GBM 0.26141417451190746 XpVar
NON-RECURRENT-MMM Istanbul 90 LLR 3.172065784643304e-17 XpVar
NON-RECURRENT-MMM Istanbul 90 RLR 0.24851304035685232 XpVar
NON-RECURRENT-MMM Istanbul 90 LR 0.01150940981209513 MSE
NON-RECURRENT-MMM Istanbul 90 RF 0.01034400504127551 MSE
NON-RECURRENT-MMM Istanbul 90 GBM 0.011312913775177364 MSE
NON-RECURRENT-MMM Istanbul 90 LLR 0.015256256498552568 MSE
NON-RECURRENT-MMM Istanbul 90 RLR 0.011509362087155839 MSE
NON-RECURRENT-MMM Istanbul 90 LR 0.24503139940988847 R2
NON-RECURRENT-MMM Istanbul 90 RF 0.32149618634998517 R2
NON-RECURRENT-MMM Istanbul 90 GBM 0.25855891388258934 R2
NON-RECURRENT-MMM Istanbul 90 LLR -0.0070737193578099345 R2
NON-RECURRENT-MMM Istanbul 90 RLR 0.24501935352538487 R2
t_spatial, t_non_spatial, "seconds" : 2.384185791015625e-06 1753.3604927062988 seconds
sorted_percentage_nan_per_column : Matplotlib is currently using agg, which is a non-GUI backend, so cannot show the figure.
Matplotlib is currently using agg, which is a non-GUI backend, so cannot show the figure.
maxspeed                         72.267074
n                                 0.000000
lane_density                      0.000000
streets_per_node_proportion_6     0.000000
streets_per_node_count_6          0.000000
streets_per_node_proportion_5     0.000000
streets_per_node_count_5          0.000000
streets_per_node_proportion_4     0.000000
streets_per_node_count_4          0.000000
streets_per_node_proportion_3     0.000000
streets_per_node_count_3          0.000000
streets_per_node_proportion_2     0.000000
streets_per_node_count_2          0.000000
streets_per_node_proportion_1     0.000000
streets_per_node_count_1          0.000000
mean_lanes                        0.000000
m                                 0.000000
betweenness                       0.000000
total_crossings                   0.000000
non_metered_count                 0.000000
metered_count                     0.000000
self_loop_proportion              0.000000
circuity_avg                      0.000000
street_length_avg                 0.000000
street_segment_count              0.000000
street_length_total               0.000000
streets_per_node_avg              0.000000
edge_length_avg                   0.000000
edge_length_total                 0.000000
k_avg                             0.000000
global_betweenness                0.000000
dtype: float64
city, scale, tod, config.shift_tile_marker, X.shape, Y.shape : Istanbul 105 [1, 2, 3, 4, 5, 6, 7, 8, 9, 10, 11, 12, 13, 14, 15, 16, 17, 18, 19, 20, 21, 22, 23, 24] 3 (4583, 17) (4583,)
X.shape, Y.shape, "Inside the model-fitting function" : (4583, 17) (4583,) Inside the model-fitting function
Dict: model_trials.best_params_
Key: Value
{'randomforestregressor__max_depth': 10,
 'randomforestregressor__max_features': 'sqrt',
 'randomforestregressor__n_estimators': 1000}
Dict: model_trials.best_params_
Key: Value
{'xgbregressor__learning_rate': 0.01,
 'xgbregressor__max_depth': 10,
 'xgbregressor__n_estimators': 200}
Matplotlib is currently using agg, which is a non-GUI backend, so cannot show the figure.
config.CONGESTION_TYPE, slugifiedstring, i, key, value : NON-RECURRENT-MMM non-recurrent-mmm-istanbul-105-1-2-3-4-5-6-7-8-9-10-11-12-13-14-15-16-17-18-19-20-21-22-23-24 0 non_metered_count -1.5921612267263326e-05
config.CONGESTION_TYPE, slugifiedstring, i, key, value : NON-RECURRENT-MMM non-recurrent-mmm-istanbul-105-1-2-3-4-5-6-7-8-9-10-11-12-13-14-15-16-17-18-19-20-21-22-23-24 1 streets_per_node_count_3 -1.632553729144142e-05
config.CONGESTION_TYPE, slugifiedstring, i, key, value : NON-RECURRENT-MMM non-recurrent-mmm-istanbul-105-1-2-3-4-5-6-7-8-9-10-11-12-13-14-15-16-17-18-19-20-21-22-23-24 2 streets_per_node_count_6 -1.2504451250302491e-05
config.CONGESTION_TYPE, slugifiedstring, i, key, value : NON-RECURRENT-MMM non-recurrent-mmm-istanbul-105-1-2-3-4-5-6-7-8-9-10-11-12-13-14-15-16-17-18-19-20-21-22-23-24 3 betweenness -2.2122657464508125e-05
config.CONGESTION_TYPE, slugifiedstring, i, key, value : NON-RECURRENT-MMM non-recurrent-mmm-istanbul-105-1-2-3-4-5-6-7-8-9-10-11-12-13-14-15-16-17-18-19-20-21-22-23-24 4 metered_count -2.6863241831668284e-05
config.CONGESTION_TYPE, slugifiedstring, i, key, value : NON-RECURRENT-MMM non-recurrent-mmm-istanbul-105-1-2-3-4-5-6-7-8-9-10-11-12-13-14-15-16-17-18-19-20-21-22-23-24 5 streets_per_node_count_4 0
config.CONGESTION_TYPE, slugifiedstring, i, key, value : NON-RECURRENT-MMM non-recurrent-mmm-istanbul-105-1-2-3-4-5-6-7-8-9-10-11-12-13-14-15-16-17-18-19-20-21-22-23-24 6 n -1.5871089634214833e-05
config.CONGESTION_TYPE, slugifiedstring, i, key, value : NON-RECURRENT-MMM non-recurrent-mmm-istanbul-105-1-2-3-4-5-6-7-8-9-10-11-12-13-14-15-16-17-18-19-20-21-22-23-24 7 circuity_avg 1.3635003054849907e-05
config.CONGESTION_TYPE, slugifiedstring, i, key, value : NON-RECURRENT-MMM non-recurrent-mmm-istanbul-105-1-2-3-4-5-6-7-8-9-10-11-12-13-14-15-16-17-18-19-20-21-22-23-24 8 k_avg 0.00042423517568318785
config.CONGESTION_TYPE, slugifiedstring, i, key, value : NON-RECURRENT-MMM non-recurrent-mmm-istanbul-105-1-2-3-4-5-6-7-8-9-10-11-12-13-14-15-16-17-18-19-20-21-22-23-24 9 mean_lanes -5.74996284507056e-05
config.CONGESTION_TYPE, slugifiedstring, i, key, value : NON-RECURRENT-MMM non-recurrent-mmm-istanbul-105-1-2-3-4-5-6-7-8-9-10-11-12-13-14-15-16-17-18-19-20-21-22-23-24 10 streets_per_node_count_1 0
config.CONGESTION_TYPE, slugifiedstring, i, key, value : NON-RECURRENT-MMM non-recurrent-mmm-istanbul-105-1-2-3-4-5-6-7-8-9-10-11-12-13-14-15-16-17-18-19-20-21-22-23-24 11 streets_per_node_avg -2.0244428603326693e-05
config.CONGESTION_TYPE, slugifiedstring, i, key, value : NON-RECURRENT-MMM non-recurrent-mmm-istanbul-105-1-2-3-4-5-6-7-8-9-10-11-12-13-14-15-16-17-18-19-20-21-22-23-24 12 m -8.972915902145513e-06
config.CONGESTION_TYPE, slugifiedstring, i, key, value : NON-RECURRENT-MMM non-recurrent-mmm-istanbul-105-1-2-3-4-5-6-7-8-9-10-11-12-13-14-15-16-17-18-19-20-21-22-23-24 13 streets_per_node_count_5 -9.6909835774582e-06
config.CONGESTION_TYPE, slugifiedstring, i, key, value : NON-RECURRENT-MMM non-recurrent-mmm-istanbul-105-1-2-3-4-5-6-7-8-9-10-11-12-13-14-15-16-17-18-19-20-21-22-23-24 14 global_betweenness 0.00010305067358383561
config.CONGESTION_TYPE, slugifiedstring, i, key, value : NON-RECURRENT-MMM non-recurrent-mmm-istanbul-105-1-2-3-4-5-6-7-8-9-10-11-12-13-14-15-16-17-18-19-20-21-22-23-24 15 total_crossings -4.348810744361374e-05
config.CONGESTION_TYPE, slugifiedstring, i, key, value : NON-RECURRENT-MMM non-recurrent-mmm-istanbul-105-1-2-3-4-5-6-7-8-9-10-11-12-13-14-15-16-17-18-19-20-21-22-23-24 16 streets_per_node_count_2 -1.2438159471834752e-05
SHAP Values for each feature:
Slug                           Feature Name         Mean Abs SHAP Value
SHAP-- non-recurrent-mmm-istanbul-105-1-2-3-4-5-6-7-8-9-10-11-12-13-14-15-16-17-18-19-20-21-22-23-24 non_metered_count             0.0041
SHAP-- non-recurrent-mmm-istanbul-105-1-2-3-4-5-6-7-8-9-10-11-12-13-14-15-16-17-18-19-20-21-22-23-24 streets_per_node_count_3          0.0106
SHAP-- non-recurrent-mmm-istanbul-105-1-2-3-4-5-6-7-8-9-10-11-12-13-14-15-16-17-18-19-20-21-22-23-24 streets_per_node_count_6          0.0070
SHAP-- non-recurrent-mmm-istanbul-105-1-2-3-4-5-6-7-8-9-10-11-12-13-14-15-16-17-18-19-20-21-22-23-24 betweenness                   0.0060
SHAP-- non-recurrent-mmm-istanbul-105-1-2-3-4-5-6-7-8-9-10-11-12-13-14-15-16-17-18-19-20-21-22-23-24 metered_count                 0.0055
SHAP-- non-recurrent-mmm-istanbul-105-1-2-3-4-5-6-7-8-9-10-11-12-13-14-15-16-17-18-19-20-21-22-23-24 streets_per_node_count_4          0.0000
SHAP-- non-recurrent-mmm-istanbul-105-1-2-3-4-5-6-7-8-9-10-11-12-13-14-15-16-17-18-19-20-21-22-23-24 n                             0.0069
SHAP-- non-recurrent-mmm-istanbul-105-1-2-3-4-5-6-7-8-9-10-11-12-13-14-15-16-17-18-19-20-21-22-23-24 circuity_avg                  0.0011
SHAP-- non-recurrent-mmm-istanbul-105-1-2-3-4-5-6-7-8-9-10-11-12-13-14-15-16-17-18-19-20-21-22-23-24 k_avg                         0.0085
SHAP-- non-recurrent-mmm-istanbul-105-1-2-3-4-5-6-7-8-9-10-11-12-13-14-15-16-17-18-19-20-21-22-23-24 mean_lanes                    0.0121
SHAP-- non-recurrent-mmm-istanbul-105-1-2-3-4-5-6-7-8-9-10-11-12-13-14-15-16-17-18-19-20-21-22-23-24 streets_per_node_count_1          0.0000
SHAP-- non-recurrent-mmm-istanbul-105-1-2-3-4-5-6-7-8-9-10-11-12-13-14-15-16-17-18-19-20-21-22-23-24 streets_per_node_avg          0.0121
SHAP-- non-recurrent-mmm-istanbul-105-1-2-3-4-5-6-7-8-9-10-11-12-13-14-15-16-17-18-19-20-21-22-23-24 m                             0.0029
SHAP-- non-recurrent-mmm-istanbul-105-1-2-3-4-5-6-7-8-9-10-11-12-13-14-15-16-17-18-19-20-21-22-23-24 streets_per_node_count_5          0.0047
SHAP-- non-recurrent-mmm-istanbul-105-1-2-3-4-5-6-7-8-9-10-11-12-13-14-15-16-17-18-19-20-21-22-23-24 global_betweenness            0.0105
SHAP-- non-recurrent-mmm-istanbul-105-1-2-3-4-5-6-7-8-9-10-11-12-13-14-15-16-17-18-19-20-21-22-23-24 total_crossings               0.0136
SHAP-- non-recurrent-mmm-istanbul-105-1-2-3-4-5-6-7-8-9-10-11-12-13-14-15-16-17-18-19-20-21-22-23-24 streets_per_node_count_2          0.0042
NON-RECURRENT-MMM Istanbul 105 LR 0.23048970613843123 XpVar
NON-RECURRENT-MMM Istanbul 105 RF 0.2911809120333815 XpVar
NON-RECURRENT-MMM Istanbul 105 GBM 0.2305148710842075 XpVar
NON-RECURRENT-MMM Istanbul 105 LLR 1.1102230246251565e-16 XpVar
NON-RECURRENT-MMM Istanbul 105 RLR 0.23047670255686312 XpVar
NON-RECURRENT-MMM Istanbul 105 LR 0.012604973398836856 MSE
NON-RECURRENT-MMM Istanbul 105 RF 0.011597345723386613 MSE
NON-RECURRENT-MMM Istanbul 105 GBM 0.012571898843590017 MSE
NON-RECURRENT-MMM Istanbul 105 LLR 0.01630124506661423 MSE
NON-RECURRENT-MMM Istanbul 105 RLR 0.012605254947085151 MSE
NON-RECURRENT-MMM Istanbul 105 LR 0.23002789703588564 R2
NON-RECURRENT-MMM Istanbul 105 RF 0.2904280580994194 R2
NON-RECURRENT-MMM Istanbul 105 GBM 0.2296142715719412 R2
NON-RECURRENT-MMM Istanbul 105 LLR -0.00038859830705360664 R2
NON-RECURRENT-MMM Istanbul 105 RLR 0.23001250122053124 R2
t_spatial, t_non_spatial, "seconds" : 2.384185791015625e-06 1985.5995082855225 seconds
sorted_percentage_nan_per_column : Matplotlib is currently using agg, which is a non-GUI backend, so cannot show the figure.
Matplotlib is currently using agg, which is a non-GUI backend, so cannot show the figure.
maxspeed                         74.101366
n                                 0.000000
lane_density                      0.000000
streets_per_node_proportion_6     0.000000
streets_per_node_count_6          0.000000
streets_per_node_proportion_5     0.000000
streets_per_node_count_5          0.000000
streets_per_node_proportion_4     0.000000
streets_per_node_count_4          0.000000
streets_per_node_proportion_3     0.000000
streets_per_node_count_3          0.000000
streets_per_node_proportion_2     0.000000
streets_per_node_count_2          0.000000
streets_per_node_proportion_1     0.000000
streets_per_node_count_1          0.000000
mean_lanes                        0.000000
m                                 0.000000
betweenness                       0.000000
total_crossings                   0.000000
non_metered_count                 0.000000
metered_count                     0.000000
self_loop_proportion              0.000000
circuity_avg                      0.000000
street_length_avg                 0.000000
street_segment_count              0.000000
street_length_total               0.000000
streets_per_node_avg              0.000000
edge_length_avg                   0.000000
edge_length_total                 0.000000
k_avg                             0.000000
global_betweenness                0.000000
dtype: float64
city, scale, tod, config.shift_tile_marker, X.shape, Y.shape : Istanbul 120 [1, 2, 3, 4, 5, 6, 7, 8, 9, 10, 11, 12, 13, 14, 15, 16, 17, 18, 19, 20, 21, 22, 23, 24] 3 (5564, 17) (5564,)
X.shape, Y.shape, "Inside the model-fitting function" : (5564, 17) (5564,) Inside the model-fitting function
Dict: model_trials.best_params_
Key: Value
{'randomforestregressor__max_depth': 10,
 'randomforestregressor__max_features': 'sqrt',
 'randomforestregressor__n_estimators': 1000}
Dict: model_trials.best_params_
Key: Value
{'xgbregressor__learning_rate': 0.001,
 'xgbregressor__max_depth': 10,
 'xgbregressor__n_estimators': 1000}
Matplotlib is currently using agg, which is a non-GUI backend, so cannot show the figure.
config.CONGESTION_TYPE, slugifiedstring, i, key, value : NON-RECURRENT-MMM non-recurrent-mmm-istanbul-120-1-2-3-4-5-6-7-8-9-10-11-12-13-14-15-16-17-18-19-20-21-22-23-24 0 non_metered_count -1.70767303932311e-05
config.CONGESTION_TYPE, slugifiedstring, i, key, value : NON-RECURRENT-MMM non-recurrent-mmm-istanbul-120-1-2-3-4-5-6-7-8-9-10-11-12-13-14-15-16-17-18-19-20-21-22-23-24 1 streets_per_node_count_3 -1.1639023910293408e-05
config.CONGESTION_TYPE, slugifiedstring, i, key, value : NON-RECURRENT-MMM non-recurrent-mmm-istanbul-120-1-2-3-4-5-6-7-8-9-10-11-12-13-14-15-16-17-18-19-20-21-22-23-24 2 streets_per_node_count_6 -7.148304722732087e-06
config.CONGESTION_TYPE, slugifiedstring, i, key, value : NON-RECURRENT-MMM non-recurrent-mmm-istanbul-120-1-2-3-4-5-6-7-8-9-10-11-12-13-14-15-16-17-18-19-20-21-22-23-24 3 betweenness -2.4733330847608077e-05
config.CONGESTION_TYPE, slugifiedstring, i, key, value : NON-RECURRENT-MMM non-recurrent-mmm-istanbul-120-1-2-3-4-5-6-7-8-9-10-11-12-13-14-15-16-17-18-19-20-21-22-23-24 4 metered_count -2.0986822852008772e-05
config.CONGESTION_TYPE, slugifiedstring, i, key, value : NON-RECURRENT-MMM non-recurrent-mmm-istanbul-120-1-2-3-4-5-6-7-8-9-10-11-12-13-14-15-16-17-18-19-20-21-22-23-24 5 streets_per_node_count_4 0
config.CONGESTION_TYPE, slugifiedstring, i, key, value : NON-RECURRENT-MMM non-recurrent-mmm-istanbul-120-1-2-3-4-5-6-7-8-9-10-11-12-13-14-15-16-17-18-19-20-21-22-23-24 6 n -1.814806876039968e-05
config.CONGESTION_TYPE, slugifiedstring, i, key, value : NON-RECURRENT-MMM non-recurrent-mmm-istanbul-120-1-2-3-4-5-6-7-8-9-10-11-12-13-14-15-16-17-18-19-20-21-22-23-24 7 circuity_avg 1.1242830237679873e-05
config.CONGESTION_TYPE, slugifiedstring, i, key, value : NON-RECURRENT-MMM non-recurrent-mmm-istanbul-120-1-2-3-4-5-6-7-8-9-10-11-12-13-14-15-16-17-18-19-20-21-22-23-24 8 k_avg -0.000134237655722994
config.CONGESTION_TYPE, slugifiedstring, i, key, value : NON-RECURRENT-MMM non-recurrent-mmm-istanbul-120-1-2-3-4-5-6-7-8-9-10-11-12-13-14-15-16-17-18-19-20-21-22-23-24 9 mean_lanes -6.244650722350544e-05
config.CONGESTION_TYPE, slugifiedstring, i, key, value : NON-RECURRENT-MMM non-recurrent-mmm-istanbul-120-1-2-3-4-5-6-7-8-9-10-11-12-13-14-15-16-17-18-19-20-21-22-23-24 10 streets_per_node_count_1 0
config.CONGESTION_TYPE, slugifiedstring, i, key, value : NON-RECURRENT-MMM non-recurrent-mmm-istanbul-120-1-2-3-4-5-6-7-8-9-10-11-12-13-14-15-16-17-18-19-20-21-22-23-24 11 streets_per_node_avg -2.0915043298760724e-05
config.CONGESTION_TYPE, slugifiedstring, i, key, value : NON-RECURRENT-MMM non-recurrent-mmm-istanbul-120-1-2-3-4-5-6-7-8-9-10-11-12-13-14-15-16-17-18-19-20-21-22-23-24 12 m -6.034536554982991e-06
config.CONGESTION_TYPE, slugifiedstring, i, key, value : NON-RECURRENT-MMM non-recurrent-mmm-istanbul-120-1-2-3-4-5-6-7-8-9-10-11-12-13-14-15-16-17-18-19-20-21-22-23-24 13 streets_per_node_count_5 -1.2286833748528805e-05
config.CONGESTION_TYPE, slugifiedstring, i, key, value : NON-RECURRENT-MMM non-recurrent-mmm-istanbul-120-1-2-3-4-5-6-7-8-9-10-11-12-13-14-15-16-17-18-19-20-21-22-23-24 14 global_betweenness 0.00011162084087343107
config.CONGESTION_TYPE, slugifiedstring, i, key, value : NON-RECURRENT-MMM non-recurrent-mmm-istanbul-120-1-2-3-4-5-6-7-8-9-10-11-12-13-14-15-16-17-18-19-20-21-22-23-24 15 total_crossings -3.995999833966719e-05
config.CONGESTION_TYPE, slugifiedstring, i, key, value : NON-RECURRENT-MMM non-recurrent-mmm-istanbul-120-1-2-3-4-5-6-7-8-9-10-11-12-13-14-15-16-17-18-19-20-21-22-23-24 16 streets_per_node_count_2 -6.241503836725958e-06
SHAP Values for each feature:
Slug                           Feature Name         Mean Abs SHAP Value
SHAP-- non-recurrent-mmm-istanbul-120-1-2-3-4-5-6-7-8-9-10-11-12-13-14-15-16-17-18-19-20-21-22-23-24 non_metered_count             0.0051
SHAP-- non-recurrent-mmm-istanbul-120-1-2-3-4-5-6-7-8-9-10-11-12-13-14-15-16-17-18-19-20-21-22-23-24 streets_per_node_count_3          0.0085
SHAP-- non-recurrent-mmm-istanbul-120-1-2-3-4-5-6-7-8-9-10-11-12-13-14-15-16-17-18-19-20-21-22-23-24 streets_per_node_count_6          0.0048
SHAP-- non-recurrent-mmm-istanbul-120-1-2-3-4-5-6-7-8-9-10-11-12-13-14-15-16-17-18-19-20-21-22-23-24 betweenness                   0.0071
SHAP-- non-recurrent-mmm-istanbul-120-1-2-3-4-5-6-7-8-9-10-11-12-13-14-15-16-17-18-19-20-21-22-23-24 metered_count                 0.0043
SHAP-- non-recurrent-mmm-istanbul-120-1-2-3-4-5-6-7-8-9-10-11-12-13-14-15-16-17-18-19-20-21-22-23-24 streets_per_node_count_4          0.0000
SHAP-- non-recurrent-mmm-istanbul-120-1-2-3-4-5-6-7-8-9-10-11-12-13-14-15-16-17-18-19-20-21-22-23-24 n                             0.0084
SHAP-- non-recurrent-mmm-istanbul-120-1-2-3-4-5-6-7-8-9-10-11-12-13-14-15-16-17-18-19-20-21-22-23-24 circuity_avg                  0.0012
SHAP-- non-recurrent-mmm-istanbul-120-1-2-3-4-5-6-7-8-9-10-11-12-13-14-15-16-17-18-19-20-21-22-23-24 k_avg                         0.0083
SHAP-- non-recurrent-mmm-istanbul-120-1-2-3-4-5-6-7-8-9-10-11-12-13-14-15-16-17-18-19-20-21-22-23-24 mean_lanes                    0.0121
SHAP-- non-recurrent-mmm-istanbul-120-1-2-3-4-5-6-7-8-9-10-11-12-13-14-15-16-17-18-19-20-21-22-23-24 streets_per_node_count_1          0.0000
SHAP-- non-recurrent-mmm-istanbul-120-1-2-3-4-5-6-7-8-9-10-11-12-13-14-15-16-17-18-19-20-21-22-23-24 streets_per_node_avg          0.0145
SHAP-- non-recurrent-mmm-istanbul-120-1-2-3-4-5-6-7-8-9-10-11-12-13-14-15-16-17-18-19-20-21-22-23-24 m                             0.0032
SHAP-- non-recurrent-mmm-istanbul-120-1-2-3-4-5-6-7-8-9-10-11-12-13-14-15-16-17-18-19-20-21-22-23-24 streets_per_node_count_5          0.0066
SHAP-- non-recurrent-mmm-istanbul-120-1-2-3-4-5-6-7-8-9-10-11-12-13-14-15-16-17-18-19-20-21-22-23-24 global_betweenness            0.0111
SHAP-- non-recurrent-mmm-istanbul-120-1-2-3-4-5-6-7-8-9-10-11-12-13-14-15-16-17-18-19-20-21-22-23-24 total_crossings               0.0137
SHAP-- non-recurrent-mmm-istanbul-120-1-2-3-4-5-6-7-8-9-10-11-12-13-14-15-16-17-18-19-20-21-22-23-24 streets_per_node_count_2          0.0030
NON-RECURRENT-MMM Istanbul 120 LR 0.232048966705374 XpVar
NON-RECURRENT-MMM Istanbul 120 RF 0.29421873531376325 XpVar
NON-RECURRENT-MMM Istanbul 120 GBM 0.22384308719171772 XpVar
NON-RECURRENT-MMM Istanbul 120 LLR -3.172065784643304e-17 XpVar
NON-RECURRENT-MMM Istanbul 120 RLR 0.23206895094765098 XpVar
NON-RECURRENT-MMM Istanbul 120 LR 0.012734502186408364 MSE
NON-RECURRENT-MMM Istanbul 120 RF 0.01173551203932588 MSE
NON-RECURRENT-MMM Istanbul 120 GBM 0.012883227712880061 MSE
NON-RECURRENT-MMM Istanbul 120 LLR 0.016485024769459216 MSE
NON-RECURRENT-MMM Istanbul 120 RLR 0.01273411515668528 MSE
NON-RECURRENT-MMM Istanbul 120 LR 0.23153606856660153 R2
NON-RECURRENT-MMM Istanbul 120 RF 0.2933650570938899 R2
NON-RECURRENT-MMM Istanbul 120 GBM 0.22315292624851774 R2
NON-RECURRENT-MMM Istanbul 120 LLR -0.0005986362996761267 R2
NON-RECURRENT-MMM Istanbul 120 RLR 0.23155690117876437 R2
t_spatial, t_non_spatial, "seconds" : 7.152557373046875e-07 2141.156260251999 seconds
sorted_percentage_nan_per_column : Matplotlib is currently using agg, which is a non-GUI backend, so cannot show the figure.
Matplotlib is currently using agg, which is a non-GUI backend, so cannot show the figure.
maxspeed                         75.199278
n                                 0.000000
lane_density                      0.000000
streets_per_node_proportion_6     0.000000
streets_per_node_count_6          0.000000
streets_per_node_proportion_5     0.000000
streets_per_node_count_5          0.000000
streets_per_node_proportion_4     0.000000
streets_per_node_count_4          0.000000
streets_per_node_proportion_3     0.000000
streets_per_node_count_3          0.000000
streets_per_node_proportion_2     0.000000
streets_per_node_count_2          0.000000
streets_per_node_proportion_1     0.000000
streets_per_node_count_1          0.000000
mean_lanes                        0.000000
m                                 0.000000
betweenness                       0.000000
total_crossings                   0.000000
non_metered_count                 0.000000
metered_count                     0.000000
self_loop_proportion              0.000000
circuity_avg                      0.000000
street_length_avg                 0.000000
street_segment_count              0.000000
street_length_total               0.000000
streets_per_node_avg              0.000000
edge_length_avg                   0.000000
edge_length_total                 0.000000
k_avg                             0.000000
global_betweenness                0.000000
dtype: float64
city, scale, tod, config.shift_tile_marker, X.shape, Y.shape : Istanbul 135 [1, 2, 3, 4, 5, 6, 7, 8, 9, 10, 11, 12, 13, 14, 15, 16, 17, 18, 19, 20, 21, 22, 23, 24] 3 (6649, 17) (6649,)
X.shape, Y.shape, "Inside the model-fitting function" : (6649, 17) (6649,) Inside the model-fitting function
Dict: model_trials.best_params_
Key: Value
{'randomforestregressor__max_depth': 100,
 'randomforestregressor__max_features': 'sqrt',
 'randomforestregressor__n_estimators': 1000}
Dict: model_trials.best_params_
Key: Value
{'xgbregressor__learning_rate': 0.01,
 'xgbregressor__max_depth': 10,
 'xgbregressor__n_estimators': 100}
Matplotlib is currently using agg, which is a non-GUI backend, so cannot show the figure.
config.CONGESTION_TYPE, slugifiedstring, i, key, value : NON-RECURRENT-MMM non-recurrent-mmm-istanbul-135-1-2-3-4-5-6-7-8-9-10-11-12-13-14-15-16-17-18-19-20-21-22-23-24 0 non_metered_count -1.2490818769236215e-05
config.CONGESTION_TYPE, slugifiedstring, i, key, value : NON-RECURRENT-MMM non-recurrent-mmm-istanbul-135-1-2-3-4-5-6-7-8-9-10-11-12-13-14-15-16-17-18-19-20-21-22-23-24 1 streets_per_node_count_3 -1.265641066504299e-05
config.CONGESTION_TYPE, slugifiedstring, i, key, value : NON-RECURRENT-MMM non-recurrent-mmm-istanbul-135-1-2-3-4-5-6-7-8-9-10-11-12-13-14-15-16-17-18-19-20-21-22-23-24 2 streets_per_node_count_6 -9.067502598921142e-06
config.CONGESTION_TYPE, slugifiedstring, i, key, value : NON-RECURRENT-MMM non-recurrent-mmm-istanbul-135-1-2-3-4-5-6-7-8-9-10-11-12-13-14-15-16-17-18-19-20-21-22-23-24 3 betweenness -2.267250813218357e-05
config.CONGESTION_TYPE, slugifiedstring, i, key, value : NON-RECURRENT-MMM non-recurrent-mmm-istanbul-135-1-2-3-4-5-6-7-8-9-10-11-12-13-14-15-16-17-18-19-20-21-22-23-24 4 metered_count -1.690520405800456e-05
config.CONGESTION_TYPE, slugifiedstring, i, key, value : NON-RECURRENT-MMM non-recurrent-mmm-istanbul-135-1-2-3-4-5-6-7-8-9-10-11-12-13-14-15-16-17-18-19-20-21-22-23-24 5 streets_per_node_count_4 0
config.CONGESTION_TYPE, slugifiedstring, i, key, value : NON-RECURRENT-MMM non-recurrent-mmm-istanbul-135-1-2-3-4-5-6-7-8-9-10-11-12-13-14-15-16-17-18-19-20-21-22-23-24 6 n -1.729215967039052e-05
config.CONGESTION_TYPE, slugifiedstring, i, key, value : NON-RECURRENT-MMM non-recurrent-mmm-istanbul-135-1-2-3-4-5-6-7-8-9-10-11-12-13-14-15-16-17-18-19-20-21-22-23-24 7 circuity_avg 7.906920019645595e-05
config.CONGESTION_TYPE, slugifiedstring, i, key, value : NON-RECURRENT-MMM non-recurrent-mmm-istanbul-135-1-2-3-4-5-6-7-8-9-10-11-12-13-14-15-16-17-18-19-20-21-22-23-24 8 k_avg -0.00023028955675846038
config.CONGESTION_TYPE, slugifiedstring, i, key, value : NON-RECURRENT-MMM non-recurrent-mmm-istanbul-135-1-2-3-4-5-6-7-8-9-10-11-12-13-14-15-16-17-18-19-20-21-22-23-24 9 mean_lanes -3.91088258324168e-05
config.CONGESTION_TYPE, slugifiedstring, i, key, value : NON-RECURRENT-MMM non-recurrent-mmm-istanbul-135-1-2-3-4-5-6-7-8-9-10-11-12-13-14-15-16-17-18-19-20-21-22-23-24 10 streets_per_node_count_1 0
config.CONGESTION_TYPE, slugifiedstring, i, key, value : NON-RECURRENT-MMM non-recurrent-mmm-istanbul-135-1-2-3-4-5-6-7-8-9-10-11-12-13-14-15-16-17-18-19-20-21-22-23-24 11 streets_per_node_avg -1.391170687176561e-05
config.CONGESTION_TYPE, slugifiedstring, i, key, value : NON-RECURRENT-MMM non-recurrent-mmm-istanbul-135-1-2-3-4-5-6-7-8-9-10-11-12-13-14-15-16-17-18-19-20-21-22-23-24 12 m -9.275982686020981e-06
config.CONGESTION_TYPE, slugifiedstring, i, key, value : NON-RECURRENT-MMM non-recurrent-mmm-istanbul-135-1-2-3-4-5-6-7-8-9-10-11-12-13-14-15-16-17-18-19-20-21-22-23-24 13 streets_per_node_count_5 -8.661417216893585e-06
config.CONGESTION_TYPE, slugifiedstring, i, key, value : NON-RECURRENT-MMM non-recurrent-mmm-istanbul-135-1-2-3-4-5-6-7-8-9-10-11-12-13-14-15-16-17-18-19-20-21-22-23-24 14 global_betweenness 0.00012663855582257353
config.CONGESTION_TYPE, slugifiedstring, i, key, value : NON-RECURRENT-MMM non-recurrent-mmm-istanbul-135-1-2-3-4-5-6-7-8-9-10-11-12-13-14-15-16-17-18-19-20-21-22-23-24 15 total_crossings -3.6371394422476106e-05
config.CONGESTION_TYPE, slugifiedstring, i, key, value : NON-RECURRENT-MMM non-recurrent-mmm-istanbul-135-1-2-3-4-5-6-7-8-9-10-11-12-13-14-15-16-17-18-19-20-21-22-23-24 16 streets_per_node_count_2 -9.232993815331152e-06
SHAP Values for each feature:
Slug                           Feature Name         Mean Abs SHAP Value
SHAP-- non-recurrent-mmm-istanbul-135-1-2-3-4-5-6-7-8-9-10-11-12-13-14-15-16-17-18-19-20-21-22-23-24 non_metered_count             0.0042
SHAP-- non-recurrent-mmm-istanbul-135-1-2-3-4-5-6-7-8-9-10-11-12-13-14-15-16-17-18-19-20-21-22-23-24 streets_per_node_count_3          0.0111
SHAP-- non-recurrent-mmm-istanbul-135-1-2-3-4-5-6-7-8-9-10-11-12-13-14-15-16-17-18-19-20-21-22-23-24 streets_per_node_count_6          0.0077
SHAP-- non-recurrent-mmm-istanbul-135-1-2-3-4-5-6-7-8-9-10-11-12-13-14-15-16-17-18-19-20-21-22-23-24 betweenness                   0.0091
SHAP-- non-recurrent-mmm-istanbul-135-1-2-3-4-5-6-7-8-9-10-11-12-13-14-15-16-17-18-19-20-21-22-23-24 metered_count                 0.0037
SHAP-- non-recurrent-mmm-istanbul-135-1-2-3-4-5-6-7-8-9-10-11-12-13-14-15-16-17-18-19-20-21-22-23-24 streets_per_node_count_4          0.0000
SHAP-- non-recurrent-mmm-istanbul-135-1-2-3-4-5-6-7-8-9-10-11-12-13-14-15-16-17-18-19-20-21-22-23-24 n                             0.0106
SHAP-- non-recurrent-mmm-istanbul-135-1-2-3-4-5-6-7-8-9-10-11-12-13-14-15-16-17-18-19-20-21-22-23-24 circuity_avg                  0.0023
SHAP-- non-recurrent-mmm-istanbul-135-1-2-3-4-5-6-7-8-9-10-11-12-13-14-15-16-17-18-19-20-21-22-23-24 k_avg                         0.0109
SHAP-- non-recurrent-mmm-istanbul-135-1-2-3-4-5-6-7-8-9-10-11-12-13-14-15-16-17-18-19-20-21-22-23-24 mean_lanes                    0.0112
SHAP-- non-recurrent-mmm-istanbul-135-1-2-3-4-5-6-7-8-9-10-11-12-13-14-15-16-17-18-19-20-21-22-23-24 streets_per_node_count_1          0.0000
SHAP-- non-recurrent-mmm-istanbul-135-1-2-3-4-5-6-7-8-9-10-11-12-13-14-15-16-17-18-19-20-21-22-23-24 streets_per_node_avg          0.0122
SHAP-- non-recurrent-mmm-istanbul-135-1-2-3-4-5-6-7-8-9-10-11-12-13-14-15-16-17-18-19-20-21-22-23-24 m                             0.0044
SHAP-- non-recurrent-mmm-istanbul-135-1-2-3-4-5-6-7-8-9-10-11-12-13-14-15-16-17-18-19-20-21-22-23-24 streets_per_node_count_5          0.0061
SHAP-- non-recurrent-mmm-istanbul-135-1-2-3-4-5-6-7-8-9-10-11-12-13-14-15-16-17-18-19-20-21-22-23-24 global_betweenness            0.0125
SHAP-- non-recurrent-mmm-istanbul-135-1-2-3-4-5-6-7-8-9-10-11-12-13-14-15-16-17-18-19-20-21-22-23-24 total_crossings               0.0136
SHAP-- non-recurrent-mmm-istanbul-135-1-2-3-4-5-6-7-8-9-10-11-12-13-14-15-16-17-18-19-20-21-22-23-24 streets_per_node_count_2          0.0047
NON-RECURRENT-MMM Istanbul 135 LR 0.20509786168123215 XpVar
NON-RECURRENT-MMM Istanbul 135 RF 0.28520313416544063 XpVar
NON-RECURRENT-MMM Istanbul 135 GBM 0.21766921665053765 XpVar
NON-RECURRENT-MMM Istanbul 135 LLR -3.172065784643304e-17 XpVar
NON-RECURRENT-MMM Istanbul 135 RLR 0.2051051458514481 XpVar
NON-RECURRENT-MMM Istanbul 135 LR 0.01380033125089736 MSE
NON-RECURRENT-MMM Istanbul 135 RF 0.012426056518860714 MSE
NON-RECURRENT-MMM Istanbul 135 GBM 0.013596592124864507 MSE
NON-RECURRENT-MMM Istanbul 135 LLR 0.01733785401090821 MSE
NON-RECURRENT-MMM Istanbul 135 RLR 0.013800474237337022 MSE
NON-RECURRENT-MMM Istanbul 135 LR 0.20403616221294701 R2
NON-RECURRENT-MMM Istanbul 135 RF 0.2838654291210408 R2
NON-RECURRENT-MMM Istanbul 135 GBM 0.21634799220897 R2
NON-RECURRENT-MMM Istanbul 135 LLR -0.0017413482815503542 R2
NON-RECURRENT-MMM Istanbul 135 RLR 0.20403730112334958 R2
t_spatial, t_non_spatial, "seconds" : 1.430511474609375e-06 15913.85882282257 seconds
sorted_percentage_nan_per_column : Matplotlib is currently using agg, which is a non-GUI backend, so cannot show the figure.
Matplotlib is currently using agg, which is a non-GUI backend, so cannot show the figure.
maxspeed                         57.467532
n                                 0.000000
lane_density                      0.000000
streets_per_node_proportion_6     0.000000
streets_per_node_count_6          0.000000
streets_per_node_proportion_5     0.000000
streets_per_node_count_5          0.000000
streets_per_node_proportion_4     0.000000
streets_per_node_count_4          0.000000
streets_per_node_proportion_3     0.000000
streets_per_node_count_3          0.000000
streets_per_node_proportion_2     0.000000
streets_per_node_count_2          0.000000
streets_per_node_proportion_1     0.000000
streets_per_node_count_1          0.000000
mean_lanes                        0.000000
m                                 0.000000
betweenness                       0.000000
total_crossings                   0.000000
non_metered_count                 0.000000
metered_count                     0.000000
self_loop_proportion              0.000000
circuity_avg                      0.000000
street_length_avg                 0.000000
street_segment_count              0.000000
street_length_total               0.000000
streets_per_node_avg              0.000000
edge_length_avg                   0.000000
edge_length_total                 0.000000
k_avg                             0.000000
global_betweenness                0.000000
dtype: float64
city, scale, tod, config.shift_tile_marker, X.shape, Y.shape : Istanbul 37 [1, 2, 3, 4, 5, 6, 7, 8, 9, 10, 11, 12, 13, 14, 15, 16, 17, 18, 19, 20, 21, 22, 23, 24] 3 (924, 17) (924,)
X.shape, Y.shape, "Inside the model-fitting function" : (924, 17) (924,) Inside the model-fitting function
Dict: model_trials.best_params_
Key: Value
{'randomforestregressor__max_depth': 50,
 'randomforestregressor__max_features': 'sqrt',
 'randomforestregressor__n_estimators': 100}
Dict: model_trials.best_params_
Key: Value
{'xgbregressor__learning_rate': 0.01,
 'xgbregressor__max_depth': 10,
 'xgbregressor__n_estimators': 300}
Matplotlib is currently using agg, which is a non-GUI backend, so cannot show the figure.
config.CONGESTION_TYPE, slugifiedstring, i, key, value : NON-RECURRENT-MMM non-recurrent-mmm-istanbul-37-1-2-3-4-5-6-7-8-9-10-11-12-13-14-15-16-17-18-19-20-21-22-23-24 0 non_metered_count -7.806563458700925e-05
config.CONGESTION_TYPE, slugifiedstring, i, key, value : NON-RECURRENT-MMM non-recurrent-mmm-istanbul-37-1-2-3-4-5-6-7-8-9-10-11-12-13-14-15-16-17-18-19-20-21-22-23-24 1 streets_per_node_count_3 -7.92101580055842e-05
config.CONGESTION_TYPE, slugifiedstring, i, key, value : NON-RECURRENT-MMM non-recurrent-mmm-istanbul-37-1-2-3-4-5-6-7-8-9-10-11-12-13-14-15-16-17-18-19-20-21-22-23-24 2 streets_per_node_count_6 -5.7548866149814996e-05
config.CONGESTION_TYPE, slugifiedstring, i, key, value : NON-RECURRENT-MMM non-recurrent-mmm-istanbul-37-1-2-3-4-5-6-7-8-9-10-11-12-13-14-15-16-17-18-19-20-21-22-23-24 3 betweenness -7.12298637342154e-05
config.CONGESTION_TYPE, slugifiedstring, i, key, value : NON-RECURRENT-MMM non-recurrent-mmm-istanbul-37-1-2-3-4-5-6-7-8-9-10-11-12-13-14-15-16-17-18-19-20-21-22-23-24 4 metered_count -0.00010425808595553146
config.CONGESTION_TYPE, slugifiedstring, i, key, value : NON-RECURRENT-MMM non-recurrent-mmm-istanbul-37-1-2-3-4-5-6-7-8-9-10-11-12-13-14-15-16-17-18-19-20-21-22-23-24 5 streets_per_node_count_4 0
config.CONGESTION_TYPE, slugifiedstring, i, key, value : NON-RECURRENT-MMM non-recurrent-mmm-istanbul-37-1-2-3-4-5-6-7-8-9-10-11-12-13-14-15-16-17-18-19-20-21-22-23-24 6 n -4.783961708401955e-05
config.CONGESTION_TYPE, slugifiedstring, i, key, value : NON-RECURRENT-MMM non-recurrent-mmm-istanbul-37-1-2-3-4-5-6-7-8-9-10-11-12-13-14-15-16-17-18-19-20-21-22-23-24 7 circuity_avg 3.3554538040641714e-05
config.CONGESTION_TYPE, slugifiedstring, i, key, value : NON-RECURRENT-MMM non-recurrent-mmm-istanbul-37-1-2-3-4-5-6-7-8-9-10-11-12-13-14-15-16-17-18-19-20-21-22-23-24 8 k_avg -0.0003477629695240127
config.CONGESTION_TYPE, slugifiedstring, i, key, value : NON-RECURRENT-MMM non-recurrent-mmm-istanbul-37-1-2-3-4-5-6-7-8-9-10-11-12-13-14-15-16-17-18-19-20-21-22-23-24 9 mean_lanes -0.0001003610228196094
config.CONGESTION_TYPE, slugifiedstring, i, key, value : NON-RECURRENT-MMM non-recurrent-mmm-istanbul-37-1-2-3-4-5-6-7-8-9-10-11-12-13-14-15-16-17-18-19-20-21-22-23-24 10 streets_per_node_count_1 0
config.CONGESTION_TYPE, slugifiedstring, i, key, value : NON-RECURRENT-MMM non-recurrent-mmm-istanbul-37-1-2-3-4-5-6-7-8-9-10-11-12-13-14-15-16-17-18-19-20-21-22-23-24 11 streets_per_node_avg -0.00011289762755526058
config.CONGESTION_TYPE, slugifiedstring, i, key, value : NON-RECURRENT-MMM non-recurrent-mmm-istanbul-37-1-2-3-4-5-6-7-8-9-10-11-12-13-14-15-16-17-18-19-20-21-22-23-24 12 m -3.5354734114127005e-05
config.CONGESTION_TYPE, slugifiedstring, i, key, value : NON-RECURRENT-MMM non-recurrent-mmm-istanbul-37-1-2-3-4-5-6-7-8-9-10-11-12-13-14-15-16-17-18-19-20-21-22-23-24 13 streets_per_node_count_5 -4.6165650627647484e-05
config.CONGESTION_TYPE, slugifiedstring, i, key, value : NON-RECURRENT-MMM non-recurrent-mmm-istanbul-37-1-2-3-4-5-6-7-8-9-10-11-12-13-14-15-16-17-18-19-20-21-22-23-24 14 global_betweenness -0.00031738425039400765
config.CONGESTION_TYPE, slugifiedstring, i, key, value : NON-RECURRENT-MMM non-recurrent-mmm-istanbul-37-1-2-3-4-5-6-7-8-9-10-11-12-13-14-15-16-17-18-19-20-21-22-23-24 15 total_crossings -0.00012862077526286825
config.CONGESTION_TYPE, slugifiedstring, i, key, value : NON-RECURRENT-MMM non-recurrent-mmm-istanbul-37-1-2-3-4-5-6-7-8-9-10-11-12-13-14-15-16-17-18-19-20-21-22-23-24 16 streets_per_node_count_2 -5.512802678768473e-05
SHAP Values for each feature:
Slug                           Feature Name         Mean Abs SHAP Value
SHAP-- non-recurrent-mmm-istanbul-37-1-2-3-4-5-6-7-8-9-10-11-12-13-14-15-16-17-18-19-20-21-22-23-24 non_metered_count             0.0080
SHAP-- non-recurrent-mmm-istanbul-37-1-2-3-4-5-6-7-8-9-10-11-12-13-14-15-16-17-18-19-20-21-22-23-24 streets_per_node_count_3          0.0110
SHAP-- non-recurrent-mmm-istanbul-37-1-2-3-4-5-6-7-8-9-10-11-12-13-14-15-16-17-18-19-20-21-22-23-24 streets_per_node_count_6          0.0072
SHAP-- non-recurrent-mmm-istanbul-37-1-2-3-4-5-6-7-8-9-10-11-12-13-14-15-16-17-18-19-20-21-22-23-24 betweenness                   0.0052
SHAP-- non-recurrent-mmm-istanbul-37-1-2-3-4-5-6-7-8-9-10-11-12-13-14-15-16-17-18-19-20-21-22-23-24 metered_count                 0.0091
SHAP-- non-recurrent-mmm-istanbul-37-1-2-3-4-5-6-7-8-9-10-11-12-13-14-15-16-17-18-19-20-21-22-23-24 streets_per_node_count_4          0.0000
SHAP-- non-recurrent-mmm-istanbul-37-1-2-3-4-5-6-7-8-9-10-11-12-13-14-15-16-17-18-19-20-21-22-23-24 n                             0.0042
SHAP-- non-recurrent-mmm-istanbul-37-1-2-3-4-5-6-7-8-9-10-11-12-13-14-15-16-17-18-19-20-21-22-23-24 circuity_avg                  0.0011
SHAP-- non-recurrent-mmm-istanbul-37-1-2-3-4-5-6-7-8-9-10-11-12-13-14-15-16-17-18-19-20-21-22-23-24 k_avg                         0.0072
SHAP-- non-recurrent-mmm-istanbul-37-1-2-3-4-5-6-7-8-9-10-11-12-13-14-15-16-17-18-19-20-21-22-23-24 mean_lanes                    0.0078
SHAP-- non-recurrent-mmm-istanbul-37-1-2-3-4-5-6-7-8-9-10-11-12-13-14-15-16-17-18-19-20-21-22-23-24 streets_per_node_count_1          0.0000
SHAP-- non-recurrent-mmm-istanbul-37-1-2-3-4-5-6-7-8-9-10-11-12-13-14-15-16-17-18-19-20-21-22-23-24 streets_per_node_avg          0.0139
SHAP-- non-recurrent-mmm-istanbul-37-1-2-3-4-5-6-7-8-9-10-11-12-13-14-15-16-17-18-19-20-21-22-23-24 m                             0.0033
SHAP-- non-recurrent-mmm-istanbul-37-1-2-3-4-5-6-7-8-9-10-11-12-13-14-15-16-17-18-19-20-21-22-23-24 streets_per_node_count_5          0.0042
SHAP-- non-recurrent-mmm-istanbul-37-1-2-3-4-5-6-7-8-9-10-11-12-13-14-15-16-17-18-19-20-21-22-23-24 global_betweenness            0.0066
SHAP-- non-recurrent-mmm-istanbul-37-1-2-3-4-5-6-7-8-9-10-11-12-13-14-15-16-17-18-19-20-21-22-23-24 total_crossings               0.0143
SHAP-- non-recurrent-mmm-istanbul-37-1-2-3-4-5-6-7-8-9-10-11-12-13-14-15-16-17-18-19-20-21-22-23-24 streets_per_node_count_2          0.0043
NON-RECURRENT-MMM Istanbul 37 LR 0.35818391988712933 XpVar
NON-RECURRENT-MMM Istanbul 37 RF 0.4208270285751836 XpVar
NON-RECURRENT-MMM Istanbul 37 GBM 0.3664996254289967 XpVar
NON-RECURRENT-MMM Istanbul 37 LLR -4.7580986769649563e-17 XpVar
NON-RECURRENT-MMM Istanbul 37 RLR 0.35782061834037954 XpVar
NON-RECURRENT-MMM Istanbul 37 LR 0.007128944507716716 MSE
NON-RECURRENT-MMM Istanbul 37 RF 0.0064615450147871055 MSE
NON-RECURRENT-MMM Istanbul 37 GBM 0.006976537384439089 MSE
NON-RECURRENT-MMM Istanbul 37 LLR 0.011062674465854435 MSE
NON-RECURRENT-MMM Istanbul 37 RLR 0.007127919964748244 MSE
NON-RECURRENT-MMM Istanbul 37 LR 0.35466329126166596 R2
NON-RECURRENT-MMM Istanbul 37 RF 0.41765390517870404 R2
NON-RECURRENT-MMM Istanbul 37 GBM 0.3627472442793079 R2
NON-RECURRENT-MMM Istanbul 37 LLR -0.009096004732026668 R2
NON-RECURRENT-MMM Istanbul 37 RLR 0.3544736610735014 R2
t_spatial, t_non_spatial, "seconds" : 1.1920928955078125e-06 400.36867594718933 seconds
sorted_percentage_nan_per_column : Matplotlib is currently using agg, which is a non-GUI backend, so cannot show the figure.
Matplotlib is currently using agg, which is a non-GUI backend, so cannot show the figure.
maxspeed                         68.208092
n                                 0.000000
lane_density                      0.000000
streets_per_node_proportion_6     0.000000
streets_per_node_count_6          0.000000
streets_per_node_proportion_5     0.000000
streets_per_node_count_5          0.000000
streets_per_node_proportion_4     0.000000
streets_per_node_count_4          0.000000
streets_per_node_proportion_3     0.000000
streets_per_node_count_3          0.000000
streets_per_node_proportion_2     0.000000
streets_per_node_count_2          0.000000
streets_per_node_proportion_1     0.000000
streets_per_node_count_1          0.000000
mean_lanes                        0.000000
m                                 0.000000
betweenness                       0.000000
total_crossings                   0.000000
non_metered_count                 0.000000
metered_count                     0.000000
self_loop_proportion              0.000000
circuity_avg                      0.000000
street_length_avg                 0.000000
street_segment_count              0.000000
street_length_total               0.000000
streets_per_node_avg              0.000000
edge_length_avg                   0.000000
edge_length_total                 0.000000
k_avg                             0.000000
global_betweenness                0.000000
dtype: float64
city, scale, tod, config.shift_tile_marker, X.shape, Y.shape : Istanbul 75 [1, 2, 3, 4, 5, 6, 7, 8, 9, 10, 11, 12, 13, 14, 15, 16, 17, 18, 19, 20, 21, 22, 23, 24] 3 (2768, 17) (2768,)
X.shape, Y.shape, "Inside the model-fitting function" : (2768, 17) (2768,) Inside the model-fitting function
Dict: model_trials.best_params_
Key: Value
{'randomforestregressor__max_depth': 10,
 'randomforestregressor__max_features': 'sqrt',
 'randomforestregressor__n_estimators': 1000}
Dict: model_trials.best_params_
Key: Value
{'xgbregressor__learning_rate': 0.01,
 'xgbregressor__max_depth': 10,
 'xgbregressor__n_estimators': 200}
Matplotlib is currently using agg, which is a non-GUI backend, so cannot show the figure.
config.CONGESTION_TYPE, slugifiedstring, i, key, value : NON-RECURRENT-MMM non-recurrent-mmm-istanbul-75-1-2-3-4-5-6-7-8-9-10-11-12-13-14-15-16-17-18-19-20-21-22-23-24 0 non_metered_count -2.342305836554083e-05
config.CONGESTION_TYPE, slugifiedstring, i, key, value : NON-RECURRENT-MMM non-recurrent-mmm-istanbul-75-1-2-3-4-5-6-7-8-9-10-11-12-13-14-15-16-17-18-19-20-21-22-23-24 1 streets_per_node_count_3 -3.0821860153286e-05
config.CONGESTION_TYPE, slugifiedstring, i, key, value : NON-RECURRENT-MMM non-recurrent-mmm-istanbul-75-1-2-3-4-5-6-7-8-9-10-11-12-13-14-15-16-17-18-19-20-21-22-23-24 2 streets_per_node_count_6 -1.7125835281724775e-05
config.CONGESTION_TYPE, slugifiedstring, i, key, value : NON-RECURRENT-MMM non-recurrent-mmm-istanbul-75-1-2-3-4-5-6-7-8-9-10-11-12-13-14-15-16-17-18-19-20-21-22-23-24 3 betweenness -3.725747034176745e-05
config.CONGESTION_TYPE, slugifiedstring, i, key, value : NON-RECURRENT-MMM non-recurrent-mmm-istanbul-75-1-2-3-4-5-6-7-8-9-10-11-12-13-14-15-16-17-18-19-20-21-22-23-24 4 metered_count -5.270870780096765e-05
config.CONGESTION_TYPE, slugifiedstring, i, key, value : NON-RECURRENT-MMM non-recurrent-mmm-istanbul-75-1-2-3-4-5-6-7-8-9-10-11-12-13-14-15-16-17-18-19-20-21-22-23-24 5 streets_per_node_count_4 0
config.CONGESTION_TYPE, slugifiedstring, i, key, value : NON-RECURRENT-MMM non-recurrent-mmm-istanbul-75-1-2-3-4-5-6-7-8-9-10-11-12-13-14-15-16-17-18-19-20-21-22-23-24 6 n -1.907379030781996e-05
config.CONGESTION_TYPE, slugifiedstring, i, key, value : NON-RECURRENT-MMM non-recurrent-mmm-istanbul-75-1-2-3-4-5-6-7-8-9-10-11-12-13-14-15-16-17-18-19-20-21-22-23-24 7 circuity_avg 1.7208421294467626e-05
config.CONGESTION_TYPE, slugifiedstring, i, key, value : NON-RECURRENT-MMM non-recurrent-mmm-istanbul-75-1-2-3-4-5-6-7-8-9-10-11-12-13-14-15-16-17-18-19-20-21-22-23-24 8 k_avg -0.0004669790473248558
config.CONGESTION_TYPE, slugifiedstring, i, key, value : NON-RECURRENT-MMM non-recurrent-mmm-istanbul-75-1-2-3-4-5-6-7-8-9-10-11-12-13-14-15-16-17-18-19-20-21-22-23-24 9 mean_lanes -6.79413478887633e-05
config.CONGESTION_TYPE, slugifiedstring, i, key, value : NON-RECURRENT-MMM non-recurrent-mmm-istanbul-75-1-2-3-4-5-6-7-8-9-10-11-12-13-14-15-16-17-18-19-20-21-22-23-24 10 streets_per_node_count_1 0
config.CONGESTION_TYPE, slugifiedstring, i, key, value : NON-RECURRENT-MMM non-recurrent-mmm-istanbul-75-1-2-3-4-5-6-7-8-9-10-11-12-13-14-15-16-17-18-19-20-21-22-23-24 11 streets_per_node_avg -3.3763919011663124e-05
config.CONGESTION_TYPE, slugifiedstring, i, key, value : NON-RECURRENT-MMM non-recurrent-mmm-istanbul-75-1-2-3-4-5-6-7-8-9-10-11-12-13-14-15-16-17-18-19-20-21-22-23-24 12 m 2.8970005295903007e-05
config.CONGESTION_TYPE, slugifiedstring, i, key, value : NON-RECURRENT-MMM non-recurrent-mmm-istanbul-75-1-2-3-4-5-6-7-8-9-10-11-12-13-14-15-16-17-18-19-20-21-22-23-24 13 streets_per_node_count_5 -1.879381369663238e-05
config.CONGESTION_TYPE, slugifiedstring, i, key, value : NON-RECURRENT-MMM non-recurrent-mmm-istanbul-75-1-2-3-4-5-6-7-8-9-10-11-12-13-14-15-16-17-18-19-20-21-22-23-24 14 global_betweenness 0.000277133592878711
config.CONGESTION_TYPE, slugifiedstring, i, key, value : NON-RECURRENT-MMM non-recurrent-mmm-istanbul-75-1-2-3-4-5-6-7-8-9-10-11-12-13-14-15-16-17-18-19-20-21-22-23-24 15 total_crossings -5.898953819805912e-05
config.CONGESTION_TYPE, slugifiedstring, i, key, value : NON-RECURRENT-MMM non-recurrent-mmm-istanbul-75-1-2-3-4-5-6-7-8-9-10-11-12-13-14-15-16-17-18-19-20-21-22-23-24 16 streets_per_node_count_2 -2.5283438263024614e-05
SHAP Values for each feature:
Slug                           Feature Name         Mean Abs SHAP Value
SHAP-- non-recurrent-mmm-istanbul-75-1-2-3-4-5-6-7-8-9-10-11-12-13-14-15-16-17-18-19-20-21-22-23-24 non_metered_count             0.0052
SHAP-- non-recurrent-mmm-istanbul-75-1-2-3-4-5-6-7-8-9-10-11-12-13-14-15-16-17-18-19-20-21-22-23-24 streets_per_node_count_3          0.0121
SHAP-- non-recurrent-mmm-istanbul-75-1-2-3-4-5-6-7-8-9-10-11-12-13-14-15-16-17-18-19-20-21-22-23-24 streets_per_node_count_6          0.0064
SHAP-- non-recurrent-mmm-istanbul-75-1-2-3-4-5-6-7-8-9-10-11-12-13-14-15-16-17-18-19-20-21-22-23-24 betweenness                   0.0078
SHAP-- non-recurrent-mmm-istanbul-75-1-2-3-4-5-6-7-8-9-10-11-12-13-14-15-16-17-18-19-20-21-22-23-24 metered_count                 0.0095
SHAP-- non-recurrent-mmm-istanbul-75-1-2-3-4-5-6-7-8-9-10-11-12-13-14-15-16-17-18-19-20-21-22-23-24 streets_per_node_count_4          0.0000
SHAP-- non-recurrent-mmm-istanbul-75-1-2-3-4-5-6-7-8-9-10-11-12-13-14-15-16-17-18-19-20-21-22-23-24 n                             0.0053
SHAP-- non-recurrent-mmm-istanbul-75-1-2-3-4-5-6-7-8-9-10-11-12-13-14-15-16-17-18-19-20-21-22-23-24 circuity_avg                  0.0013
SHAP-- non-recurrent-mmm-istanbul-75-1-2-3-4-5-6-7-8-9-10-11-12-13-14-15-16-17-18-19-20-21-22-23-24 k_avg                         0.0086
SHAP-- non-recurrent-mmm-istanbul-75-1-2-3-4-5-6-7-8-9-10-11-12-13-14-15-16-17-18-19-20-21-22-23-24 mean_lanes                    0.0100
SHAP-- non-recurrent-mmm-istanbul-75-1-2-3-4-5-6-7-8-9-10-11-12-13-14-15-16-17-18-19-20-21-22-23-24 streets_per_node_count_1          0.0000
SHAP-- non-recurrent-mmm-istanbul-75-1-2-3-4-5-6-7-8-9-10-11-12-13-14-15-16-17-18-19-20-21-22-23-24 streets_per_node_avg          0.0121
SHAP-- non-recurrent-mmm-istanbul-75-1-2-3-4-5-6-7-8-9-10-11-12-13-14-15-16-17-18-19-20-21-22-23-24 m                             0.0030
SHAP-- non-recurrent-mmm-istanbul-75-1-2-3-4-5-6-7-8-9-10-11-12-13-14-15-16-17-18-19-20-21-22-23-24 streets_per_node_count_5          0.0054
SHAP-- non-recurrent-mmm-istanbul-75-1-2-3-4-5-6-7-8-9-10-11-12-13-14-15-16-17-18-19-20-21-22-23-24 global_betweenness            0.0088
SHAP-- non-recurrent-mmm-istanbul-75-1-2-3-4-5-6-7-8-9-10-11-12-13-14-15-16-17-18-19-20-21-22-23-24 total_crossings               0.0145
SHAP-- non-recurrent-mmm-istanbul-75-1-2-3-4-5-6-7-8-9-10-11-12-13-14-15-16-17-18-19-20-21-22-23-24 streets_per_node_count_2          0.0031
NON-RECURRENT-MMM Istanbul 75 LR 0.2697875272016073 XpVar
NON-RECURRENT-MMM Istanbul 75 RF 0.3445634096799391 XpVar
NON-RECURRENT-MMM Istanbul 75 GBM 0.287139507492612 XpVar
NON-RECURRENT-MMM Istanbul 75 LLR -3.172065784643304e-17 XpVar
NON-RECURRENT-MMM Istanbul 75 RLR 0.2695128935140284 XpVar
NON-RECURRENT-MMM Istanbul 75 LR 0.010823389314697129 MSE
NON-RECURRENT-MMM Istanbul 75 RF 0.009728170129519912 MSE
NON-RECURRENT-MMM Istanbul 75 GBM 0.010550987708953238 MSE
NON-RECURRENT-MMM Istanbul 75 LLR 0.014573546107015152 MSE
NON-RECURRENT-MMM Istanbul 75 RLR 0.010825814368745369 MSE
NON-RECURRENT-MMM Istanbul 75 LR 0.26490217173272407 R2
NON-RECURRENT-MMM Istanbul 75 RF 0.3411869522790032 R2
NON-RECURRENT-MMM Istanbul 75 GBM 0.2840696790112612 R2
NON-RECURRENT-MMM Istanbul 75 LLR -0.004168870056160274 R2
NON-RECURRENT-MMM Istanbul 75 RLR 0.26462190622225246 R2
t_spatial, t_non_spatial, "seconds" : 2.384185791015625e-06 1077.358068704605 seconds
sorted_percentage_nan_per_column : Matplotlib is currently using agg, which is a non-GUI backend, so cannot show the figure.
Matplotlib is currently using agg, which is a non-GUI backend, so cannot show the figure.
maxspeed                         76.588069
n                                 0.000000
lane_density                      0.000000
streets_per_node_proportion_6     0.000000
streets_per_node_count_6          0.000000
streets_per_node_proportion_5     0.000000
streets_per_node_count_5          0.000000
streets_per_node_proportion_4     0.000000
streets_per_node_count_4          0.000000
streets_per_node_proportion_3     0.000000
streets_per_node_count_3          0.000000
streets_per_node_proportion_2     0.000000
streets_per_node_count_2          0.000000
streets_per_node_proportion_1     0.000000
streets_per_node_count_1          0.000000
mean_lanes                        0.000000
m                                 0.000000
betweenness                       0.000000
total_crossings                   0.000000
non_metered_count                 0.000000
metered_count                     0.000000
self_loop_proportion              0.000000
circuity_avg                      0.000000
street_length_avg                 0.000000
street_segment_count              0.000000
street_length_total               0.000000
streets_per_node_avg              0.000000
edge_length_avg                   0.000000
edge_length_total                 0.000000
k_avg                             0.000000
global_betweenness                0.000000
dtype: float64
city, scale, tod, config.shift_tile_marker, X.shape, Y.shape : Istanbul 150 [1, 2, 3, 4, 5, 6, 7, 8, 9, 10, 11, 12, 13, 14, 15, 16, 17, 18, 19, 20, 21, 22, 23, 24] 3 (7761, 17) (7761,)
X.shape, Y.shape, "Inside the model-fitting function" : (7761, 17) (7761,) Inside the model-fitting function
Dict: model_trials.best_params_
Key: Value
{'randomforestregressor__max_depth': 10,
 'randomforestregressor__max_features': 'sqrt',
 'randomforestregressor__n_estimators': 1000}
Dict: model_trials.best_params_
Key: Value
{'xgbregressor__learning_rate': 0.01,
 'xgbregressor__max_depth': 10,
 'xgbregressor__n_estimators': 200}
Matplotlib is currently using agg, which is a non-GUI backend, so cannot show the figure.
config.CONGESTION_TYPE, slugifiedstring, i, key, value : NON-RECURRENT-MMM non-recurrent-mmm-istanbul-150-1-2-3-4-5-6-7-8-9-10-11-12-13-14-15-16-17-18-19-20-21-22-23-24 0 non_metered_count -1.5325568015148426e-05
config.CONGESTION_TYPE, slugifiedstring, i, key, value : NON-RECURRENT-MMM non-recurrent-mmm-istanbul-150-1-2-3-4-5-6-7-8-9-10-11-12-13-14-15-16-17-18-19-20-21-22-23-24 1 streets_per_node_count_3 -8.75945496030187e-06
config.CONGESTION_TYPE, slugifiedstring, i, key, value : NON-RECURRENT-MMM non-recurrent-mmm-istanbul-150-1-2-3-4-5-6-7-8-9-10-11-12-13-14-15-16-17-18-19-20-21-22-23-24 2 streets_per_node_count_6 -8.378565604604946e-06
config.CONGESTION_TYPE, slugifiedstring, i, key, value : NON-RECURRENT-MMM non-recurrent-mmm-istanbul-150-1-2-3-4-5-6-7-8-9-10-11-12-13-14-15-16-17-18-19-20-21-22-23-24 3 betweenness -2.1634463002645887e-05
config.CONGESTION_TYPE, slugifiedstring, i, key, value : NON-RECURRENT-MMM non-recurrent-mmm-istanbul-150-1-2-3-4-5-6-7-8-9-10-11-12-13-14-15-16-17-18-19-20-21-22-23-24 4 metered_count -1.3401761707682449e-05
config.CONGESTION_TYPE, slugifiedstring, i, key, value : NON-RECURRENT-MMM non-recurrent-mmm-istanbul-150-1-2-3-4-5-6-7-8-9-10-11-12-13-14-15-16-17-18-19-20-21-22-23-24 5 streets_per_node_count_4 0
config.CONGESTION_TYPE, slugifiedstring, i, key, value : NON-RECURRENT-MMM non-recurrent-mmm-istanbul-150-1-2-3-4-5-6-7-8-9-10-11-12-13-14-15-16-17-18-19-20-21-22-23-24 6 n -1.2351088038754868e-05
config.CONGESTION_TYPE, slugifiedstring, i, key, value : NON-RECURRENT-MMM non-recurrent-mmm-istanbul-150-1-2-3-4-5-6-7-8-9-10-11-12-13-14-15-16-17-18-19-20-21-22-23-24 7 circuity_avg 6.913282896602811e-06
config.CONGESTION_TYPE, slugifiedstring, i, key, value : NON-RECURRENT-MMM non-recurrent-mmm-istanbul-150-1-2-3-4-5-6-7-8-9-10-11-12-13-14-15-16-17-18-19-20-21-22-23-24 8 k_avg -0.00043653659107565675
config.CONGESTION_TYPE, slugifiedstring, i, key, value : NON-RECURRENT-MMM non-recurrent-mmm-istanbul-150-1-2-3-4-5-6-7-8-9-10-11-12-13-14-15-16-17-18-19-20-21-22-23-24 9 mean_lanes -5.528515724183233e-05
config.CONGESTION_TYPE, slugifiedstring, i, key, value : NON-RECURRENT-MMM non-recurrent-mmm-istanbul-150-1-2-3-4-5-6-7-8-9-10-11-12-13-14-15-16-17-18-19-20-21-22-23-24 10 streets_per_node_count_1 0
config.CONGESTION_TYPE, slugifiedstring, i, key, value : NON-RECURRENT-MMM non-recurrent-mmm-istanbul-150-1-2-3-4-5-6-7-8-9-10-11-12-13-14-15-16-17-18-19-20-21-22-23-24 11 streets_per_node_avg -1.4188587110406575e-05
config.CONGESTION_TYPE, slugifiedstring, i, key, value : NON-RECURRENT-MMM non-recurrent-mmm-istanbul-150-1-2-3-4-5-6-7-8-9-10-11-12-13-14-15-16-17-18-19-20-21-22-23-24 12 m -7.022509626553434e-06
config.CONGESTION_TYPE, slugifiedstring, i, key, value : NON-RECURRENT-MMM non-recurrent-mmm-istanbul-150-1-2-3-4-5-6-7-8-9-10-11-12-13-14-15-16-17-18-19-20-21-22-23-24 13 streets_per_node_count_5 -9.889565443074529e-06
config.CONGESTION_TYPE, slugifiedstring, i, key, value : NON-RECURRENT-MMM non-recurrent-mmm-istanbul-150-1-2-3-4-5-6-7-8-9-10-11-12-13-14-15-16-17-18-19-20-21-22-23-24 14 global_betweenness 6.0983337911331995e-05
config.CONGESTION_TYPE, slugifiedstring, i, key, value : NON-RECURRENT-MMM non-recurrent-mmm-istanbul-150-1-2-3-4-5-6-7-8-9-10-11-12-13-14-15-16-17-18-19-20-21-22-23-24 15 total_crossings -3.277097810291473e-05
config.CONGESTION_TYPE, slugifiedstring, i, key, value : NON-RECURRENT-MMM non-recurrent-mmm-istanbul-150-1-2-3-4-5-6-7-8-9-10-11-12-13-14-15-16-17-18-19-20-21-22-23-24 16 streets_per_node_count_2 -7.9709248297327e-06
SHAP Values for each feature:
Slug                           Feature Name         Mean Abs SHAP Value
SHAP-- non-recurrent-mmm-istanbul-150-1-2-3-4-5-6-7-8-9-10-11-12-13-14-15-16-17-18-19-20-21-22-23-24 non_metered_count             0.0052
SHAP-- non-recurrent-mmm-istanbul-150-1-2-3-4-5-6-7-8-9-10-11-12-13-14-15-16-17-18-19-20-21-22-23-24 streets_per_node_count_3          0.0087
SHAP-- non-recurrent-mmm-istanbul-150-1-2-3-4-5-6-7-8-9-10-11-12-13-14-15-16-17-18-19-20-21-22-23-24 streets_per_node_count_6          0.0074
SHAP-- non-recurrent-mmm-istanbul-150-1-2-3-4-5-6-7-8-9-10-11-12-13-14-15-16-17-18-19-20-21-22-23-24 betweenness                   0.0075
SHAP-- non-recurrent-mmm-istanbul-150-1-2-3-4-5-6-7-8-9-10-11-12-13-14-15-16-17-18-19-20-21-22-23-24 metered_count                 0.0028
SHAP-- non-recurrent-mmm-istanbul-150-1-2-3-4-5-6-7-8-9-10-11-12-13-14-15-16-17-18-19-20-21-22-23-24 streets_per_node_count_4          0.0000
SHAP-- non-recurrent-mmm-istanbul-150-1-2-3-4-5-6-7-8-9-10-11-12-13-14-15-16-17-18-19-20-21-22-23-24 n                             0.0084
SHAP-- non-recurrent-mmm-istanbul-150-1-2-3-4-5-6-7-8-9-10-11-12-13-14-15-16-17-18-19-20-21-22-23-24 circuity_avg                  0.0013
SHAP-- non-recurrent-mmm-istanbul-150-1-2-3-4-5-6-7-8-9-10-11-12-13-14-15-16-17-18-19-20-21-22-23-24 k_avg                         0.0093
SHAP-- non-recurrent-mmm-istanbul-150-1-2-3-4-5-6-7-8-9-10-11-12-13-14-15-16-17-18-19-20-21-22-23-24 mean_lanes                    0.0096
SHAP-- non-recurrent-mmm-istanbul-150-1-2-3-4-5-6-7-8-9-10-11-12-13-14-15-16-17-18-19-20-21-22-23-24 streets_per_node_count_1          0.0000
SHAP-- non-recurrent-mmm-istanbul-150-1-2-3-4-5-6-7-8-9-10-11-12-13-14-15-16-17-18-19-20-21-22-23-24 streets_per_node_avg          0.0134
SHAP-- non-recurrent-mmm-istanbul-150-1-2-3-4-5-6-7-8-9-10-11-12-13-14-15-16-17-18-19-20-21-22-23-24 m                             0.0027
SHAP-- non-recurrent-mmm-istanbul-150-1-2-3-4-5-6-7-8-9-10-11-12-13-14-15-16-17-18-19-20-21-22-23-24 streets_per_node_count_5          0.0071
SHAP-- non-recurrent-mmm-istanbul-150-1-2-3-4-5-6-7-8-9-10-11-12-13-14-15-16-17-18-19-20-21-22-23-24 global_betweenness            0.0108
SHAP-- non-recurrent-mmm-istanbul-150-1-2-3-4-5-6-7-8-9-10-11-12-13-14-15-16-17-18-19-20-21-22-23-24 total_crossings               0.0129
SHAP-- non-recurrent-mmm-istanbul-150-1-2-3-4-5-6-7-8-9-10-11-12-13-14-15-16-17-18-19-20-21-22-23-24 streets_per_node_count_2          0.0040
NON-RECURRENT-MMM Istanbul 150 LR 0.18777769736538685 XpVar
NON-RECURRENT-MMM Istanbul 150 RF 0.24626379874161744 XpVar
NON-RECURRENT-MMM Istanbul 150 GBM 0.19770792592994177 XpVar
NON-RECURRENT-MMM Istanbul 150 LLR -1.586032892321652e-17 XpVar
NON-RECURRENT-MMM Istanbul 150 RLR 0.1877913323573221 XpVar
NON-RECURRENT-MMM Istanbul 150 LR 0.016114949239905828 MSE
NON-RECURRENT-MMM Istanbul 150 RF 0.01498728620119974 MSE
NON-RECURRENT-MMM Istanbul 150 GBM 0.015937868742432464 MSE
NON-RECURRENT-MMM Istanbul 150 LLR 0.019644381462208895 MSE
NON-RECURRENT-MMM Istanbul 150 RLR 0.016114877799768355 MSE
NON-RECURRENT-MMM Istanbul 150 LR 0.1870885549146539 R2
NON-RECURRENT-MMM Istanbul 150 RF 0.24574613879889579 R2
NON-RECURRENT-MMM Istanbul 150 GBM 0.19702283529136716 R2
NON-RECURRENT-MMM Istanbul 150 LLR -0.0007973105979137378 R2
NON-RECURRENT-MMM Istanbul 150 RLR 0.18709941502990673 R2
t_spatial, t_non_spatial, "seconds" : 1.1920928955078125e-06 2909.1580781936646 seconds

 Complete: python urbanscales/modelling/SHAP_analysis.py

