Loaded config file: Prefix for name of road network object pickle file!
os.getcwd() : /home/niskumar/WCS/urbanscales/modelling
sorted_percentage_nan_per_column : maxspeed                         53.424658
global_betweenness               13.850837
lane_density                      0.000000
streets_per_node_proportion_6     0.000000
streets_per_node_count_6          0.000000
streets_per_node_proportion_5     0.000000
streets_per_node_count_5          0.000000
streets_per_node_proportion_4     0.000000
streets_per_node_count_4          0.000000
streets_per_node_proportion_3     0.000000
streets_per_node_count_3          0.000000
streets_per_node_proportion_2     0.000000
streets_per_node_count_2          0.000000
streets_per_node_proportion_1     0.000000
streets_per_node_count_1          0.000000
n                                 0.000000
m                                 0.000000
betweenness                       0.000000
total_crossings                   0.000000
non_metered_count                 0.000000
metered_count                     0.000000
self_loop_proportion              0.000000
circuity_avg                      0.000000
street_length_avg                 0.000000
street_segment_count              0.000000
street_length_total               0.000000
streets_per_node_avg              0.000000
edge_length_avg                   0.000000
edge_length_total                 0.000000
k_avg                             0.000000
mean_lanes                        0.000000
dtype: float64
city, scale, tod, config.shift_tile_marker, X.shape, Y.shape : Istanbul 30 [1, 2, 3, 4, 5, 6, 7, 8, 9, 10, 11, 12, 13, 14, 15, 16, 17, 18, 19, 20, 21, 22, 23, 24] 3 (657, 17) (657,)
X.shape, Y.shape, "Inside the model-fitting function" : (657, 17) (657,) Inside the model-fitting function
Dict: model_trials.best_params_
Key: Value
{'randomforestregressor__max_depth': 20,
 'randomforestregressor__max_features': 'sqrt',
 'randomforestregressor__n_estimators': 300}
Dict: model_trials.best_params_
Key: Value
{'xgbregressor__learning_rate': 0.01,
 'xgbregressor__max_depth': 10,
 'xgbregressor__n_estimators': 200}
config.CONGESTION_TYPE, slugifiedstring, i, key, value : RECURRENT recurrent-istanbul-30-1-2-3-4-5-6-7-8-9-10-11-12-13-14-15-16-17-18-19-20-21-22-23-24 0 circuity_avg 0.00017821153478761375
config.CONGESTION_TYPE, slugifiedstring, i, key, value : RECURRENT recurrent-istanbul-30-1-2-3-4-5-6-7-8-9-10-11-12-13-14-15-16-17-18-19-20-21-22-23-24 1 m -0.0003479803451956455
config.CONGESTION_TYPE, slugifiedstring, i, key, value : RECURRENT recurrent-istanbul-30-1-2-3-4-5-6-7-8-9-10-11-12-13-14-15-16-17-18-19-20-21-22-23-24 2 k_avg -0.0013947025135231585
config.CONGESTION_TYPE, slugifiedstring, i, key, value : RECURRENT recurrent-istanbul-30-1-2-3-4-5-6-7-8-9-10-11-12-13-14-15-16-17-18-19-20-21-22-23-24 3 global_betweenness 0.0199166917031494
config.CONGESTION_TYPE, slugifiedstring, i, key, value : RECURRENT recurrent-istanbul-30-1-2-3-4-5-6-7-8-9-10-11-12-13-14-15-16-17-18-19-20-21-22-23-24 4 betweenness -0.0010357359749919995
config.CONGESTION_TYPE, slugifiedstring, i, key, value : RECURRENT recurrent-istanbul-30-1-2-3-4-5-6-7-8-9-10-11-12-13-14-15-16-17-18-19-20-21-22-23-24 5 streets_per_node_count_5 -0.0003025124546591236
config.CONGESTION_TYPE, slugifiedstring, i, key, value : RECURRENT recurrent-istanbul-30-1-2-3-4-5-6-7-8-9-10-11-12-13-14-15-16-17-18-19-20-21-22-23-24 6 n -0.0004321562073533372
config.CONGESTION_TYPE, slugifiedstring, i, key, value : RECURRENT recurrent-istanbul-30-1-2-3-4-5-6-7-8-9-10-11-12-13-14-15-16-17-18-19-20-21-22-23-24 7 non_metered_count -0.0003387599967162843
config.CONGESTION_TYPE, slugifiedstring, i, key, value : RECURRENT recurrent-istanbul-30-1-2-3-4-5-6-7-8-9-10-11-12-13-14-15-16-17-18-19-20-21-22-23-24 8 streets_per_node_avg -0.000505271586314823
config.CONGESTION_TYPE, slugifiedstring, i, key, value : RECURRENT recurrent-istanbul-30-1-2-3-4-5-6-7-8-9-10-11-12-13-14-15-16-17-18-19-20-21-22-23-24 9 streets_per_node_count_6 -0.00018308892869998975
config.CONGESTION_TYPE, slugifiedstring, i, key, value : RECURRENT recurrent-istanbul-30-1-2-3-4-5-6-7-8-9-10-11-12-13-14-15-16-17-18-19-20-21-22-23-24 10 streets_per_node_count_4 0
config.CONGESTION_TYPE, slugifiedstring, i, key, value : RECURRENT recurrent-istanbul-30-1-2-3-4-5-6-7-8-9-10-11-12-13-14-15-16-17-18-19-20-21-22-23-24 11 metered_count -0.00044597272281101156
config.CONGESTION_TYPE, slugifiedstring, i, key, value : RECURRENT recurrent-istanbul-30-1-2-3-4-5-6-7-8-9-10-11-12-13-14-15-16-17-18-19-20-21-22-23-24 12 streets_per_node_count_1 0
config.CONGESTION_TYPE, slugifiedstring, i, key, value : RECURRENT recurrent-istanbul-30-1-2-3-4-5-6-7-8-9-10-11-12-13-14-15-16-17-18-19-20-21-22-23-24 13 streets_per_node_count_3 -0.0006393079642608447
config.CONGESTION_TYPE, slugifiedstring, i, key, value : RECURRENT recurrent-istanbul-30-1-2-3-4-5-6-7-8-9-10-11-12-13-14-15-16-17-18-19-20-21-22-23-24 14 streets_per_node_count_2 -0.00023860688508919772
config.CONGESTION_TYPE, slugifiedstring, i, key, value : RECURRENT recurrent-istanbul-30-1-2-3-4-5-6-7-8-9-10-11-12-13-14-15-16-17-18-19-20-21-22-23-24 15 mean_lanes -0.00024390283746889138
config.CONGESTION_TYPE, slugifiedstring, i, key, value : RECURRENT recurrent-istanbul-30-1-2-3-4-5-6-7-8-9-10-11-12-13-14-15-16-17-18-19-20-21-22-23-24 16 total_crossings -0.000801947094999779
SHAP Values for each feature:
Slug                           Feature Name         Mean Abs SHAP Value
SHAP-- recurrent-istanbul-30-1-2-3-4-5-6-7-8-9-10-11-12-13-14-15-16-17-18-19-20-21-22-23-24 circuity_avg                  0.0040
SHAP-- recurrent-istanbul-30-1-2-3-4-5-6-7-8-9-10-11-12-13-14-15-16-17-18-19-20-21-22-23-24 m                             0.0290
SHAP-- recurrent-istanbul-30-1-2-3-4-5-6-7-8-9-10-11-12-13-14-15-16-17-18-19-20-21-22-23-24 k_avg                         0.0176
SHAP-- recurrent-istanbul-30-1-2-3-4-5-6-7-8-9-10-11-12-13-14-15-16-17-18-19-20-21-22-23-24 global_betweenness            0.0280
SHAP-- recurrent-istanbul-30-1-2-3-4-5-6-7-8-9-10-11-12-13-14-15-16-17-18-19-20-21-22-23-24 betweenness                   0.0194
SHAP-- recurrent-istanbul-30-1-2-3-4-5-6-7-8-9-10-11-12-13-14-15-16-17-18-19-20-21-22-23-24 streets_per_node_count_5          0.0249
SHAP-- recurrent-istanbul-30-1-2-3-4-5-6-7-8-9-10-11-12-13-14-15-16-17-18-19-20-21-22-23-24 n                             0.0275
SHAP-- recurrent-istanbul-30-1-2-3-4-5-6-7-8-9-10-11-12-13-14-15-16-17-18-19-20-21-22-23-24 non_metered_count             0.0257
SHAP-- recurrent-istanbul-30-1-2-3-4-5-6-7-8-9-10-11-12-13-14-15-16-17-18-19-20-21-22-23-24 streets_per_node_avg          0.0476
SHAP-- recurrent-istanbul-30-1-2-3-4-5-6-7-8-9-10-11-12-13-14-15-16-17-18-19-20-21-22-23-24 streets_per_node_count_6          0.0155
SHAP-- recurrent-istanbul-30-1-2-3-4-5-6-7-8-9-10-11-12-13-14-15-16-17-18-19-20-21-22-23-24 streets_per_node_count_4          0.0000
SHAP-- recurrent-istanbul-30-1-2-3-4-5-6-7-8-9-10-11-12-13-14-15-16-17-18-19-20-21-22-23-24 metered_count                 0.0305
SHAP-- recurrent-istanbul-30-1-2-3-4-5-6-7-8-9-10-11-12-13-14-15-16-17-18-19-20-21-22-23-24 streets_per_node_count_1          0.0000
SHAP-- recurrent-istanbul-30-1-2-3-4-5-6-7-8-9-10-11-12-13-14-15-16-17-18-19-20-21-22-23-24 streets_per_node_count_3          0.0624
SHAP-- recurrent-istanbul-30-1-2-3-4-5-6-7-8-9-10-11-12-13-14-15-16-17-18-19-20-21-22-23-24 streets_per_node_count_2          0.0128
SHAP-- recurrent-istanbul-30-1-2-3-4-5-6-7-8-9-10-11-12-13-14-15-16-17-18-19-20-21-22-23-24 mean_lanes                    0.0110
SHAP-- recurrent-istanbul-30-1-2-3-4-5-6-7-8-9-10-11-12-13-14-15-16-17-18-19-20-21-22-23-24 total_crossings               0.0637
RECURRENT Istanbul 30 LR 0.45719009575769326 XpVar
RECURRENT Istanbul 30 RF 0.5149835273290199 XpVar
RECURRENT Istanbul 30 GBM 0.42752633714789606 XpVar
RECURRENT Istanbul 30 LLR 1.586032892321652e-17 XpVar
RECURRENT Istanbul 30 RLR 0.4523168429094518 XpVar
RECURRENT Istanbul 30 LR 0.1044981654591263 MSE
RECURRENT Istanbul 30 RF 0.09287910600073589 MSE
RECURRENT Istanbul 30 GBM 0.10789470260490704 MSE
RECURRENT Istanbul 30 LLR 0.18846101259822348 MSE
RECURRENT Istanbul 30 RLR 0.105369784492109 MSE
RECURRENT Istanbul 30 LR 0.45018357815310645 R2
RECURRENT Istanbul 30 RF 0.5068109352865219 R2
RECURRENT Istanbul 30 GBM 0.4192912554738159 R2
RECURRENT Istanbul 30 LLR -0.0063507757568541335 R2
RECURRENT Istanbul 30 RLR 0.4460380701133167 R2
t_spatial, t_non_spatial, "seconds" : 1.1920928955078125e-06 363.2648642063141 seconds
sorted_percentage_nan_per_column : maxspeed                         60.031847
global_betweenness               13.455414
lane_density                      0.000000
streets_per_node_proportion_6     0.000000
streets_per_node_count_6          0.000000
streets_per_node_proportion_5     0.000000
streets_per_node_count_5          0.000000
streets_per_node_proportion_4     0.000000
streets_per_node_count_4          0.000000
streets_per_node_proportion_3     0.000000
streets_per_node_count_3          0.000000
streets_per_node_proportion_2     0.000000
streets_per_node_count_2          0.000000
streets_per_node_proportion_1     0.000000
streets_per_node_count_1          0.000000
n                                 0.000000
m                                 0.000000
betweenness                       0.000000
total_crossings                   0.000000
non_metered_count                 0.000000
metered_count                     0.000000
self_loop_proportion              0.000000
circuity_avg                      0.000000
street_length_avg                 0.000000
street_segment_count              0.000000
street_length_total               0.000000
streets_per_node_avg              0.000000
edge_length_avg                   0.000000
edge_length_total                 0.000000
k_avg                             0.000000
mean_lanes                        0.000000
dtype: float64
city, scale, tod, config.shift_tile_marker, X.shape, Y.shape : Istanbul 45 [1, 2, 3, 4, 5, 6, 7, 8, 9, 10, 11, 12, 13, 14, 15, 16, 17, 18, 19, 20, 21, 22, 23, 24] 3 (1256, 17) (1256,)
X.shape, Y.shape, "Inside the model-fitting function" : (1256, 17) (1256,) Inside the model-fitting function
Dict: model_trials.best_params_
Key: Value
{'randomforestregressor__max_depth': 10,
 'randomforestregressor__max_features': 'sqrt',
 'randomforestregressor__n_estimators': 1000}
Dict: model_trials.best_params_
Key: Value
{'xgbregressor__learning_rate': 0.01,
 'xgbregressor__max_depth': 10,
 'xgbregressor__n_estimators': 300}
config.CONGESTION_TYPE, slugifiedstring, i, key, value : RECURRENT recurrent-istanbul-45-1-2-3-4-5-6-7-8-9-10-11-12-13-14-15-16-17-18-19-20-21-22-23-24 0 circuity_avg 0.00010959245011318142
config.CONGESTION_TYPE, slugifiedstring, i, key, value : RECURRENT recurrent-istanbul-45-1-2-3-4-5-6-7-8-9-10-11-12-13-14-15-16-17-18-19-20-21-22-23-24 1 m -0.00017234125349127293
config.CONGESTION_TYPE, slugifiedstring, i, key, value : RECURRENT recurrent-istanbul-45-1-2-3-4-5-6-7-8-9-10-11-12-13-14-15-16-17-18-19-20-21-22-23-24 2 k_avg -0.0004766811603426443
config.CONGESTION_TYPE, slugifiedstring, i, key, value : RECURRENT recurrent-istanbul-45-1-2-3-4-5-6-7-8-9-10-11-12-13-14-15-16-17-18-19-20-21-22-23-24 3 global_betweenness -0.003067311766868848
config.CONGESTION_TYPE, slugifiedstring, i, key, value : RECURRENT recurrent-istanbul-45-1-2-3-4-5-6-7-8-9-10-11-12-13-14-15-16-17-18-19-20-21-22-23-24 4 betweenness -0.0004304276358504296
config.CONGESTION_TYPE, slugifiedstring, i, key, value : RECURRENT recurrent-istanbul-45-1-2-3-4-5-6-7-8-9-10-11-12-13-14-15-16-17-18-19-20-21-22-23-24 5 streets_per_node_count_5 -0.00012808280431267466
config.CONGESTION_TYPE, slugifiedstring, i, key, value : RECURRENT recurrent-istanbul-45-1-2-3-4-5-6-7-8-9-10-11-12-13-14-15-16-17-18-19-20-21-22-23-24 6 n -0.0003514257242459466
config.CONGESTION_TYPE, slugifiedstring, i, key, value : RECURRENT recurrent-istanbul-45-1-2-3-4-5-6-7-8-9-10-11-12-13-14-15-16-17-18-19-20-21-22-23-24 7 non_metered_count -0.00021325211768671452
config.CONGESTION_TYPE, slugifiedstring, i, key, value : RECURRENT recurrent-istanbul-45-1-2-3-4-5-6-7-8-9-10-11-12-13-14-15-16-17-18-19-20-21-22-23-24 8 streets_per_node_avg -0.00030698080229119316
config.CONGESTION_TYPE, slugifiedstring, i, key, value : RECURRENT recurrent-istanbul-45-1-2-3-4-5-6-7-8-9-10-11-12-13-14-15-16-17-18-19-20-21-22-23-24 9 streets_per_node_count_6 -0.00015411686984250693
config.CONGESTION_TYPE, slugifiedstring, i, key, value : RECURRENT recurrent-istanbul-45-1-2-3-4-5-6-7-8-9-10-11-12-13-14-15-16-17-18-19-20-21-22-23-24 10 streets_per_node_count_4 0
config.CONGESTION_TYPE, slugifiedstring, i, key, value : RECURRENT recurrent-istanbul-45-1-2-3-4-5-6-7-8-9-10-11-12-13-14-15-16-17-18-19-20-21-22-23-24 11 metered_count -0.0003404321592927316
config.CONGESTION_TYPE, slugifiedstring, i, key, value : RECURRENT recurrent-istanbul-45-1-2-3-4-5-6-7-8-9-10-11-12-13-14-15-16-17-18-19-20-21-22-23-24 12 streets_per_node_count_1 0
config.CONGESTION_TYPE, slugifiedstring, i, key, value : RECURRENT recurrent-istanbul-45-1-2-3-4-5-6-7-8-9-10-11-12-13-14-15-16-17-18-19-20-21-22-23-24 13 streets_per_node_count_3 -0.00038015848038873645
config.CONGESTION_TYPE, slugifiedstring, i, key, value : RECURRENT recurrent-istanbul-45-1-2-3-4-5-6-7-8-9-10-11-12-13-14-15-16-17-18-19-20-21-22-23-24 14 streets_per_node_count_2 -0.0001435595981367548
config.CONGESTION_TYPE, slugifiedstring, i, key, value : RECURRENT recurrent-istanbul-45-1-2-3-4-5-6-7-8-9-10-11-12-13-14-15-16-17-18-19-20-21-22-23-24 15 mean_lanes -0.00012358108146536155
config.CONGESTION_TYPE, slugifiedstring, i, key, value : RECURRENT recurrent-istanbul-45-1-2-3-4-5-6-7-8-9-10-11-12-13-14-15-16-17-18-19-20-21-22-23-24 16 total_crossings -0.00037078895652148603
SHAP Values for each feature:
Slug                           Feature Name         Mean Abs SHAP Value
SHAP-- recurrent-istanbul-45-1-2-3-4-5-6-7-8-9-10-11-12-13-14-15-16-17-18-19-20-21-22-23-24 circuity_avg                  0.0043
SHAP-- recurrent-istanbul-45-1-2-3-4-5-6-7-8-9-10-11-12-13-14-15-16-17-18-19-20-21-22-23-24 m                             0.0232
SHAP-- recurrent-istanbul-45-1-2-3-4-5-6-7-8-9-10-11-12-13-14-15-16-17-18-19-20-21-22-23-24 k_avg                         0.0141
SHAP-- recurrent-istanbul-45-1-2-3-4-5-6-7-8-9-10-11-12-13-14-15-16-17-18-19-20-21-22-23-24 global_betweenness            0.0293
SHAP-- recurrent-istanbul-45-1-2-3-4-5-6-7-8-9-10-11-12-13-14-15-16-17-18-19-20-21-22-23-24 betweenness                   0.0180
SHAP-- recurrent-istanbul-45-1-2-3-4-5-6-7-8-9-10-11-12-13-14-15-16-17-18-19-20-21-22-23-24 streets_per_node_count_5          0.0189
SHAP-- recurrent-istanbul-45-1-2-3-4-5-6-7-8-9-10-11-12-13-14-15-16-17-18-19-20-21-22-23-24 n                             0.0341
SHAP-- recurrent-istanbul-45-1-2-3-4-5-6-7-8-9-10-11-12-13-14-15-16-17-18-19-20-21-22-23-24 non_metered_count             0.0273
SHAP-- recurrent-istanbul-45-1-2-3-4-5-6-7-8-9-10-11-12-13-14-15-16-17-18-19-20-21-22-23-24 streets_per_node_avg          0.0513
SHAP-- recurrent-istanbul-45-1-2-3-4-5-6-7-8-9-10-11-12-13-14-15-16-17-18-19-20-21-22-23-24 streets_per_node_count_6          0.0246
SHAP-- recurrent-istanbul-45-1-2-3-4-5-6-7-8-9-10-11-12-13-14-15-16-17-18-19-20-21-22-23-24 streets_per_node_count_4          0.0000
SHAP-- recurrent-istanbul-45-1-2-3-4-5-6-7-8-9-10-11-12-13-14-15-16-17-18-19-20-21-22-23-24 metered_count                 0.0373
SHAP-- recurrent-istanbul-45-1-2-3-4-5-6-7-8-9-10-11-12-13-14-15-16-17-18-19-20-21-22-23-24 streets_per_node_count_1          0.0000
SHAP-- recurrent-istanbul-45-1-2-3-4-5-6-7-8-9-10-11-12-13-14-15-16-17-18-19-20-21-22-23-24 streets_per_node_count_3          0.0665
SHAP-- recurrent-istanbul-45-1-2-3-4-5-6-7-8-9-10-11-12-13-14-15-16-17-18-19-20-21-22-23-24 streets_per_node_count_2          0.0131
SHAP-- recurrent-istanbul-45-1-2-3-4-5-6-7-8-9-10-11-12-13-14-15-16-17-18-19-20-21-22-23-24 mean_lanes                    0.0189
SHAP-- recurrent-istanbul-45-1-2-3-4-5-6-7-8-9-10-11-12-13-14-15-16-17-18-19-20-21-22-23-24 total_crossings               0.0535
RECURRENT Istanbul 45 LR 0.38081155884052464 XpVar
RECURRENT Istanbul 45 RF 0.43824667468438905 XpVar
RECURRENT Istanbul 45 GBM 0.3779593356721344 XpVar
RECURRENT Istanbul 45 LLR 1.586032892321652e-17 XpVar
RECURRENT Istanbul 45 RLR 0.38016504014594016 XpVar
RECURRENT Istanbul 45 LR 0.1473280097681661 MSE
RECURRENT Istanbul 45 RF 0.13369546260937187 MSE
RECURRENT Istanbul 45 GBM 0.14709263243343734 MSE
RECURRENT Istanbul 45 LLR 0.23534596535660124 MSE
RECURRENT Istanbul 45 RLR 0.14746223018930296 MSE
RECURRENT Istanbul 45 LR 0.37343904592236743 R2
RECURRENT Istanbul 45 RF 0.43195931260933274 R2
RECURRENT Istanbul 45 GBM 0.3718768481948474 R2
RECURRENT Istanbul 45 LLR -0.006160422842620449 R2
RECURRENT Istanbul 45 RLR 0.3725996195543545 R2
t_spatial, t_non_spatial, "seconds" : 1.1920928955078125e-06 610.4107542037964 seconds
sorted_percentage_nan_per_column : maxspeed                         64.870361
global_betweenness               13.065582
lane_density                      0.000000
streets_per_node_proportion_6     0.000000
streets_per_node_count_6          0.000000
streets_per_node_proportion_5     0.000000
streets_per_node_count_5          0.000000
streets_per_node_proportion_4     0.000000
streets_per_node_count_4          0.000000
streets_per_node_proportion_3     0.000000
streets_per_node_count_3          0.000000
streets_per_node_proportion_2     0.000000
streets_per_node_count_2          0.000000
streets_per_node_proportion_1     0.000000
streets_per_node_count_1          0.000000
n                                 0.000000
m                                 0.000000
betweenness                       0.000000
total_crossings                   0.000000
non_metered_count                 0.000000
metered_count                     0.000000
self_loop_proportion              0.000000
circuity_avg                      0.000000
street_length_avg                 0.000000
street_segment_count              0.000000
street_length_total               0.000000
streets_per_node_avg              0.000000
edge_length_avg                   0.000000
edge_length_total                 0.000000
k_avg                             0.000000
mean_lanes                        0.000000
dtype: float64
city, scale, tod, config.shift_tile_marker, X.shape, Y.shape : Istanbul 60 [1, 2, 3, 4, 5, 6, 7, 8, 9, 10, 11, 12, 13, 14, 15, 16, 17, 18, 19, 20, 21, 22, 23, 24] 3 (1967, 17) (1967,)
X.shape, Y.shape, "Inside the model-fitting function" : (1967, 17) (1967,) Inside the model-fitting function
Dict: model_trials.best_params_
Key: Value
{'randomforestregressor__max_depth': 10,
 'randomforestregressor__max_features': 'sqrt',
 'randomforestregressor__n_estimators': 1000}
Dict: model_trials.best_params_
Key: Value
{'xgbregressor__learning_rate': 0.01,
 'xgbregressor__max_depth': 10,
 'xgbregressor__n_estimators': 300}
config.CONGESTION_TYPE, slugifiedstring, i, key, value : RECURRENT recurrent-istanbul-60-1-2-3-4-5-6-7-8-9-10-11-12-13-14-15-16-17-18-19-20-21-22-23-24 0 circuity_avg -0.00010764876764363031
config.CONGESTION_TYPE, slugifiedstring, i, key, value : RECURRENT recurrent-istanbul-60-1-2-3-4-5-6-7-8-9-10-11-12-13-14-15-16-17-18-19-20-21-22-23-24 1 m -0.00010237333941928389
config.CONGESTION_TYPE, slugifiedstring, i, key, value : RECURRENT recurrent-istanbul-60-1-2-3-4-5-6-7-8-9-10-11-12-13-14-15-16-17-18-19-20-21-22-23-24 2 k_avg -0.00037663798642606884
config.CONGESTION_TYPE, slugifiedstring, i, key, value : RECURRENT recurrent-istanbul-60-1-2-3-4-5-6-7-8-9-10-11-12-13-14-15-16-17-18-19-20-21-22-23-24 3 global_betweenness -0.0011888712109092339
config.CONGESTION_TYPE, slugifiedstring, i, key, value : RECURRENT recurrent-istanbul-60-1-2-3-4-5-6-7-8-9-10-11-12-13-14-15-16-17-18-19-20-21-22-23-24 4 betweenness -0.00019083029164107762
config.CONGESTION_TYPE, slugifiedstring, i, key, value : RECURRENT recurrent-istanbul-60-1-2-3-4-5-6-7-8-9-10-11-12-13-14-15-16-17-18-19-20-21-22-23-24 5 streets_per_node_count_5 -0.00011205604482152442
config.CONGESTION_TYPE, slugifiedstring, i, key, value : RECURRENT recurrent-istanbul-60-1-2-3-4-5-6-7-8-9-10-11-12-13-14-15-16-17-18-19-20-21-22-23-24 6 n -0.0002175077840468462
config.CONGESTION_TYPE, slugifiedstring, i, key, value : RECURRENT recurrent-istanbul-60-1-2-3-4-5-6-7-8-9-10-11-12-13-14-15-16-17-18-19-20-21-22-23-24 7 non_metered_count -0.00013906869068975753
config.CONGESTION_TYPE, slugifiedstring, i, key, value : RECURRENT recurrent-istanbul-60-1-2-3-4-5-6-7-8-9-10-11-12-13-14-15-16-17-18-19-20-21-22-23-24 8 streets_per_node_avg -0.00019509622424658044
config.CONGESTION_TYPE, slugifiedstring, i, key, value : RECURRENT recurrent-istanbul-60-1-2-3-4-5-6-7-8-9-10-11-12-13-14-15-16-17-18-19-20-21-22-23-24 9 streets_per_node_count_6 -9.695606196853032e-05
config.CONGESTION_TYPE, slugifiedstring, i, key, value : RECURRENT recurrent-istanbul-60-1-2-3-4-5-6-7-8-9-10-11-12-13-14-15-16-17-18-19-20-21-22-23-24 10 streets_per_node_count_4 0
config.CONGESTION_TYPE, slugifiedstring, i, key, value : RECURRENT recurrent-istanbul-60-1-2-3-4-5-6-7-8-9-10-11-12-13-14-15-16-17-18-19-20-21-22-23-24 11 metered_count -0.00019261639939551249
config.CONGESTION_TYPE, slugifiedstring, i, key, value : RECURRENT recurrent-istanbul-60-1-2-3-4-5-6-7-8-9-10-11-12-13-14-15-16-17-18-19-20-21-22-23-24 12 streets_per_node_count_1 0
config.CONGESTION_TYPE, slugifiedstring, i, key, value : RECURRENT recurrent-istanbul-60-1-2-3-4-5-6-7-8-9-10-11-12-13-14-15-16-17-18-19-20-21-22-23-24 13 streets_per_node_count_3 -0.0002689654278224774
config.CONGESTION_TYPE, slugifiedstring, i, key, value : RECURRENT recurrent-istanbul-60-1-2-3-4-5-6-7-8-9-10-11-12-13-14-15-16-17-18-19-20-21-22-23-24 14 streets_per_node_count_2 -7.86062832294743e-05
config.CONGESTION_TYPE, slugifiedstring, i, key, value : RECURRENT recurrent-istanbul-60-1-2-3-4-5-6-7-8-9-10-11-12-13-14-15-16-17-18-19-20-21-22-23-24 15 mean_lanes -9.334781293322017e-05
config.CONGESTION_TYPE, slugifiedstring, i, key, value : RECURRENT recurrent-istanbul-60-1-2-3-4-5-6-7-8-9-10-11-12-13-14-15-16-17-18-19-20-21-22-23-24 16 total_crossings -0.00024614731778982223
SHAP Values for each feature:
Slug                           Feature Name         Mean Abs SHAP Value
SHAP-- recurrent-istanbul-60-1-2-3-4-5-6-7-8-9-10-11-12-13-14-15-16-17-18-19-20-21-22-23-24 circuity_avg                  0.0037
SHAP-- recurrent-istanbul-60-1-2-3-4-5-6-7-8-9-10-11-12-13-14-15-16-17-18-19-20-21-22-23-24 m                             0.0242
SHAP-- recurrent-istanbul-60-1-2-3-4-5-6-7-8-9-10-11-12-13-14-15-16-17-18-19-20-21-22-23-24 k_avg                         0.0104
SHAP-- recurrent-istanbul-60-1-2-3-4-5-6-7-8-9-10-11-12-13-14-15-16-17-18-19-20-21-22-23-24 global_betweenness            0.0308
SHAP-- recurrent-istanbul-60-1-2-3-4-5-6-7-8-9-10-11-12-13-14-15-16-17-18-19-20-21-22-23-24 betweenness                   0.0242
SHAP-- recurrent-istanbul-60-1-2-3-4-5-6-7-8-9-10-11-12-13-14-15-16-17-18-19-20-21-22-23-24 streets_per_node_count_5          0.0203
SHAP-- recurrent-istanbul-60-1-2-3-4-5-6-7-8-9-10-11-12-13-14-15-16-17-18-19-20-21-22-23-24 n                             0.0509
SHAP-- recurrent-istanbul-60-1-2-3-4-5-6-7-8-9-10-11-12-13-14-15-16-17-18-19-20-21-22-23-24 non_metered_count             0.0247
SHAP-- recurrent-istanbul-60-1-2-3-4-5-6-7-8-9-10-11-12-13-14-15-16-17-18-19-20-21-22-23-24 streets_per_node_avg          0.0526
SHAP-- recurrent-istanbul-60-1-2-3-4-5-6-7-8-9-10-11-12-13-14-15-16-17-18-19-20-21-22-23-24 streets_per_node_count_6          0.0248
SHAP-- recurrent-istanbul-60-1-2-3-4-5-6-7-8-9-10-11-12-13-14-15-16-17-18-19-20-21-22-23-24 streets_per_node_count_4          0.0000
SHAP-- recurrent-istanbul-60-1-2-3-4-5-6-7-8-9-10-11-12-13-14-15-16-17-18-19-20-21-22-23-24 metered_count                 0.0277
SHAP-- recurrent-istanbul-60-1-2-3-4-5-6-7-8-9-10-11-12-13-14-15-16-17-18-19-20-21-22-23-24 streets_per_node_count_1          0.0000
SHAP-- recurrent-istanbul-60-1-2-3-4-5-6-7-8-9-10-11-12-13-14-15-16-17-18-19-20-21-22-23-24 streets_per_node_count_3          0.0689
SHAP-- recurrent-istanbul-60-1-2-3-4-5-6-7-8-9-10-11-12-13-14-15-16-17-18-19-20-21-22-23-24 streets_per_node_count_2          0.0140
SHAP-- recurrent-istanbul-60-1-2-3-4-5-6-7-8-9-10-11-12-13-14-15-16-17-18-19-20-21-22-23-24 mean_lanes                    0.0190
SHAP-- recurrent-istanbul-60-1-2-3-4-5-6-7-8-9-10-11-12-13-14-15-16-17-18-19-20-21-22-23-24 total_crossings               0.0468
RECURRENT Istanbul 60 LR 0.3629493527143336 XpVar
RECURRENT Istanbul 60 RF 0.41410464431497307 XpVar
RECURRENT Istanbul 60 GBM 0.3313799374648066 XpVar
RECURRENT Istanbul 60 LLR 1.586032892321652e-17 XpVar
RECURRENT Istanbul 60 RLR 0.3622506333914807 XpVar
RECURRENT Istanbul 60 LR 0.16420056871180644 MSE
RECURRENT Istanbul 60 RF 0.1514284212234736 MSE
RECURRENT Istanbul 60 GBM 0.17223565936653676 MSE
RECURRENT Istanbul 60 LLR 0.2564630733881635 MSE
RECURRENT Istanbul 60 RLR 0.1644094080318114 MSE
RECURRENT Istanbul 60 LR 0.3603616178018019 R2
RECURRENT Istanbul 60 RF 0.41147006110156 R2
RECURRENT Istanbul 60 GBM 0.3294822439009681 R2
RECURRENT Istanbul 60 LLR -0.002380302498909811 R2
RECURRENT Istanbul 60 RLR 0.35965477850858013 R2
t_spatial, t_non_spatial, "seconds" : 1.430511474609375e-06 1259.1176478862762 seconds
sorted_percentage_nan_per_column : maxspeed                         70.606061
global_betweenness               11.928375
lane_density                      0.000000
streets_per_node_proportion_6     0.000000
streets_per_node_count_6          0.000000
streets_per_node_proportion_5     0.000000
streets_per_node_count_5          0.000000
streets_per_node_proportion_4     0.000000
streets_per_node_count_4          0.000000
streets_per_node_proportion_3     0.000000
streets_per_node_count_3          0.000000
streets_per_node_proportion_2     0.000000
streets_per_node_count_2          0.000000
streets_per_node_proportion_1     0.000000
streets_per_node_count_1          0.000000
n                                 0.000000
m                                 0.000000
betweenness                       0.000000
total_crossings                   0.000000
non_metered_count                 0.000000
metered_count                     0.000000
self_loop_proportion              0.000000
circuity_avg                      0.000000
street_length_avg                 0.000000
street_segment_count              0.000000
street_length_total               0.000000
streets_per_node_avg              0.000000
edge_length_avg                   0.000000
edge_length_total                 0.000000
k_avg                             0.000000
mean_lanes                        0.000000
dtype: float64
city, scale, tod, config.shift_tile_marker, X.shape, Y.shape : Istanbul 90 [1, 2, 3, 4, 5, 6, 7, 8, 9, 10, 11, 12, 13, 14, 15, 16, 17, 18, 19, 20, 21, 22, 23, 24] 3 (3630, 17) (3630,)
X.shape, Y.shape, "Inside the model-fitting function" : (3630, 17) (3630,) Inside the model-fitting function
Dict: model_trials.best_params_
Key: Value
{'randomforestregressor__max_depth': 10,
 'randomforestregressor__max_features': 'sqrt',
 'randomforestregressor__n_estimators': 1000}
Dict: model_trials.best_params_
Key: Value
{'xgbregressor__learning_rate': 0.01,
 'xgbregressor__max_depth': 10,
 'xgbregressor__n_estimators': 300}
config.CONGESTION_TYPE, slugifiedstring, i, key, value : RECURRENT recurrent-istanbul-90-1-2-3-4-5-6-7-8-9-10-11-12-13-14-15-16-17-18-19-20-21-22-23-24 0 circuity_avg 4.1478696439393844e-05
config.CONGESTION_TYPE, slugifiedstring, i, key, value : RECURRENT recurrent-istanbul-90-1-2-3-4-5-6-7-8-9-10-11-12-13-14-15-16-17-18-19-20-21-22-23-24 1 m -6.549479313652637e-05
config.CONGESTION_TYPE, slugifiedstring, i, key, value : RECURRENT recurrent-istanbul-90-1-2-3-4-5-6-7-8-9-10-11-12-13-14-15-16-17-18-19-20-21-22-23-24 2 k_avg 0.0003264662869145871
config.CONGESTION_TYPE, slugifiedstring, i, key, value : RECURRENT recurrent-istanbul-90-1-2-3-4-5-6-7-8-9-10-11-12-13-14-15-16-17-18-19-20-21-22-23-24 3 global_betweenness -0.0004003296288817655
config.CONGESTION_TYPE, slugifiedstring, i, key, value : RECURRENT recurrent-istanbul-90-1-2-3-4-5-6-7-8-9-10-11-12-13-14-15-16-17-18-19-20-21-22-23-24 4 betweenness -5.7525451034984706e-05
config.CONGESTION_TYPE, slugifiedstring, i, key, value : RECURRENT recurrent-istanbul-90-1-2-3-4-5-6-7-8-9-10-11-12-13-14-15-16-17-18-19-20-21-22-23-24 5 streets_per_node_count_5 -6.925664304105099e-05
config.CONGESTION_TYPE, slugifiedstring, i, key, value : RECURRENT recurrent-istanbul-90-1-2-3-4-5-6-7-8-9-10-11-12-13-14-15-16-17-18-19-20-21-22-23-24 6 n -0.00014139777798862258
config.CONGESTION_TYPE, slugifiedstring, i, key, value : RECURRENT recurrent-istanbul-90-1-2-3-4-5-6-7-8-9-10-11-12-13-14-15-16-17-18-19-20-21-22-23-24 7 non_metered_count -8.774230249914794e-05
config.CONGESTION_TYPE, slugifiedstring, i, key, value : RECURRENT recurrent-istanbul-90-1-2-3-4-5-6-7-8-9-10-11-12-13-14-15-16-17-18-19-20-21-22-23-24 8 streets_per_node_avg -0.00014437144694635852
config.CONGESTION_TYPE, slugifiedstring, i, key, value : RECURRENT recurrent-istanbul-90-1-2-3-4-5-6-7-8-9-10-11-12-13-14-15-16-17-18-19-20-21-22-23-24 9 streets_per_node_count_6 -4.483101274510172e-05
config.CONGESTION_TYPE, slugifiedstring, i, key, value : RECURRENT recurrent-istanbul-90-1-2-3-4-5-6-7-8-9-10-11-12-13-14-15-16-17-18-19-20-21-22-23-24 10 streets_per_node_count_4 0
config.CONGESTION_TYPE, slugifiedstring, i, key, value : RECURRENT recurrent-istanbul-90-1-2-3-4-5-6-7-8-9-10-11-12-13-14-15-16-17-18-19-20-21-22-23-24 11 metered_count -0.00018365910432411895
config.CONGESTION_TYPE, slugifiedstring, i, key, value : RECURRENT recurrent-istanbul-90-1-2-3-4-5-6-7-8-9-10-11-12-13-14-15-16-17-18-19-20-21-22-23-24 12 streets_per_node_count_1 0
config.CONGESTION_TYPE, slugifiedstring, i, key, value : RECURRENT recurrent-istanbul-90-1-2-3-4-5-6-7-8-9-10-11-12-13-14-15-16-17-18-19-20-21-22-23-24 13 streets_per_node_count_3 -0.00014223419219714989
config.CONGESTION_TYPE, slugifiedstring, i, key, value : RECURRENT recurrent-istanbul-90-1-2-3-4-5-6-7-8-9-10-11-12-13-14-15-16-17-18-19-20-21-22-23-24 14 streets_per_node_count_2 -0.00010212816860756993
config.CONGESTION_TYPE, slugifiedstring, i, key, value : RECURRENT recurrent-istanbul-90-1-2-3-4-5-6-7-8-9-10-11-12-13-14-15-16-17-18-19-20-21-22-23-24 15 mean_lanes -8.814877887053317e-05
config.CONGESTION_TYPE, slugifiedstring, i, key, value : RECURRENT recurrent-istanbul-90-1-2-3-4-5-6-7-8-9-10-11-12-13-14-15-16-17-18-19-20-21-22-23-24 16 total_crossings -0.00020025904020757896
SHAP Values for each feature:
Slug                           Feature Name         Mean Abs SHAP Value
SHAP-- recurrent-istanbul-90-1-2-3-4-5-6-7-8-9-10-11-12-13-14-15-16-17-18-19-20-21-22-23-24 circuity_avg                  0.0036
SHAP-- recurrent-istanbul-90-1-2-3-4-5-6-7-8-9-10-11-12-13-14-15-16-17-18-19-20-21-22-23-24 m                             0.0254
SHAP-- recurrent-istanbul-90-1-2-3-4-5-6-7-8-9-10-11-12-13-14-15-16-17-18-19-20-21-22-23-24 k_avg                         0.0127
SHAP-- recurrent-istanbul-90-1-2-3-4-5-6-7-8-9-10-11-12-13-14-15-16-17-18-19-20-21-22-23-24 global_betweenness            0.0294
SHAP-- recurrent-istanbul-90-1-2-3-4-5-6-7-8-9-10-11-12-13-14-15-16-17-18-19-20-21-22-23-24 betweenness                   0.0154
SHAP-- recurrent-istanbul-90-1-2-3-4-5-6-7-8-9-10-11-12-13-14-15-16-17-18-19-20-21-22-23-24 streets_per_node_count_5          0.0278
SHAP-- recurrent-istanbul-90-1-2-3-4-5-6-7-8-9-10-11-12-13-14-15-16-17-18-19-20-21-22-23-24 n                             0.0501
SHAP-- recurrent-istanbul-90-1-2-3-4-5-6-7-8-9-10-11-12-13-14-15-16-17-18-19-20-21-22-23-24 non_metered_count             0.0215
SHAP-- recurrent-istanbul-90-1-2-3-4-5-6-7-8-9-10-11-12-13-14-15-16-17-18-19-20-21-22-23-24 streets_per_node_avg          0.0676
SHAP-- recurrent-istanbul-90-1-2-3-4-5-6-7-8-9-10-11-12-13-14-15-16-17-18-19-20-21-22-23-24 streets_per_node_count_6          0.0209
SHAP-- recurrent-istanbul-90-1-2-3-4-5-6-7-8-9-10-11-12-13-14-15-16-17-18-19-20-21-22-23-24 streets_per_node_count_4          0.0000
SHAP-- recurrent-istanbul-90-1-2-3-4-5-6-7-8-9-10-11-12-13-14-15-16-17-18-19-20-21-22-23-24 metered_count                 0.0338
SHAP-- recurrent-istanbul-90-1-2-3-4-5-6-7-8-9-10-11-12-13-14-15-16-17-18-19-20-21-22-23-24 streets_per_node_count_1          0.0000
SHAP-- recurrent-istanbul-90-1-2-3-4-5-6-7-8-9-10-11-12-13-14-15-16-17-18-19-20-21-22-23-24 streets_per_node_count_3          0.0688
SHAP-- recurrent-istanbul-90-1-2-3-4-5-6-7-8-9-10-11-12-13-14-15-16-17-18-19-20-21-22-23-24 streets_per_node_count_2          0.0130
SHAP-- recurrent-istanbul-90-1-2-3-4-5-6-7-8-9-10-11-12-13-14-15-16-17-18-19-20-21-22-23-24 mean_lanes                    0.0191
SHAP-- recurrent-istanbul-90-1-2-3-4-5-6-7-8-9-10-11-12-13-14-15-16-17-18-19-20-21-22-23-24 total_crossings               0.0564
RECURRENT Istanbul 90 LR 0.31521216917414935 XpVar
RECURRENT Istanbul 90 RF 0.36732172556328535 XpVar
RECURRENT Istanbul 90 GBM 0.3189559487538051 XpVar
RECURRENT Istanbul 90 LLR 0.0 XpVar
RECURRENT Istanbul 90 RLR 0.3151782330581177 XpVar
RECURRENT Istanbul 90 LR 0.20856352966565098 MSE
RECURRENT Istanbul 90 RF 0.1927577169044458 MSE
RECURRENT Istanbul 90 GBM 0.2068267989048522 MSE
RECURRENT Istanbul 90 LLR 0.3052250635020955 MSE
RECURRENT Istanbul 90 RLR 0.2085888661642492 MSE
RECURRENT Istanbul 90 LR 0.31316613000896254 R2
RECURRENT Istanbul 90 RF 0.36495558634625863 R2
RECURRENT Istanbul 90 GBM 0.31607224613625334 R2
RECURRENT Istanbul 90 LLR -0.00544945571107431 R2
RECURRENT Istanbul 90 RLR 0.31311038505299976 R2
t_spatial, t_non_spatial, "seconds" : 1.6689300537109375e-06 2381.1620631217957 seconds
sorted_percentage_nan_per_column : maxspeed                         72.267074
global_betweenness               11.259001
lane_density                      0.000000
streets_per_node_proportion_6     0.000000
streets_per_node_count_6          0.000000
streets_per_node_proportion_5     0.000000
streets_per_node_count_5          0.000000
streets_per_node_proportion_4     0.000000
streets_per_node_count_4          0.000000
streets_per_node_proportion_3     0.000000
streets_per_node_count_3          0.000000
streets_per_node_proportion_2     0.000000
streets_per_node_count_2          0.000000
streets_per_node_proportion_1     0.000000
streets_per_node_count_1          0.000000
n                                 0.000000
m                                 0.000000
betweenness                       0.000000
total_crossings                   0.000000
non_metered_count                 0.000000
metered_count                     0.000000
self_loop_proportion              0.000000
circuity_avg                      0.000000
street_length_avg                 0.000000
street_segment_count              0.000000
street_length_total               0.000000
streets_per_node_avg              0.000000
edge_length_avg                   0.000000
edge_length_total                 0.000000
k_avg                             0.000000
mean_lanes                        0.000000
dtype: float64
city, scale, tod, config.shift_tile_marker, X.shape, Y.shape : Istanbul 105 [1, 2, 3, 4, 5, 6, 7, 8, 9, 10, 11, 12, 13, 14, 15, 16, 17, 18, 19, 20, 21, 22, 23, 24] 3 (4583, 17) (4583,)
X.shape, Y.shape, "Inside the model-fitting function" : (4583, 17) (4583,) Inside the model-fitting function
Dict: model_trials.best_params_
Key: Value
{'randomforestregressor__max_depth': 10,
 'randomforestregressor__max_features': 'sqrt',
 'randomforestregressor__n_estimators': 1000}
Dict: model_trials.best_params_
Key: Value
{'xgbregressor__learning_rate': 0.01,
 'xgbregressor__max_depth': 10,
 'xgbregressor__n_estimators': 200}
config.CONGESTION_TYPE, slugifiedstring, i, key, value : RECURRENT recurrent-istanbul-105-1-2-3-4-5-6-7-8-9-10-11-12-13-14-15-16-17-18-19-20-21-22-23-24 0 circuity_avg 0.0003304044935123418
config.CONGESTION_TYPE, slugifiedstring, i, key, value : RECURRENT recurrent-istanbul-105-1-2-3-4-5-6-7-8-9-10-11-12-13-14-15-16-17-18-19-20-21-22-23-24 1 m -6.343907711841559e-05
config.CONGESTION_TYPE, slugifiedstring, i, key, value : RECURRENT recurrent-istanbul-105-1-2-3-4-5-6-7-8-9-10-11-12-13-14-15-16-17-18-19-20-21-22-23-24 2 k_avg 0.0005080244741442997
config.CONGESTION_TYPE, slugifiedstring, i, key, value : RECURRENT recurrent-istanbul-105-1-2-3-4-5-6-7-8-9-10-11-12-13-14-15-16-17-18-19-20-21-22-23-24 3 global_betweenness -0.0005145350374267709
config.CONGESTION_TYPE, slugifiedstring, i, key, value : RECURRENT recurrent-istanbul-105-1-2-3-4-5-6-7-8-9-10-11-12-13-14-15-16-17-18-19-20-21-22-23-24 4 betweenness -3.036878117450945e-05
config.CONGESTION_TYPE, slugifiedstring, i, key, value : RECURRENT recurrent-istanbul-105-1-2-3-4-5-6-7-8-9-10-11-12-13-14-15-16-17-18-19-20-21-22-23-24 5 streets_per_node_count_5 -6.612690442540132e-05
config.CONGESTION_TYPE, slugifiedstring, i, key, value : RECURRENT recurrent-istanbul-105-1-2-3-4-5-6-7-8-9-10-11-12-13-14-15-16-17-18-19-20-21-22-23-24 6 n -0.0001244715624145662
config.CONGESTION_TYPE, slugifiedstring, i, key, value : RECURRENT recurrent-istanbul-105-1-2-3-4-5-6-7-8-9-10-11-12-13-14-15-16-17-18-19-20-21-22-23-24 7 non_metered_count -7.446602569012638e-05
config.CONGESTION_TYPE, slugifiedstring, i, key, value : RECURRENT recurrent-istanbul-105-1-2-3-4-5-6-7-8-9-10-11-12-13-14-15-16-17-18-19-20-21-22-23-24 8 streets_per_node_avg -0.00011324277517335183
config.CONGESTION_TYPE, slugifiedstring, i, key, value : RECURRENT recurrent-istanbul-105-1-2-3-4-5-6-7-8-9-10-11-12-13-14-15-16-17-18-19-20-21-22-23-24 9 streets_per_node_count_6 -4.1110054744442586e-05
config.CONGESTION_TYPE, slugifiedstring, i, key, value : RECURRENT recurrent-istanbul-105-1-2-3-4-5-6-7-8-9-10-11-12-13-14-15-16-17-18-19-20-21-22-23-24 10 streets_per_node_count_4 0
config.CONGESTION_TYPE, slugifiedstring, i, key, value : RECURRENT recurrent-istanbul-105-1-2-3-4-5-6-7-8-9-10-11-12-13-14-15-16-17-18-19-20-21-22-23-24 11 metered_count -0.0001649810250097825
config.CONGESTION_TYPE, slugifiedstring, i, key, value : RECURRENT recurrent-istanbul-105-1-2-3-4-5-6-7-8-9-10-11-12-13-14-15-16-17-18-19-20-21-22-23-24 12 streets_per_node_count_1 0
config.CONGESTION_TYPE, slugifiedstring, i, key, value : RECURRENT recurrent-istanbul-105-1-2-3-4-5-6-7-8-9-10-11-12-13-14-15-16-17-18-19-20-21-22-23-24 13 streets_per_node_count_3 -0.00011719456636658155
config.CONGESTION_TYPE, slugifiedstring, i, key, value : RECURRENT recurrent-istanbul-105-1-2-3-4-5-6-7-8-9-10-11-12-13-14-15-16-17-18-19-20-21-22-23-24 14 streets_per_node_count_2 -6.192276550438644e-05
config.CONGESTION_TYPE, slugifiedstring, i, key, value : RECURRENT recurrent-istanbul-105-1-2-3-4-5-6-7-8-9-10-11-12-13-14-15-16-17-18-19-20-21-22-23-24 15 mean_lanes -6.196583353747913e-05
config.CONGESTION_TYPE, slugifiedstring, i, key, value : RECURRENT recurrent-istanbul-105-1-2-3-4-5-6-7-8-9-10-11-12-13-14-15-16-17-18-19-20-21-22-23-24 16 total_crossings -0.0001541580361919059
SHAP Values for each feature:
Slug                           Feature Name         Mean Abs SHAP Value
SHAP-- recurrent-istanbul-105-1-2-3-4-5-6-7-8-9-10-11-12-13-14-15-16-17-18-19-20-21-22-23-24 circuity_avg                  0.0032
SHAP-- recurrent-istanbul-105-1-2-3-4-5-6-7-8-9-10-11-12-13-14-15-16-17-18-19-20-21-22-23-24 m                             0.0301
SHAP-- recurrent-istanbul-105-1-2-3-4-5-6-7-8-9-10-11-12-13-14-15-16-17-18-19-20-21-22-23-24 k_avg                         0.0178
SHAP-- recurrent-istanbul-105-1-2-3-4-5-6-7-8-9-10-11-12-13-14-15-16-17-18-19-20-21-22-23-24 global_betweenness            0.0280
SHAP-- recurrent-istanbul-105-1-2-3-4-5-6-7-8-9-10-11-12-13-14-15-16-17-18-19-20-21-22-23-24 betweenness                   0.0103
SHAP-- recurrent-istanbul-105-1-2-3-4-5-6-7-8-9-10-11-12-13-14-15-16-17-18-19-20-21-22-23-24 streets_per_node_count_5          0.0346
SHAP-- recurrent-istanbul-105-1-2-3-4-5-6-7-8-9-10-11-12-13-14-15-16-17-18-19-20-21-22-23-24 n                             0.0505
SHAP-- recurrent-istanbul-105-1-2-3-4-5-6-7-8-9-10-11-12-13-14-15-16-17-18-19-20-21-22-23-24 non_metered_count             0.0191
SHAP-- recurrent-istanbul-105-1-2-3-4-5-6-7-8-9-10-11-12-13-14-15-16-17-18-19-20-21-22-23-24 streets_per_node_avg          0.0680
SHAP-- recurrent-istanbul-105-1-2-3-4-5-6-7-8-9-10-11-12-13-14-15-16-17-18-19-20-21-22-23-24 streets_per_node_count_6          0.0239
SHAP-- recurrent-istanbul-105-1-2-3-4-5-6-7-8-9-10-11-12-13-14-15-16-17-18-19-20-21-22-23-24 streets_per_node_count_4          0.0000
SHAP-- recurrent-istanbul-105-1-2-3-4-5-6-7-8-9-10-11-12-13-14-15-16-17-18-19-20-21-22-23-24 metered_count                 0.0325
SHAP-- recurrent-istanbul-105-1-2-3-4-5-6-7-8-9-10-11-12-13-14-15-16-17-18-19-20-21-22-23-24 streets_per_node_count_1          0.0000
SHAP-- recurrent-istanbul-105-1-2-3-4-5-6-7-8-9-10-11-12-13-14-15-16-17-18-19-20-21-22-23-24 streets_per_node_count_3          0.0701
SHAP-- recurrent-istanbul-105-1-2-3-4-5-6-7-8-9-10-11-12-13-14-15-16-17-18-19-20-21-22-23-24 streets_per_node_count_2          0.0133
SHAP-- recurrent-istanbul-105-1-2-3-4-5-6-7-8-9-10-11-12-13-14-15-16-17-18-19-20-21-22-23-24 mean_lanes                    0.0176
SHAP-- recurrent-istanbul-105-1-2-3-4-5-6-7-8-9-10-11-12-13-14-15-16-17-18-19-20-21-22-23-24 total_crossings               0.0463
RECURRENT Istanbul 105 LR 0.3105936934009702 XpVar
RECURRENT Istanbul 105 RF 0.36588775761968806 XpVar
RECURRENT Istanbul 105 GBM 0.32325283172507363 XpVar
RECURRENT Istanbul 105 LLR -3.172065784643304e-17 XpVar
RECURRENT Istanbul 105 RLR 0.3105547423043737 XpVar
RECURRENT Istanbul 105 LR 0.2261129698251778 MSE
RECURRENT Istanbul 105 RF 0.20806615487697977 MSE
RECURRENT Istanbul 105 GBM 0.22196980978077718 MSE
RECURRENT Istanbul 105 LLR 0.32771666321952975 MSE
RECURRENT Istanbul 105 RLR 0.226123301498554 MSE
RECURRENT Istanbul 105 LR 0.30985882669722903 R2
RECURRENT Istanbul 105 RF 0.36459850843492386 R2
RECURRENT Istanbul 105 GBM 0.3218028766001965 R2
RECURRENT Istanbul 105 LLR -0.0012106724155625606 R2
RECURRENT Istanbul 105 RLR 0.3098199799274923 R2
t_spatial, t_non_spatial, "seconds" : 1.430511474609375e-06 2948.5425505638123 seconds
sorted_percentage_nan_per_column : maxspeed                         74.101366
global_betweenness               10.765636
lane_density                      0.000000
streets_per_node_proportion_6     0.000000
streets_per_node_count_6          0.000000
streets_per_node_proportion_5     0.000000
streets_per_node_count_5          0.000000
streets_per_node_proportion_4     0.000000
streets_per_node_count_4          0.000000
streets_per_node_proportion_3     0.000000
streets_per_node_count_3          0.000000
streets_per_node_proportion_2     0.000000
streets_per_node_count_2          0.000000
streets_per_node_proportion_1     0.000000
streets_per_node_count_1          0.000000
n                                 0.000000
m                                 0.000000
betweenness                       0.000000
total_crossings                   0.000000
non_metered_count                 0.000000
metered_count                     0.000000
self_loop_proportion              0.000000
circuity_avg                      0.000000
street_length_avg                 0.000000
street_segment_count              0.000000
street_length_total               0.000000
streets_per_node_avg              0.000000
edge_length_avg                   0.000000
edge_length_total                 0.000000
k_avg                             0.000000
mean_lanes                        0.000000
dtype: float64
city, scale, tod, config.shift_tile_marker, X.shape, Y.shape : Istanbul 120 [1, 2, 3, 4, 5, 6, 7, 8, 9, 10, 11, 12, 13, 14, 15, 16, 17, 18, 19, 20, 21, 22, 23, 24] 3 (5564, 17) (5564,)
X.shape, Y.shape, "Inside the model-fitting function" : (5564, 17) (5564,) Inside the model-fitting function
Dict: model_trials.best_params_
Key: Value
{'randomforestregressor__max_depth': 10,
 'randomforestregressor__max_features': 'sqrt',
 'randomforestregressor__n_estimators': 1000}
Dict: model_trials.best_params_
Key: Value
{'xgbregressor__learning_rate': 0.01,
 'xgbregressor__max_depth': 10,
 'xgbregressor__n_estimators': 300}
config.CONGESTION_TYPE, slugifiedstring, i, key, value : RECURRENT recurrent-istanbul-120-1-2-3-4-5-6-7-8-9-10-11-12-13-14-15-16-17-18-19-20-21-22-23-24 0 circuity_avg 0.00011839903322135877
config.CONGESTION_TYPE, slugifiedstring, i, key, value : RECURRENT recurrent-istanbul-120-1-2-3-4-5-6-7-8-9-10-11-12-13-14-15-16-17-18-19-20-21-22-23-24 1 m -3.512716957003323e-05
config.CONGESTION_TYPE, slugifiedstring, i, key, value : RECURRENT recurrent-istanbul-120-1-2-3-4-5-6-7-8-9-10-11-12-13-14-15-16-17-18-19-20-21-22-23-24 2 k_avg 0.00022217754081073959
config.CONGESTION_TYPE, slugifiedstring, i, key, value : RECURRENT recurrent-istanbul-120-1-2-3-4-5-6-7-8-9-10-11-12-13-14-15-16-17-18-19-20-21-22-23-24 3 global_betweenness -0.00042542093674685926
config.CONGESTION_TYPE, slugifiedstring, i, key, value : RECURRENT recurrent-istanbul-120-1-2-3-4-5-6-7-8-9-10-11-12-13-14-15-16-17-18-19-20-21-22-23-24 4 betweenness -5.493197550250879e-05
config.CONGESTION_TYPE, slugifiedstring, i, key, value : RECURRENT recurrent-istanbul-120-1-2-3-4-5-6-7-8-9-10-11-12-13-14-15-16-17-18-19-20-21-22-23-24 5 streets_per_node_count_5 -6.097149929015257e-05
config.CONGESTION_TYPE, slugifiedstring, i, key, value : RECURRENT recurrent-istanbul-120-1-2-3-4-5-6-7-8-9-10-11-12-13-14-15-16-17-18-19-20-21-22-23-24 6 n -0.00011269814530904467
config.CONGESTION_TYPE, slugifiedstring, i, key, value : RECURRENT recurrent-istanbul-120-1-2-3-4-5-6-7-8-9-10-11-12-13-14-15-16-17-18-19-20-21-22-23-24 7 non_metered_count -7.520714562457819e-05
config.CONGESTION_TYPE, slugifiedstring, i, key, value : RECURRENT recurrent-istanbul-120-1-2-3-4-5-6-7-8-9-10-11-12-13-14-15-16-17-18-19-20-21-22-23-24 8 streets_per_node_avg -0.00011397252020757161
config.CONGESTION_TYPE, slugifiedstring, i, key, value : RECURRENT recurrent-istanbul-120-1-2-3-4-5-6-7-8-9-10-11-12-13-14-15-16-17-18-19-20-21-22-23-24 9 streets_per_node_count_6 -3.644468827081274e-05
config.CONGESTION_TYPE, slugifiedstring, i, key, value : RECURRENT recurrent-istanbul-120-1-2-3-4-5-6-7-8-9-10-11-12-13-14-15-16-17-18-19-20-21-22-23-24 10 streets_per_node_count_4 0
config.CONGESTION_TYPE, slugifiedstring, i, key, value : RECURRENT recurrent-istanbul-120-1-2-3-4-5-6-7-8-9-10-11-12-13-14-15-16-17-18-19-20-21-22-23-24 11 metered_count -0.00014984613378336465
config.CONGESTION_TYPE, slugifiedstring, i, key, value : RECURRENT recurrent-istanbul-120-1-2-3-4-5-6-7-8-9-10-11-12-13-14-15-16-17-18-19-20-21-22-23-24 12 streets_per_node_count_1 0
config.CONGESTION_TYPE, slugifiedstring, i, key, value : RECURRENT recurrent-istanbul-120-1-2-3-4-5-6-7-8-9-10-11-12-13-14-15-16-17-18-19-20-21-22-23-24 13 streets_per_node_count_3 -0.00010053230014292814
config.CONGESTION_TYPE, slugifiedstring, i, key, value : RECURRENT recurrent-istanbul-120-1-2-3-4-5-6-7-8-9-10-11-12-13-14-15-16-17-18-19-20-21-22-23-24 14 streets_per_node_count_2 -4.696770781861066e-05
config.CONGESTION_TYPE, slugifiedstring, i, key, value : RECURRENT recurrent-istanbul-120-1-2-3-4-5-6-7-8-9-10-11-12-13-14-15-16-17-18-19-20-21-22-23-24 15 mean_lanes -7.046449387206086e-05
config.CONGESTION_TYPE, slugifiedstring, i, key, value : RECURRENT recurrent-istanbul-120-1-2-3-4-5-6-7-8-9-10-11-12-13-14-15-16-17-18-19-20-21-22-23-24 16 total_crossings -0.00015062075524193907
SHAP Values for each feature:
Slug                           Feature Name         Mean Abs SHAP Value
SHAP-- recurrent-istanbul-120-1-2-3-4-5-6-7-8-9-10-11-12-13-14-15-16-17-18-19-20-21-22-23-24 circuity_avg                  0.0042
SHAP-- recurrent-istanbul-120-1-2-3-4-5-6-7-8-9-10-11-12-13-14-15-16-17-18-19-20-21-22-23-24 m                             0.0197
SHAP-- recurrent-istanbul-120-1-2-3-4-5-6-7-8-9-10-11-12-13-14-15-16-17-18-19-20-21-22-23-24 k_avg                         0.0155
SHAP-- recurrent-istanbul-120-1-2-3-4-5-6-7-8-9-10-11-12-13-14-15-16-17-18-19-20-21-22-23-24 global_betweenness            0.0285
SHAP-- recurrent-istanbul-120-1-2-3-4-5-6-7-8-9-10-11-12-13-14-15-16-17-18-19-20-21-22-23-24 betweenness                   0.0152
SHAP-- recurrent-istanbul-120-1-2-3-4-5-6-7-8-9-10-11-12-13-14-15-16-17-18-19-20-21-22-23-24 streets_per_node_count_5          0.0361
SHAP-- recurrent-istanbul-120-1-2-3-4-5-6-7-8-9-10-11-12-13-14-15-16-17-18-19-20-21-22-23-24 n                             0.0549
SHAP-- recurrent-istanbul-120-1-2-3-4-5-6-7-8-9-10-11-12-13-14-15-16-17-18-19-20-21-22-23-24 non_metered_count             0.0216
SHAP-- recurrent-istanbul-120-1-2-3-4-5-6-7-8-9-10-11-12-13-14-15-16-17-18-19-20-21-22-23-24 streets_per_node_avg          0.0803
SHAP-- recurrent-istanbul-120-1-2-3-4-5-6-7-8-9-10-11-12-13-14-15-16-17-18-19-20-21-22-23-24 streets_per_node_count_6          0.0262
SHAP-- recurrent-istanbul-120-1-2-3-4-5-6-7-8-9-10-11-12-13-14-15-16-17-18-19-20-21-22-23-24 streets_per_node_count_4          0.0000
SHAP-- recurrent-istanbul-120-1-2-3-4-5-6-7-8-9-10-11-12-13-14-15-16-17-18-19-20-21-22-23-24 metered_count                 0.0310
SHAP-- recurrent-istanbul-120-1-2-3-4-5-6-7-8-9-10-11-12-13-14-15-16-17-18-19-20-21-22-23-24 streets_per_node_count_1          0.0000
SHAP-- recurrent-istanbul-120-1-2-3-4-5-6-7-8-9-10-11-12-13-14-15-16-17-18-19-20-21-22-23-24 streets_per_node_count_3          0.0711
SHAP-- recurrent-istanbul-120-1-2-3-4-5-6-7-8-9-10-11-12-13-14-15-16-17-18-19-20-21-22-23-24 streets_per_node_count_2          0.0114
SHAP-- recurrent-istanbul-120-1-2-3-4-5-6-7-8-9-10-11-12-13-14-15-16-17-18-19-20-21-22-23-24 mean_lanes                    0.0170
SHAP-- recurrent-istanbul-120-1-2-3-4-5-6-7-8-9-10-11-12-13-14-15-16-17-18-19-20-21-22-23-24 total_crossings               0.0494
RECURRENT Istanbul 120 LR 0.2894874849597304 XpVar
RECURRENT Istanbul 120 RF 0.32928178380916445 XpVar
RECURRENT Istanbul 120 GBM 0.30302780584173244 XpVar
RECURRENT Istanbul 120 LLR 0.0 XpVar
RECURRENT Istanbul 120 RLR 0.2894634439087102 XpVar
RECURRENT Istanbul 120 LR 0.24855515351093252 MSE
RECURRENT Istanbul 120 RF 0.23485728189076296 MSE
RECURRENT Istanbul 120 GBM 0.2439085564025302 MSE
RECURRENT Istanbul 120 LLR 0.3497344213851355 MSE
RECURRENT Istanbul 120 RLR 0.2485659276117657 MSE
RECURRENT Istanbul 120 LR 0.2891784413253885 R2
RECURRENT Istanbul 120 RF 0.3290918656006265 R2
RECURRENT Istanbul 120 GBM 0.30276973713748007 R2
RECURRENT Istanbul 120 LLR -0.0005398512733487364 R2
RECURRENT Istanbul 120 RLR 0.2891524864591428 R2
t_spatial, t_non_spatial, "seconds" : 1.6689300537109375e-06 3583.3214268684387 seconds
sorted_percentage_nan_per_column : maxspeed                         75.199278
global_betweenness               10.392540
lane_density                      0.000000
streets_per_node_proportion_6     0.000000
streets_per_node_count_6          0.000000
streets_per_node_proportion_5     0.000000
streets_per_node_count_5          0.000000
streets_per_node_proportion_4     0.000000
streets_per_node_count_4          0.000000
streets_per_node_proportion_3     0.000000
streets_per_node_count_3          0.000000
streets_per_node_proportion_2     0.000000
streets_per_node_count_2          0.000000
streets_per_node_proportion_1     0.000000
streets_per_node_count_1          0.000000
n                                 0.000000
m                                 0.000000
betweenness                       0.000000
total_crossings                   0.000000
non_metered_count                 0.000000
metered_count                     0.000000
self_loop_proportion              0.000000
circuity_avg                      0.000000
street_length_avg                 0.000000
street_segment_count              0.000000
street_length_total               0.000000
streets_per_node_avg              0.000000
edge_length_avg                   0.000000
edge_length_total                 0.000000
k_avg                             0.000000
mean_lanes                        0.000000
dtype: float64
city, scale, tod, config.shift_tile_marker, X.shape, Y.shape : Istanbul 135 [1, 2, 3, 4, 5, 6, 7, 8, 9, 10, 11, 12, 13, 14, 15, 16, 17, 18, 19, 20, 21, 22, 23, 24] 3 (6649, 17) (6649,)
X.shape, Y.shape, "Inside the model-fitting function" : (6649, 17) (6649,) Inside the model-fitting function
Dict: model_trials.best_params_
Key: Value
{'randomforestregressor__max_depth': 10,
 'randomforestregressor__max_features': 'sqrt',
 'randomforestregressor__n_estimators': 100}
Dict: model_trials.best_params_
Key: Value
{'xgbregressor__learning_rate': 0.01,
 'xgbregressor__max_depth': 10,
 'xgbregressor__n_estimators': 300}
config.CONGESTION_TYPE, slugifiedstring, i, key, value : RECURRENT recurrent-istanbul-135-1-2-3-4-5-6-7-8-9-10-11-12-13-14-15-16-17-18-19-20-21-22-23-24 0 circuity_avg 4.708654676850691e-05
config.CONGESTION_TYPE, slugifiedstring, i, key, value : RECURRENT recurrent-istanbul-135-1-2-3-4-5-6-7-8-9-10-11-12-13-14-15-16-17-18-19-20-21-22-23-24 1 m -5.45041260561756e-05
config.CONGESTION_TYPE, slugifiedstring, i, key, value : RECURRENT recurrent-istanbul-135-1-2-3-4-5-6-7-8-9-10-11-12-13-14-15-16-17-18-19-20-21-22-23-24 2 k_avg 0.00011694433485850091
config.CONGESTION_TYPE, slugifiedstring, i, key, value : RECURRENT recurrent-istanbul-135-1-2-3-4-5-6-7-8-9-10-11-12-13-14-15-16-17-18-19-20-21-22-23-24 3 global_betweenness -0.00018943127614888622
config.CONGESTION_TYPE, slugifiedstring, i, key, value : RECURRENT recurrent-istanbul-135-1-2-3-4-5-6-7-8-9-10-11-12-13-14-15-16-17-18-19-20-21-22-23-24 4 betweenness -3.9367645299294324e-05
config.CONGESTION_TYPE, slugifiedstring, i, key, value : RECURRENT recurrent-istanbul-135-1-2-3-4-5-6-7-8-9-10-11-12-13-14-15-16-17-18-19-20-21-22-23-24 5 streets_per_node_count_5 -5.1752529062418924e-05
config.CONGESTION_TYPE, slugifiedstring, i, key, value : RECURRENT recurrent-istanbul-135-1-2-3-4-5-6-7-8-9-10-11-12-13-14-15-16-17-18-19-20-21-22-23-24 6 n -8.35930862078639e-05
config.CONGESTION_TYPE, slugifiedstring, i, key, value : RECURRENT recurrent-istanbul-135-1-2-3-4-5-6-7-8-9-10-11-12-13-14-15-16-17-18-19-20-21-22-23-24 7 non_metered_count -6.304120617273934e-05
config.CONGESTION_TYPE, slugifiedstring, i, key, value : RECURRENT recurrent-istanbul-135-1-2-3-4-5-6-7-8-9-10-11-12-13-14-15-16-17-18-19-20-21-22-23-24 8 streets_per_node_avg -8.654410530530014e-05
config.CONGESTION_TYPE, slugifiedstring, i, key, value : RECURRENT recurrent-istanbul-135-1-2-3-4-5-6-7-8-9-10-11-12-13-14-15-16-17-18-19-20-21-22-23-24 9 streets_per_node_count_6 -4.592705114286584e-05
config.CONGESTION_TYPE, slugifiedstring, i, key, value : RECURRENT recurrent-istanbul-135-1-2-3-4-5-6-7-8-9-10-11-12-13-14-15-16-17-18-19-20-21-22-23-24 10 streets_per_node_count_4 0
config.CONGESTION_TYPE, slugifiedstring, i, key, value : RECURRENT recurrent-istanbul-135-1-2-3-4-5-6-7-8-9-10-11-12-13-14-15-16-17-18-19-20-21-22-23-24 11 metered_count -0.00012767373518879347
config.CONGESTION_TYPE, slugifiedstring, i, key, value : RECURRENT recurrent-istanbul-135-1-2-3-4-5-6-7-8-9-10-11-12-13-14-15-16-17-18-19-20-21-22-23-24 12 streets_per_node_count_1 0
config.CONGESTION_TYPE, slugifiedstring, i, key, value : RECURRENT recurrent-istanbul-135-1-2-3-4-5-6-7-8-9-10-11-12-13-14-15-16-17-18-19-20-21-22-23-24 13 streets_per_node_count_3 -8.28610243155745e-05
config.CONGESTION_TYPE, slugifiedstring, i, key, value : RECURRENT recurrent-istanbul-135-1-2-3-4-5-6-7-8-9-10-11-12-13-14-15-16-17-18-19-20-21-22-23-24 14 streets_per_node_count_2 -3.611651902607765e-05
config.CONGESTION_TYPE, slugifiedstring, i, key, value : RECURRENT recurrent-istanbul-135-1-2-3-4-5-6-7-8-9-10-11-12-13-14-15-16-17-18-19-20-21-22-23-24 15 mean_lanes -7.089685385449596e-05
config.CONGESTION_TYPE, slugifiedstring, i, key, value : RECURRENT recurrent-istanbul-135-1-2-3-4-5-6-7-8-9-10-11-12-13-14-15-16-17-18-19-20-21-22-23-24 16 total_crossings -0.00015315743715251003
SHAP Values for each feature:
Slug                           Feature Name         Mean Abs SHAP Value
SHAP-- recurrent-istanbul-135-1-2-3-4-5-6-7-8-9-10-11-12-13-14-15-16-17-18-19-20-21-22-23-24 circuity_avg                  0.0040
SHAP-- recurrent-istanbul-135-1-2-3-4-5-6-7-8-9-10-11-12-13-14-15-16-17-18-19-20-21-22-23-24 m                             0.0227
SHAP-- recurrent-istanbul-135-1-2-3-4-5-6-7-8-9-10-11-12-13-14-15-16-17-18-19-20-21-22-23-24 k_avg                         0.0161
SHAP-- recurrent-istanbul-135-1-2-3-4-5-6-7-8-9-10-11-12-13-14-15-16-17-18-19-20-21-22-23-24 global_betweenness            0.0283
SHAP-- recurrent-istanbul-135-1-2-3-4-5-6-7-8-9-10-11-12-13-14-15-16-17-18-19-20-21-22-23-24 betweenness                   0.0136
SHAP-- recurrent-istanbul-135-1-2-3-4-5-6-7-8-9-10-11-12-13-14-15-16-17-18-19-20-21-22-23-24 streets_per_node_count_5          0.0372
SHAP-- recurrent-istanbul-135-1-2-3-4-5-6-7-8-9-10-11-12-13-14-15-16-17-18-19-20-21-22-23-24 n                             0.0458
SHAP-- recurrent-istanbul-135-1-2-3-4-5-6-7-8-9-10-11-12-13-14-15-16-17-18-19-20-21-22-23-24 non_metered_count             0.0193
SHAP-- recurrent-istanbul-135-1-2-3-4-5-6-7-8-9-10-11-12-13-14-15-16-17-18-19-20-21-22-23-24 streets_per_node_avg          0.0734
SHAP-- recurrent-istanbul-135-1-2-3-4-5-6-7-8-9-10-11-12-13-14-15-16-17-18-19-20-21-22-23-24 streets_per_node_count_6          0.0392
SHAP-- recurrent-istanbul-135-1-2-3-4-5-6-7-8-9-10-11-12-13-14-15-16-17-18-19-20-21-22-23-24 streets_per_node_count_4          0.0000
SHAP-- recurrent-istanbul-135-1-2-3-4-5-6-7-8-9-10-11-12-13-14-15-16-17-18-19-20-21-22-23-24 metered_count                 0.0265
SHAP-- recurrent-istanbul-135-1-2-3-4-5-6-7-8-9-10-11-12-13-14-15-16-17-18-19-20-21-22-23-24 streets_per_node_count_1          0.0000
SHAP-- recurrent-istanbul-135-1-2-3-4-5-6-7-8-9-10-11-12-13-14-15-16-17-18-19-20-21-22-23-24 streets_per_node_count_3          0.0682
SHAP-- recurrent-istanbul-135-1-2-3-4-5-6-7-8-9-10-11-12-13-14-15-16-17-18-19-20-21-22-23-24 streets_per_node_count_2          0.0124
SHAP-- recurrent-istanbul-135-1-2-3-4-5-6-7-8-9-10-11-12-13-14-15-16-17-18-19-20-21-22-23-24 mean_lanes                    0.0211
SHAP-- recurrent-istanbul-135-1-2-3-4-5-6-7-8-9-10-11-12-13-14-15-16-17-18-19-20-21-22-23-24 total_crossings               0.0544
RECURRENT Istanbul 135 LR 0.27694444479152364 XpVar
RECURRENT Istanbul 135 RF 0.3233963674664856 XpVar
RECURRENT Istanbul 135 GBM 0.28535859144313225 XpVar
RECURRENT Istanbul 135 LLR 3.172065784643304e-17 XpVar
RECURRENT Istanbul 135 RLR 0.27694199834921424 XpVar
RECURRENT Istanbul 135 LR 0.2656096517350153 MSE
RECURRENT Istanbul 135 RF 0.24853463254596195 MSE
RECURRENT Istanbul 135 GBM 0.2626762095334924 MSE
RECURRENT Istanbul 135 LLR 0.36758902654041714 MSE
RECURRENT Istanbul 135 RLR 0.2656100440233563 MSE
RECURRENT Istanbul 135 LR 0.2766061269935684 R2
RECURRENT Istanbul 135 RF 0.32304164347856396 R2
RECURRENT Istanbul 135 GBM 0.2849558662133605 R2
RECURRENT Istanbul 135 LLR -0.0009082222163111021 R2
RECURRENT Istanbul 135 RLR 0.2765989297090077 R2
t_spatial, t_non_spatial, "seconds" : 1.9073486328125e-06 2919.7921352386475 seconds
sorted_percentage_nan_per_column : maxspeed                         57.467532
global_betweenness               14.393939
lane_density                      0.000000
streets_per_node_proportion_6     0.000000
streets_per_node_count_6          0.000000
streets_per_node_proportion_5     0.000000
streets_per_node_count_5          0.000000
streets_per_node_proportion_4     0.000000
streets_per_node_count_4          0.000000
streets_per_node_proportion_3     0.000000
streets_per_node_count_3          0.000000
streets_per_node_proportion_2     0.000000
streets_per_node_count_2          0.000000
streets_per_node_proportion_1     0.000000
streets_per_node_count_1          0.000000
n                                 0.000000
m                                 0.000000
betweenness                       0.000000
total_crossings                   0.000000
non_metered_count                 0.000000
metered_count                     0.000000
self_loop_proportion              0.000000
circuity_avg                      0.000000
street_length_avg                 0.000000
street_segment_count              0.000000
street_length_total               0.000000
streets_per_node_avg              0.000000
edge_length_avg                   0.000000
edge_length_total                 0.000000
k_avg                             0.000000
mean_lanes                        0.000000
dtype: float64
city, scale, tod, config.shift_tile_marker, X.shape, Y.shape : Istanbul 37 [1, 2, 3, 4, 5, 6, 7, 8, 9, 10, 11, 12, 13, 14, 15, 16, 17, 18, 19, 20, 21, 22, 23, 24] 3 (924, 17) (924,)
X.shape, Y.shape, "Inside the model-fitting function" : (924, 17) (924,) Inside the model-fitting function
Dict: model_trials.best_params_
Key: Value
{'randomforestregressor__max_depth': 10,
 'randomforestregressor__max_features': 'sqrt',
 'randomforestregressor__n_estimators': 500}
Dict: model_trials.best_params_
Key: Value
{'xgbregressor__learning_rate': 0.01,
 'xgbregressor__max_depth': 10,
 'xgbregressor__n_estimators': 1000}
config.CONGESTION_TYPE, slugifiedstring, i, key, value : RECURRENT recurrent-istanbul-37-1-2-3-4-5-6-7-8-9-10-11-12-13-14-15-16-17-18-19-20-21-22-23-24 0 circuity_avg 0.00016971216981310046
config.CONGESTION_TYPE, slugifiedstring, i, key, value : RECURRENT recurrent-istanbul-37-1-2-3-4-5-6-7-8-9-10-11-12-13-14-15-16-17-18-19-20-21-22-23-24 1 m -0.000197141174821163
config.CONGESTION_TYPE, slugifiedstring, i, key, value : RECURRENT recurrent-istanbul-37-1-2-3-4-5-6-7-8-9-10-11-12-13-14-15-16-17-18-19-20-21-22-23-24 2 k_avg 0.00458678410294939
config.CONGESTION_TYPE, slugifiedstring, i, key, value : RECURRENT recurrent-istanbul-37-1-2-3-4-5-6-7-8-9-10-11-12-13-14-15-16-17-18-19-20-21-22-23-24 3 global_betweenness -0.004053045109465801
config.CONGESTION_TYPE, slugifiedstring, i, key, value : RECURRENT recurrent-istanbul-37-1-2-3-4-5-6-7-8-9-10-11-12-13-14-15-16-17-18-19-20-21-22-23-24 4 betweenness -0.0004181214775464417
config.CONGESTION_TYPE, slugifiedstring, i, key, value : RECURRENT recurrent-istanbul-37-1-2-3-4-5-6-7-8-9-10-11-12-13-14-15-16-17-18-19-20-21-22-23-24 5 streets_per_node_count_5 -0.00018274763941199956
config.CONGESTION_TYPE, slugifiedstring, i, key, value : RECURRENT recurrent-istanbul-37-1-2-3-4-5-6-7-8-9-10-11-12-13-14-15-16-17-18-19-20-21-22-23-24 6 n -0.00030140971467416364
config.CONGESTION_TYPE, slugifiedstring, i, key, value : RECURRENT recurrent-istanbul-37-1-2-3-4-5-6-7-8-9-10-11-12-13-14-15-16-17-18-19-20-21-22-23-24 7 non_metered_count -0.0002574071052640268
config.CONGESTION_TYPE, slugifiedstring, i, key, value : RECURRENT recurrent-istanbul-37-1-2-3-4-5-6-7-8-9-10-11-12-13-14-15-16-17-18-19-20-21-22-23-24 8 streets_per_node_avg -0.00040444902056193364
config.CONGESTION_TYPE, slugifiedstring, i, key, value : RECURRENT recurrent-istanbul-37-1-2-3-4-5-6-7-8-9-10-11-12-13-14-15-16-17-18-19-20-21-22-23-24 9 streets_per_node_count_6 -0.0001580486792650407
config.CONGESTION_TYPE, slugifiedstring, i, key, value : RECURRENT recurrent-istanbul-37-1-2-3-4-5-6-7-8-9-10-11-12-13-14-15-16-17-18-19-20-21-22-23-24 10 streets_per_node_count_4 0
config.CONGESTION_TYPE, slugifiedstring, i, key, value : RECURRENT recurrent-istanbul-37-1-2-3-4-5-6-7-8-9-10-11-12-13-14-15-16-17-18-19-20-21-22-23-24 11 metered_count -0.0004966648734900218
config.CONGESTION_TYPE, slugifiedstring, i, key, value : RECURRENT recurrent-istanbul-37-1-2-3-4-5-6-7-8-9-10-11-12-13-14-15-16-17-18-19-20-21-22-23-24 12 streets_per_node_count_1 0
config.CONGESTION_TYPE, slugifiedstring, i, key, value : RECURRENT recurrent-istanbul-37-1-2-3-4-5-6-7-8-9-10-11-12-13-14-15-16-17-18-19-20-21-22-23-24 13 streets_per_node_count_3 -0.0003773123834306139
config.CONGESTION_TYPE, slugifiedstring, i, key, value : RECURRENT recurrent-istanbul-37-1-2-3-4-5-6-7-8-9-10-11-12-13-14-15-16-17-18-19-20-21-22-23-24 14 streets_per_node_count_2 -0.00020979025580283715
config.CONGESTION_TYPE, slugifiedstring, i, key, value : RECURRENT recurrent-istanbul-37-1-2-3-4-5-6-7-8-9-10-11-12-13-14-15-16-17-18-19-20-21-22-23-24 15 mean_lanes -0.0001125279633721338
config.CONGESTION_TYPE, slugifiedstring, i, key, value : RECURRENT recurrent-istanbul-37-1-2-3-4-5-6-7-8-9-10-11-12-13-14-15-16-17-18-19-20-21-22-23-24 16 total_crossings -0.0005276766900494784
SHAP Values for each feature:
Slug                           Feature Name         Mean Abs SHAP Value
SHAP-- recurrent-istanbul-37-1-2-3-4-5-6-7-8-9-10-11-12-13-14-15-16-17-18-19-20-21-22-23-24 circuity_avg                  0.0028
SHAP-- recurrent-istanbul-37-1-2-3-4-5-6-7-8-9-10-11-12-13-14-15-16-17-18-19-20-21-22-23-24 m                             0.0231
SHAP-- recurrent-istanbul-37-1-2-3-4-5-6-7-8-9-10-11-12-13-14-15-16-17-18-19-20-21-22-23-24 k_avg                         0.0129
SHAP-- recurrent-istanbul-37-1-2-3-4-5-6-7-8-9-10-11-12-13-14-15-16-17-18-19-20-21-22-23-24 global_betweenness            0.0285
SHAP-- recurrent-istanbul-37-1-2-3-4-5-6-7-8-9-10-11-12-13-14-15-16-17-18-19-20-21-22-23-24 betweenness                   0.0178
SHAP-- recurrent-istanbul-37-1-2-3-4-5-6-7-8-9-10-11-12-13-14-15-16-17-18-19-20-21-22-23-24 streets_per_node_count_5          0.0193
SHAP-- recurrent-istanbul-37-1-2-3-4-5-6-7-8-9-10-11-12-13-14-15-16-17-18-19-20-21-22-23-24 n                             0.0317
SHAP-- recurrent-istanbul-37-1-2-3-4-5-6-7-8-9-10-11-12-13-14-15-16-17-18-19-20-21-22-23-24 non_metered_count             0.0257
SHAP-- recurrent-istanbul-37-1-2-3-4-5-6-7-8-9-10-11-12-13-14-15-16-17-18-19-20-21-22-23-24 streets_per_node_avg          0.0521
SHAP-- recurrent-istanbul-37-1-2-3-4-5-6-7-8-9-10-11-12-13-14-15-16-17-18-19-20-21-22-23-24 streets_per_node_count_6          0.0199
SHAP-- recurrent-istanbul-37-1-2-3-4-5-6-7-8-9-10-11-12-13-14-15-16-17-18-19-20-21-22-23-24 streets_per_node_count_4          0.0000
SHAP-- recurrent-istanbul-37-1-2-3-4-5-6-7-8-9-10-11-12-13-14-15-16-17-18-19-20-21-22-23-24 metered_count                 0.0430
SHAP-- recurrent-istanbul-37-1-2-3-4-5-6-7-8-9-10-11-12-13-14-15-16-17-18-19-20-21-22-23-24 streets_per_node_count_1          0.0000
SHAP-- recurrent-istanbul-37-1-2-3-4-5-6-7-8-9-10-11-12-13-14-15-16-17-18-19-20-21-22-23-24 streets_per_node_count_3          0.0511
SHAP-- recurrent-istanbul-37-1-2-3-4-5-6-7-8-9-10-11-12-13-14-15-16-17-18-19-20-21-22-23-24 streets_per_node_count_2          0.0193
SHAP-- recurrent-istanbul-37-1-2-3-4-5-6-7-8-9-10-11-12-13-14-15-16-17-18-19-20-21-22-23-24 mean_lanes                    0.0117
SHAP-- recurrent-istanbul-37-1-2-3-4-5-6-7-8-9-10-11-12-13-14-15-16-17-18-19-20-21-22-23-24 total_crossings               0.0575
RECURRENT Istanbul 37 LR 0.40501998709001036 XpVar
RECURRENT Istanbul 37 RF 0.46485267655432755 XpVar
RECURRENT Istanbul 37 GBM 0.3960843173408318 XpVar
RECURRENT Istanbul 37 LLR -6.344131569286608e-17 XpVar
RECURRENT Istanbul 37 RLR 0.40396588069981565 XpVar
RECURRENT Istanbul 37 LR 0.1261274468189704 MSE
RECURRENT Istanbul 37 RF 0.11367787591343408 MSE
RECURRENT Istanbul 37 GBM 0.12786649807783887 MSE
RECURRENT Istanbul 37 LLR 0.21169630640332635 MSE
RECURRENT Istanbul 37 RLR 0.12632793651107638 MSE
RECURRENT Istanbul 37 LR 0.40076546596829965 R2
RECURRENT Istanbul 37 RF 0.45966191626510833 R2
RECURRENT Istanbul 37 GBM 0.392827112191019 R2
RECURRENT Istanbul 37 LLR -0.005030892171179342 R2
RECURRENT Istanbul 37 RLR 0.39974240091393437 R2
t_spatial, t_non_spatial, "seconds" : 1.430511474609375e-06 648.956869840622 seconds
sorted_percentage_nan_per_column : maxspeed                         68.208092
global_betweenness               11.994220
lane_density                      0.000000
streets_per_node_proportion_6     0.000000
streets_per_node_count_6          0.000000
streets_per_node_proportion_5     0.000000
streets_per_node_count_5          0.000000
streets_per_node_proportion_4     0.000000
streets_per_node_count_4          0.000000
streets_per_node_proportion_3     0.000000
streets_per_node_count_3          0.000000
streets_per_node_proportion_2     0.000000
streets_per_node_count_2          0.000000
streets_per_node_proportion_1     0.000000
streets_per_node_count_1          0.000000
n                                 0.000000
m                                 0.000000
betweenness                       0.000000
total_crossings                   0.000000
non_metered_count                 0.000000
metered_count                     0.000000
self_loop_proportion              0.000000
circuity_avg                      0.000000
street_length_avg                 0.000000
street_segment_count              0.000000
street_length_total               0.000000
streets_per_node_avg              0.000000
edge_length_avg                   0.000000
edge_length_total                 0.000000
k_avg                             0.000000
mean_lanes                        0.000000
dtype: float64
city, scale, tod, config.shift_tile_marker, X.shape, Y.shape : Istanbul 75 [1, 2, 3, 4, 5, 6, 7, 8, 9, 10, 11, 12, 13, 14, 15, 16, 17, 18, 19, 20, 21, 22, 23, 24] 3 (2768, 17) (2768,)
X.shape, Y.shape, "Inside the model-fitting function" : (2768, 17) (2768,) Inside the model-fitting function
Dict: model_trials.best_params_
Key: Value
{'randomforestregressor__max_depth': 10,
 'randomforestregressor__max_features': 'sqrt',
 'randomforestregressor__n_estimators': 500}
Dict: model_trials.best_params_
Key: Value
{'xgbregressor__learning_rate': 0.01,
 'xgbregressor__max_depth': 10,
 'xgbregressor__n_estimators': 400}
config.CONGESTION_TYPE, slugifiedstring, i, key, value : RECURRENT recurrent-istanbul-75-1-2-3-4-5-6-7-8-9-10-11-12-13-14-15-16-17-18-19-20-21-22-23-24 0 circuity_avg 6.0886247090204125e-05
config.CONGESTION_TYPE, slugifiedstring, i, key, value : RECURRENT recurrent-istanbul-75-1-2-3-4-5-6-7-8-9-10-11-12-13-14-15-16-17-18-19-20-21-22-23-24 1 m -8.526716933788254e-05
config.CONGESTION_TYPE, slugifiedstring, i, key, value : RECURRENT recurrent-istanbul-75-1-2-3-4-5-6-7-8-9-10-11-12-13-14-15-16-17-18-19-20-21-22-23-24 2 k_avg 0.0032700966336293835
config.CONGESTION_TYPE, slugifiedstring, i, key, value : RECURRENT recurrent-istanbul-75-1-2-3-4-5-6-7-8-9-10-11-12-13-14-15-16-17-18-19-20-21-22-23-24 3 global_betweenness -0.0005799990720874544
config.CONGESTION_TYPE, slugifiedstring, i, key, value : RECURRENT recurrent-istanbul-75-1-2-3-4-5-6-7-8-9-10-11-12-13-14-15-16-17-18-19-20-21-22-23-24 4 betweenness -6.744176398745576e-05
config.CONGESTION_TYPE, slugifiedstring, i, key, value : RECURRENT recurrent-istanbul-75-1-2-3-4-5-6-7-8-9-10-11-12-13-14-15-16-17-18-19-20-21-22-23-24 5 streets_per_node_count_5 -9.070236907846355e-05
config.CONGESTION_TYPE, slugifiedstring, i, key, value : RECURRENT recurrent-istanbul-75-1-2-3-4-5-6-7-8-9-10-11-12-13-14-15-16-17-18-19-20-21-22-23-24 6 n -0.00014837409102969016
config.CONGESTION_TYPE, slugifiedstring, i, key, value : RECURRENT recurrent-istanbul-75-1-2-3-4-5-6-7-8-9-10-11-12-13-14-15-16-17-18-19-20-21-22-23-24 7 non_metered_count -9.545152975833295e-05
config.CONGESTION_TYPE, slugifiedstring, i, key, value : RECURRENT recurrent-istanbul-75-1-2-3-4-5-6-7-8-9-10-11-12-13-14-15-16-17-18-19-20-21-22-23-24 8 streets_per_node_avg -0.00016915777137742268
config.CONGESTION_TYPE, slugifiedstring, i, key, value : RECURRENT recurrent-istanbul-75-1-2-3-4-5-6-7-8-9-10-11-12-13-14-15-16-17-18-19-20-21-22-23-24 9 streets_per_node_count_6 -7.357168080576862e-05
config.CONGESTION_TYPE, slugifiedstring, i, key, value : RECURRENT recurrent-istanbul-75-1-2-3-4-5-6-7-8-9-10-11-12-13-14-15-16-17-18-19-20-21-22-23-24 10 streets_per_node_count_4 0
config.CONGESTION_TYPE, slugifiedstring, i, key, value : RECURRENT recurrent-istanbul-75-1-2-3-4-5-6-7-8-9-10-11-12-13-14-15-16-17-18-19-20-21-22-23-24 11 metered_count -0.0002616626528251925
config.CONGESTION_TYPE, slugifiedstring, i, key, value : RECURRENT recurrent-istanbul-75-1-2-3-4-5-6-7-8-9-10-11-12-13-14-15-16-17-18-19-20-21-22-23-24 12 streets_per_node_count_1 0
config.CONGESTION_TYPE, slugifiedstring, i, key, value : RECURRENT recurrent-istanbul-75-1-2-3-4-5-6-7-8-9-10-11-12-13-14-15-16-17-18-19-20-21-22-23-24 13 streets_per_node_count_3 -0.00018605588036463646
config.CONGESTION_TYPE, slugifiedstring, i, key, value : RECURRENT recurrent-istanbul-75-1-2-3-4-5-6-7-8-9-10-11-12-13-14-15-16-17-18-19-20-21-22-23-24 14 streets_per_node_count_2 -0.0001741736885797961
config.CONGESTION_TYPE, slugifiedstring, i, key, value : RECURRENT recurrent-istanbul-75-1-2-3-4-5-6-7-8-9-10-11-12-13-14-15-16-17-18-19-20-21-22-23-24 15 mean_lanes -7.627963063132303e-05
config.CONGESTION_TYPE, slugifiedstring, i, key, value : RECURRENT recurrent-istanbul-75-1-2-3-4-5-6-7-8-9-10-11-12-13-14-15-16-17-18-19-20-21-22-23-24 16 total_crossings -0.00023386935481151797
SHAP Values for each feature:
Slug                           Feature Name         Mean Abs SHAP Value
SHAP-- recurrent-istanbul-75-1-2-3-4-5-6-7-8-9-10-11-12-13-14-15-16-17-18-19-20-21-22-23-24 circuity_avg                  0.0034
SHAP-- recurrent-istanbul-75-1-2-3-4-5-6-7-8-9-10-11-12-13-14-15-16-17-18-19-20-21-22-23-24 m                             0.0250
SHAP-- recurrent-istanbul-75-1-2-3-4-5-6-7-8-9-10-11-12-13-14-15-16-17-18-19-20-21-22-23-24 k_avg                         0.0143
SHAP-- recurrent-istanbul-75-1-2-3-4-5-6-7-8-9-10-11-12-13-14-15-16-17-18-19-20-21-22-23-24 global_betweenness            0.0276
SHAP-- recurrent-istanbul-75-1-2-3-4-5-6-7-8-9-10-11-12-13-14-15-16-17-18-19-20-21-22-23-24 betweenness                   0.0115
SHAP-- recurrent-istanbul-75-1-2-3-4-5-6-7-8-9-10-11-12-13-14-15-16-17-18-19-20-21-22-23-24 streets_per_node_count_5          0.0267
SHAP-- recurrent-istanbul-75-1-2-3-4-5-6-7-8-9-10-11-12-13-14-15-16-17-18-19-20-21-22-23-24 n                             0.0399
SHAP-- recurrent-istanbul-75-1-2-3-4-5-6-7-8-9-10-11-12-13-14-15-16-17-18-19-20-21-22-23-24 non_metered_count             0.0210
SHAP-- recurrent-istanbul-75-1-2-3-4-5-6-7-8-9-10-11-12-13-14-15-16-17-18-19-20-21-22-23-24 streets_per_node_avg          0.0627
SHAP-- recurrent-istanbul-75-1-2-3-4-5-6-7-8-9-10-11-12-13-14-15-16-17-18-19-20-21-22-23-24 streets_per_node_count_6          0.0270
SHAP-- recurrent-istanbul-75-1-2-3-4-5-6-7-8-9-10-11-12-13-14-15-16-17-18-19-20-21-22-23-24 streets_per_node_count_4          0.0000
SHAP-- recurrent-istanbul-75-1-2-3-4-5-6-7-8-9-10-11-12-13-14-15-16-17-18-19-20-21-22-23-24 metered_count                 0.0449
SHAP-- recurrent-istanbul-75-1-2-3-4-5-6-7-8-9-10-11-12-13-14-15-16-17-18-19-20-21-22-23-24 streets_per_node_count_1          0.0000
SHAP-- recurrent-istanbul-75-1-2-3-4-5-6-7-8-9-10-11-12-13-14-15-16-17-18-19-20-21-22-23-24 streets_per_node_count_3          0.0702
SHAP-- recurrent-istanbul-75-1-2-3-4-5-6-7-8-9-10-11-12-13-14-15-16-17-18-19-20-21-22-23-24 streets_per_node_count_2          0.0120
SHAP-- recurrent-istanbul-75-1-2-3-4-5-6-7-8-9-10-11-12-13-14-15-16-17-18-19-20-21-22-23-24 mean_lanes                    0.0169
SHAP-- recurrent-istanbul-75-1-2-3-4-5-6-7-8-9-10-11-12-13-14-15-16-17-18-19-20-21-22-23-24 total_crossings               0.0572
RECURRENT Istanbul 75 LR 0.3380227505687614 XpVar
RECURRENT Istanbul 75 RF 0.39785566112102283 XpVar
RECURRENT Istanbul 75 GBM 0.3489533820677244 XpVar
RECURRENT Istanbul 75 LLR 1.586032892321652e-17 XpVar
RECURRENT Istanbul 75 RLR 0.33758726405168876 XpVar
RECURRENT Istanbul 75 LR 0.19206020270690227 MSE
RECURRENT Istanbul 75 RF 0.1746185101791026 MSE
RECURRENT Istanbul 75 GBM 0.18871225322024193 MSE
RECURRENT Istanbul 75 LLR 0.2886977275664456 MSE
RECURRENT Istanbul 75 RLR 0.19215348460528411 MSE
RECURRENT Istanbul 75 LR 0.33611772456090677 R2
RECURRENT Istanbul 75 RF 0.39660685986853383 R2
RECURRENT Istanbul 75 GBM 0.34812383489122256 R2
RECURRENT Istanbul 75 LLR -0.0017109341503909509 R2
RECURRENT Istanbul 75 RLR 0.3356939359450349 R2
t_spatial, t_non_spatial, "seconds" : 1.430511474609375e-06 1593.2755997180939 seconds
sorted_percentage_nan_per_column : maxspeed                         76.588069
global_betweenness                9.599278
lane_density                      0.000000
streets_per_node_proportion_6     0.000000
streets_per_node_count_6          0.000000
streets_per_node_proportion_5     0.000000
streets_per_node_count_5          0.000000
streets_per_node_proportion_4     0.000000
streets_per_node_count_4          0.000000
streets_per_node_proportion_3     0.000000
streets_per_node_count_3          0.000000
streets_per_node_proportion_2     0.000000
streets_per_node_count_2          0.000000
streets_per_node_proportion_1     0.000000
streets_per_node_count_1          0.000000
n                                 0.000000
m                                 0.000000
betweenness                       0.000000
total_crossings                   0.000000
non_metered_count                 0.000000
metered_count                     0.000000
self_loop_proportion              0.000000
circuity_avg                      0.000000
street_length_avg                 0.000000
street_segment_count              0.000000
street_length_total               0.000000
streets_per_node_avg              0.000000
edge_length_avg                   0.000000
edge_length_total                 0.000000
k_avg                             0.000000
mean_lanes                        0.000000
dtype: float64
city, scale, tod, config.shift_tile_marker, X.shape, Y.shape : Istanbul 150 [1, 2, 3, 4, 5, 6, 7, 8, 9, 10, 11, 12, 13, 14, 15, 16, 17, 18, 19, 20, 21, 22, 23, 24] 3 (7761, 17) (7761,)
X.shape, Y.shape, "Inside the model-fitting function" : (7761, 17) (7761,) Inside the model-fitting function
Dict: model_trials.best_params_
Key: Value
{'randomforestregressor__max_depth': 10,
 'randomforestregressor__max_features': 'sqrt',
 'randomforestregressor__n_estimators': 1000}
Dict: model_trials.best_params_
Key: Value
{'xgbregressor__learning_rate': 0.01,
 'xgbregressor__max_depth': 10,
 'xgbregressor__n_estimators': 300}
config.CONGESTION_TYPE, slugifiedstring, i, key, value : RECURRENT recurrent-istanbul-150-1-2-3-4-5-6-7-8-9-10-11-12-13-14-15-16-17-18-19-20-21-22-23-24 0 circuity_avg 3.6330667405214135e-05
config.CONGESTION_TYPE, slugifiedstring, i, key, value : RECURRENT recurrent-istanbul-150-1-2-3-4-5-6-7-8-9-10-11-12-13-14-15-16-17-18-19-20-21-22-23-24 1 m -2.783370277266488e-05
config.CONGESTION_TYPE, slugifiedstring, i, key, value : RECURRENT recurrent-istanbul-150-1-2-3-4-5-6-7-8-9-10-11-12-13-14-15-16-17-18-19-20-21-22-23-24 2 k_avg 0.00026864651997929144
config.CONGESTION_TYPE, slugifiedstring, i, key, value : RECURRENT recurrent-istanbul-150-1-2-3-4-5-6-7-8-9-10-11-12-13-14-15-16-17-18-19-20-21-22-23-24 3 global_betweenness -0.00023962753409670503
config.CONGESTION_TYPE, slugifiedstring, i, key, value : RECURRENT recurrent-istanbul-150-1-2-3-4-5-6-7-8-9-10-11-12-13-14-15-16-17-18-19-20-21-22-23-24 4 betweenness -3.269966312009451e-05
config.CONGESTION_TYPE, slugifiedstring, i, key, value : RECURRENT recurrent-istanbul-150-1-2-3-4-5-6-7-8-9-10-11-12-13-14-15-16-17-18-19-20-21-22-23-24 5 streets_per_node_count_5 -5.5118794807414955e-05
config.CONGESTION_TYPE, slugifiedstring, i, key, value : RECURRENT recurrent-istanbul-150-1-2-3-4-5-6-7-8-9-10-11-12-13-14-15-16-17-18-19-20-21-22-23-24 6 n -8.66750802145471e-05
config.CONGESTION_TYPE, slugifiedstring, i, key, value : RECURRENT recurrent-istanbul-150-1-2-3-4-5-6-7-8-9-10-11-12-13-14-15-16-17-18-19-20-21-22-23-24 7 non_metered_count -6.248095281560991e-05
config.CONGESTION_TYPE, slugifiedstring, i, key, value : RECURRENT recurrent-istanbul-150-1-2-3-4-5-6-7-8-9-10-11-12-13-14-15-16-17-18-19-20-21-22-23-24 8 streets_per_node_avg -8.110333641025421e-05
config.CONGESTION_TYPE, slugifiedstring, i, key, value : RECURRENT recurrent-istanbul-150-1-2-3-4-5-6-7-8-9-10-11-12-13-14-15-16-17-18-19-20-21-22-23-24 9 streets_per_node_count_6 -3.7334458037409886e-05
config.CONGESTION_TYPE, slugifiedstring, i, key, value : RECURRENT recurrent-istanbul-150-1-2-3-4-5-6-7-8-9-10-11-12-13-14-15-16-17-18-19-20-21-22-23-24 10 streets_per_node_count_4 0
config.CONGESTION_TYPE, slugifiedstring, i, key, value : RECURRENT recurrent-istanbul-150-1-2-3-4-5-6-7-8-9-10-11-12-13-14-15-16-17-18-19-20-21-22-23-24 11 metered_count -0.00012041042237182821
config.CONGESTION_TYPE, slugifiedstring, i, key, value : RECURRENT recurrent-istanbul-150-1-2-3-4-5-6-7-8-9-10-11-12-13-14-15-16-17-18-19-20-21-22-23-24 12 streets_per_node_count_1 0
config.CONGESTION_TYPE, slugifiedstring, i, key, value : RECURRENT recurrent-istanbul-150-1-2-3-4-5-6-7-8-9-10-11-12-13-14-15-16-17-18-19-20-21-22-23-24 13 streets_per_node_count_3 -7.32215412446276e-05
config.CONGESTION_TYPE, slugifiedstring, i, key, value : RECURRENT recurrent-istanbul-150-1-2-3-4-5-6-7-8-9-10-11-12-13-14-15-16-17-18-19-20-21-22-23-24 14 streets_per_node_count_2 -2.97426689647425e-05
config.CONGESTION_TYPE, slugifiedstring, i, key, value : RECURRENT recurrent-istanbul-150-1-2-3-4-5-6-7-8-9-10-11-12-13-14-15-16-17-18-19-20-21-22-23-24 15 mean_lanes -0.00011696256517452252
config.CONGESTION_TYPE, slugifiedstring, i, key, value : RECURRENT recurrent-istanbul-150-1-2-3-4-5-6-7-8-9-10-11-12-13-14-15-16-17-18-19-20-21-22-23-24 16 total_crossings -0.00012934638607975274
SHAP Values for each feature:
Slug                           Feature Name         Mean Abs SHAP Value
SHAP-- recurrent-istanbul-150-1-2-3-4-5-6-7-8-9-10-11-12-13-14-15-16-17-18-19-20-21-22-23-24 circuity_avg                  0.0039
SHAP-- recurrent-istanbul-150-1-2-3-4-5-6-7-8-9-10-11-12-13-14-15-16-17-18-19-20-21-22-23-24 m                             0.0183
SHAP-- recurrent-istanbul-150-1-2-3-4-5-6-7-8-9-10-11-12-13-14-15-16-17-18-19-20-21-22-23-24 k_avg                         0.0247
SHAP-- recurrent-istanbul-150-1-2-3-4-5-6-7-8-9-10-11-12-13-14-15-16-17-18-19-20-21-22-23-24 global_betweenness            0.0280
SHAP-- recurrent-istanbul-150-1-2-3-4-5-6-7-8-9-10-11-12-13-14-15-16-17-18-19-20-21-22-23-24 betweenness                   0.0154
SHAP-- recurrent-istanbul-150-1-2-3-4-5-6-7-8-9-10-11-12-13-14-15-16-17-18-19-20-21-22-23-24 streets_per_node_count_5          0.0457
SHAP-- recurrent-istanbul-150-1-2-3-4-5-6-7-8-9-10-11-12-13-14-15-16-17-18-19-20-21-22-23-24 n                             0.0528
SHAP-- recurrent-istanbul-150-1-2-3-4-5-6-7-8-9-10-11-12-13-14-15-16-17-18-19-20-21-22-23-24 non_metered_count             0.0210
SHAP-- recurrent-istanbul-150-1-2-3-4-5-6-7-8-9-10-11-12-13-14-15-16-17-18-19-20-21-22-23-24 streets_per_node_avg          0.0780
SHAP-- recurrent-istanbul-150-1-2-3-4-5-6-7-8-9-10-11-12-13-14-15-16-17-18-19-20-21-22-23-24 streets_per_node_count_6          0.0362
SHAP-- recurrent-istanbul-150-1-2-3-4-5-6-7-8-9-10-11-12-13-14-15-16-17-18-19-20-21-22-23-24 streets_per_node_count_4          0.0000
SHAP-- recurrent-istanbul-150-1-2-3-4-5-6-7-8-9-10-11-12-13-14-15-16-17-18-19-20-21-22-23-24 metered_count                 0.0254
SHAP-- recurrent-istanbul-150-1-2-3-4-5-6-7-8-9-10-11-12-13-14-15-16-17-18-19-20-21-22-23-24 streets_per_node_count_1          0.0000
SHAP-- recurrent-istanbul-150-1-2-3-4-5-6-7-8-9-10-11-12-13-14-15-16-17-18-19-20-21-22-23-24 streets_per_node_count_3          0.0697
SHAP-- recurrent-istanbul-150-1-2-3-4-5-6-7-8-9-10-11-12-13-14-15-16-17-18-19-20-21-22-23-24 streets_per_node_count_2          0.0118
SHAP-- recurrent-istanbul-150-1-2-3-4-5-6-7-8-9-10-11-12-13-14-15-16-17-18-19-20-21-22-23-24 mean_lanes                    0.0186
SHAP-- recurrent-istanbul-150-1-2-3-4-5-6-7-8-9-10-11-12-13-14-15-16-17-18-19-20-21-22-23-24 total_crossings               0.0487
RECURRENT Istanbul 150 LR 0.2677952348725734 XpVar
RECURRENT Istanbul 150 RF 0.3162613887293824 XpVar
RECURRENT Istanbul 150 GBM 0.29657089605660375 XpVar
RECURRENT Istanbul 150 LLR -3.172065784643304e-17 XpVar
RECURRENT Istanbul 150 RLR 0.2677852973328749 XpVar
RECURRENT Istanbul 150 LR 0.28173051440055225 MSE
RECURRENT Istanbul 150 RF 0.263130892933346 MSE
RECURRENT Istanbul 150 GBM 0.270727301700469 MSE
RECURRENT Istanbul 150 LLR 0.38519276023718907 MSE
RECURRENT Istanbul 150 RLR 0.2817373222556496 MSE
RECURRENT Istanbul 150 LR 0.2673819586086821 R2
RECURRENT Istanbul 150 RF 0.3157181160821523 R2
RECURRENT Istanbul 150 GBM 0.295745730075699 R2
RECURRENT Istanbul 150 LLR -0.0013093808108806432 R2
RECURRENT Istanbul 150 RLR 0.2673660643024146 R2
t_spatial, t_non_spatial, "seconds" : 1.9073486328125e-06 4968.981608867645 seconds

 Complete: python urbanscales/modelling/SHAP_analysis.py

