config.CONGESTION_TYPE, slugifiedstring, i, key, value : RECURRENT recurrent-mexicocity-20-1-2-3-4-5-6-7-8-9-10-11-12-13-14-15-16-17-18-19-20-21-22-23-24 0 streets_per_node_count_2 0.03850834520223867
config.CONGESTION_TYPE, slugifiedstring, i, key, value : RECURRENT recurrent-mexicocity-20-1-2-3-4-5-6-7-8-9-10-11-12-13-14-15-16-17-18-19-20-21-22-23-24 1 total_crossings 0.005145906271163079
config.CONGESTION_TYPE, slugifiedstring, i, key, value : RECURRENT recurrent-mexicocity-20-1-2-3-4-5-6-7-8-9-10-11-12-13-14-15-16-17-18-19-20-21-22-23-24 2 betweenness 0.025682854988885423
config.CONGESTION_TYPE, slugifiedstring, i, key, value : RECURRENT recurrent-mexicocity-20-1-2-3-4-5-6-7-8-9-10-11-12-13-14-15-16-17-18-19-20-21-22-23-24 3 streets_per_node_count_1 0
config.CONGESTION_TYPE, slugifiedstring, i, key, value : RECURRENT recurrent-mexicocity-20-1-2-3-4-5-6-7-8-9-10-11-12-13-14-15-16-17-18-19-20-21-22-23-24 4 streets_per_node_count_4 0
config.CONGESTION_TYPE, slugifiedstring, i, key, value : RECURRENT recurrent-mexicocity-20-1-2-3-4-5-6-7-8-9-10-11-12-13-14-15-16-17-18-19-20-21-22-23-24 5 k_avg -0.0038305040633519996
config.CONGESTION_TYPE, slugifiedstring, i, key, value : RECURRENT recurrent-mexicocity-20-1-2-3-4-5-6-7-8-9-10-11-12-13-14-15-16-17-18-19-20-21-22-23-24 6 non_metered_count 0.002946482353089351
config.CONGESTION_TYPE, slugifiedstring, i, key, value : RECURRENT recurrent-mexicocity-20-1-2-3-4-5-6-7-8-9-10-11-12-13-14-15-16-17-18-19-20-21-22-23-24 7 streets_per_node_count_6 0.0056576583292936135
config.CONGESTION_TYPE, slugifiedstring, i, key, value : RECURRENT recurrent-mexicocity-20-1-2-3-4-5-6-7-8-9-10-11-12-13-14-15-16-17-18-19-20-21-22-23-24 8 streets_per_node_count_3 0.005641101840597851
config.CONGESTION_TYPE, slugifiedstring, i, key, value : RECURRENT recurrent-mexicocity-20-1-2-3-4-5-6-7-8-9-10-11-12-13-14-15-16-17-18-19-20-21-22-23-24 9 n 0.006320959596597359
config.CONGESTION_TYPE, slugifiedstring, i, key, value : RECURRENT recurrent-mexicocity-20-1-2-3-4-5-6-7-8-9-10-11-12-13-14-15-16-17-18-19-20-21-22-23-24 10 metered_count 0.013801932430008497
config.CONGESTION_TYPE, slugifiedstring, i, key, value : RECURRENT recurrent-mexicocity-20-1-2-3-4-5-6-7-8-9-10-11-12-13-14-15-16-17-18-19-20-21-22-23-24 11 global_betweenness -0.06101118679515595
config.CONGESTION_TYPE, slugifiedstring, i, key, value : RECURRENT recurrent-mexicocity-20-1-2-3-4-5-6-7-8-9-10-11-12-13-14-15-16-17-18-19-20-21-22-23-24 12 circuity_avg 0.000755031827585251
config.CONGESTION_TYPE, slugifiedstring, i, key, value : RECURRENT recurrent-mexicocity-20-1-2-3-4-5-6-7-8-9-10-11-12-13-14-15-16-17-18-19-20-21-22-23-24 13 mean_lanes -0.0015986819543456815
config.CONGESTION_TYPE, slugifiedstring, i, key, value : RECURRENT recurrent-mexicocity-20-1-2-3-4-5-6-7-8-9-10-11-12-13-14-15-16-17-18-19-20-21-22-23-24 14 m 0.010227478568917812
config.CONGESTION_TYPE, slugifiedstring, i, key, value : RECURRENT recurrent-mexicocity-20-1-2-3-4-5-6-7-8-9-10-11-12-13-14-15-16-17-18-19-20-21-22-23-24 15 streets_per_node_count_5 0.007491429464957397
config.CONGESTION_TYPE, slugifiedstring, i, key, value : RECURRENT recurrent-mexicocity-20-1-2-3-4-5-6-7-8-9-10-11-12-13-14-15-16-17-18-19-20-21-22-23-24 16 streets_per_node_avg 0.006602805637239389
config.CONGESTION_TYPE, slugifiedstring, i, key, value : RECURRENT recurrent-mexicocity-30-1-2-3-4-5-6-7-8-9-10-11-12-13-14-15-16-17-18-19-20-21-22-23-24 0 streets_per_node_count_2 -0.011212685996094027
config.CONGESTION_TYPE, slugifiedstring, i, key, value : RECURRENT recurrent-mexicocity-30-1-2-3-4-5-6-7-8-9-10-11-12-13-14-15-16-17-18-19-20-21-22-23-24 1 total_crossings 0.0032865612416884994
config.CONGESTION_TYPE, slugifiedstring, i, key, value : RECURRENT recurrent-mexicocity-30-1-2-3-4-5-6-7-8-9-10-11-12-13-14-15-16-17-18-19-20-21-22-23-24 2 betweenness 0.051772376838234754
config.CONGESTION_TYPE, slugifiedstring, i, key, value : RECURRENT recurrent-mexicocity-30-1-2-3-4-5-6-7-8-9-10-11-12-13-14-15-16-17-18-19-20-21-22-23-24 3 streets_per_node_count_1 0
config.CONGESTION_TYPE, slugifiedstring, i, key, value : RECURRENT recurrent-mexicocity-30-1-2-3-4-5-6-7-8-9-10-11-12-13-14-15-16-17-18-19-20-21-22-23-24 4 streets_per_node_count_4 0
config.CONGESTION_TYPE, slugifiedstring, i, key, value : RECURRENT recurrent-mexicocity-30-1-2-3-4-5-6-7-8-9-10-11-12-13-14-15-16-17-18-19-20-21-22-23-24 5 k_avg -0.0015647357055003689
config.CONGESTION_TYPE, slugifiedstring, i, key, value : RECURRENT recurrent-mexicocity-30-1-2-3-4-5-6-7-8-9-10-11-12-13-14-15-16-17-18-19-20-21-22-23-24 6 non_metered_count 0.0023303977883499787
config.CONGESTION_TYPE, slugifiedstring, i, key, value : RECURRENT recurrent-mexicocity-30-1-2-3-4-5-6-7-8-9-10-11-12-13-14-15-16-17-18-19-20-21-22-23-24 7 streets_per_node_count_6 0.00464534005394713
config.CONGESTION_TYPE, slugifiedstring, i, key, value : RECURRENT recurrent-mexicocity-30-1-2-3-4-5-6-7-8-9-10-11-12-13-14-15-16-17-18-19-20-21-22-23-24 8 streets_per_node_count_3 0.006054874574505669
config.CONGESTION_TYPE, slugifiedstring, i, key, value : RECURRENT recurrent-mexicocity-30-1-2-3-4-5-6-7-8-9-10-11-12-13-14-15-16-17-18-19-20-21-22-23-24 9 n -0.00467319676803703
config.CONGESTION_TYPE, slugifiedstring, i, key, value : RECURRENT recurrent-mexicocity-30-1-2-3-4-5-6-7-8-9-10-11-12-13-14-15-16-17-18-19-20-21-22-23-24 10 metered_count 0.16672303233904065
config.CONGESTION_TYPE, slugifiedstring, i, key, value : RECURRENT recurrent-mexicocity-30-1-2-3-4-5-6-7-8-9-10-11-12-13-14-15-16-17-18-19-20-21-22-23-24 11 global_betweenness -0.00167917706130459
config.CONGESTION_TYPE, slugifiedstring, i, key, value : RECURRENT recurrent-mexicocity-30-1-2-3-4-5-6-7-8-9-10-11-12-13-14-15-16-17-18-19-20-21-22-23-24 12 circuity_avg -0.0002185048304696582
config.CONGESTION_TYPE, slugifiedstring, i, key, value : RECURRENT recurrent-mexicocity-30-1-2-3-4-5-6-7-8-9-10-11-12-13-14-15-16-17-18-19-20-21-22-23-24 13 mean_lanes -0.0007686548845954167
config.CONGESTION_TYPE, slugifiedstring, i, key, value : RECURRENT recurrent-mexicocity-30-1-2-3-4-5-6-7-8-9-10-11-12-13-14-15-16-17-18-19-20-21-22-23-24 14 m -0.0032535875591444712
config.CONGESTION_TYPE, slugifiedstring, i, key, value : RECURRENT recurrent-mexicocity-30-1-2-3-4-5-6-7-8-9-10-11-12-13-14-15-16-17-18-19-20-21-22-23-24 15 streets_per_node_count_5 0.008213065142472383
config.CONGESTION_TYPE, slugifiedstring, i, key, value : RECURRENT recurrent-mexicocity-30-1-2-3-4-5-6-7-8-9-10-11-12-13-14-15-16-17-18-19-20-21-22-23-24 16 streets_per_node_avg 0.003282488730767696
config.CONGESTION_TYPE, slugifiedstring, i, key, value : RECURRENT recurrent-mexicocity-40-1-2-3-4-5-6-7-8-9-10-11-12-13-14-15-16-17-18-19-20-21-22-23-24 0 streets_per_node_count_2 -0.0035840705799322307
config.CONGESTION_TYPE, slugifiedstring, i, key, value : RECURRENT recurrent-mexicocity-40-1-2-3-4-5-6-7-8-9-10-11-12-13-14-15-16-17-18-19-20-21-22-23-24 1 total_crossings 0.0033566089573374694
config.CONGESTION_TYPE, slugifiedstring, i, key, value : RECURRENT recurrent-mexicocity-40-1-2-3-4-5-6-7-8-9-10-11-12-13-14-15-16-17-18-19-20-21-22-23-24 2 betweenness -0.01002785273083026
config.CONGESTION_TYPE, slugifiedstring, i, key, value : RECURRENT recurrent-mexicocity-40-1-2-3-4-5-6-7-8-9-10-11-12-13-14-15-16-17-18-19-20-21-22-23-24 3 streets_per_node_count_1 0
config.CONGESTION_TYPE, slugifiedstring, i, key, value : RECURRENT recurrent-mexicocity-40-1-2-3-4-5-6-7-8-9-10-11-12-13-14-15-16-17-18-19-20-21-22-23-24 4 streets_per_node_count_4 0
config.CONGESTION_TYPE, slugifiedstring, i, key, value : RECURRENT recurrent-mexicocity-40-1-2-3-4-5-6-7-8-9-10-11-12-13-14-15-16-17-18-19-20-21-22-23-24 5 k_avg -0.011562837613180464
config.CONGESTION_TYPE, slugifiedstring, i, key, value : RECURRENT recurrent-mexicocity-40-1-2-3-4-5-6-7-8-9-10-11-12-13-14-15-16-17-18-19-20-21-22-23-24 6 non_metered_count 0.0018579831065244493
config.CONGESTION_TYPE, slugifiedstring, i, key, value : RECURRENT recurrent-mexicocity-40-1-2-3-4-5-6-7-8-9-10-11-12-13-14-15-16-17-18-19-20-21-22-23-24 7 streets_per_node_count_6 0.0022750615553835834
config.CONGESTION_TYPE, slugifiedstring, i, key, value : RECURRENT recurrent-mexicocity-40-1-2-3-4-5-6-7-8-9-10-11-12-13-14-15-16-17-18-19-20-21-22-23-24 8 streets_per_node_count_3 0.003556156082031262
config.CONGESTION_TYPE, slugifiedstring, i, key, value : RECURRENT recurrent-mexicocity-40-1-2-3-4-5-6-7-8-9-10-11-12-13-14-15-16-17-18-19-20-21-22-23-24 9 n -0.0025056363582707836
config.CONGESTION_TYPE, slugifiedstring, i, key, value : RECURRENT recurrent-mexicocity-40-1-2-3-4-5-6-7-8-9-10-11-12-13-14-15-16-17-18-19-20-21-22-23-24 10 metered_count 0.024738994240773943
config.CONGESTION_TYPE, slugifiedstring, i, key, value : RECURRENT recurrent-mexicocity-40-1-2-3-4-5-6-7-8-9-10-11-12-13-14-15-16-17-18-19-20-21-22-23-24 11 global_betweenness -0.002224716329465233
config.CONGESTION_TYPE, slugifiedstring, i, key, value : RECURRENT recurrent-mexicocity-40-1-2-3-4-5-6-7-8-9-10-11-12-13-14-15-16-17-18-19-20-21-22-23-24 12 circuity_avg -0.00014945331052055677
config.CONGESTION_TYPE, slugifiedstring, i, key, value : RECURRENT recurrent-mexicocity-40-1-2-3-4-5-6-7-8-9-10-11-12-13-14-15-16-17-18-19-20-21-22-23-24 13 mean_lanes -0.0013616092453261452
config.CONGESTION_TYPE, slugifiedstring, i, key, value : RECURRENT recurrent-mexicocity-40-1-2-3-4-5-6-7-8-9-10-11-12-13-14-15-16-17-18-19-20-21-22-23-24 14 m -0.0023199814299529205
config.CONGESTION_TYPE, slugifiedstring, i, key, value : RECURRENT recurrent-mexicocity-40-1-2-3-4-5-6-7-8-9-10-11-12-13-14-15-16-17-18-19-20-21-22-23-24 15 streets_per_node_count_5 0.022906464224250068
config.CONGESTION_TYPE, slugifiedstring, i, key, value : RECURRENT recurrent-mexicocity-40-1-2-3-4-5-6-7-8-9-10-11-12-13-14-15-16-17-18-19-20-21-22-23-24 16 streets_per_node_avg 0.002123741352926178
config.CONGESTION_TYPE, slugifiedstring, i, key, value : RECURRENT recurrent-mexicocity-60-1-2-3-4-5-6-7-8-9-10-11-12-13-14-15-16-17-18-19-20-21-22-23-24 0 streets_per_node_count_2 0.007352716001750701
config.CONGESTION_TYPE, slugifiedstring, i, key, value : RECURRENT recurrent-mexicocity-60-1-2-3-4-5-6-7-8-9-10-11-12-13-14-15-16-17-18-19-20-21-22-23-24 1 total_crossings 0.0024165562032607414
config.CONGESTION_TYPE, slugifiedstring, i, key, value : RECURRENT recurrent-mexicocity-60-1-2-3-4-5-6-7-8-9-10-11-12-13-14-15-16-17-18-19-20-21-22-23-24 2 betweenness -0.003589316546452963
config.CONGESTION_TYPE, slugifiedstring, i, key, value : RECURRENT recurrent-mexicocity-60-1-2-3-4-5-6-7-8-9-10-11-12-13-14-15-16-17-18-19-20-21-22-23-24 3 streets_per_node_count_1 0
config.CONGESTION_TYPE, slugifiedstring, i, key, value : RECURRENT recurrent-mexicocity-60-1-2-3-4-5-6-7-8-9-10-11-12-13-14-15-16-17-18-19-20-21-22-23-24 4 streets_per_node_count_4 0
config.CONGESTION_TYPE, slugifiedstring, i, key, value : RECURRENT recurrent-mexicocity-60-1-2-3-4-5-6-7-8-9-10-11-12-13-14-15-16-17-18-19-20-21-22-23-24 5 k_avg 0.00261651072555029
config.CONGESTION_TYPE, slugifiedstring, i, key, value : RECURRENT recurrent-mexicocity-60-1-2-3-4-5-6-7-8-9-10-11-12-13-14-15-16-17-18-19-20-21-22-23-24 6 non_metered_count 0.0009213006845974562
config.CONGESTION_TYPE, slugifiedstring, i, key, value : RECURRENT recurrent-mexicocity-60-1-2-3-4-5-6-7-8-9-10-11-12-13-14-15-16-17-18-19-20-21-22-23-24 7 streets_per_node_count_6 0.0017615785667776428
config.CONGESTION_TYPE, slugifiedstring, i, key, value : RECURRENT recurrent-mexicocity-60-1-2-3-4-5-6-7-8-9-10-11-12-13-14-15-16-17-18-19-20-21-22-23-24 8 streets_per_node_count_3 0.0016117119575055126
config.CONGESTION_TYPE, slugifiedstring, i, key, value : RECURRENT recurrent-mexicocity-60-1-2-3-4-5-6-7-8-9-10-11-12-13-14-15-16-17-18-19-20-21-22-23-24 9 n 0.013578235856345855
config.CONGESTION_TYPE, slugifiedstring, i, key, value : RECURRENT recurrent-mexicocity-60-1-2-3-4-5-6-7-8-9-10-11-12-13-14-15-16-17-18-19-20-21-22-23-24 10 metered_count 0.07215961054019701
config.CONGESTION_TYPE, slugifiedstring, i, key, value : RECURRENT recurrent-mexicocity-60-1-2-3-4-5-6-7-8-9-10-11-12-13-14-15-16-17-18-19-20-21-22-23-24 11 global_betweenness -0.0007931961760703199
config.CONGESTION_TYPE, slugifiedstring, i, key, value : RECURRENT recurrent-mexicocity-60-1-2-3-4-5-6-7-8-9-10-11-12-13-14-15-16-17-18-19-20-21-22-23-24 12 circuity_avg -7.462343660827707e-05
config.CONGESTION_TYPE, slugifiedstring, i, key, value : RECURRENT recurrent-mexicocity-60-1-2-3-4-5-6-7-8-9-10-11-12-13-14-15-16-17-18-19-20-21-22-23-24 13 mean_lanes 0.003244495558357878
config.CONGESTION_TYPE, slugifiedstring, i, key, value : RECURRENT recurrent-mexicocity-60-1-2-3-4-5-6-7-8-9-10-11-12-13-14-15-16-17-18-19-20-21-22-23-24 14 m 0.004731412475571444
config.CONGESTION_TYPE, slugifiedstring, i, key, value : RECURRENT recurrent-mexicocity-60-1-2-3-4-5-6-7-8-9-10-11-12-13-14-15-16-17-18-19-20-21-22-23-24 15 streets_per_node_count_5 0.0045655814153071905
config.CONGESTION_TYPE, slugifiedstring, i, key, value : RECURRENT recurrent-mexicocity-60-1-2-3-4-5-6-7-8-9-10-11-12-13-14-15-16-17-18-19-20-21-22-23-24 16 streets_per_node_avg 0.0013704930063181853
config.CONGESTION_TYPE, slugifiedstring, i, key, value : RECURRENT recurrent-mexicocity-70-1-2-3-4-5-6-7-8-9-10-11-12-13-14-15-16-17-18-19-20-21-22-23-24 0 streets_per_node_count_2 -0.002710403397873139
config.CONGESTION_TYPE, slugifiedstring, i, key, value : RECURRENT recurrent-mexicocity-70-1-2-3-4-5-6-7-8-9-10-11-12-13-14-15-16-17-18-19-20-21-22-23-24 1 total_crossings 0.0023526760956995327
config.CONGESTION_TYPE, slugifiedstring, i, key, value : RECURRENT recurrent-mexicocity-70-1-2-3-4-5-6-7-8-9-10-11-12-13-14-15-16-17-18-19-20-21-22-23-24 2 betweenness -0.0007255504865105567
config.CONGESTION_TYPE, slugifiedstring, i, key, value : RECURRENT recurrent-mexicocity-70-1-2-3-4-5-6-7-8-9-10-11-12-13-14-15-16-17-18-19-20-21-22-23-24 3 streets_per_node_count_1 0
config.CONGESTION_TYPE, slugifiedstring, i, key, value : RECURRENT recurrent-mexicocity-70-1-2-3-4-5-6-7-8-9-10-11-12-13-14-15-16-17-18-19-20-21-22-23-24 4 streets_per_node_count_4 0
config.CONGESTION_TYPE, slugifiedstring, i, key, value : RECURRENT recurrent-mexicocity-70-1-2-3-4-5-6-7-8-9-10-11-12-13-14-15-16-17-18-19-20-21-22-23-24 5 k_avg 0.001686153578329873
config.CONGESTION_TYPE, slugifiedstring, i, key, value : RECURRENT recurrent-mexicocity-70-1-2-3-4-5-6-7-8-9-10-11-12-13-14-15-16-17-18-19-20-21-22-23-24 6 non_metered_count 0.0006234385492010216
config.CONGESTION_TYPE, slugifiedstring, i, key, value : RECURRENT recurrent-mexicocity-70-1-2-3-4-5-6-7-8-9-10-11-12-13-14-15-16-17-18-19-20-21-22-23-24 7 streets_per_node_count_6 0.0013672418454825602
config.CONGESTION_TYPE, slugifiedstring, i, key, value : RECURRENT recurrent-mexicocity-70-1-2-3-4-5-6-7-8-9-10-11-12-13-14-15-16-17-18-19-20-21-22-23-24 8 streets_per_node_count_3 0.0017926955588434725
config.CONGESTION_TYPE, slugifiedstring, i, key, value : RECURRENT recurrent-mexicocity-70-1-2-3-4-5-6-7-8-9-10-11-12-13-14-15-16-17-18-19-20-21-22-23-24 9 n -0.0012703685878480504
config.CONGESTION_TYPE, slugifiedstring, i, key, value : RECURRENT recurrent-mexicocity-70-1-2-3-4-5-6-7-8-9-10-11-12-13-14-15-16-17-18-19-20-21-22-23-24 10 metered_count 0.0850200923123159
config.CONGESTION_TYPE, slugifiedstring, i, key, value : RECURRENT recurrent-mexicocity-70-1-2-3-4-5-6-7-8-9-10-11-12-13-14-15-16-17-18-19-20-21-22-23-24 11 global_betweenness -0.0009153782777165281
config.CONGESTION_TYPE, slugifiedstring, i, key, value : RECURRENT recurrent-mexicocity-70-1-2-3-4-5-6-7-8-9-10-11-12-13-14-15-16-17-18-19-20-21-22-23-24 12 circuity_avg -0.00012158285548591692
config.CONGESTION_TYPE, slugifiedstring, i, key, value : RECURRENT recurrent-mexicocity-70-1-2-3-4-5-6-7-8-9-10-11-12-13-14-15-16-17-18-19-20-21-22-23-24 13 mean_lanes -0.0009484761340103632
config.CONGESTION_TYPE, slugifiedstring, i, key, value : RECURRENT recurrent-mexicocity-70-1-2-3-4-5-6-7-8-9-10-11-12-13-14-15-16-17-18-19-20-21-22-23-24 14 m 0.01921392612831073
config.CONGESTION_TYPE, slugifiedstring, i, key, value : RECURRENT recurrent-mexicocity-70-1-2-3-4-5-6-7-8-9-10-11-12-13-14-15-16-17-18-19-20-21-22-23-24 15 streets_per_node_count_5 0.0021965593321432685
config.CONGESTION_TYPE, slugifiedstring, i, key, value : RECURRENT recurrent-mexicocity-70-1-2-3-4-5-6-7-8-9-10-11-12-13-14-15-16-17-18-19-20-21-22-23-24 16 streets_per_node_avg 0.0012457011458855308
config.CONGESTION_TYPE, slugifiedstring, i, key, value : RECURRENT recurrent-mexicocity-80-1-2-3-4-5-6-7-8-9-10-11-12-13-14-15-16-17-18-19-20-21-22-23-24 0 streets_per_node_count_2 -0.01190724811826945
config.CONGESTION_TYPE, slugifiedstring, i, key, value : RECURRENT recurrent-mexicocity-80-1-2-3-4-5-6-7-8-9-10-11-12-13-14-15-16-17-18-19-20-21-22-23-24 1 total_crossings 0.0018173108129853294
config.CONGESTION_TYPE, slugifiedstring, i, key, value : RECURRENT recurrent-mexicocity-80-1-2-3-4-5-6-7-8-9-10-11-12-13-14-15-16-17-18-19-20-21-22-23-24 2 betweenness -0.001895537756197461
config.CONGESTION_TYPE, slugifiedstring, i, key, value : RECURRENT recurrent-mexicocity-80-1-2-3-4-5-6-7-8-9-10-11-12-13-14-15-16-17-18-19-20-21-22-23-24 3 streets_per_node_count_1 0
config.CONGESTION_TYPE, slugifiedstring, i, key, value : RECURRENT recurrent-mexicocity-80-1-2-3-4-5-6-7-8-9-10-11-12-13-14-15-16-17-18-19-20-21-22-23-24 4 streets_per_node_count_4 0
config.CONGESTION_TYPE, slugifiedstring, i, key, value : RECURRENT recurrent-mexicocity-80-1-2-3-4-5-6-7-8-9-10-11-12-13-14-15-16-17-18-19-20-21-22-23-24 5 k_avg 0.0015394065545981446
config.CONGESTION_TYPE, slugifiedstring, i, key, value : RECURRENT recurrent-mexicocity-80-1-2-3-4-5-6-7-8-9-10-11-12-13-14-15-16-17-18-19-20-21-22-23-24 6 non_metered_count 0.0010210564553410533
config.CONGESTION_TYPE, slugifiedstring, i, key, value : RECURRENT recurrent-mexicocity-80-1-2-3-4-5-6-7-8-9-10-11-12-13-14-15-16-17-18-19-20-21-22-23-24 7 streets_per_node_count_6 0.0010826736847697617
config.CONGESTION_TYPE, slugifiedstring, i, key, value : RECURRENT recurrent-mexicocity-80-1-2-3-4-5-6-7-8-9-10-11-12-13-14-15-16-17-18-19-20-21-22-23-24 8 streets_per_node_count_3 0.0009014636665232893
config.CONGESTION_TYPE, slugifiedstring, i, key, value : RECURRENT recurrent-mexicocity-80-1-2-3-4-5-6-7-8-9-10-11-12-13-14-15-16-17-18-19-20-21-22-23-24 9 n -0.0010161087572168707
config.CONGESTION_TYPE, slugifiedstring, i, key, value : RECURRENT recurrent-mexicocity-80-1-2-3-4-5-6-7-8-9-10-11-12-13-14-15-16-17-18-19-20-21-22-23-24 10 metered_count -0.013482318015714912
config.CONGESTION_TYPE, slugifiedstring, i, key, value : RECURRENT recurrent-mexicocity-80-1-2-3-4-5-6-7-8-9-10-11-12-13-14-15-16-17-18-19-20-21-22-23-24 11 global_betweenness -0.0015764111277392272
config.CONGESTION_TYPE, slugifiedstring, i, key, value : RECURRENT recurrent-mexicocity-80-1-2-3-4-5-6-7-8-9-10-11-12-13-14-15-16-17-18-19-20-21-22-23-24 12 circuity_avg -0.00011046946871696298
config.CONGESTION_TYPE, slugifiedstring, i, key, value : RECURRENT recurrent-mexicocity-80-1-2-3-4-5-6-7-8-9-10-11-12-13-14-15-16-17-18-19-20-21-22-23-24 13 mean_lanes 0.0017248994636191685
config.CONGESTION_TYPE, slugifiedstring, i, key, value : RECURRENT recurrent-mexicocity-80-1-2-3-4-5-6-7-8-9-10-11-12-13-14-15-16-17-18-19-20-21-22-23-24 14 m 0.0017204482491283803
config.CONGESTION_TYPE, slugifiedstring, i, key, value : RECURRENT recurrent-mexicocity-80-1-2-3-4-5-6-7-8-9-10-11-12-13-14-15-16-17-18-19-20-21-22-23-24 15 streets_per_node_count_5 0.0030366231256641874
config.CONGESTION_TYPE, slugifiedstring, i, key, value : RECURRENT recurrent-mexicocity-80-1-2-3-4-5-6-7-8-9-10-11-12-13-14-15-16-17-18-19-20-21-22-23-24 16 streets_per_node_avg 0.0012348790419346627
config.CONGESTION_TYPE, slugifiedstring, i, key, value : RECURRENT recurrent-mexicocity-90-1-2-3-4-5-6-7-8-9-10-11-12-13-14-15-16-17-18-19-20-21-22-23-24 0 streets_per_node_count_2 -0.004575025297586081
config.CONGESTION_TYPE, slugifiedstring, i, key, value : RECURRENT recurrent-mexicocity-90-1-2-3-4-5-6-7-8-9-10-11-12-13-14-15-16-17-18-19-20-21-22-23-24 1 total_crossings 0.0021543825557353764
config.CONGESTION_TYPE, slugifiedstring, i, key, value : RECURRENT recurrent-mexicocity-90-1-2-3-4-5-6-7-8-9-10-11-12-13-14-15-16-17-18-19-20-21-22-23-24 2 betweenness -0.0003387173616421774
config.CONGESTION_TYPE, slugifiedstring, i, key, value : RECURRENT recurrent-mexicocity-90-1-2-3-4-5-6-7-8-9-10-11-12-13-14-15-16-17-18-19-20-21-22-23-24 3 streets_per_node_count_1 0
config.CONGESTION_TYPE, slugifiedstring, i, key, value : RECURRENT recurrent-mexicocity-90-1-2-3-4-5-6-7-8-9-10-11-12-13-14-15-16-17-18-19-20-21-22-23-24 4 streets_per_node_count_4 0
config.CONGESTION_TYPE, slugifiedstring, i, key, value : RECURRENT recurrent-mexicocity-90-1-2-3-4-5-6-7-8-9-10-11-12-13-14-15-16-17-18-19-20-21-22-23-24 5 k_avg 0.0010759129249566005
config.CONGESTION_TYPE, slugifiedstring, i, key, value : RECURRENT recurrent-mexicocity-90-1-2-3-4-5-6-7-8-9-10-11-12-13-14-15-16-17-18-19-20-21-22-23-24 6 non_metered_count 0.0010026354420767682
config.CONGESTION_TYPE, slugifiedstring, i, key, value : RECURRENT recurrent-mexicocity-90-1-2-3-4-5-6-7-8-9-10-11-12-13-14-15-16-17-18-19-20-21-22-23-24 7 streets_per_node_count_6 0.0013729503850973168
config.CONGESTION_TYPE, slugifiedstring, i, key, value : RECURRENT recurrent-mexicocity-90-1-2-3-4-5-6-7-8-9-10-11-12-13-14-15-16-17-18-19-20-21-22-23-24 8 streets_per_node_count_3 0.0008037995393495065
config.CONGESTION_TYPE, slugifiedstring, i, key, value : RECURRENT recurrent-mexicocity-90-1-2-3-4-5-6-7-8-9-10-11-12-13-14-15-16-17-18-19-20-21-22-23-24 9 n 0.0024651571579156492
config.CONGESTION_TYPE, slugifiedstring, i, key, value : RECURRENT recurrent-mexicocity-90-1-2-3-4-5-6-7-8-9-10-11-12-13-14-15-16-17-18-19-20-21-22-23-24 10 metered_count 0.038359712817209846
config.CONGESTION_TYPE, slugifiedstring, i, key, value : RECURRENT recurrent-mexicocity-90-1-2-3-4-5-6-7-8-9-10-11-12-13-14-15-16-17-18-19-20-21-22-23-24 11 global_betweenness -0.0007453139550943181
config.CONGESTION_TYPE, slugifiedstring, i, key, value : RECURRENT recurrent-mexicocity-90-1-2-3-4-5-6-7-8-9-10-11-12-13-14-15-16-17-18-19-20-21-22-23-24 12 circuity_avg -8.236097177643786e-05
config.CONGESTION_TYPE, slugifiedstring, i, key, value : RECURRENT recurrent-mexicocity-90-1-2-3-4-5-6-7-8-9-10-11-12-13-14-15-16-17-18-19-20-21-22-23-24 13 mean_lanes 0.00515363841632129
config.CONGESTION_TYPE, slugifiedstring, i, key, value : RECURRENT recurrent-mexicocity-90-1-2-3-4-5-6-7-8-9-10-11-12-13-14-15-16-17-18-19-20-21-22-23-24 14 m 0.003896096741073464
config.CONGESTION_TYPE, slugifiedstring, i, key, value : RECURRENT recurrent-mexicocity-90-1-2-3-4-5-6-7-8-9-10-11-12-13-14-15-16-17-18-19-20-21-22-23-24 15 streets_per_node_count_5 0.0018739326455695534
config.CONGESTION_TYPE, slugifiedstring, i, key, value : RECURRENT recurrent-mexicocity-90-1-2-3-4-5-6-7-8-9-10-11-12-13-14-15-16-17-18-19-20-21-22-23-24 16 streets_per_node_avg 0.0011663391822465472
config.CONGESTION_TYPE, slugifiedstring, i, key, value : RECURRENT recurrent-mexicocity-25-1-2-3-4-5-6-7-8-9-10-11-12-13-14-15-16-17-18-19-20-21-22-23-24 0 streets_per_node_count_2 -0.004708984589280039
config.CONGESTION_TYPE, slugifiedstring, i, key, value : RECURRENT recurrent-mexicocity-25-1-2-3-4-5-6-7-8-9-10-11-12-13-14-15-16-17-18-19-20-21-22-23-24 1 total_crossings 0.0037239260699759103
config.CONGESTION_TYPE, slugifiedstring, i, key, value : RECURRENT recurrent-mexicocity-25-1-2-3-4-5-6-7-8-9-10-11-12-13-14-15-16-17-18-19-20-21-22-23-24 2 betweenness 0.02669038066450715
config.CONGESTION_TYPE, slugifiedstring, i, key, value : RECURRENT recurrent-mexicocity-25-1-2-3-4-5-6-7-8-9-10-11-12-13-14-15-16-17-18-19-20-21-22-23-24 3 streets_per_node_count_1 0
config.CONGESTION_TYPE, slugifiedstring, i, key, value : RECURRENT recurrent-mexicocity-25-1-2-3-4-5-6-7-8-9-10-11-12-13-14-15-16-17-18-19-20-21-22-23-24 4 streets_per_node_count_4 0
config.CONGESTION_TYPE, slugifiedstring, i, key, value : RECURRENT recurrent-mexicocity-25-1-2-3-4-5-6-7-8-9-10-11-12-13-14-15-16-17-18-19-20-21-22-23-24 5 k_avg -0.0013223594995649915
config.CONGESTION_TYPE, slugifiedstring, i, key, value : RECURRENT recurrent-mexicocity-25-1-2-3-4-5-6-7-8-9-10-11-12-13-14-15-16-17-18-19-20-21-22-23-24 6 non_metered_count 0.0019331680809653044
config.CONGESTION_TYPE, slugifiedstring, i, key, value : RECURRENT recurrent-mexicocity-25-1-2-3-4-5-6-7-8-9-10-11-12-13-14-15-16-17-18-19-20-21-22-23-24 7 streets_per_node_count_6 0.0049035498383067
config.CONGESTION_TYPE, slugifiedstring, i, key, value : RECURRENT recurrent-mexicocity-25-1-2-3-4-5-6-7-8-9-10-11-12-13-14-15-16-17-18-19-20-21-22-23-24 8 streets_per_node_count_3 0.004961523006467126
config.CONGESTION_TYPE, slugifiedstring, i, key, value : RECURRENT recurrent-mexicocity-25-1-2-3-4-5-6-7-8-9-10-11-12-13-14-15-16-17-18-19-20-21-22-23-24 9 n -0.004636290396562864
config.CONGESTION_TYPE, slugifiedstring, i, key, value : RECURRENT recurrent-mexicocity-25-1-2-3-4-5-6-7-8-9-10-11-12-13-14-15-16-17-18-19-20-21-22-23-24 10 metered_count 0.029948374057020038
config.CONGESTION_TYPE, slugifiedstring, i, key, value : RECURRENT recurrent-mexicocity-25-1-2-3-4-5-6-7-8-9-10-11-12-13-14-15-16-17-18-19-20-21-22-23-24 11 global_betweenness -0.003691982082544745
config.CONGESTION_TYPE, slugifiedstring, i, key, value : RECURRENT recurrent-mexicocity-25-1-2-3-4-5-6-7-8-9-10-11-12-13-14-15-16-17-18-19-20-21-22-23-24 12 circuity_avg -0.00014680030203138446
config.CONGESTION_TYPE, slugifiedstring, i, key, value : RECURRENT recurrent-mexicocity-25-1-2-3-4-5-6-7-8-9-10-11-12-13-14-15-16-17-18-19-20-21-22-23-24 13 mean_lanes -0.0012310275401484368
config.CONGESTION_TYPE, slugifiedstring, i, key, value : RECURRENT recurrent-mexicocity-25-1-2-3-4-5-6-7-8-9-10-11-12-13-14-15-16-17-18-19-20-21-22-23-24 14 m -0.032193075915194075
config.CONGESTION_TYPE, slugifiedstring, i, key, value : RECURRENT recurrent-mexicocity-25-1-2-3-4-5-6-7-8-9-10-11-12-13-14-15-16-17-18-19-20-21-22-23-24 15 streets_per_node_count_5 0.00990104697947732
config.CONGESTION_TYPE, slugifiedstring, i, key, value : RECURRENT recurrent-mexicocity-25-1-2-3-4-5-6-7-8-9-10-11-12-13-14-15-16-17-18-19-20-21-22-23-24 16 streets_per_node_avg 0.005550081803893658
config.CONGESTION_TYPE, slugifiedstring, i, key, value : RECURRENT recurrent-mexicocity-50-1-2-3-4-5-6-7-8-9-10-11-12-13-14-15-16-17-18-19-20-21-22-23-24 0 streets_per_node_count_2 -0.007469567416211314
config.CONGESTION_TYPE, slugifiedstring, i, key, value : RECURRENT recurrent-mexicocity-50-1-2-3-4-5-6-7-8-9-10-11-12-13-14-15-16-17-18-19-20-21-22-23-24 1 total_crossings 0.0028831523398115248
config.CONGESTION_TYPE, slugifiedstring, i, key, value : RECURRENT recurrent-mexicocity-50-1-2-3-4-5-6-7-8-9-10-11-12-13-14-15-16-17-18-19-20-21-22-23-24 2 betweenness -0.0007450488425947781
config.CONGESTION_TYPE, slugifiedstring, i, key, value : RECURRENT recurrent-mexicocity-50-1-2-3-4-5-6-7-8-9-10-11-12-13-14-15-16-17-18-19-20-21-22-23-24 3 streets_per_node_count_1 0
config.CONGESTION_TYPE, slugifiedstring, i, key, value : RECURRENT recurrent-mexicocity-50-1-2-3-4-5-6-7-8-9-10-11-12-13-14-15-16-17-18-19-20-21-22-23-24 4 streets_per_node_count_4 0
config.CONGESTION_TYPE, slugifiedstring, i, key, value : RECURRENT recurrent-mexicocity-50-1-2-3-4-5-6-7-8-9-10-11-12-13-14-15-16-17-18-19-20-21-22-23-24 5 k_avg 0.014155275991461897
config.CONGESTION_TYPE, slugifiedstring, i, key, value : RECURRENT recurrent-mexicocity-50-1-2-3-4-5-6-7-8-9-10-11-12-13-14-15-16-17-18-19-20-21-22-23-24 6 non_metered_count 0.0029948076807933374
config.CONGESTION_TYPE, slugifiedstring, i, key, value : RECURRENT recurrent-mexicocity-50-1-2-3-4-5-6-7-8-9-10-11-12-13-14-15-16-17-18-19-20-21-22-23-24 7 streets_per_node_count_6 0.0026441136318828937
config.CONGESTION_TYPE, slugifiedstring, i, key, value : RECURRENT recurrent-mexicocity-50-1-2-3-4-5-6-7-8-9-10-11-12-13-14-15-16-17-18-19-20-21-22-23-24 8 streets_per_node_count_3 0.0031430286394821187
config.CONGESTION_TYPE, slugifiedstring, i, key, value : RECURRENT recurrent-mexicocity-50-1-2-3-4-5-6-7-8-9-10-11-12-13-14-15-16-17-18-19-20-21-22-23-24 9 n 0.013625855238901315
config.CONGESTION_TYPE, slugifiedstring, i, key, value : RECURRENT recurrent-mexicocity-50-1-2-3-4-5-6-7-8-9-10-11-12-13-14-15-16-17-18-19-20-21-22-23-24 10 metered_count -0.0809848341247314
config.CONGESTION_TYPE, slugifiedstring, i, key, value : RECURRENT recurrent-mexicocity-50-1-2-3-4-5-6-7-8-9-10-11-12-13-14-15-16-17-18-19-20-21-22-23-24 11 global_betweenness -0.0010290973207350632
config.CONGESTION_TYPE, slugifiedstring, i, key, value : RECURRENT recurrent-mexicocity-50-1-2-3-4-5-6-7-8-9-10-11-12-13-14-15-16-17-18-19-20-21-22-23-24 12 circuity_avg -0.0002343836237397402
config.CONGESTION_TYPE, slugifiedstring, i, key, value : RECURRENT recurrent-mexicocity-50-1-2-3-4-5-6-7-8-9-10-11-12-13-14-15-16-17-18-19-20-21-22-23-24 13 mean_lanes -0.0006380876117565907
config.CONGESTION_TYPE, slugifiedstring, i, key, value : RECURRENT recurrent-mexicocity-50-1-2-3-4-5-6-7-8-9-10-11-12-13-14-15-16-17-18-19-20-21-22-23-24 14 m -0.008586305113312882
config.CONGESTION_TYPE, slugifiedstring, i, key, value : RECURRENT recurrent-mexicocity-50-1-2-3-4-5-6-7-8-9-10-11-12-13-14-15-16-17-18-19-20-21-22-23-24 15 streets_per_node_count_5 0.007910652665587685
config.CONGESTION_TYPE, slugifiedstring, i, key, value : RECURRENT recurrent-mexicocity-50-1-2-3-4-5-6-7-8-9-10-11-12-13-14-15-16-17-18-19-20-21-22-23-24 16 streets_per_node_avg 0.0022890401489651887
config.CONGESTION_TYPE, slugifiedstring, i, key, value : RECURRENT recurrent-mexicocity-100-1-2-3-4-5-6-7-8-9-10-11-12-13-14-15-16-17-18-19-20-21-22-23-24 0 streets_per_node_count_2 -0.002910622718937777
config.CONGESTION_TYPE, slugifiedstring, i, key, value : RECURRENT recurrent-mexicocity-100-1-2-3-4-5-6-7-8-9-10-11-12-13-14-15-16-17-18-19-20-21-22-23-24 1 total_crossings 0.0026628557814500804
config.CONGESTION_TYPE, slugifiedstring, i, key, value : RECURRENT recurrent-mexicocity-100-1-2-3-4-5-6-7-8-9-10-11-12-13-14-15-16-17-18-19-20-21-22-23-24 2 betweenness -0.0006004762987889958
config.CONGESTION_TYPE, slugifiedstring, i, key, value : RECURRENT recurrent-mexicocity-100-1-2-3-4-5-6-7-8-9-10-11-12-13-14-15-16-17-18-19-20-21-22-23-24 3 streets_per_node_count_1 0
config.CONGESTION_TYPE, slugifiedstring, i, key, value : RECURRENT recurrent-mexicocity-100-1-2-3-4-5-6-7-8-9-10-11-12-13-14-15-16-17-18-19-20-21-22-23-24 4 streets_per_node_count_4 0
config.CONGESTION_TYPE, slugifiedstring, i, key, value : RECURRENT recurrent-mexicocity-100-1-2-3-4-5-6-7-8-9-10-11-12-13-14-15-16-17-18-19-20-21-22-23-24 5 k_avg 0.001331051017933603
config.CONGESTION_TYPE, slugifiedstring, i, key, value : RECURRENT recurrent-mexicocity-100-1-2-3-4-5-6-7-8-9-10-11-12-13-14-15-16-17-18-19-20-21-22-23-24 6 non_metered_count 0.0006568208953857208
config.CONGESTION_TYPE, slugifiedstring, i, key, value : RECURRENT recurrent-mexicocity-100-1-2-3-4-5-6-7-8-9-10-11-12-13-14-15-16-17-18-19-20-21-22-23-24 7 streets_per_node_count_6 0.0009726422644784643
config.CONGESTION_TYPE, slugifiedstring, i, key, value : RECURRENT recurrent-mexicocity-100-1-2-3-4-5-6-7-8-9-10-11-12-13-14-15-16-17-18-19-20-21-22-23-24 8 streets_per_node_count_3 0.0008268831863785384
config.CONGESTION_TYPE, slugifiedstring, i, key, value : RECURRENT recurrent-mexicocity-100-1-2-3-4-5-6-7-8-9-10-11-12-13-14-15-16-17-18-19-20-21-22-23-24 9 n -0.018136424718856865
config.CONGESTION_TYPE, slugifiedstring, i, key, value : RECURRENT recurrent-mexicocity-100-1-2-3-4-5-6-7-8-9-10-11-12-13-14-15-16-17-18-19-20-21-22-23-24 10 metered_count -0.010038304286822737
config.CONGESTION_TYPE, slugifiedstring, i, key, value : RECURRENT recurrent-mexicocity-100-1-2-3-4-5-6-7-8-9-10-11-12-13-14-15-16-17-18-19-20-21-22-23-24 11 global_betweenness -0.0006401481908600691
config.CONGESTION_TYPE, slugifiedstring, i, key, value : RECURRENT recurrent-mexicocity-100-1-2-3-4-5-6-7-8-9-10-11-12-13-14-15-16-17-18-19-20-21-22-23-24 12 circuity_avg -7.18754179925715e-05
config.CONGESTION_TYPE, slugifiedstring, i, key, value : RECURRENT recurrent-mexicocity-100-1-2-3-4-5-6-7-8-9-10-11-12-13-14-15-16-17-18-19-20-21-22-23-24 13 mean_lanes 0.0031763726342411277
config.CONGESTION_TYPE, slugifiedstring, i, key, value : RECURRENT recurrent-mexicocity-100-1-2-3-4-5-6-7-8-9-10-11-12-13-14-15-16-17-18-19-20-21-22-23-24 14 m -0.0021970059933845215
config.CONGESTION_TYPE, slugifiedstring, i, key, value : RECURRENT recurrent-mexicocity-100-1-2-3-4-5-6-7-8-9-10-11-12-13-14-15-16-17-18-19-20-21-22-23-24 15 streets_per_node_count_5 0.0016983030306634219
config.CONGESTION_TYPE, slugifiedstring, i, key, value : RECURRENT recurrent-mexicocity-100-1-2-3-4-5-6-7-8-9-10-11-12-13-14-15-16-17-18-19-20-21-22-23-24 16 streets_per_node_avg 0.001084197907587839
