config.CONGESTION_TYPE, slugifiedstring, i, key, value : RECURRENT recurrent-auckland-20-1-2-3-4-5-6-7-8-9-10-11-12-13-14-15-16-17-18-19-20-21-22-23-24 0 k_avg -0.011230308995544036
config.CONGESTION_TYPE, slugifiedstring, i, key, value : RECURRENT recurrent-auckland-20-1-2-3-4-5-6-7-8-9-10-11-12-13-14-15-16-17-18-19-20-21-22-23-24 1 streets_per_node_count_5 -0.0018646028422769
config.CONGESTION_TYPE, slugifiedstring, i, key, value : RECURRENT recurrent-auckland-20-1-2-3-4-5-6-7-8-9-10-11-12-13-14-15-16-17-18-19-20-21-22-23-24 2 global_betweenness -0.01151131825550889
config.CONGESTION_TYPE, slugifiedstring, i, key, value : RECURRENT recurrent-auckland-20-1-2-3-4-5-6-7-8-9-10-11-12-13-14-15-16-17-18-19-20-21-22-23-24 3 streets_per_node_avg -0.004284424249283772
config.CONGESTION_TYPE, slugifiedstring, i, key, value : RECURRENT recurrent-auckland-20-1-2-3-4-5-6-7-8-9-10-11-12-13-14-15-16-17-18-19-20-21-22-23-24 4 circuity_avg -0.0012429105838873663
config.CONGESTION_TYPE, slugifiedstring, i, key, value : RECURRENT recurrent-auckland-20-1-2-3-4-5-6-7-8-9-10-11-12-13-14-15-16-17-18-19-20-21-22-23-24 5 metered_count -0.022245307790615062
config.CONGESTION_TYPE, slugifiedstring, i, key, value : RECURRENT recurrent-auckland-20-1-2-3-4-5-6-7-8-9-10-11-12-13-14-15-16-17-18-19-20-21-22-23-24 6 non_metered_count -0.012058005730580246
config.CONGESTION_TYPE, slugifiedstring, i, key, value : RECURRENT recurrent-auckland-20-1-2-3-4-5-6-7-8-9-10-11-12-13-14-15-16-17-18-19-20-21-22-23-24 7 total_crossings inf
config.CONGESTION_TYPE, slugifiedstring, i, key, value : RECURRENT recurrent-auckland-20-1-2-3-4-5-6-7-8-9-10-11-12-13-14-15-16-17-18-19-20-21-22-23-24 8 betweenness -0.0020190157500679148
config.CONGESTION_TYPE, slugifiedstring, i, key, value : RECURRENT recurrent-auckland-20-1-2-3-4-5-6-7-8-9-10-11-12-13-14-15-16-17-18-19-20-21-22-23-24 9 streets_per_node_count_1 0
config.CONGESTION_TYPE, slugifiedstring, i, key, value : RECURRENT recurrent-auckland-20-1-2-3-4-5-6-7-8-9-10-11-12-13-14-15-16-17-18-19-20-21-22-23-24 10 streets_per_node_count_4 0
config.CONGESTION_TYPE, slugifiedstring, i, key, value : RECURRENT recurrent-auckland-20-1-2-3-4-5-6-7-8-9-10-11-12-13-14-15-16-17-18-19-20-21-22-23-24 11 m -0.000547183646134763
config.CONGESTION_TYPE, slugifiedstring, i, key, value : RECURRENT recurrent-auckland-20-1-2-3-4-5-6-7-8-9-10-11-12-13-14-15-16-17-18-19-20-21-22-23-24 12 n -0.0027571592972704256
config.CONGESTION_TYPE, slugifiedstring, i, key, value : RECURRENT recurrent-auckland-20-1-2-3-4-5-6-7-8-9-10-11-12-13-14-15-16-17-18-19-20-21-22-23-24 13 mean_lanes -0.0005993842552729134
config.CONGESTION_TYPE, slugifiedstring, i, key, value : RECURRENT recurrent-auckland-20-1-2-3-4-5-6-7-8-9-10-11-12-13-14-15-16-17-18-19-20-21-22-23-24 14 streets_per_node_count_3 -0.00673139552358877
config.CONGESTION_TYPE, slugifiedstring, i, key, value : RECURRENT recurrent-auckland-20-1-2-3-4-5-6-7-8-9-10-11-12-13-14-15-16-17-18-19-20-21-22-23-24 15 streets_per_node_count_2 -0.0013432333543622976
config.CONGESTION_TYPE, slugifiedstring, i, key, value : RECURRENT recurrent-auckland-20-1-2-3-4-5-6-7-8-9-10-11-12-13-14-15-16-17-18-19-20-21-22-23-24 16 streets_per_node_count_6 -0.004586842088221127
config.CONGESTION_TYPE, slugifiedstring, i, key, value : RECURRENT recurrent-auckland-30-1-2-3-4-5-6-7-8-9-10-11-12-13-14-15-16-17-18-19-20-21-22-23-24 0 k_avg -0.0017290504117525494
config.CONGESTION_TYPE, slugifiedstring, i, key, value : RECURRENT recurrent-auckland-30-1-2-3-4-5-6-7-8-9-10-11-12-13-14-15-16-17-18-19-20-21-22-23-24 1 streets_per_node_count_5 -0.0018744374932389155
config.CONGESTION_TYPE, slugifiedstring, i, key, value : RECURRENT recurrent-auckland-30-1-2-3-4-5-6-7-8-9-10-11-12-13-14-15-16-17-18-19-20-21-22-23-24 2 global_betweenness -0.0008629020964436872
config.CONGESTION_TYPE, slugifiedstring, i, key, value : RECURRENT recurrent-auckland-30-1-2-3-4-5-6-7-8-9-10-11-12-13-14-15-16-17-18-19-20-21-22-23-24 3 streets_per_node_avg -0.0011601048066364795
config.CONGESTION_TYPE, slugifiedstring, i, key, value : RECURRENT recurrent-auckland-30-1-2-3-4-5-6-7-8-9-10-11-12-13-14-15-16-17-18-19-20-21-22-23-24 4 circuity_avg 0.006580379699081927
config.CONGESTION_TYPE, slugifiedstring, i, key, value : RECURRENT recurrent-auckland-30-1-2-3-4-5-6-7-8-9-10-11-12-13-14-15-16-17-18-19-20-21-22-23-24 5 metered_count -0.010008111949945993
config.CONGESTION_TYPE, slugifiedstring, i, key, value : RECURRENT recurrent-auckland-30-1-2-3-4-5-6-7-8-9-10-11-12-13-14-15-16-17-18-19-20-21-22-23-24 6 non_metered_count -0.001485684891519483
config.CONGESTION_TYPE, slugifiedstring, i, key, value : RECURRENT recurrent-auckland-30-1-2-3-4-5-6-7-8-9-10-11-12-13-14-15-16-17-18-19-20-21-22-23-24 7 total_crossings 0.005993643146063263
config.CONGESTION_TYPE, slugifiedstring, i, key, value : RECURRENT recurrent-auckland-30-1-2-3-4-5-6-7-8-9-10-11-12-13-14-15-16-17-18-19-20-21-22-23-24 8 betweenness -0.0012277508085102823
config.CONGESTION_TYPE, slugifiedstring, i, key, value : RECURRENT recurrent-auckland-30-1-2-3-4-5-6-7-8-9-10-11-12-13-14-15-16-17-18-19-20-21-22-23-24 9 streets_per_node_count_1 0
config.CONGESTION_TYPE, slugifiedstring, i, key, value : RECURRENT recurrent-auckland-30-1-2-3-4-5-6-7-8-9-10-11-12-13-14-15-16-17-18-19-20-21-22-23-24 10 streets_per_node_count_4 0
config.CONGESTION_TYPE, slugifiedstring, i, key, value : RECURRENT recurrent-auckland-30-1-2-3-4-5-6-7-8-9-10-11-12-13-14-15-16-17-18-19-20-21-22-23-24 11 m -0.0032856165871519983
config.CONGESTION_TYPE, slugifiedstring, i, key, value : RECURRENT recurrent-auckland-30-1-2-3-4-5-6-7-8-9-10-11-12-13-14-15-16-17-18-19-20-21-22-23-24 12 n -0.004246840397102115
config.CONGESTION_TYPE, slugifiedstring, i, key, value : RECURRENT recurrent-auckland-30-1-2-3-4-5-6-7-8-9-10-11-12-13-14-15-16-17-18-19-20-21-22-23-24 13 mean_lanes -0.00044159902189013417
config.CONGESTION_TYPE, slugifiedstring, i, key, value : RECURRENT recurrent-auckland-30-1-2-3-4-5-6-7-8-9-10-11-12-13-14-15-16-17-18-19-20-21-22-23-24 14 streets_per_node_count_3 -0.004892324700847704
config.CONGESTION_TYPE, slugifiedstring, i, key, value : RECURRENT recurrent-auckland-30-1-2-3-4-5-6-7-8-9-10-11-12-13-14-15-16-17-18-19-20-21-22-23-24 15 streets_per_node_count_2 -0.0022052072516905276
config.CONGESTION_TYPE, slugifiedstring, i, key, value : RECURRENT recurrent-auckland-30-1-2-3-4-5-6-7-8-9-10-11-12-13-14-15-16-17-18-19-20-21-22-23-24 16 streets_per_node_count_6 -0.007360951330991288
config.CONGESTION_TYPE, slugifiedstring, i, key, value : RECURRENT recurrent-auckland-40-1-2-3-4-5-6-7-8-9-10-11-12-13-14-15-16-17-18-19-20-21-22-23-24 0 k_avg -0.001338152676056354
config.CONGESTION_TYPE, slugifiedstring, i, key, value : RECURRENT recurrent-auckland-40-1-2-3-4-5-6-7-8-9-10-11-12-13-14-15-16-17-18-19-20-21-22-23-24 1 streets_per_node_count_5 -0.001974648401736781
config.CONGESTION_TYPE, slugifiedstring, i, key, value : RECURRENT recurrent-auckland-40-1-2-3-4-5-6-7-8-9-10-11-12-13-14-15-16-17-18-19-20-21-22-23-24 2 global_betweenness -0.001497492893402373
config.CONGESTION_TYPE, slugifiedstring, i, key, value : RECURRENT recurrent-auckland-40-1-2-3-4-5-6-7-8-9-10-11-12-13-14-15-16-17-18-19-20-21-22-23-24 3 streets_per_node_avg -0.0031541961545011724
config.CONGESTION_TYPE, slugifiedstring, i, key, value : RECURRENT recurrent-auckland-40-1-2-3-4-5-6-7-8-9-10-11-12-13-14-15-16-17-18-19-20-21-22-23-24 4 circuity_avg -0.00135046498014008
config.CONGESTION_TYPE, slugifiedstring, i, key, value : RECURRENT recurrent-auckland-40-1-2-3-4-5-6-7-8-9-10-11-12-13-14-15-16-17-18-19-20-21-22-23-24 5 metered_count -0.009206001961715326
config.CONGESTION_TYPE, slugifiedstring, i, key, value : RECURRENT recurrent-auckland-40-1-2-3-4-5-6-7-8-9-10-11-12-13-14-15-16-17-18-19-20-21-22-23-24 6 non_metered_count -0.000891116978512685
config.CONGESTION_TYPE, slugifiedstring, i, key, value : RECURRENT recurrent-auckland-40-1-2-3-4-5-6-7-8-9-10-11-12-13-14-15-16-17-18-19-20-21-22-23-24 7 total_crossings 0.01848823973333586
config.CONGESTION_TYPE, slugifiedstring, i, key, value : RECURRENT recurrent-auckland-40-1-2-3-4-5-6-7-8-9-10-11-12-13-14-15-16-17-18-19-20-21-22-23-24 8 betweenness -0.0007083104408171053
config.CONGESTION_TYPE, slugifiedstring, i, key, value : RECURRENT recurrent-auckland-40-1-2-3-4-5-6-7-8-9-10-11-12-13-14-15-16-17-18-19-20-21-22-23-24 9 streets_per_node_count_1 0
config.CONGESTION_TYPE, slugifiedstring, i, key, value : RECURRENT recurrent-auckland-40-1-2-3-4-5-6-7-8-9-10-11-12-13-14-15-16-17-18-19-20-21-22-23-24 10 streets_per_node_count_4 0
config.CONGESTION_TYPE, slugifiedstring, i, key, value : RECURRENT recurrent-auckland-40-1-2-3-4-5-6-7-8-9-10-11-12-13-14-15-16-17-18-19-20-21-22-23-24 11 m -0.0008400349550430554
config.CONGESTION_TYPE, slugifiedstring, i, key, value : RECURRENT recurrent-auckland-40-1-2-3-4-5-6-7-8-9-10-11-12-13-14-15-16-17-18-19-20-21-22-23-24 12 n -0.0018833720002467472
config.CONGESTION_TYPE, slugifiedstring, i, key, value : RECURRENT recurrent-auckland-40-1-2-3-4-5-6-7-8-9-10-11-12-13-14-15-16-17-18-19-20-21-22-23-24 13 mean_lanes -0.00034988864121470326
config.CONGESTION_TYPE, slugifiedstring, i, key, value : RECURRENT recurrent-auckland-40-1-2-3-4-5-6-7-8-9-10-11-12-13-14-15-16-17-18-19-20-21-22-23-24 14 streets_per_node_count_3 -0.005163459448531644
config.CONGESTION_TYPE, slugifiedstring, i, key, value : RECURRENT recurrent-auckland-40-1-2-3-4-5-6-7-8-9-10-11-12-13-14-15-16-17-18-19-20-21-22-23-24 15 streets_per_node_count_2 -0.0005695053724817521
config.CONGESTION_TYPE, slugifiedstring, i, key, value : RECURRENT recurrent-auckland-40-1-2-3-4-5-6-7-8-9-10-11-12-13-14-15-16-17-18-19-20-21-22-23-24 16 streets_per_node_count_6 -0.002051972892032716
config.CONGESTION_TYPE, slugifiedstring, i, key, value : RECURRENT recurrent-auckland-60-1-2-3-4-5-6-7-8-9-10-11-12-13-14-15-16-17-18-19-20-21-22-23-24 0 k_avg -0.00033233548743456033
config.CONGESTION_TYPE, slugifiedstring, i, key, value : RECURRENT recurrent-auckland-60-1-2-3-4-5-6-7-8-9-10-11-12-13-14-15-16-17-18-19-20-21-22-23-24 1 streets_per_node_count_5 -0.0012599590997167051
config.CONGESTION_TYPE, slugifiedstring, i, key, value : RECURRENT recurrent-auckland-60-1-2-3-4-5-6-7-8-9-10-11-12-13-14-15-16-17-18-19-20-21-22-23-24 2 global_betweenness 0.0019550734268878648
config.CONGESTION_TYPE, slugifiedstring, i, key, value : RECURRENT recurrent-auckland-60-1-2-3-4-5-6-7-8-9-10-11-12-13-14-15-16-17-18-19-20-21-22-23-24 3 streets_per_node_avg -0.0009584777463961218
config.CONGESTION_TYPE, slugifiedstring, i, key, value : RECURRENT recurrent-auckland-60-1-2-3-4-5-6-7-8-9-10-11-12-13-14-15-16-17-18-19-20-21-22-23-24 4 circuity_avg -0.00010336336031708332
config.CONGESTION_TYPE, slugifiedstring, i, key, value : RECURRENT recurrent-auckland-60-1-2-3-4-5-6-7-8-9-10-11-12-13-14-15-16-17-18-19-20-21-22-23-24 5 metered_count -0.004772777242230153
config.CONGESTION_TYPE, slugifiedstring, i, key, value : RECURRENT recurrent-auckland-60-1-2-3-4-5-6-7-8-9-10-11-12-13-14-15-16-17-18-19-20-21-22-23-24 6 non_metered_count -0.0007398090250940723
config.CONGESTION_TYPE, slugifiedstring, i, key, value : RECURRENT recurrent-auckland-60-1-2-3-4-5-6-7-8-9-10-11-12-13-14-15-16-17-18-19-20-21-22-23-24 7 total_crossings -0.009683912987686508
config.CONGESTION_TYPE, slugifiedstring, i, key, value : RECURRENT recurrent-auckland-60-1-2-3-4-5-6-7-8-9-10-11-12-13-14-15-16-17-18-19-20-21-22-23-24 8 betweenness -0.0537791586295766
config.CONGESTION_TYPE, slugifiedstring, i, key, value : RECURRENT recurrent-auckland-60-1-2-3-4-5-6-7-8-9-10-11-12-13-14-15-16-17-18-19-20-21-22-23-24 9 streets_per_node_count_1 0
config.CONGESTION_TYPE, slugifiedstring, i, key, value : RECURRENT recurrent-auckland-60-1-2-3-4-5-6-7-8-9-10-11-12-13-14-15-16-17-18-19-20-21-22-23-24 10 streets_per_node_count_4 0
config.CONGESTION_TYPE, slugifiedstring, i, key, value : RECURRENT recurrent-auckland-60-1-2-3-4-5-6-7-8-9-10-11-12-13-14-15-16-17-18-19-20-21-22-23-24 11 m -0.00045367665177258536
config.CONGESTION_TYPE, slugifiedstring, i, key, value : RECURRENT recurrent-auckland-60-1-2-3-4-5-6-7-8-9-10-11-12-13-14-15-16-17-18-19-20-21-22-23-24 12 n -0.0006948090322608236
config.CONGESTION_TYPE, slugifiedstring, i, key, value : RECURRENT recurrent-auckland-60-1-2-3-4-5-6-7-8-9-10-11-12-13-14-15-16-17-18-19-20-21-22-23-24 13 mean_lanes -0.000178287963331598
config.CONGESTION_TYPE, slugifiedstring, i, key, value : RECURRENT recurrent-auckland-60-1-2-3-4-5-6-7-8-9-10-11-12-13-14-15-16-17-18-19-20-21-22-23-24 14 streets_per_node_count_3 -0.002646128389241572
config.CONGESTION_TYPE, slugifiedstring, i, key, value : RECURRENT recurrent-auckland-60-1-2-3-4-5-6-7-8-9-10-11-12-13-14-15-16-17-18-19-20-21-22-23-24 15 streets_per_node_count_2 -0.0005180441985608317
config.CONGESTION_TYPE, slugifiedstring, i, key, value : RECURRENT recurrent-auckland-60-1-2-3-4-5-6-7-8-9-10-11-12-13-14-15-16-17-18-19-20-21-22-23-24 16 streets_per_node_count_6 -0.0011349522357384887
config.CONGESTION_TYPE, slugifiedstring, i, key, value : RECURRENT recurrent-auckland-70-1-2-3-4-5-6-7-8-9-10-11-12-13-14-15-16-17-18-19-20-21-22-23-24 0 k_avg -0.0005514731294386147
config.CONGESTION_TYPE, slugifiedstring, i, key, value : RECURRENT recurrent-auckland-70-1-2-3-4-5-6-7-8-9-10-11-12-13-14-15-16-17-18-19-20-21-22-23-24 1 streets_per_node_count_5 -0.0008058288259567125
config.CONGESTION_TYPE, slugifiedstring, i, key, value : RECURRENT recurrent-auckland-70-1-2-3-4-5-6-7-8-9-10-11-12-13-14-15-16-17-18-19-20-21-22-23-24 2 global_betweenness -0.00040243847200973265
config.CONGESTION_TYPE, slugifiedstring, i, key, value : RECURRENT recurrent-auckland-70-1-2-3-4-5-6-7-8-9-10-11-12-13-14-15-16-17-18-19-20-21-22-23-24 3 streets_per_node_avg -0.0006763001988226382
config.CONGESTION_TYPE, slugifiedstring, i, key, value : RECURRENT recurrent-auckland-70-1-2-3-4-5-6-7-8-9-10-11-12-13-14-15-16-17-18-19-20-21-22-23-24 4 circuity_avg -0.00013635842497678241
config.CONGESTION_TYPE, slugifiedstring, i, key, value : RECURRENT recurrent-auckland-70-1-2-3-4-5-6-7-8-9-10-11-12-13-14-15-16-17-18-19-20-21-22-23-24 5 metered_count -0.004255542405095211
config.CONGESTION_TYPE, slugifiedstring, i, key, value : RECURRENT recurrent-auckland-70-1-2-3-4-5-6-7-8-9-10-11-12-13-14-15-16-17-18-19-20-21-22-23-24 6 non_metered_count -0.0010888129321742416
config.CONGESTION_TYPE, slugifiedstring, i, key, value : RECURRENT recurrent-auckland-70-1-2-3-4-5-6-7-8-9-10-11-12-13-14-15-16-17-18-19-20-21-22-23-24 7 total_crossings 0.0025714384107143203
config.CONGESTION_TYPE, slugifiedstring, i, key, value : RECURRENT recurrent-auckland-70-1-2-3-4-5-6-7-8-9-10-11-12-13-14-15-16-17-18-19-20-21-22-23-24 8 betweenness -0.0024463718896138922
config.CONGESTION_TYPE, slugifiedstring, i, key, value : RECURRENT recurrent-auckland-70-1-2-3-4-5-6-7-8-9-10-11-12-13-14-15-16-17-18-19-20-21-22-23-24 9 streets_per_node_count_1 0
config.CONGESTION_TYPE, slugifiedstring, i, key, value : RECURRENT recurrent-auckland-70-1-2-3-4-5-6-7-8-9-10-11-12-13-14-15-16-17-18-19-20-21-22-23-24 10 streets_per_node_count_4 0
config.CONGESTION_TYPE, slugifiedstring, i, key, value : RECURRENT recurrent-auckland-70-1-2-3-4-5-6-7-8-9-10-11-12-13-14-15-16-17-18-19-20-21-22-23-24 11 m -0.0011870397448976778
config.CONGESTION_TYPE, slugifiedstring, i, key, value : RECURRENT recurrent-auckland-70-1-2-3-4-5-6-7-8-9-10-11-12-13-14-15-16-17-18-19-20-21-22-23-24 12 n -0.06383244412241451
config.CONGESTION_TYPE, slugifiedstring, i, key, value : RECURRENT recurrent-auckland-70-1-2-3-4-5-6-7-8-9-10-11-12-13-14-15-16-17-18-19-20-21-22-23-24 13 mean_lanes -0.00018381790268156282
config.CONGESTION_TYPE, slugifiedstring, i, key, value : RECURRENT recurrent-auckland-70-1-2-3-4-5-6-7-8-9-10-11-12-13-14-15-16-17-18-19-20-21-22-23-24 14 streets_per_node_count_3 -0.0005541238995917099
config.CONGESTION_TYPE, slugifiedstring, i, key, value : RECURRENT recurrent-auckland-70-1-2-3-4-5-6-7-8-9-10-11-12-13-14-15-16-17-18-19-20-21-22-23-24 15 streets_per_node_count_2 -0.0007185111797620904
config.CONGESTION_TYPE, slugifiedstring, i, key, value : RECURRENT recurrent-auckland-70-1-2-3-4-5-6-7-8-9-10-11-12-13-14-15-16-17-18-19-20-21-22-23-24 16 streets_per_node_count_6 -0.0007262401175574352
config.CONGESTION_TYPE, slugifiedstring, i, key, value : RECURRENT recurrent-auckland-80-1-2-3-4-5-6-7-8-9-10-11-12-13-14-15-16-17-18-19-20-21-22-23-24 0 k_avg -0.0009022075706534519
config.CONGESTION_TYPE, slugifiedstring, i, key, value : RECURRENT recurrent-auckland-80-1-2-3-4-5-6-7-8-9-10-11-12-13-14-15-16-17-18-19-20-21-22-23-24 1 streets_per_node_count_5 -0.0006435264903003744
config.CONGESTION_TYPE, slugifiedstring, i, key, value : RECURRENT recurrent-auckland-80-1-2-3-4-5-6-7-8-9-10-11-12-13-14-15-16-17-18-19-20-21-22-23-24 2 global_betweenness -0.0005790148069273581
config.CONGESTION_TYPE, slugifiedstring, i, key, value : RECURRENT recurrent-auckland-80-1-2-3-4-5-6-7-8-9-10-11-12-13-14-15-16-17-18-19-20-21-22-23-24 3 streets_per_node_avg -0.000598971177219696
config.CONGESTION_TYPE, slugifiedstring, i, key, value : RECURRENT recurrent-auckland-80-1-2-3-4-5-6-7-8-9-10-11-12-13-14-15-16-17-18-19-20-21-22-23-24 4 circuity_avg -6.158447604427474e-05
config.CONGESTION_TYPE, slugifiedstring, i, key, value : RECURRENT recurrent-auckland-80-1-2-3-4-5-6-7-8-9-10-11-12-13-14-15-16-17-18-19-20-21-22-23-24 5 metered_count -0.00294936690215469
config.CONGESTION_TYPE, slugifiedstring, i, key, value : RECURRENT recurrent-auckland-80-1-2-3-4-5-6-7-8-9-10-11-12-13-14-15-16-17-18-19-20-21-22-23-24 6 non_metered_count -0.0031549094238007467
config.CONGESTION_TYPE, slugifiedstring, i, key, value : RECURRENT recurrent-auckland-80-1-2-3-4-5-6-7-8-9-10-11-12-13-14-15-16-17-18-19-20-21-22-23-24 7 total_crossings 0.004966753052296453
config.CONGESTION_TYPE, slugifiedstring, i, key, value : RECURRENT recurrent-auckland-80-1-2-3-4-5-6-7-8-9-10-11-12-13-14-15-16-17-18-19-20-21-22-23-24 8 betweenness -0.0015043397172805986
config.CONGESTION_TYPE, slugifiedstring, i, key, value : RECURRENT recurrent-auckland-80-1-2-3-4-5-6-7-8-9-10-11-12-13-14-15-16-17-18-19-20-21-22-23-24 9 streets_per_node_count_1 0
config.CONGESTION_TYPE, slugifiedstring, i, key, value : RECURRENT recurrent-auckland-80-1-2-3-4-5-6-7-8-9-10-11-12-13-14-15-16-17-18-19-20-21-22-23-24 10 streets_per_node_count_4 0
config.CONGESTION_TYPE, slugifiedstring, i, key, value : RECURRENT recurrent-auckland-80-1-2-3-4-5-6-7-8-9-10-11-12-13-14-15-16-17-18-19-20-21-22-23-24 11 m -0.0011725186403076756
config.CONGESTION_TYPE, slugifiedstring, i, key, value : RECURRENT recurrent-auckland-80-1-2-3-4-5-6-7-8-9-10-11-12-13-14-15-16-17-18-19-20-21-22-23-24 12 n -0.0019551660419822006
config.CONGESTION_TYPE, slugifiedstring, i, key, value : RECURRENT recurrent-auckland-80-1-2-3-4-5-6-7-8-9-10-11-12-13-14-15-16-17-18-19-20-21-22-23-24 13 mean_lanes -0.00012126168440671461
config.CONGESTION_TYPE, slugifiedstring, i, key, value : RECURRENT recurrent-auckland-80-1-2-3-4-5-6-7-8-9-10-11-12-13-14-15-16-17-18-19-20-21-22-23-24 14 streets_per_node_count_3 -0.0008719896748930381
config.CONGESTION_TYPE, slugifiedstring, i, key, value : RECURRENT recurrent-auckland-80-1-2-3-4-5-6-7-8-9-10-11-12-13-14-15-16-17-18-19-20-21-22-23-24 15 streets_per_node_count_2 -0.00028075029751685856
config.CONGESTION_TYPE, slugifiedstring, i, key, value : RECURRENT recurrent-auckland-80-1-2-3-4-5-6-7-8-9-10-11-12-13-14-15-16-17-18-19-20-21-22-23-24 16 streets_per_node_count_6 -0.0006019052866032618
config.CONGESTION_TYPE, slugifiedstring, i, key, value : RECURRENT recurrent-auckland-90-1-2-3-4-5-6-7-8-9-10-11-12-13-14-15-16-17-18-19-20-21-22-23-24 0 k_avg 0.0018138616780738913
config.CONGESTION_TYPE, slugifiedstring, i, key, value : RECURRENT recurrent-auckland-90-1-2-3-4-5-6-7-8-9-10-11-12-13-14-15-16-17-18-19-20-21-22-23-24 1 streets_per_node_count_5 -0.0009772127139826099
config.CONGESTION_TYPE, slugifiedstring, i, key, value : RECURRENT recurrent-auckland-90-1-2-3-4-5-6-7-8-9-10-11-12-13-14-15-16-17-18-19-20-21-22-23-24 2 global_betweenness -0.009456252925762815
config.CONGESTION_TYPE, slugifiedstring, i, key, value : RECURRENT recurrent-auckland-90-1-2-3-4-5-6-7-8-9-10-11-12-13-14-15-16-17-18-19-20-21-22-23-24 3 streets_per_node_avg -0.0003966786416542943
config.CONGESTION_TYPE, slugifiedstring, i, key, value : RECURRENT recurrent-auckland-90-1-2-3-4-5-6-7-8-9-10-11-12-13-14-15-16-17-18-19-20-21-22-23-24 4 circuity_avg -7.182591153535193e-05
config.CONGESTION_TYPE, slugifiedstring, i, key, value : RECURRENT recurrent-auckland-90-1-2-3-4-5-6-7-8-9-10-11-12-13-14-15-16-17-18-19-20-21-22-23-24 5 metered_count -0.003034422210147464
config.CONGESTION_TYPE, slugifiedstring, i, key, value : RECURRENT recurrent-auckland-90-1-2-3-4-5-6-7-8-9-10-11-12-13-14-15-16-17-18-19-20-21-22-23-24 6 non_metered_count -0.0005462489783805596
config.CONGESTION_TYPE, slugifiedstring, i, key, value : RECURRENT recurrent-auckland-90-1-2-3-4-5-6-7-8-9-10-11-12-13-14-15-16-17-18-19-20-21-22-23-24 7 total_crossings 0.0026026393236022577
config.CONGESTION_TYPE, slugifiedstring, i, key, value : RECURRENT recurrent-auckland-90-1-2-3-4-5-6-7-8-9-10-11-12-13-14-15-16-17-18-19-20-21-22-23-24 8 betweenness -0.0008312158574646283
config.CONGESTION_TYPE, slugifiedstring, i, key, value : RECURRENT recurrent-auckland-90-1-2-3-4-5-6-7-8-9-10-11-12-13-14-15-16-17-18-19-20-21-22-23-24 9 streets_per_node_count_1 0
config.CONGESTION_TYPE, slugifiedstring, i, key, value : RECURRENT recurrent-auckland-90-1-2-3-4-5-6-7-8-9-10-11-12-13-14-15-16-17-18-19-20-21-22-23-24 10 streets_per_node_count_4 0
config.CONGESTION_TYPE, slugifiedstring, i, key, value : RECURRENT recurrent-auckland-90-1-2-3-4-5-6-7-8-9-10-11-12-13-14-15-16-17-18-19-20-21-22-23-24 11 m -0.0008630786812354443
config.CONGESTION_TYPE, slugifiedstring, i, key, value : RECURRENT recurrent-auckland-90-1-2-3-4-5-6-7-8-9-10-11-12-13-14-15-16-17-18-19-20-21-22-23-24 12 n -0.003701476639399153
config.CONGESTION_TYPE, slugifiedstring, i, key, value : RECURRENT recurrent-auckland-90-1-2-3-4-5-6-7-8-9-10-11-12-13-14-15-16-17-18-19-20-21-22-23-24 13 mean_lanes -0.0001330064540519515
config.CONGESTION_TYPE, slugifiedstring, i, key, value : RECURRENT recurrent-auckland-90-1-2-3-4-5-6-7-8-9-10-11-12-13-14-15-16-17-18-19-20-21-22-23-24 14 streets_per_node_count_3 -0.0005663512754833578
config.CONGESTION_TYPE, slugifiedstring, i, key, value : RECURRENT recurrent-auckland-90-1-2-3-4-5-6-7-8-9-10-11-12-13-14-15-16-17-18-19-20-21-22-23-24 15 streets_per_node_count_2 -0.0002654075876008744
config.CONGESTION_TYPE, slugifiedstring, i, key, value : RECURRENT recurrent-auckland-90-1-2-3-4-5-6-7-8-9-10-11-12-13-14-15-16-17-18-19-20-21-22-23-24 16 streets_per_node_count_6 -0.0008647667331165345
config.CONGESTION_TYPE, slugifiedstring, i, key, value : RECURRENT recurrent-auckland-25-1-2-3-4-5-6-7-8-9-10-11-12-13-14-15-16-17-18-19-20-21-22-23-24 0 k_avg -0.0024766934169766076
config.CONGESTION_TYPE, slugifiedstring, i, key, value : RECURRENT recurrent-auckland-25-1-2-3-4-5-6-7-8-9-10-11-12-13-14-15-16-17-18-19-20-21-22-23-24 1 streets_per_node_count_5 -0.0013119689592102223
config.CONGESTION_TYPE, slugifiedstring, i, key, value : RECURRENT recurrent-auckland-25-1-2-3-4-5-6-7-8-9-10-11-12-13-14-15-16-17-18-19-20-21-22-23-24 2 global_betweenness -0.003636048167525458
config.CONGESTION_TYPE, slugifiedstring, i, key, value : RECURRENT recurrent-auckland-25-1-2-3-4-5-6-7-8-9-10-11-12-13-14-15-16-17-18-19-20-21-22-23-24 3 streets_per_node_avg -0.002554174231242509
config.CONGESTION_TYPE, slugifiedstring, i, key, value : RECURRENT recurrent-auckland-25-1-2-3-4-5-6-7-8-9-10-11-12-13-14-15-16-17-18-19-20-21-22-23-24 4 circuity_avg -0.00038492101498351707
config.CONGESTION_TYPE, slugifiedstring, i, key, value : RECURRENT recurrent-auckland-25-1-2-3-4-5-6-7-8-9-10-11-12-13-14-15-16-17-18-19-20-21-22-23-24 5 metered_count -0.006426183214473789
config.CONGESTION_TYPE, slugifiedstring, i, key, value : RECURRENT recurrent-auckland-25-1-2-3-4-5-6-7-8-9-10-11-12-13-14-15-16-17-18-19-20-21-22-23-24 6 non_metered_count 0.01554086437019737
config.CONGESTION_TYPE, slugifiedstring, i, key, value : RECURRENT recurrent-auckland-25-1-2-3-4-5-6-7-8-9-10-11-12-13-14-15-16-17-18-19-20-21-22-23-24 7 total_crossings 0.007960554956126947
config.CONGESTION_TYPE, slugifiedstring, i, key, value : RECURRENT recurrent-auckland-25-1-2-3-4-5-6-7-8-9-10-11-12-13-14-15-16-17-18-19-20-21-22-23-24 8 betweenness -0.0011733447869845958
config.CONGESTION_TYPE, slugifiedstring, i, key, value : RECURRENT recurrent-auckland-25-1-2-3-4-5-6-7-8-9-10-11-12-13-14-15-16-17-18-19-20-21-22-23-24 9 streets_per_node_count_1 0
config.CONGESTION_TYPE, slugifiedstring, i, key, value : RECURRENT recurrent-auckland-25-1-2-3-4-5-6-7-8-9-10-11-12-13-14-15-16-17-18-19-20-21-22-23-24 10 streets_per_node_count_4 0
config.CONGESTION_TYPE, slugifiedstring, i, key, value : RECURRENT recurrent-auckland-25-1-2-3-4-5-6-7-8-9-10-11-12-13-14-15-16-17-18-19-20-21-22-23-24 11 m -0.0005064713836070095
config.CONGESTION_TYPE, slugifiedstring, i, key, value : RECURRENT recurrent-auckland-25-1-2-3-4-5-6-7-8-9-10-11-12-13-14-15-16-17-18-19-20-21-22-23-24 12 n -0.0005551416266266351
config.CONGESTION_TYPE, slugifiedstring, i, key, value : RECURRENT recurrent-auckland-25-1-2-3-4-5-6-7-8-9-10-11-12-13-14-15-16-17-18-19-20-21-22-23-24 13 mean_lanes -0.0006924700458115271
config.CONGESTION_TYPE, slugifiedstring, i, key, value : RECURRENT recurrent-auckland-25-1-2-3-4-5-6-7-8-9-10-11-12-13-14-15-16-17-18-19-20-21-22-23-24 14 streets_per_node_count_3 -0.0032418175789039453
config.CONGESTION_TYPE, slugifiedstring, i, key, value : RECURRENT recurrent-auckland-25-1-2-3-4-5-6-7-8-9-10-11-12-13-14-15-16-17-18-19-20-21-22-23-24 15 streets_per_node_count_2 -0.001223607183659307
config.CONGESTION_TYPE, slugifiedstring, i, key, value : RECURRENT recurrent-auckland-25-1-2-3-4-5-6-7-8-9-10-11-12-13-14-15-16-17-18-19-20-21-22-23-24 16 streets_per_node_count_6 -0.0045794749873233715
config.CONGESTION_TYPE, slugifiedstring, i, key, value : RECURRENT recurrent-auckland-50-1-2-3-4-5-6-7-8-9-10-11-12-13-14-15-16-17-18-19-20-21-22-23-24 0 k_avg -0.0015316474926361325
config.CONGESTION_TYPE, slugifiedstring, i, key, value : RECURRENT recurrent-auckland-50-1-2-3-4-5-6-7-8-9-10-11-12-13-14-15-16-17-18-19-20-21-22-23-24 1 streets_per_node_count_5 -0.0004913070022193502
config.CONGESTION_TYPE, slugifiedstring, i, key, value : RECURRENT recurrent-auckland-50-1-2-3-4-5-6-7-8-9-10-11-12-13-14-15-16-17-18-19-20-21-22-23-24 2 global_betweenness -0.0005999064959885556
config.CONGESTION_TYPE, slugifiedstring, i, key, value : RECURRENT recurrent-auckland-50-1-2-3-4-5-6-7-8-9-10-11-12-13-14-15-16-17-18-19-20-21-22-23-24 3 streets_per_node_avg -0.0005830953741151456
config.CONGESTION_TYPE, slugifiedstring, i, key, value : RECURRENT recurrent-auckland-50-1-2-3-4-5-6-7-8-9-10-11-12-13-14-15-16-17-18-19-20-21-22-23-24 4 circuity_avg -0.00023993466289393183
config.CONGESTION_TYPE, slugifiedstring, i, key, value : RECURRENT recurrent-auckland-50-1-2-3-4-5-6-7-8-9-10-11-12-13-14-15-16-17-18-19-20-21-22-23-24 5 metered_count -0.007054527349071892
config.CONGESTION_TYPE, slugifiedstring, i, key, value : RECURRENT recurrent-auckland-50-1-2-3-4-5-6-7-8-9-10-11-12-13-14-15-16-17-18-19-20-21-22-23-24 6 non_metered_count -0.04632899247761184
config.CONGESTION_TYPE, slugifiedstring, i, key, value : RECURRENT recurrent-auckland-50-1-2-3-4-5-6-7-8-9-10-11-12-13-14-15-16-17-18-19-20-21-22-23-24 7 total_crossings 0.010548159824395671
config.CONGESTION_TYPE, slugifiedstring, i, key, value : RECURRENT recurrent-auckland-50-1-2-3-4-5-6-7-8-9-10-11-12-13-14-15-16-17-18-19-20-21-22-23-24 8 betweenness 0.0031671623338406125
config.CONGESTION_TYPE, slugifiedstring, i, key, value : RECURRENT recurrent-auckland-50-1-2-3-4-5-6-7-8-9-10-11-12-13-14-15-16-17-18-19-20-21-22-23-24 9 streets_per_node_count_1 0
config.CONGESTION_TYPE, slugifiedstring, i, key, value : RECURRENT recurrent-auckland-50-1-2-3-4-5-6-7-8-9-10-11-12-13-14-15-16-17-18-19-20-21-22-23-24 10 streets_per_node_count_4 0
config.CONGESTION_TYPE, slugifiedstring, i, key, value : RECURRENT recurrent-auckland-50-1-2-3-4-5-6-7-8-9-10-11-12-13-14-15-16-17-18-19-20-21-22-23-24 11 m -0.0005276968560203146
config.CONGESTION_TYPE, slugifiedstring, i, key, value : RECURRENT recurrent-auckland-50-1-2-3-4-5-6-7-8-9-10-11-12-13-14-15-16-17-18-19-20-21-22-23-24 12 n -0.003534012181929554
config.CONGESTION_TYPE, slugifiedstring, i, key, value : RECURRENT recurrent-auckland-50-1-2-3-4-5-6-7-8-9-10-11-12-13-14-15-16-17-18-19-20-21-22-23-24 13 mean_lanes -0.0002563850938130352
config.CONGESTION_TYPE, slugifiedstring, i, key, value : RECURRENT recurrent-auckland-50-1-2-3-4-5-6-7-8-9-10-11-12-13-14-15-16-17-18-19-20-21-22-23-24 14 streets_per_node_count_3 -0.0012495515171906087
config.CONGESTION_TYPE, slugifiedstring, i, key, value : RECURRENT recurrent-auckland-50-1-2-3-4-5-6-7-8-9-10-11-12-13-14-15-16-17-18-19-20-21-22-23-24 15 streets_per_node_count_2 -0.0006900176870509906
config.CONGESTION_TYPE, slugifiedstring, i, key, value : RECURRENT recurrent-auckland-50-1-2-3-4-5-6-7-8-9-10-11-12-13-14-15-16-17-18-19-20-21-22-23-24 16 streets_per_node_count_6 -0.001299973524546109
config.CONGESTION_TYPE, slugifiedstring, i, key, value : RECURRENT recurrent-auckland-100-1-2-3-4-5-6-7-8-9-10-11-12-13-14-15-16-17-18-19-20-21-22-23-24 0 k_avg -0.0005553839733466734
config.CONGESTION_TYPE, slugifiedstring, i, key, value : RECURRENT recurrent-auckland-100-1-2-3-4-5-6-7-8-9-10-11-12-13-14-15-16-17-18-19-20-21-22-23-24 1 streets_per_node_count_5 -0.0005651395041307692
config.CONGESTION_TYPE, slugifiedstring, i, key, value : RECURRENT recurrent-auckland-100-1-2-3-4-5-6-7-8-9-10-11-12-13-14-15-16-17-18-19-20-21-22-23-24 2 global_betweenness -0.004024866876036702
config.CONGESTION_TYPE, slugifiedstring, i, key, value : RECURRENT recurrent-auckland-100-1-2-3-4-5-6-7-8-9-10-11-12-13-14-15-16-17-18-19-20-21-22-23-24 3 streets_per_node_avg -0.00036517312675326126
config.CONGESTION_TYPE, slugifiedstring, i, key, value : RECURRENT recurrent-auckland-100-1-2-3-4-5-6-7-8-9-10-11-12-13-14-15-16-17-18-19-20-21-22-23-24 4 circuity_avg -0.0003873954439733725
config.CONGESTION_TYPE, slugifiedstring, i, key, value : RECURRENT recurrent-auckland-100-1-2-3-4-5-6-7-8-9-10-11-12-13-14-15-16-17-18-19-20-21-22-23-24 5 metered_count -0.0036584077513475443
config.CONGESTION_TYPE, slugifiedstring, i, key, value : RECURRENT recurrent-auckland-100-1-2-3-4-5-6-7-8-9-10-11-12-13-14-15-16-17-18-19-20-21-22-23-24 6 non_metered_count -0.011499525908551647
config.CONGESTION_TYPE, slugifiedstring, i, key, value : RECURRENT recurrent-auckland-100-1-2-3-4-5-6-7-8-9-10-11-12-13-14-15-16-17-18-19-20-21-22-23-24 7 total_crossings 0.0020077759901403446
config.CONGESTION_TYPE, slugifiedstring, i, key, value : RECURRENT recurrent-auckland-100-1-2-3-4-5-6-7-8-9-10-11-12-13-14-15-16-17-18-19-20-21-22-23-24 8 betweenness -0.0007454090874702393
config.CONGESTION_TYPE, slugifiedstring, i, key, value : RECURRENT recurrent-auckland-100-1-2-3-4-5-6-7-8-9-10-11-12-13-14-15-16-17-18-19-20-21-22-23-24 9 streets_per_node_count_1 0
config.CONGESTION_TYPE, slugifiedstring, i, key, value : RECURRENT recurrent-auckland-100-1-2-3-4-5-6-7-8-9-10-11-12-13-14-15-16-17-18-19-20-21-22-23-24 10 streets_per_node_count_4 0
config.CONGESTION_TYPE, slugifiedstring, i, key, value : RECURRENT recurrent-auckland-100-1-2-3-4-5-6-7-8-9-10-11-12-13-14-15-16-17-18-19-20-21-22-23-24 11 m -0.017367309608677526
config.CONGESTION_TYPE, slugifiedstring, i, key, value : RECURRENT recurrent-auckland-100-1-2-3-4-5-6-7-8-9-10-11-12-13-14-15-16-17-18-19-20-21-22-23-24 12 n -0.009588059117046731
config.CONGESTION_TYPE, slugifiedstring, i, key, value : RECURRENT recurrent-auckland-100-1-2-3-4-5-6-7-8-9-10-11-12-13-14-15-16-17-18-19-20-21-22-23-24 13 mean_lanes -0.0001027190332923132
config.CONGESTION_TYPE, slugifiedstring, i, key, value : RECURRENT recurrent-auckland-100-1-2-3-4-5-6-7-8-9-10-11-12-13-14-15-16-17-18-19-20-21-22-23-24 14 streets_per_node_count_3 -0.00035280778057940245
config.CONGESTION_TYPE, slugifiedstring, i, key, value : RECURRENT recurrent-auckland-100-1-2-3-4-5-6-7-8-9-10-11-12-13-14-15-16-17-18-19-20-21-22-23-24 15 streets_per_node_count_2 -0.0005329996690210789
config.CONGESTION_TYPE, slugifiedstring, i, key, value : RECURRENT recurrent-auckland-100-1-2-3-4-5-6-7-8-9-10-11-12-13-14-15-16-17-18-19-20-21-22-23-24 16 streets_per_node_count_6 -0.0006406368484075047
