Matplotlib is currently using agg, which is a non-GUI backend, so cannot show the figure.
Matplotlib is currently using agg, which is a non-GUI backend, so cannot show the figure.
Loaded config file: Prefix for name of road network object pickle file!
os.getcwd() : /home/niskumar/WCS/urbanscales/modelling
sorted_percentage_nan_per_column : maxspeed                         1.025641
n                                0.000000
lane_density                     0.000000
streets_per_node_proportion_6    0.000000
streets_per_node_count_6         0.000000
streets_per_node_proportion_5    0.000000
streets_per_node_count_5         0.000000
streets_per_node_proportion_4    0.000000
streets_per_node_count_4         0.000000
streets_per_node_proportion_3    0.000000
streets_per_node_count_3         0.000000
streets_per_node_proportion_2    0.000000
streets_per_node_count_2         0.000000
streets_per_node_proportion_1    0.000000
streets_per_node_count_1         0.000000
mean_lanes                       0.000000
m                                0.000000
betweenness                      0.000000
total_crossings                  0.000000
non_metered_count                0.000000
metered_count                    0.000000
self_loop_proportion             0.000000
circuity_avg                     0.000000
street_length_avg                0.000000
street_segment_count             0.000000
street_length_total              0.000000
streets_per_node_avg             0.000000
edge_length_avg                  0.000000
edge_length_total                0.000000
k_avg                            0.000000
global_betweenness               0.000000
dtype: float64
city, scale, tod, config.shift_tile_marker, X.shape, Y.shape : Capetown 20 [1, 2, 3, 4, 5, 6, 7, 8, 9, 10, 11, 12, 13, 14, 15, 16, 17, 18, 19, 20, 21, 22, 23, 24] 3 (195, 17) (195,)
X.shape, Y.shape, "Inside the model-fitting function" : (195, 17) (195,) Inside the model-fitting function
Dict: model_trials.best_params_
Key: Value
{'randomforestregressor__max_depth': 20,
 'randomforestregressor__max_features': 'sqrt',
 'randomforestregressor__n_estimators': 100}
Dict: model_trials.best_params_
Key: Value
{'xgbregressor__learning_rate': 0.01,
 'xgbregressor__max_depth': 10,
 'xgbregressor__n_estimators': 200}
Matplotlib is currently using agg, which is a non-GUI backend, so cannot show the figure.
Matplotlib is currently using agg, which is a non-GUI backend, so cannot show the figure.
Matplotlib is currently using agg, which is a non-GUI backend, so cannot show the figure.
config.CONGESTION_TYPE, slugifiedstring, i, key, value : RECURRENT recurrent-capetown-20-1-2-3-4-5-6-7-8-9-10-11-12-13-14-15-16-17-18-19-20-21-22-23-24 0 streets_per_node_count_3 -0.006059027377734886
config.CONGESTION_TYPE, slugifiedstring, i, key, value : RECURRENT recurrent-capetown-20-1-2-3-4-5-6-7-8-9-10-11-12-13-14-15-16-17-18-19-20-21-22-23-24 1 streets_per_node_count_6 -0.00146112104384832
config.CONGESTION_TYPE, slugifiedstring, i, key, value : RECURRENT recurrent-capetown-20-1-2-3-4-5-6-7-8-9-10-11-12-13-14-15-16-17-18-19-20-21-22-23-24 2 streets_per_node_count_4 0
config.CONGESTION_TYPE, slugifiedstring, i, key, value : RECURRENT recurrent-capetown-20-1-2-3-4-5-6-7-8-9-10-11-12-13-14-15-16-17-18-19-20-21-22-23-24 3 circuity_avg 0.00251901140685331
config.CONGESTION_TYPE, slugifiedstring, i, key, value : RECURRENT recurrent-capetown-20-1-2-3-4-5-6-7-8-9-10-11-12-13-14-15-16-17-18-19-20-21-22-23-24 4 streets_per_node_count_1 0
config.CONGESTION_TYPE, slugifiedstring, i, key, value : RECURRENT recurrent-capetown-20-1-2-3-4-5-6-7-8-9-10-11-12-13-14-15-16-17-18-19-20-21-22-23-24 5 streets_per_node_count_2 -0.0009086912611249097
config.CONGESTION_TYPE, slugifiedstring, i, key, value : RECURRENT recurrent-capetown-20-1-2-3-4-5-6-7-8-9-10-11-12-13-14-15-16-17-18-19-20-21-22-23-24 6 betweenness -0.003308913427390235
config.CONGESTION_TYPE, slugifiedstring, i, key, value : RECURRENT recurrent-capetown-20-1-2-3-4-5-6-7-8-9-10-11-12-13-14-15-16-17-18-19-20-21-22-23-24 7 n -0.001672563339934529
config.CONGESTION_TYPE, slugifiedstring, i, key, value : RECURRENT recurrent-capetown-20-1-2-3-4-5-6-7-8-9-10-11-12-13-14-15-16-17-18-19-20-21-22-23-24 8 k_avg 0.005764940628982845
config.CONGESTION_TYPE, slugifiedstring, i, key, value : RECURRENT recurrent-capetown-20-1-2-3-4-5-6-7-8-9-10-11-12-13-14-15-16-17-18-19-20-21-22-23-24 9 m -0.001073731959995659
config.CONGESTION_TYPE, slugifiedstring, i, key, value : RECURRENT recurrent-capetown-20-1-2-3-4-5-6-7-8-9-10-11-12-13-14-15-16-17-18-19-20-21-22-23-24 10 metered_count -0.010287495818380428
config.CONGESTION_TYPE, slugifiedstring, i, key, value : RECURRENT recurrent-capetown-20-1-2-3-4-5-6-7-8-9-10-11-12-13-14-15-16-17-18-19-20-21-22-23-24 11 mean_lanes 0.0009668592293159452
config.CONGESTION_TYPE, slugifiedstring, i, key, value : RECURRENT recurrent-capetown-20-1-2-3-4-5-6-7-8-9-10-11-12-13-14-15-16-17-18-19-20-21-22-23-24 12 streets_per_node_count_5 0.0009919308466029143
config.CONGESTION_TYPE, slugifiedstring, i, key, value : RECURRENT recurrent-capetown-20-1-2-3-4-5-6-7-8-9-10-11-12-13-14-15-16-17-18-19-20-21-22-23-24 13 total_crossings -0.007002633065044993
config.CONGESTION_TYPE, slugifiedstring, i, key, value : RECURRENT recurrent-capetown-20-1-2-3-4-5-6-7-8-9-10-11-12-13-14-15-16-17-18-19-20-21-22-23-24 14 streets_per_node_avg -0.0015742749625308734
config.CONGESTION_TYPE, slugifiedstring, i, key, value : RECURRENT recurrent-capetown-20-1-2-3-4-5-6-7-8-9-10-11-12-13-14-15-16-17-18-19-20-21-22-23-24 15 non_metered_count -0.0030041130422210375
config.CONGESTION_TYPE, slugifiedstring, i, key, value : RECURRENT recurrent-capetown-20-1-2-3-4-5-6-7-8-9-10-11-12-13-14-15-16-17-18-19-20-21-22-23-24 16 global_betweenness 0.0011520911406365788
SHAP Values for each feature:
Slug                           Feature Name         Mean Abs SHAP Value
SHAP-- recurrent-capetown-20-1-2-3-4-5-6-7-8-9-10-11-12-13-14-15-16-17-18-19-20-21-22-23-24 streets_per_node_count_3          0.0481
SHAP-- recurrent-capetown-20-1-2-3-4-5-6-7-8-9-10-11-12-13-14-15-16-17-18-19-20-21-22-23-24 streets_per_node_count_6          0.0171
SHAP-- recurrent-capetown-20-1-2-3-4-5-6-7-8-9-10-11-12-13-14-15-16-17-18-19-20-21-22-23-24 streets_per_node_count_4          0.0000
SHAP-- recurrent-capetown-20-1-2-3-4-5-6-7-8-9-10-11-12-13-14-15-16-17-18-19-20-21-22-23-24 circuity_avg                  0.0025
SHAP-- recurrent-capetown-20-1-2-3-4-5-6-7-8-9-10-11-12-13-14-15-16-17-18-19-20-21-22-23-24 streets_per_node_count_1          0.0000
SHAP-- recurrent-capetown-20-1-2-3-4-5-6-7-8-9-10-11-12-13-14-15-16-17-18-19-20-21-22-23-24 streets_per_node_count_2          0.0112
SHAP-- recurrent-capetown-20-1-2-3-4-5-6-7-8-9-10-11-12-13-14-15-16-17-18-19-20-21-22-23-24 betweenness                   0.0161
SHAP-- recurrent-capetown-20-1-2-3-4-5-6-7-8-9-10-11-12-13-14-15-16-17-18-19-20-21-22-23-24 n                             0.0097
SHAP-- recurrent-capetown-20-1-2-3-4-5-6-7-8-9-10-11-12-13-14-15-16-17-18-19-20-21-22-23-24 k_avg                         0.0077
SHAP-- recurrent-capetown-20-1-2-3-4-5-6-7-8-9-10-11-12-13-14-15-16-17-18-19-20-21-22-23-24 m                             0.0125
SHAP-- recurrent-capetown-20-1-2-3-4-5-6-7-8-9-10-11-12-13-14-15-16-17-18-19-20-21-22-23-24 metered_count                 0.0664
SHAP-- recurrent-capetown-20-1-2-3-4-5-6-7-8-9-10-11-12-13-14-15-16-17-18-19-20-21-22-23-24 mean_lanes                    0.0087
SHAP-- recurrent-capetown-20-1-2-3-4-5-6-7-8-9-10-11-12-13-14-15-16-17-18-19-20-21-22-23-24 streets_per_node_count_5          0.0069
SHAP-- recurrent-capetown-20-1-2-3-4-5-6-7-8-9-10-11-12-13-14-15-16-17-18-19-20-21-22-23-24 total_crossings               0.0705
SHAP-- recurrent-capetown-20-1-2-3-4-5-6-7-8-9-10-11-12-13-14-15-16-17-18-19-20-21-22-23-24 streets_per_node_avg          0.0125
SHAP-- recurrent-capetown-20-1-2-3-4-5-6-7-8-9-10-11-12-13-14-15-16-17-18-19-20-21-22-23-24 non_metered_count             0.0364
SHAP-- recurrent-capetown-20-1-2-3-4-5-6-7-8-9-10-11-12-13-14-15-16-17-18-19-20-21-22-23-24 global_betweenness            0.0127
RECURRENT Capetown 20 LR 0.5600492724692397 XpVar
RECURRENT Capetown 20 RF 0.6420463130749848 XpVar
RECURRENT Capetown 20 GBM 0.5557124221059101 XpVar
RECURRENT Capetown 20 LLR -4.7580986769649563e-17 XpVar
RECURRENT Capetown 20 RLR 0.5648677215448671 XpVar
RECURRENT Capetown 20 LR 0.051523834356897946 MSE
RECURRENT Capetown 20 RF 0.04249456293182986 MSE
RECURRENT Capetown 20 GBM 0.05143290474041201 MSE
RECURRENT Capetown 20 LLR 0.11419690472585271 MSE
RECURRENT Capetown 20 RLR 0.05081658949484915 MSE
RECURRENT Capetown 20 LR 0.5515865767740006 R2
RECURRENT Capetown 20 RF 0.6285313648916072 R2
RECURRENT Capetown 20 GBM 0.5387205881615271 R2
RECURRENT Capetown 20 LLR -0.025257500561968436 R2
RECURRENT Capetown 20 RLR 0.5569324975214324 R2
t_spatial, t_non_spatial, "seconds" : 1.1920928955078125e-06 160.29147672653198 seconds
sorted_percentage_nan_per_column : maxspeed                         3.157895
n                                0.000000
lane_density                     0.000000
streets_per_node_proportion_6    0.000000
streets_per_node_count_6         0.000000
streets_per_node_proportion_5    0.000000
streets_per_node_count_5         0.000000
streets_per_node_proportion_4    0.000000
streets_per_node_count_4         0.000000
streets_per_node_proportion_3    0.000000
streets_per_node_count_3         0.000000
streets_per_node_proportion_2    0.000000
streets_per_node_count_2         0.000000
streets_per_node_proportion_1    0.000000
streets_per_node_count_1         0.000000
mean_lanes                       0.000000
m                                0.000000
betweenness                      0.000000
total_crossings                  0.000000
non_metered_count                0.000000
metered_count                    0.000000
self_loop_proportion             0.000000
circuity_avg                     0.000000
street_length_avg                0.000000
street_segment_count             0.000000
street_length_total              0.000000
streets_per_node_avg             0.000000
edge_length_avg                  0.000000
edge_length_total                0.000000
k_avg                            0.000000
global_betweenness               0.000000
dtype: float64
city, scale, tod, config.shift_tile_marker, X.shape, Y.shape : Capetown 30 [1, 2, 3, 4, 5, 6, 7, 8, 9, 10, 11, 12, 13, 14, 15, 16, 17, 18, 19, 20, 21, 22, 23, 24] 3 (380, 17) (380,)
X.shape, Y.shape, "Inside the model-fitting function" : (380, 17) (380,) Inside the model-fitting function
Dict: model_trials.best_params_
Key: Value
{'randomforestregressor__max_depth': 10,
 'randomforestregressor__max_features': 'sqrt',
 'randomforestregressor__n_estimators': 1000}
Dict: model_trials.best_params_
Key: Value
{'xgbregressor__learning_rate': 0.01,
 'xgbregressor__max_depth': 10,
 'xgbregressor__n_estimators': 200}
Matplotlib is currently using agg, which is a non-GUI backend, so cannot show the figure.
Matplotlib is currently using agg, which is a non-GUI backend, so cannot show the figure.
Matplotlib is currently using agg, which is a non-GUI backend, so cannot show the figure.
config.CONGESTION_TYPE, slugifiedstring, i, key, value : RECURRENT recurrent-capetown-30-1-2-3-4-5-6-7-8-9-10-11-12-13-14-15-16-17-18-19-20-21-22-23-24 0 streets_per_node_count_3 -0.001512561443178443
config.CONGESTION_TYPE, slugifiedstring, i, key, value : RECURRENT recurrent-capetown-30-1-2-3-4-5-6-7-8-9-10-11-12-13-14-15-16-17-18-19-20-21-22-23-24 1 streets_per_node_count_6 -0.00106626861954842
config.CONGESTION_TYPE, slugifiedstring, i, key, value : RECURRENT recurrent-capetown-30-1-2-3-4-5-6-7-8-9-10-11-12-13-14-15-16-17-18-19-20-21-22-23-24 2 streets_per_node_count_4 0
config.CONGESTION_TYPE, slugifiedstring, i, key, value : RECURRENT recurrent-capetown-30-1-2-3-4-5-6-7-8-9-10-11-12-13-14-15-16-17-18-19-20-21-22-23-24 3 circuity_avg 9.66457129072909e-05
config.CONGESTION_TYPE, slugifiedstring, i, key, value : RECURRENT recurrent-capetown-30-1-2-3-4-5-6-7-8-9-10-11-12-13-14-15-16-17-18-19-20-21-22-23-24 4 streets_per_node_count_1 0
config.CONGESTION_TYPE, slugifiedstring, i, key, value : RECURRENT recurrent-capetown-30-1-2-3-4-5-6-7-8-9-10-11-12-13-14-15-16-17-18-19-20-21-22-23-24 5 streets_per_node_count_2 -0.0005960985113880057
config.CONGESTION_TYPE, slugifiedstring, i, key, value : RECURRENT recurrent-capetown-30-1-2-3-4-5-6-7-8-9-10-11-12-13-14-15-16-17-18-19-20-21-22-23-24 6 betweenness 0.0004677670036654134
config.CONGESTION_TYPE, slugifiedstring, i, key, value : RECURRENT recurrent-capetown-30-1-2-3-4-5-6-7-8-9-10-11-12-13-14-15-16-17-18-19-20-21-22-23-24 7 n -0.0007077697194927717
config.CONGESTION_TYPE, slugifiedstring, i, key, value : RECURRENT recurrent-capetown-30-1-2-3-4-5-6-7-8-9-10-11-12-13-14-15-16-17-18-19-20-21-22-23-24 8 k_avg -0.0027520052759996715
config.CONGESTION_TYPE, slugifiedstring, i, key, value : RECURRENT recurrent-capetown-30-1-2-3-4-5-6-7-8-9-10-11-12-13-14-15-16-17-18-19-20-21-22-23-24 9 m -0.0006822647517358333
config.CONGESTION_TYPE, slugifiedstring, i, key, value : RECURRENT recurrent-capetown-30-1-2-3-4-5-6-7-8-9-10-11-12-13-14-15-16-17-18-19-20-21-22-23-24 10 metered_count -0.0029838324387625593
config.CONGESTION_TYPE, slugifiedstring, i, key, value : RECURRENT recurrent-capetown-30-1-2-3-4-5-6-7-8-9-10-11-12-13-14-15-16-17-18-19-20-21-22-23-24 11 mean_lanes 0.0006355443129910103
config.CONGESTION_TYPE, slugifiedstring, i, key, value : RECURRENT recurrent-capetown-30-1-2-3-4-5-6-7-8-9-10-11-12-13-14-15-16-17-18-19-20-21-22-23-24 12 streets_per_node_count_5 -0.00038921090944102197
config.CONGESTION_TYPE, slugifiedstring, i, key, value : RECURRENT recurrent-capetown-30-1-2-3-4-5-6-7-8-9-10-11-12-13-14-15-16-17-18-19-20-21-22-23-24 13 total_crossings -0.0033927651643050976
config.CONGESTION_TYPE, slugifiedstring, i, key, value : RECURRENT recurrent-capetown-30-1-2-3-4-5-6-7-8-9-10-11-12-13-14-15-16-17-18-19-20-21-22-23-24 14 streets_per_node_avg -0.0008482955426450734
config.CONGESTION_TYPE, slugifiedstring, i, key, value : RECURRENT recurrent-capetown-30-1-2-3-4-5-6-7-8-9-10-11-12-13-14-15-16-17-18-19-20-21-22-23-24 15 non_metered_count -0.0023475570994796464
config.CONGESTION_TYPE, slugifiedstring, i, key, value : RECURRENT recurrent-capetown-30-1-2-3-4-5-6-7-8-9-10-11-12-13-14-15-16-17-18-19-20-21-22-23-24 16 global_betweenness 0.000671438981773539
SHAP Values for each feature:
Slug                           Feature Name         Mean Abs SHAP Value
SHAP-- recurrent-capetown-30-1-2-3-4-5-6-7-8-9-10-11-12-13-14-15-16-17-18-19-20-21-22-23-24 streets_per_node_count_3          0.0371
SHAP-- recurrent-capetown-30-1-2-3-4-5-6-7-8-9-10-11-12-13-14-15-16-17-18-19-20-21-22-23-24 streets_per_node_count_6          0.0296
SHAP-- recurrent-capetown-30-1-2-3-4-5-6-7-8-9-10-11-12-13-14-15-16-17-18-19-20-21-22-23-24 streets_per_node_count_4          0.0000
SHAP-- recurrent-capetown-30-1-2-3-4-5-6-7-8-9-10-11-12-13-14-15-16-17-18-19-20-21-22-23-24 circuity_avg                  0.0023
SHAP-- recurrent-capetown-30-1-2-3-4-5-6-7-8-9-10-11-12-13-14-15-16-17-18-19-20-21-22-23-24 streets_per_node_count_1          0.0000
SHAP-- recurrent-capetown-30-1-2-3-4-5-6-7-8-9-10-11-12-13-14-15-16-17-18-19-20-21-22-23-24 streets_per_node_count_2          0.0098
SHAP-- recurrent-capetown-30-1-2-3-4-5-6-7-8-9-10-11-12-13-14-15-16-17-18-19-20-21-22-23-24 betweenness                   0.0094
SHAP-- recurrent-capetown-30-1-2-3-4-5-6-7-8-9-10-11-12-13-14-15-16-17-18-19-20-21-22-23-24 n                             0.0146
SHAP-- recurrent-capetown-30-1-2-3-4-5-6-7-8-9-10-11-12-13-14-15-16-17-18-19-20-21-22-23-24 k_avg                         0.0075
SHAP-- recurrent-capetown-30-1-2-3-4-5-6-7-8-9-10-11-12-13-14-15-16-17-18-19-20-21-22-23-24 m                             0.0117
SHAP-- recurrent-capetown-30-1-2-3-4-5-6-7-8-9-10-11-12-13-14-15-16-17-18-19-20-21-22-23-24 metered_count                 0.0495
SHAP-- recurrent-capetown-30-1-2-3-4-5-6-7-8-9-10-11-12-13-14-15-16-17-18-19-20-21-22-23-24 mean_lanes                    0.0085
SHAP-- recurrent-capetown-30-1-2-3-4-5-6-7-8-9-10-11-12-13-14-15-16-17-18-19-20-21-22-23-24 streets_per_node_count_5          0.0105
SHAP-- recurrent-capetown-30-1-2-3-4-5-6-7-8-9-10-11-12-13-14-15-16-17-18-19-20-21-22-23-24 total_crossings               0.0720
SHAP-- recurrent-capetown-30-1-2-3-4-5-6-7-8-9-10-11-12-13-14-15-16-17-18-19-20-21-22-23-24 streets_per_node_avg          0.0251
SHAP-- recurrent-capetown-30-1-2-3-4-5-6-7-8-9-10-11-12-13-14-15-16-17-18-19-20-21-22-23-24 non_metered_count             0.0504
SHAP-- recurrent-capetown-30-1-2-3-4-5-6-7-8-9-10-11-12-13-14-15-16-17-18-19-20-21-22-23-24 global_betweenness            0.0109
RECURRENT Capetown 30 LR 0.46971050712226287 XpVar
RECURRENT Capetown 30 RF 0.5321570967232453 XpVar
RECURRENT Capetown 30 GBM 0.41523345328316197 XpVar
RECURRENT Capetown 30 LLR 1.586032892321652e-17 XpVar
RECURRENT Capetown 30 RLR 0.4733640298775498 XpVar
RECURRENT Capetown 30 LR 0.07425411287193491 MSE
RECURRENT Capetown 30 RF 0.06701442874460951 MSE
RECURRENT Capetown 30 GBM 0.08427190676201927 MSE
RECURRENT Capetown 30 LLR 0.13975166064099068 MSE
RECURRENT Capetown 30 RLR 0.07392748454669298 MSE
RECURRENT Capetown 30 LR 0.4593458732512953 R2
RECURRENT Capetown 30 RF 0.5099751776749646 R2
RECURRENT Capetown 30 GBM 0.3919030903517942 R2
RECURRENT Capetown 30 LLR -0.015091637037559526 R2
RECURRENT Capetown 30 RLR 0.46171032771714965 R2
t_spatial, t_non_spatial, "seconds" : 1.430511474609375e-06 288.80153703689575 seconds
sorted_percentage_nan_per_column : maxspeed                         2.755267
n                                0.000000
lane_density                     0.000000
streets_per_node_proportion_6    0.000000
streets_per_node_count_6         0.000000
streets_per_node_proportion_5    0.000000
streets_per_node_count_5         0.000000
streets_per_node_proportion_4    0.000000
streets_per_node_count_4         0.000000
streets_per_node_proportion_3    0.000000
streets_per_node_count_3         0.000000
streets_per_node_proportion_2    0.000000
streets_per_node_count_2         0.000000
streets_per_node_proportion_1    0.000000
streets_per_node_count_1         0.000000
mean_lanes                       0.000000
m                                0.000000
betweenness                      0.000000
total_crossings                  0.000000
non_metered_count                0.000000
metered_count                    0.000000
self_loop_proportion             0.000000
circuity_avg                     0.000000
street_length_avg                0.000000
street_segment_count             0.000000
street_length_total              0.000000
streets_per_node_avg             0.000000
edge_length_avg                  0.000000
edge_length_total                0.000000
k_avg                            0.000000
global_betweenness               0.000000
dtype: float64
city, scale, tod, config.shift_tile_marker, X.shape, Y.shape : Capetown 40 [1, 2, 3, 4, 5, 6, 7, 8, 9, 10, 11, 12, 13, 14, 15, 16, 17, 18, 19, 20, 21, 22, 23, 24] 3 (617, 17) (617,)
X.shape, Y.shape, "Inside the model-fitting function" : (617, 17) (617,) Inside the model-fitting function
Dict: model_trials.best_params_
Key: Value
{'randomforestregressor__max_depth': 10,
 'randomforestregressor__max_features': 'sqrt',
 'randomforestregressor__n_estimators': 1000}
Dict: model_trials.best_params_
Key: Value
{'xgbregressor__learning_rate': 0.01,
 'xgbregressor__max_depth': 10,
 'xgbregressor__n_estimators': 200}
Matplotlib is currently using agg, which is a non-GUI backend, so cannot show the figure.
Matplotlib is currently using agg, which is a non-GUI backend, so cannot show the figure.
Matplotlib is currently using agg, which is a non-GUI backend, so cannot show the figure.
config.CONGESTION_TYPE, slugifiedstring, i, key, value : RECURRENT recurrent-capetown-40-1-2-3-4-5-6-7-8-9-10-11-12-13-14-15-16-17-18-19-20-21-22-23-24 0 streets_per_node_count_3 -0.0011090833355411186
config.CONGESTION_TYPE, slugifiedstring, i, key, value : RECURRENT recurrent-capetown-40-1-2-3-4-5-6-7-8-9-10-11-12-13-14-15-16-17-18-19-20-21-22-23-24 1 streets_per_node_count_6 -0.0009534170244635779
config.CONGESTION_TYPE, slugifiedstring, i, key, value : RECURRENT recurrent-capetown-40-1-2-3-4-5-6-7-8-9-10-11-12-13-14-15-16-17-18-19-20-21-22-23-24 2 streets_per_node_count_4 0
config.CONGESTION_TYPE, slugifiedstring, i, key, value : RECURRENT recurrent-capetown-40-1-2-3-4-5-6-7-8-9-10-11-12-13-14-15-16-17-18-19-20-21-22-23-24 3 circuity_avg -0.0006915348335582487
config.CONGESTION_TYPE, slugifiedstring, i, key, value : RECURRENT recurrent-capetown-40-1-2-3-4-5-6-7-8-9-10-11-12-13-14-15-16-17-18-19-20-21-22-23-24 4 streets_per_node_count_1 0
config.CONGESTION_TYPE, slugifiedstring, i, key, value : RECURRENT recurrent-capetown-40-1-2-3-4-5-6-7-8-9-10-11-12-13-14-15-16-17-18-19-20-21-22-23-24 5 streets_per_node_count_2 -0.0004309902067921131
config.CONGESTION_TYPE, slugifiedstring, i, key, value : RECURRENT recurrent-capetown-40-1-2-3-4-5-6-7-8-9-10-11-12-13-14-15-16-17-18-19-20-21-22-23-24 6 betweenness 0.0014025325419335741
config.CONGESTION_TYPE, slugifiedstring, i, key, value : RECURRENT recurrent-capetown-40-1-2-3-4-5-6-7-8-9-10-11-12-13-14-15-16-17-18-19-20-21-22-23-24 7 n -0.0005779797056890535
config.CONGESTION_TYPE, slugifiedstring, i, key, value : RECURRENT recurrent-capetown-40-1-2-3-4-5-6-7-8-9-10-11-12-13-14-15-16-17-18-19-20-21-22-23-24 8 k_avg -0.00036897973113820187
config.CONGESTION_TYPE, slugifiedstring, i, key, value : RECURRENT recurrent-capetown-40-1-2-3-4-5-6-7-8-9-10-11-12-13-14-15-16-17-18-19-20-21-22-23-24 9 m -0.00038824378571206353
config.CONGESTION_TYPE, slugifiedstring, i, key, value : RECURRENT recurrent-capetown-40-1-2-3-4-5-6-7-8-9-10-11-12-13-14-15-16-17-18-19-20-21-22-23-24 10 metered_count -0.0027174547353281497
config.CONGESTION_TYPE, slugifiedstring, i, key, value : RECURRENT recurrent-capetown-40-1-2-3-4-5-6-7-8-9-10-11-12-13-14-15-16-17-18-19-20-21-22-23-24 11 mean_lanes 0.0002719500588599919
config.CONGESTION_TYPE, slugifiedstring, i, key, value : RECURRENT recurrent-capetown-40-1-2-3-4-5-6-7-8-9-10-11-12-13-14-15-16-17-18-19-20-21-22-23-24 12 streets_per_node_count_5 0.0005670252445976197
config.CONGESTION_TYPE, slugifiedstring, i, key, value : RECURRENT recurrent-capetown-40-1-2-3-4-5-6-7-8-9-10-11-12-13-14-15-16-17-18-19-20-21-22-23-24 13 total_crossings -0.002878592372783368
config.CONGESTION_TYPE, slugifiedstring, i, key, value : RECURRENT recurrent-capetown-40-1-2-3-4-5-6-7-8-9-10-11-12-13-14-15-16-17-18-19-20-21-22-23-24 14 streets_per_node_avg -0.0010082364420551542
config.CONGESTION_TYPE, slugifiedstring, i, key, value : RECURRENT recurrent-capetown-40-1-2-3-4-5-6-7-8-9-10-11-12-13-14-15-16-17-18-19-20-21-22-23-24 15 non_metered_count -0.0012987123053097016
config.CONGESTION_TYPE, slugifiedstring, i, key, value : RECURRENT recurrent-capetown-40-1-2-3-4-5-6-7-8-9-10-11-12-13-14-15-16-17-18-19-20-21-22-23-24 16 global_betweenness 0.00036523665489167936
SHAP Values for each feature:
Slug                           Feature Name         Mean Abs SHAP Value
SHAP-- recurrent-capetown-40-1-2-3-4-5-6-7-8-9-10-11-12-13-14-15-16-17-18-19-20-21-22-23-24 streets_per_node_count_3          0.0432
SHAP-- recurrent-capetown-40-1-2-3-4-5-6-7-8-9-10-11-12-13-14-15-16-17-18-19-20-21-22-23-24 streets_per_node_count_6          0.0271
SHAP-- recurrent-capetown-40-1-2-3-4-5-6-7-8-9-10-11-12-13-14-15-16-17-18-19-20-21-22-23-24 streets_per_node_count_4          0.0000
SHAP-- recurrent-capetown-40-1-2-3-4-5-6-7-8-9-10-11-12-13-14-15-16-17-18-19-20-21-22-23-24 circuity_avg                  0.0034
SHAP-- recurrent-capetown-40-1-2-3-4-5-6-7-8-9-10-11-12-13-14-15-16-17-18-19-20-21-22-23-24 streets_per_node_count_1          0.0000
SHAP-- recurrent-capetown-40-1-2-3-4-5-6-7-8-9-10-11-12-13-14-15-16-17-18-19-20-21-22-23-24 streets_per_node_count_2          0.0066
SHAP-- recurrent-capetown-40-1-2-3-4-5-6-7-8-9-10-11-12-13-14-15-16-17-18-19-20-21-22-23-24 betweenness                   0.0112
SHAP-- recurrent-capetown-40-1-2-3-4-5-6-7-8-9-10-11-12-13-14-15-16-17-18-19-20-21-22-23-24 n                             0.0073
SHAP-- recurrent-capetown-40-1-2-3-4-5-6-7-8-9-10-11-12-13-14-15-16-17-18-19-20-21-22-23-24 k_avg                         0.0112
SHAP-- recurrent-capetown-40-1-2-3-4-5-6-7-8-9-10-11-12-13-14-15-16-17-18-19-20-21-22-23-24 m                             0.0120
SHAP-- recurrent-capetown-40-1-2-3-4-5-6-7-8-9-10-11-12-13-14-15-16-17-18-19-20-21-22-23-24 metered_count                 0.0728
SHAP-- recurrent-capetown-40-1-2-3-4-5-6-7-8-9-10-11-12-13-14-15-16-17-18-19-20-21-22-23-24 mean_lanes                    0.0074
SHAP-- recurrent-capetown-40-1-2-3-4-5-6-7-8-9-10-11-12-13-14-15-16-17-18-19-20-21-22-23-24 streets_per_node_count_5          0.0083
SHAP-- recurrent-capetown-40-1-2-3-4-5-6-7-8-9-10-11-12-13-14-15-16-17-18-19-20-21-22-23-24 total_crossings               0.0737
SHAP-- recurrent-capetown-40-1-2-3-4-5-6-7-8-9-10-11-12-13-14-15-16-17-18-19-20-21-22-23-24 streets_per_node_avg          0.0344
SHAP-- recurrent-capetown-40-1-2-3-4-5-6-7-8-9-10-11-12-13-14-15-16-17-18-19-20-21-22-23-24 non_metered_count             0.0339
SHAP-- recurrent-capetown-40-1-2-3-4-5-6-7-8-9-10-11-12-13-14-15-16-17-18-19-20-21-22-23-24 global_betweenness            0.0091
RECURRENT Capetown 40 LR 0.3538622145183692 XpVar
RECURRENT Capetown 40 RF 0.47940468104586925 XpVar
RECURRENT Capetown 40 GBM 0.4007760816704806 XpVar
RECURRENT Capetown 40 LLR 0.0 XpVar
RECURRENT Capetown 40 RLR 0.35899289924439215 XpVar
RECURRENT Capetown 40 LR 0.10416489098426614 MSE
RECURRENT Capetown 40 RF 0.08442315211342057 MSE
RECURRENT Capetown 40 GBM 0.09649953636097959 MSE
RECURRENT Capetown 40 LLR 0.16115143654581257 MSE
RECURRENT Capetown 40 RLR 0.10333661216504562 MSE
RECURRENT Capetown 40 LR 0.34365217994041863 R2
RECURRENT Capetown 40 RF 0.47028972278838704 R2
RECURRENT Capetown 40 GBM 0.39337538789691456 R2
RECURRENT Capetown 40 LLR -0.010882069819374436 R2
RECURRENT Capetown 40 RLR 0.3488476299137169 R2
t_spatial, t_non_spatial, "seconds" : 1.6689300537109375e-06 398.4218873977661 seconds
sorted_percentage_nan_per_column : maxspeed                         3.599649
n                                0.000000
lane_density                     0.000000
streets_per_node_proportion_6    0.000000
streets_per_node_count_6         0.000000
streets_per_node_proportion_5    0.000000
streets_per_node_count_5         0.000000
streets_per_node_proportion_4    0.000000
streets_per_node_count_4         0.000000
streets_per_node_proportion_3    0.000000
streets_per_node_count_3         0.000000
streets_per_node_proportion_2    0.000000
streets_per_node_count_2         0.000000
streets_per_node_proportion_1    0.000000
streets_per_node_count_1         0.000000
mean_lanes                       0.000000
m                                0.000000
betweenness                      0.000000
total_crossings                  0.000000
non_metered_count                0.000000
metered_count                    0.000000
self_loop_proportion             0.000000
circuity_avg                     0.000000
street_length_avg                0.000000
street_segment_count             0.000000
street_length_total              0.000000
streets_per_node_avg             0.000000
edge_length_avg                  0.000000
edge_length_total                0.000000
k_avg                            0.000000
global_betweenness               0.000000
dtype: float64
city, scale, tod, config.shift_tile_marker, X.shape, Y.shape : Capetown 60 [1, 2, 3, 4, 5, 6, 7, 8, 9, 10, 11, 12, 13, 14, 15, 16, 17, 18, 19, 20, 21, 22, 23, 24] 3 (1139, 17) (1139,)
X.shape, Y.shape, "Inside the model-fitting function" : (1139, 17) (1139,) Inside the model-fitting function
Dict: model_trials.best_params_
Key: Value
{'randomforestregressor__max_depth': 10,
 'randomforestregressor__max_features': 'sqrt',
 'randomforestregressor__n_estimators': 400}
Dict: model_trials.best_params_
Key: Value
{'xgbregressor__learning_rate': 0.01,
 'xgbregressor__max_depth': 10,
 'xgbregressor__n_estimators': 200}
Matplotlib is currently using agg, which is a non-GUI backend, so cannot show the figure.
Matplotlib is currently using agg, which is a non-GUI backend, so cannot show the figure.
Matplotlib is currently using agg, which is a non-GUI backend, so cannot show the figure.
config.CONGESTION_TYPE, slugifiedstring, i, key, value : RECURRENT recurrent-capetown-60-1-2-3-4-5-6-7-8-9-10-11-12-13-14-15-16-17-18-19-20-21-22-23-24 0 streets_per_node_count_3 -0.0006383075139132905
config.CONGESTION_TYPE, slugifiedstring, i, key, value : RECURRENT recurrent-capetown-60-1-2-3-4-5-6-7-8-9-10-11-12-13-14-15-16-17-18-19-20-21-22-23-24 1 streets_per_node_count_6 -0.0004268367190506808
config.CONGESTION_TYPE, slugifiedstring, i, key, value : RECURRENT recurrent-capetown-60-1-2-3-4-5-6-7-8-9-10-11-12-13-14-15-16-17-18-19-20-21-22-23-24 2 streets_per_node_count_4 0
config.CONGESTION_TYPE, slugifiedstring, i, key, value : RECURRENT recurrent-capetown-60-1-2-3-4-5-6-7-8-9-10-11-12-13-14-15-16-17-18-19-20-21-22-23-24 3 circuity_avg -0.00029560657431186994
config.CONGESTION_TYPE, slugifiedstring, i, key, value : RECURRENT recurrent-capetown-60-1-2-3-4-5-6-7-8-9-10-11-12-13-14-15-16-17-18-19-20-21-22-23-24 4 streets_per_node_count_1 0
config.CONGESTION_TYPE, slugifiedstring, i, key, value : RECURRENT recurrent-capetown-60-1-2-3-4-5-6-7-8-9-10-11-12-13-14-15-16-17-18-19-20-21-22-23-24 5 streets_per_node_count_2 -0.0001975504036267584
config.CONGESTION_TYPE, slugifiedstring, i, key, value : RECURRENT recurrent-capetown-60-1-2-3-4-5-6-7-8-9-10-11-12-13-14-15-16-17-18-19-20-21-22-23-24 6 betweenness -0.00044381434863417004
config.CONGESTION_TYPE, slugifiedstring, i, key, value : RECURRENT recurrent-capetown-60-1-2-3-4-5-6-7-8-9-10-11-12-13-14-15-16-17-18-19-20-21-22-23-24 7 n -0.0003505002656590268
config.CONGESTION_TYPE, slugifiedstring, i, key, value : RECURRENT recurrent-capetown-60-1-2-3-4-5-6-7-8-9-10-11-12-13-14-15-16-17-18-19-20-21-22-23-24 8 k_avg -0.00034589165221742614
config.CONGESTION_TYPE, slugifiedstring, i, key, value : RECURRENT recurrent-capetown-60-1-2-3-4-5-6-7-8-9-10-11-12-13-14-15-16-17-18-19-20-21-22-23-24 9 m -0.00034042332403668135
config.CONGESTION_TYPE, slugifiedstring, i, key, value : RECURRENT recurrent-capetown-60-1-2-3-4-5-6-7-8-9-10-11-12-13-14-15-16-17-18-19-20-21-22-23-24 10 metered_count -0.0019374320235955094
config.CONGESTION_TYPE, slugifiedstring, i, key, value : RECURRENT recurrent-capetown-60-1-2-3-4-5-6-7-8-9-10-11-12-13-14-15-16-17-18-19-20-21-22-23-24 11 mean_lanes -0.0007932440664716413
config.CONGESTION_TYPE, slugifiedstring, i, key, value : RECURRENT recurrent-capetown-60-1-2-3-4-5-6-7-8-9-10-11-12-13-14-15-16-17-18-19-20-21-22-23-24 12 streets_per_node_count_5 -0.0002890051197454831
config.CONGESTION_TYPE, slugifiedstring, i, key, value : RECURRENT recurrent-capetown-60-1-2-3-4-5-6-7-8-9-10-11-12-13-14-15-16-17-18-19-20-21-22-23-24 13 total_crossings -0.002356996926082282
config.CONGESTION_TYPE, slugifiedstring, i, key, value : RECURRENT recurrent-capetown-60-1-2-3-4-5-6-7-8-9-10-11-12-13-14-15-16-17-18-19-20-21-22-23-24 14 streets_per_node_avg -0.0004470264155123757
config.CONGESTION_TYPE, slugifiedstring, i, key, value : RECURRENT recurrent-capetown-60-1-2-3-4-5-6-7-8-9-10-11-12-13-14-15-16-17-18-19-20-21-22-23-24 15 non_metered_count -0.0009383799913943258
config.CONGESTION_TYPE, slugifiedstring, i, key, value : RECURRENT recurrent-capetown-60-1-2-3-4-5-6-7-8-9-10-11-12-13-14-15-16-17-18-19-20-21-22-23-24 16 global_betweenness 0.0004169571912007332
SHAP Values for each feature:
Slug                           Feature Name         Mean Abs SHAP Value
SHAP-- recurrent-capetown-60-1-2-3-4-5-6-7-8-9-10-11-12-13-14-15-16-17-18-19-20-21-22-23-24 streets_per_node_count_3          0.0388
SHAP-- recurrent-capetown-60-1-2-3-4-5-6-7-8-9-10-11-12-13-14-15-16-17-18-19-20-21-22-23-24 streets_per_node_count_6          0.0199
SHAP-- recurrent-capetown-60-1-2-3-4-5-6-7-8-9-10-11-12-13-14-15-16-17-18-19-20-21-22-23-24 streets_per_node_count_4          0.0000
SHAP-- recurrent-capetown-60-1-2-3-4-5-6-7-8-9-10-11-12-13-14-15-16-17-18-19-20-21-22-23-24 circuity_avg                  0.0029
SHAP-- recurrent-capetown-60-1-2-3-4-5-6-7-8-9-10-11-12-13-14-15-16-17-18-19-20-21-22-23-24 streets_per_node_count_1          0.0000
SHAP-- recurrent-capetown-60-1-2-3-4-5-6-7-8-9-10-11-12-13-14-15-16-17-18-19-20-21-22-23-24 streets_per_node_count_2          0.0135
SHAP-- recurrent-capetown-60-1-2-3-4-5-6-7-8-9-10-11-12-13-14-15-16-17-18-19-20-21-22-23-24 betweenness                   0.0091
SHAP-- recurrent-capetown-60-1-2-3-4-5-6-7-8-9-10-11-12-13-14-15-16-17-18-19-20-21-22-23-24 n                             0.0192
SHAP-- recurrent-capetown-60-1-2-3-4-5-6-7-8-9-10-11-12-13-14-15-16-17-18-19-20-21-22-23-24 k_avg                         0.0142
SHAP-- recurrent-capetown-60-1-2-3-4-5-6-7-8-9-10-11-12-13-14-15-16-17-18-19-20-21-22-23-24 m                             0.0181
SHAP-- recurrent-capetown-60-1-2-3-4-5-6-7-8-9-10-11-12-13-14-15-16-17-18-19-20-21-22-23-24 metered_count                 0.0868
SHAP-- recurrent-capetown-60-1-2-3-4-5-6-7-8-9-10-11-12-13-14-15-16-17-18-19-20-21-22-23-24 mean_lanes                    0.0091
SHAP-- recurrent-capetown-60-1-2-3-4-5-6-7-8-9-10-11-12-13-14-15-16-17-18-19-20-21-22-23-24 streets_per_node_count_5          0.0089
SHAP-- recurrent-capetown-60-1-2-3-4-5-6-7-8-9-10-11-12-13-14-15-16-17-18-19-20-21-22-23-24 total_crossings               0.0839
SHAP-- recurrent-capetown-60-1-2-3-4-5-6-7-8-9-10-11-12-13-14-15-16-17-18-19-20-21-22-23-24 streets_per_node_avg          0.0217
SHAP-- recurrent-capetown-60-1-2-3-4-5-6-7-8-9-10-11-12-13-14-15-16-17-18-19-20-21-22-23-24 non_metered_count             0.0352
SHAP-- recurrent-capetown-60-1-2-3-4-5-6-7-8-9-10-11-12-13-14-15-16-17-18-19-20-21-22-23-24 global_betweenness            0.0129
RECURRENT Capetown 60 LR 0.3311553775622156 XpVar
RECURRENT Capetown 60 RF 0.43224572899119046 XpVar
RECURRENT Capetown 60 GBM 0.360461151747073 XpVar
RECURRENT Capetown 60 LLR 6.344131569286608e-17 XpVar
RECURRENT Capetown 60 RLR 0.3329821781885415 XpVar
RECURRENT Capetown 60 LR 0.12766946546013203 MSE
RECURRENT Capetown 60 RF 0.10733018382107316 MSE
RECURRENT Capetown 60 GBM 0.12091828783178804 MSE
RECURRENT Capetown 60 LLR 0.18970652178462122 MSE
RECURRENT Capetown 60 RLR 0.1273199488495258 MSE
RECURRENT Capetown 60 LR 0.3280411015021508 R2
RECURRENT Capetown 60 RF 0.4303853374112964 R2
RECURRENT Capetown 60 GBM 0.3587299812374046 R2
RECURRENT Capetown 60 LLR -0.004596086948100574 R2
RECURRENT Capetown 60 RLR 0.3299095356677441 R2
t_spatial, t_non_spatial, "seconds" : 1.1920928955078125e-06 632.468003988266 seconds
sorted_percentage_nan_per_column : maxspeed                         4.132231
n                                0.000000
lane_density                     0.000000
streets_per_node_proportion_6    0.000000
streets_per_node_count_6         0.000000
streets_per_node_proportion_5    0.000000
streets_per_node_count_5         0.000000
streets_per_node_proportion_4    0.000000
streets_per_node_count_4         0.000000
streets_per_node_proportion_3    0.000000
streets_per_node_count_3         0.000000
streets_per_node_proportion_2    0.000000
streets_per_node_count_2         0.000000
streets_per_node_proportion_1    0.000000
streets_per_node_count_1         0.000000
mean_lanes                       0.000000
m                                0.000000
betweenness                      0.000000
total_crossings                  0.000000
non_metered_count                0.000000
metered_count                    0.000000
self_loop_proportion             0.000000
circuity_avg                     0.000000
street_length_avg                0.000000
street_segment_count             0.000000
street_length_total              0.000000
streets_per_node_avg             0.000000
edge_length_avg                  0.000000
edge_length_total                0.000000
k_avg                            0.000000
global_betweenness               0.000000
dtype: float64
city, scale, tod, config.shift_tile_marker, X.shape, Y.shape : Capetown 70 [1, 2, 3, 4, 5, 6, 7, 8, 9, 10, 11, 12, 13, 14, 15, 16, 17, 18, 19, 20, 21, 22, 23, 24] 3 (1452, 17) (1452,)
X.shape, Y.shape, "Inside the model-fitting function" : (1452, 17) (1452,) Inside the model-fitting function
Dict: model_trials.best_params_
Key: Value
{'randomforestregressor__max_depth': 10,
 'randomforestregressor__max_features': 'sqrt',
 'randomforestregressor__n_estimators': 1000}
Dict: model_trials.best_params_
Key: Value
{'xgbregressor__learning_rate': 0.01,
 'xgbregressor__max_depth': 10,
 'xgbregressor__n_estimators': 300}
Matplotlib is currently using agg, which is a non-GUI backend, so cannot show the figure.
Matplotlib is currently using agg, which is a non-GUI backend, so cannot show the figure.
Matplotlib is currently using agg, which is a non-GUI backend, so cannot show the figure.
config.CONGESTION_TYPE, slugifiedstring, i, key, value : RECURRENT recurrent-capetown-70-1-2-3-4-5-6-7-8-9-10-11-12-13-14-15-16-17-18-19-20-21-22-23-24 0 streets_per_node_count_3 -0.0005839620154174668
config.CONGESTION_TYPE, slugifiedstring, i, key, value : RECURRENT recurrent-capetown-70-1-2-3-4-5-6-7-8-9-10-11-12-13-14-15-16-17-18-19-20-21-22-23-24 1 streets_per_node_count_6 -0.0004643092372698013
config.CONGESTION_TYPE, slugifiedstring, i, key, value : RECURRENT recurrent-capetown-70-1-2-3-4-5-6-7-8-9-10-11-12-13-14-15-16-17-18-19-20-21-22-23-24 2 streets_per_node_count_4 0
config.CONGESTION_TYPE, slugifiedstring, i, key, value : RECURRENT recurrent-capetown-70-1-2-3-4-5-6-7-8-9-10-11-12-13-14-15-16-17-18-19-20-21-22-23-24 3 circuity_avg 0.001098155915451394
config.CONGESTION_TYPE, slugifiedstring, i, key, value : RECURRENT recurrent-capetown-70-1-2-3-4-5-6-7-8-9-10-11-12-13-14-15-16-17-18-19-20-21-22-23-24 4 streets_per_node_count_1 0
config.CONGESTION_TYPE, slugifiedstring, i, key, value : RECURRENT recurrent-capetown-70-1-2-3-4-5-6-7-8-9-10-11-12-13-14-15-16-17-18-19-20-21-22-23-24 5 streets_per_node_count_2 -0.0001401284340863865
config.CONGESTION_TYPE, slugifiedstring, i, key, value : RECURRENT recurrent-capetown-70-1-2-3-4-5-6-7-8-9-10-11-12-13-14-15-16-17-18-19-20-21-22-23-24 6 betweenness -0.00023604948654996343
config.CONGESTION_TYPE, slugifiedstring, i, key, value : RECURRENT recurrent-capetown-70-1-2-3-4-5-6-7-8-9-10-11-12-13-14-15-16-17-18-19-20-21-22-23-24 7 n -0.00021398166166851801
config.CONGESTION_TYPE, slugifiedstring, i, key, value : RECURRENT recurrent-capetown-70-1-2-3-4-5-6-7-8-9-10-11-12-13-14-15-16-17-18-19-20-21-22-23-24 8 k_avg -0.0003268636579264843
config.CONGESTION_TYPE, slugifiedstring, i, key, value : RECURRENT recurrent-capetown-70-1-2-3-4-5-6-7-8-9-10-11-12-13-14-15-16-17-18-19-20-21-22-23-24 9 m -0.00025097923832694626
config.CONGESTION_TYPE, slugifiedstring, i, key, value : RECURRENT recurrent-capetown-70-1-2-3-4-5-6-7-8-9-10-11-12-13-14-15-16-17-18-19-20-21-22-23-24 10 metered_count -0.003422246315709533
config.CONGESTION_TYPE, slugifiedstring, i, key, value : RECURRENT recurrent-capetown-70-1-2-3-4-5-6-7-8-9-10-11-12-13-14-15-16-17-18-19-20-21-22-23-24 11 mean_lanes -0.00035976259185161683
config.CONGESTION_TYPE, slugifiedstring, i, key, value : RECURRENT recurrent-capetown-70-1-2-3-4-5-6-7-8-9-10-11-12-13-14-15-16-17-18-19-20-21-22-23-24 12 streets_per_node_count_5 -0.00023136841318803595
config.CONGESTION_TYPE, slugifiedstring, i, key, value : RECURRENT recurrent-capetown-70-1-2-3-4-5-6-7-8-9-10-11-12-13-14-15-16-17-18-19-20-21-22-23-24 13 total_crossings -0.0015126205370441816
config.CONGESTION_TYPE, slugifiedstring, i, key, value : RECURRENT recurrent-capetown-70-1-2-3-4-5-6-7-8-9-10-11-12-13-14-15-16-17-18-19-20-21-22-23-24 14 streets_per_node_avg -0.0006486222004780056
config.CONGESTION_TYPE, slugifiedstring, i, key, value : RECURRENT recurrent-capetown-70-1-2-3-4-5-6-7-8-9-10-11-12-13-14-15-16-17-18-19-20-21-22-23-24 15 non_metered_count -0.0007739896753585363
config.CONGESTION_TYPE, slugifiedstring, i, key, value : RECURRENT recurrent-capetown-70-1-2-3-4-5-6-7-8-9-10-11-12-13-14-15-16-17-18-19-20-21-22-23-24 16 global_betweenness 0.0006357222755488904
SHAP Values for each feature:
Slug                           Feature Name         Mean Abs SHAP Value
SHAP-- recurrent-capetown-70-1-2-3-4-5-6-7-8-9-10-11-12-13-14-15-16-17-18-19-20-21-22-23-24 streets_per_node_count_3          0.0452
SHAP-- recurrent-capetown-70-1-2-3-4-5-6-7-8-9-10-11-12-13-14-15-16-17-18-19-20-21-22-23-24 streets_per_node_count_6          0.0227
SHAP-- recurrent-capetown-70-1-2-3-4-5-6-7-8-9-10-11-12-13-14-15-16-17-18-19-20-21-22-23-24 streets_per_node_count_4          0.0000
SHAP-- recurrent-capetown-70-1-2-3-4-5-6-7-8-9-10-11-12-13-14-15-16-17-18-19-20-21-22-23-24 circuity_avg                  0.0035
SHAP-- recurrent-capetown-70-1-2-3-4-5-6-7-8-9-10-11-12-13-14-15-16-17-18-19-20-21-22-23-24 streets_per_node_count_1          0.0000
SHAP-- recurrent-capetown-70-1-2-3-4-5-6-7-8-9-10-11-12-13-14-15-16-17-18-19-20-21-22-23-24 streets_per_node_count_2          0.0097
SHAP-- recurrent-capetown-70-1-2-3-4-5-6-7-8-9-10-11-12-13-14-15-16-17-18-19-20-21-22-23-24 betweenness                   0.0140
SHAP-- recurrent-capetown-70-1-2-3-4-5-6-7-8-9-10-11-12-13-14-15-16-17-18-19-20-21-22-23-24 n                             0.0165
SHAP-- recurrent-capetown-70-1-2-3-4-5-6-7-8-9-10-11-12-13-14-15-16-17-18-19-20-21-22-23-24 k_avg                         0.0106
SHAP-- recurrent-capetown-70-1-2-3-4-5-6-7-8-9-10-11-12-13-14-15-16-17-18-19-20-21-22-23-24 m                             0.0173
SHAP-- recurrent-capetown-70-1-2-3-4-5-6-7-8-9-10-11-12-13-14-15-16-17-18-19-20-21-22-23-24 metered_count                 0.0907
SHAP-- recurrent-capetown-70-1-2-3-4-5-6-7-8-9-10-11-12-13-14-15-16-17-18-19-20-21-22-23-24 mean_lanes                    0.0094
SHAP-- recurrent-capetown-70-1-2-3-4-5-6-7-8-9-10-11-12-13-14-15-16-17-18-19-20-21-22-23-24 streets_per_node_count_5          0.0129
SHAP-- recurrent-capetown-70-1-2-3-4-5-6-7-8-9-10-11-12-13-14-15-16-17-18-19-20-21-22-23-24 total_crossings               0.0745
SHAP-- recurrent-capetown-70-1-2-3-4-5-6-7-8-9-10-11-12-13-14-15-16-17-18-19-20-21-22-23-24 streets_per_node_avg          0.0316
SHAP-- recurrent-capetown-70-1-2-3-4-5-6-7-8-9-10-11-12-13-14-15-16-17-18-19-20-21-22-23-24 non_metered_count             0.0347
SHAP-- recurrent-capetown-70-1-2-3-4-5-6-7-8-9-10-11-12-13-14-15-16-17-18-19-20-21-22-23-24 global_betweenness            0.0102
RECURRENT Capetown 70 LR 0.31305899025581235 XpVar
RECURRENT Capetown 70 RF 0.4226704927332233 XpVar
RECURRENT Capetown 70 GBM 0.3593610558763337 XpVar
RECURRENT Capetown 70 LLR -7.930164461608261e-17 XpVar
RECURRENT Capetown 70 RLR 0.31340261750727383 XpVar
RECURRENT Capetown 70 LR 0.14502567494954427 MSE
RECURRENT Capetown 70 RF 0.1216238526359902 MSE
RECURRENT Capetown 70 GBM 0.1351600242499298 MSE
RECURRENT Capetown 70 LLR 0.21047036596516436 MSE
RECURRENT Capetown 70 RLR 0.144950132257502 MSE
RECURRENT Capetown 70 LR 0.3113426272179637 R2
RECURRENT Capetown 70 RF 0.42153810855216445 R2
RECURRENT Capetown 70 GBM 0.3572795394950686 R2
RECURRENT Capetown 70 LLR -0.002540756895248083 R2
RECURRENT Capetown 70 RLR 0.31170726749975114 R2
t_spatial, t_non_spatial, "seconds" : 1.9073486328125e-06 868.0223572254181 seconds
sorted_percentage_nan_per_column : maxspeed                         4.089862
n                                0.000000
lane_density                     0.000000
streets_per_node_proportion_6    0.000000
streets_per_node_count_6         0.000000
streets_per_node_proportion_5    0.000000
streets_per_node_count_5         0.000000
streets_per_node_proportion_4    0.000000
streets_per_node_count_4         0.000000
streets_per_node_proportion_3    0.000000
streets_per_node_count_3         0.000000
streets_per_node_proportion_2    0.000000
streets_per_node_count_2         0.000000
streets_per_node_proportion_1    0.000000
streets_per_node_count_1         0.000000
mean_lanes                       0.000000
m                                0.000000
betweenness                      0.000000
total_crossings                  0.000000
non_metered_count                0.000000
metered_count                    0.000000
self_loop_proportion             0.000000
circuity_avg                     0.000000
street_length_avg                0.000000
street_segment_count             0.000000
street_length_total              0.000000
streets_per_node_avg             0.000000
edge_length_avg                  0.000000
edge_length_total                0.000000
k_avg                            0.000000
global_betweenness               0.000000
dtype: float64
city, scale, tod, config.shift_tile_marker, X.shape, Y.shape : Capetown 80 [1, 2, 3, 4, 5, 6, 7, 8, 9, 10, 11, 12, 13, 14, 15, 16, 17, 18, 19, 20, 21, 22, 23, 24] 3 (1736, 17) (1736,)
X.shape, Y.shape, "Inside the model-fitting function" : (1736, 17) (1736,) Inside the model-fitting function
Dict: model_trials.best_params_
Key: Value
{'randomforestregressor__max_depth': 10,
 'randomforestregressor__max_features': 'sqrt',
 'randomforestregressor__n_estimators': 500}
Dict: model_trials.best_params_
Key: Value
{'xgbregressor__learning_rate': 0.01,
 'xgbregressor__max_depth': 10,
 'xgbregressor__n_estimators': 200}
Matplotlib is currently using agg, which is a non-GUI backend, so cannot show the figure.
Matplotlib is currently using agg, which is a non-GUI backend, so cannot show the figure.
Matplotlib is currently using agg, which is a non-GUI backend, so cannot show the figure.
config.CONGESTION_TYPE, slugifiedstring, i, key, value : RECURRENT recurrent-capetown-80-1-2-3-4-5-6-7-8-9-10-11-12-13-14-15-16-17-18-19-20-21-22-23-24 0 streets_per_node_count_3 -0.000522124104966876
config.CONGESTION_TYPE, slugifiedstring, i, key, value : RECURRENT recurrent-capetown-80-1-2-3-4-5-6-7-8-9-10-11-12-13-14-15-16-17-18-19-20-21-22-23-24 1 streets_per_node_count_6 -0.00036459549965916664
config.CONGESTION_TYPE, slugifiedstring, i, key, value : RECURRENT recurrent-capetown-80-1-2-3-4-5-6-7-8-9-10-11-12-13-14-15-16-17-18-19-20-21-22-23-24 2 streets_per_node_count_4 0
config.CONGESTION_TYPE, slugifiedstring, i, key, value : RECURRENT recurrent-capetown-80-1-2-3-4-5-6-7-8-9-10-11-12-13-14-15-16-17-18-19-20-21-22-23-24 3 circuity_avg 0.008376733455809833
config.CONGESTION_TYPE, slugifiedstring, i, key, value : RECURRENT recurrent-capetown-80-1-2-3-4-5-6-7-8-9-10-11-12-13-14-15-16-17-18-19-20-21-22-23-24 4 streets_per_node_count_1 0
config.CONGESTION_TYPE, slugifiedstring, i, key, value : RECURRENT recurrent-capetown-80-1-2-3-4-5-6-7-8-9-10-11-12-13-14-15-16-17-18-19-20-21-22-23-24 5 streets_per_node_count_2 -0.00012874110936088946
config.CONGESTION_TYPE, slugifiedstring, i, key, value : RECURRENT recurrent-capetown-80-1-2-3-4-5-6-7-8-9-10-11-12-13-14-15-16-17-18-19-20-21-22-23-24 6 betweenness -0.00016705918784997773
config.CONGESTION_TYPE, slugifiedstring, i, key, value : RECURRENT recurrent-capetown-80-1-2-3-4-5-6-7-8-9-10-11-12-13-14-15-16-17-18-19-20-21-22-23-24 7 n -0.00018970654270411368
config.CONGESTION_TYPE, slugifiedstring, i, key, value : RECURRENT recurrent-capetown-80-1-2-3-4-5-6-7-8-9-10-11-12-13-14-15-16-17-18-19-20-21-22-23-24 8 k_avg -0.0005474423804901179
config.CONGESTION_TYPE, slugifiedstring, i, key, value : RECURRENT recurrent-capetown-80-1-2-3-4-5-6-7-8-9-10-11-12-13-14-15-16-17-18-19-20-21-22-23-24 9 m -0.00021113615337554908
config.CONGESTION_TYPE, slugifiedstring, i, key, value : RECURRENT recurrent-capetown-80-1-2-3-4-5-6-7-8-9-10-11-12-13-14-15-16-17-18-19-20-21-22-23-24 10 metered_count -0.0030055324314221302
config.CONGESTION_TYPE, slugifiedstring, i, key, value : RECURRENT recurrent-capetown-80-1-2-3-4-5-6-7-8-9-10-11-12-13-14-15-16-17-18-19-20-21-22-23-24 11 mean_lanes -0.00023763492214821577
config.CONGESTION_TYPE, slugifiedstring, i, key, value : RECURRENT recurrent-capetown-80-1-2-3-4-5-6-7-8-9-10-11-12-13-14-15-16-17-18-19-20-21-22-23-24 12 streets_per_node_count_5 0.0007642060360921069
config.CONGESTION_TYPE, slugifiedstring, i, key, value : RECURRENT recurrent-capetown-80-1-2-3-4-5-6-7-8-9-10-11-12-13-14-15-16-17-18-19-20-21-22-23-24 13 total_crossings -0.00156000439430772
config.CONGESTION_TYPE, slugifiedstring, i, key, value : RECURRENT recurrent-capetown-80-1-2-3-4-5-6-7-8-9-10-11-12-13-14-15-16-17-18-19-20-21-22-23-24 14 streets_per_node_avg -0.0006851860634282509
config.CONGESTION_TYPE, slugifiedstring, i, key, value : RECURRENT recurrent-capetown-80-1-2-3-4-5-6-7-8-9-10-11-12-13-14-15-16-17-18-19-20-21-22-23-24 15 non_metered_count -0.0007501989757724882
config.CONGESTION_TYPE, slugifiedstring, i, key, value : RECURRENT recurrent-capetown-80-1-2-3-4-5-6-7-8-9-10-11-12-13-14-15-16-17-18-19-20-21-22-23-24 16 global_betweenness 0.000639850847789448
SHAP Values for each feature:
Slug                           Feature Name         Mean Abs SHAP Value
SHAP-- recurrent-capetown-80-1-2-3-4-5-6-7-8-9-10-11-12-13-14-15-16-17-18-19-20-21-22-23-24 streets_per_node_count_3          0.0441
SHAP-- recurrent-capetown-80-1-2-3-4-5-6-7-8-9-10-11-12-13-14-15-16-17-18-19-20-21-22-23-24 streets_per_node_count_6          0.0260
SHAP-- recurrent-capetown-80-1-2-3-4-5-6-7-8-9-10-11-12-13-14-15-16-17-18-19-20-21-22-23-24 streets_per_node_count_4          0.0000
SHAP-- recurrent-capetown-80-1-2-3-4-5-6-7-8-9-10-11-12-13-14-15-16-17-18-19-20-21-22-23-24 circuity_avg                  0.0055
SHAP-- recurrent-capetown-80-1-2-3-4-5-6-7-8-9-10-11-12-13-14-15-16-17-18-19-20-21-22-23-24 streets_per_node_count_1          0.0000
SHAP-- recurrent-capetown-80-1-2-3-4-5-6-7-8-9-10-11-12-13-14-15-16-17-18-19-20-21-22-23-24 streets_per_node_count_2          0.0114
SHAP-- recurrent-capetown-80-1-2-3-4-5-6-7-8-9-10-11-12-13-14-15-16-17-18-19-20-21-22-23-24 betweenness                   0.0117
SHAP-- recurrent-capetown-80-1-2-3-4-5-6-7-8-9-10-11-12-13-14-15-16-17-18-19-20-21-22-23-24 n                             0.0202
SHAP-- recurrent-capetown-80-1-2-3-4-5-6-7-8-9-10-11-12-13-14-15-16-17-18-19-20-21-22-23-24 k_avg                         0.0166
SHAP-- recurrent-capetown-80-1-2-3-4-5-6-7-8-9-10-11-12-13-14-15-16-17-18-19-20-21-22-23-24 m                             0.0188
SHAP-- recurrent-capetown-80-1-2-3-4-5-6-7-8-9-10-11-12-13-14-15-16-17-18-19-20-21-22-23-24 metered_count                 0.0893
SHAP-- recurrent-capetown-80-1-2-3-4-5-6-7-8-9-10-11-12-13-14-15-16-17-18-19-20-21-22-23-24 mean_lanes                    0.0102
SHAP-- recurrent-capetown-80-1-2-3-4-5-6-7-8-9-10-11-12-13-14-15-16-17-18-19-20-21-22-23-24 streets_per_node_count_5          0.0114
SHAP-- recurrent-capetown-80-1-2-3-4-5-6-7-8-9-10-11-12-13-14-15-16-17-18-19-20-21-22-23-24 total_crossings               0.0796
SHAP-- recurrent-capetown-80-1-2-3-4-5-6-7-8-9-10-11-12-13-14-15-16-17-18-19-20-21-22-23-24 streets_per_node_avg          0.0249
SHAP-- recurrent-capetown-80-1-2-3-4-5-6-7-8-9-10-11-12-13-14-15-16-17-18-19-20-21-22-23-24 non_metered_count             0.0326
SHAP-- recurrent-capetown-80-1-2-3-4-5-6-7-8-9-10-11-12-13-14-15-16-17-18-19-20-21-22-23-24 global_betweenness            0.0116
RECURRENT Capetown 80 LR 0.2660184419872966 XpVar
RECURRENT Capetown 80 RF 0.395359920480795 XpVar
RECURRENT Capetown 80 GBM 0.34365201895795916 XpVar
RECURRENT Capetown 80 LLR 1.586032892321652e-17 XpVar
RECURRENT Capetown 80 RLR 0.26669109316555106 XpVar
RECURRENT Capetown 80 LR 0.15817760501740566 MSE
RECURRENT Capetown 80 RF 0.1316372381905237 MSE
RECURRENT Capetown 80 GBM 0.14260814157840168 MSE
RECURRENT Capetown 80 LLR 0.21589950102094752 MSE
RECURRENT Capetown 80 RLR 0.1580360923906731 MSE
RECURRENT Capetown 80 LR 0.2613087813448956 R2
RECURRENT Capetown 80 RF 0.3906534291064431 R2
RECURRENT Capetown 80 GBM 0.3387976195843288 R2
RECURRENT Capetown 80 LLR -0.004104857850860487 R2
RECURRENT Capetown 80 RLR 0.2620008269527591 R2
t_spatial, t_non_spatial, "seconds" : 2.1457672119140625e-06 843.8664176464081 seconds
sorted_percentage_nan_per_column : maxspeed                         4.53202
n                                0.00000
lane_density                     0.00000
streets_per_node_proportion_6    0.00000
streets_per_node_count_6         0.00000
streets_per_node_proportion_5    0.00000
streets_per_node_count_5         0.00000
streets_per_node_proportion_4    0.00000
streets_per_node_count_4         0.00000
streets_per_node_proportion_3    0.00000
streets_per_node_count_3         0.00000
streets_per_node_proportion_2    0.00000
streets_per_node_count_2         0.00000
streets_per_node_proportion_1    0.00000
streets_per_node_count_1         0.00000
mean_lanes                       0.00000
m                                0.00000
betweenness                      0.00000
total_crossings                  0.00000
non_metered_count                0.00000
metered_count                    0.00000
self_loop_proportion             0.00000
circuity_avg                     0.00000
street_length_avg                0.00000
street_segment_count             0.00000
street_length_total              0.00000
streets_per_node_avg             0.00000
edge_length_avg                  0.00000
edge_length_total                0.00000
k_avg                            0.00000
global_betweenness               0.00000
dtype: float64
city, scale, tod, config.shift_tile_marker, X.shape, Y.shape : Capetown 90 [1, 2, 3, 4, 5, 6, 7, 8, 9, 10, 11, 12, 13, 14, 15, 16, 17, 18, 19, 20, 21, 22, 23, 24] 3 (2030, 17) (2030,)
X.shape, Y.shape, "Inside the model-fitting function" : (2030, 17) (2030,) Inside the model-fitting function
Dict: model_trials.best_params_
Key: Value
{'randomforestregressor__max_depth': 10,
 'randomforestregressor__max_features': 'sqrt',
 'randomforestregressor__n_estimators': 1000}
Dict: model_trials.best_params_
Key: Value
{'xgbregressor__learning_rate': 0.01,
 'xgbregressor__max_depth': 10,
 'xgbregressor__n_estimators': 200}
Matplotlib is currently using agg, which is a non-GUI backend, so cannot show the figure.
Matplotlib is currently using agg, which is a non-GUI backend, so cannot show the figure.
Matplotlib is currently using agg, which is a non-GUI backend, so cannot show the figure.
config.CONGESTION_TYPE, slugifiedstring, i, key, value : RECURRENT recurrent-capetown-90-1-2-3-4-5-6-7-8-9-10-11-12-13-14-15-16-17-18-19-20-21-22-23-24 0 streets_per_node_count_3 -0.00045613354251332
config.CONGESTION_TYPE, slugifiedstring, i, key, value : RECURRENT recurrent-capetown-90-1-2-3-4-5-6-7-8-9-10-11-12-13-14-15-16-17-18-19-20-21-22-23-24 1 streets_per_node_count_6 -0.0003514087613722831
config.CONGESTION_TYPE, slugifiedstring, i, key, value : RECURRENT recurrent-capetown-90-1-2-3-4-5-6-7-8-9-10-11-12-13-14-15-16-17-18-19-20-21-22-23-24 2 streets_per_node_count_4 0
config.CONGESTION_TYPE, slugifiedstring, i, key, value : RECURRENT recurrent-capetown-90-1-2-3-4-5-6-7-8-9-10-11-12-13-14-15-16-17-18-19-20-21-22-23-24 3 circuity_avg -0.00015343038542722966
config.CONGESTION_TYPE, slugifiedstring, i, key, value : RECURRENT recurrent-capetown-90-1-2-3-4-5-6-7-8-9-10-11-12-13-14-15-16-17-18-19-20-21-22-23-24 4 streets_per_node_count_1 0
config.CONGESTION_TYPE, slugifiedstring, i, key, value : RECURRENT recurrent-capetown-90-1-2-3-4-5-6-7-8-9-10-11-12-13-14-15-16-17-18-19-20-21-22-23-24 5 streets_per_node_count_2 -0.00011249866798857098
config.CONGESTION_TYPE, slugifiedstring, i, key, value : RECURRENT recurrent-capetown-90-1-2-3-4-5-6-7-8-9-10-11-12-13-14-15-16-17-18-19-20-21-22-23-24 6 betweenness -0.0002237118867377691
config.CONGESTION_TYPE, slugifiedstring, i, key, value : RECURRENT recurrent-capetown-90-1-2-3-4-5-6-7-8-9-10-11-12-13-14-15-16-17-18-19-20-21-22-23-24 7 n -0.0001988423342866389
config.CONGESTION_TYPE, slugifiedstring, i, key, value : RECURRENT recurrent-capetown-90-1-2-3-4-5-6-7-8-9-10-11-12-13-14-15-16-17-18-19-20-21-22-23-24 8 k_avg -0.00011822867511622698
config.CONGESTION_TYPE, slugifiedstring, i, key, value : RECURRENT recurrent-capetown-90-1-2-3-4-5-6-7-8-9-10-11-12-13-14-15-16-17-18-19-20-21-22-23-24 9 m -0.00020069910222882074
config.CONGESTION_TYPE, slugifiedstring, i, key, value : RECURRENT recurrent-capetown-90-1-2-3-4-5-6-7-8-9-10-11-12-13-14-15-16-17-18-19-20-21-22-23-24 10 metered_count -0.0033855537025869686
config.CONGESTION_TYPE, slugifiedstring, i, key, value : RECURRENT recurrent-capetown-90-1-2-3-4-5-6-7-8-9-10-11-12-13-14-15-16-17-18-19-20-21-22-23-24 11 mean_lanes -0.00016020523254784802
config.CONGESTION_TYPE, slugifiedstring, i, key, value : RECURRENT recurrent-capetown-90-1-2-3-4-5-6-7-8-9-10-11-12-13-14-15-16-17-18-19-20-21-22-23-24 12 streets_per_node_count_5 -0.0003221709494695459
config.CONGESTION_TYPE, slugifiedstring, i, key, value : RECURRENT recurrent-capetown-90-1-2-3-4-5-6-7-8-9-10-11-12-13-14-15-16-17-18-19-20-21-22-23-24 13 total_crossings -0.0012606243784934806
config.CONGESTION_TYPE, slugifiedstring, i, key, value : RECURRENT recurrent-capetown-90-1-2-3-4-5-6-7-8-9-10-11-12-13-14-15-16-17-18-19-20-21-22-23-24 14 streets_per_node_avg -0.0004317194312374667
config.CONGESTION_TYPE, slugifiedstring, i, key, value : RECURRENT recurrent-capetown-90-1-2-3-4-5-6-7-8-9-10-11-12-13-14-15-16-17-18-19-20-21-22-23-24 15 non_metered_count -0.0006824388545347703
config.CONGESTION_TYPE, slugifiedstring, i, key, value : RECURRENT recurrent-capetown-90-1-2-3-4-5-6-7-8-9-10-11-12-13-14-15-16-17-18-19-20-21-22-23-24 16 global_betweenness 0.0002390809968378533
SHAP Values for each feature:
Slug                           Feature Name         Mean Abs SHAP Value
SHAP-- recurrent-capetown-90-1-2-3-4-5-6-7-8-9-10-11-12-13-14-15-16-17-18-19-20-21-22-23-24 streets_per_node_count_3          0.0470
SHAP-- recurrent-capetown-90-1-2-3-4-5-6-7-8-9-10-11-12-13-14-15-16-17-18-19-20-21-22-23-24 streets_per_node_count_6          0.0298
SHAP-- recurrent-capetown-90-1-2-3-4-5-6-7-8-9-10-11-12-13-14-15-16-17-18-19-20-21-22-23-24 streets_per_node_count_4          0.0000
SHAP-- recurrent-capetown-90-1-2-3-4-5-6-7-8-9-10-11-12-13-14-15-16-17-18-19-20-21-22-23-24 circuity_avg                  0.0048
SHAP-- recurrent-capetown-90-1-2-3-4-5-6-7-8-9-10-11-12-13-14-15-16-17-18-19-20-21-22-23-24 streets_per_node_count_1          0.0000
SHAP-- recurrent-capetown-90-1-2-3-4-5-6-7-8-9-10-11-12-13-14-15-16-17-18-19-20-21-22-23-24 streets_per_node_count_2          0.0096
SHAP-- recurrent-capetown-90-1-2-3-4-5-6-7-8-9-10-11-12-13-14-15-16-17-18-19-20-21-22-23-24 betweenness                   0.0112
SHAP-- recurrent-capetown-90-1-2-3-4-5-6-7-8-9-10-11-12-13-14-15-16-17-18-19-20-21-22-23-24 n                             0.0188
SHAP-- recurrent-capetown-90-1-2-3-4-5-6-7-8-9-10-11-12-13-14-15-16-17-18-19-20-21-22-23-24 k_avg                         0.0144
SHAP-- recurrent-capetown-90-1-2-3-4-5-6-7-8-9-10-11-12-13-14-15-16-17-18-19-20-21-22-23-24 m                             0.0209
SHAP-- recurrent-capetown-90-1-2-3-4-5-6-7-8-9-10-11-12-13-14-15-16-17-18-19-20-21-22-23-24 metered_count                 0.1005
SHAP-- recurrent-capetown-90-1-2-3-4-5-6-7-8-9-10-11-12-13-14-15-16-17-18-19-20-21-22-23-24 mean_lanes                    0.0102
SHAP-- recurrent-capetown-90-1-2-3-4-5-6-7-8-9-10-11-12-13-14-15-16-17-18-19-20-21-22-23-24 streets_per_node_count_5          0.0123
SHAP-- recurrent-capetown-90-1-2-3-4-5-6-7-8-9-10-11-12-13-14-15-16-17-18-19-20-21-22-23-24 total_crossings               0.0632
SHAP-- recurrent-capetown-90-1-2-3-4-5-6-7-8-9-10-11-12-13-14-15-16-17-18-19-20-21-22-23-24 streets_per_node_avg          0.0234
SHAP-- recurrent-capetown-90-1-2-3-4-5-6-7-8-9-10-11-12-13-14-15-16-17-18-19-20-21-22-23-24 non_metered_count             0.0279
SHAP-- recurrent-capetown-90-1-2-3-4-5-6-7-8-9-10-11-12-13-14-15-16-17-18-19-20-21-22-23-24 global_betweenness            0.0130
RECURRENT Capetown 90 LR 0.2672582955678949 XpVar
RECURRENT Capetown 90 RF 0.38975925098624603 XpVar
RECURRENT Capetown 90 GBM 0.31896956791552045 XpVar
RECURRENT Capetown 90 LLR 0.0 XpVar
RECURRENT Capetown 90 RLR 0.26783260428052863 XpVar
RECURRENT Capetown 90 LR 0.16461412702719017 MSE
RECURRENT Capetown 90 RF 0.13726147388248003 MSE
RECURRENT Capetown 90 GBM 0.15305747813632584 MSE
RECURRENT Capetown 90 LLR 0.2247946035582928 MSE
RECURRENT Capetown 90 RLR 0.16448390614716205 MSE
RECURRENT Capetown 90 LR 0.26645194929534377 R2
RECURRENT Capetown 90 RF 0.3885458771000688 R2
RECURRENT Capetown 90 GBM 0.31784124883031645 R2
RECURRENT Capetown 90 LLR -0.0012457145780376663 R2
RECURRENT Capetown 90 RLR 0.26703319213677684 R2
t_spatial, t_non_spatial, "seconds" : 2.86102294921875e-06 1025.6734907627106 seconds
sorted_percentage_nan_per_column : maxspeed                         2.631579
n                                0.000000
lane_density                     0.000000
streets_per_node_proportion_6    0.000000
streets_per_node_count_6         0.000000
streets_per_node_proportion_5    0.000000
streets_per_node_count_5         0.000000
streets_per_node_proportion_4    0.000000
streets_per_node_count_4         0.000000
streets_per_node_proportion_3    0.000000
streets_per_node_count_3         0.000000
streets_per_node_proportion_2    0.000000
streets_per_node_count_2         0.000000
streets_per_node_proportion_1    0.000000
streets_per_node_count_1         0.000000
mean_lanes                       0.000000
m                                0.000000
betweenness                      0.000000
total_crossings                  0.000000
non_metered_count                0.000000
metered_count                    0.000000
self_loop_proportion             0.000000
circuity_avg                     0.000000
street_length_avg                0.000000
street_segment_count             0.000000
street_length_total              0.000000
streets_per_node_avg             0.000000
edge_length_avg                  0.000000
edge_length_total                0.000000
k_avg                            0.000000
global_betweenness               0.000000
dtype: float64
city, scale, tod, config.shift_tile_marker, X.shape, Y.shape : Capetown 25 [1, 2, 3, 4, 5, 6, 7, 8, 9, 10, 11, 12, 13, 14, 15, 16, 17, 18, 19, 20, 21, 22, 23, 24] 3 (304, 17) (304,)
X.shape, Y.shape, "Inside the model-fitting function" : (304, 17) (304,) Inside the model-fitting function
Dict: model_trials.best_params_
Key: Value
{'randomforestregressor__max_depth': 20,
 'randomforestregressor__max_features': 'sqrt',
 'randomforestregressor__n_estimators': 1000}
Dict: model_trials.best_params_
Key: Value
{'xgbregressor__learning_rate': 0.01,
 'xgbregressor__max_depth': 10,
 'xgbregressor__n_estimators': 200}
Matplotlib is currently using agg, which is a non-GUI backend, so cannot show the figure.
Matplotlib is currently using agg, which is a non-GUI backend, so cannot show the figure.
Matplotlib is currently using agg, which is a non-GUI backend, so cannot show the figure.
config.CONGESTION_TYPE, slugifiedstring, i, key, value : RECURRENT recurrent-capetown-25-1-2-3-4-5-6-7-8-9-10-11-12-13-14-15-16-17-18-19-20-21-22-23-24 0 streets_per_node_count_3 -0.0014174310738981916
config.CONGESTION_TYPE, slugifiedstring, i, key, value : RECURRENT recurrent-capetown-25-1-2-3-4-5-6-7-8-9-10-11-12-13-14-15-16-17-18-19-20-21-22-23-24 1 streets_per_node_count_6 -0.0006370600793255464
config.CONGESTION_TYPE, slugifiedstring, i, key, value : RECURRENT recurrent-capetown-25-1-2-3-4-5-6-7-8-9-10-11-12-13-14-15-16-17-18-19-20-21-22-23-24 2 streets_per_node_count_4 0
config.CONGESTION_TYPE, slugifiedstring, i, key, value : RECURRENT recurrent-capetown-25-1-2-3-4-5-6-7-8-9-10-11-12-13-14-15-16-17-18-19-20-21-22-23-24 3 circuity_avg 9.13616137421835e-05
config.CONGESTION_TYPE, slugifiedstring, i, key, value : RECURRENT recurrent-capetown-25-1-2-3-4-5-6-7-8-9-10-11-12-13-14-15-16-17-18-19-20-21-22-23-24 4 streets_per_node_count_1 0
config.CONGESTION_TYPE, slugifiedstring, i, key, value : RECURRENT recurrent-capetown-25-1-2-3-4-5-6-7-8-9-10-11-12-13-14-15-16-17-18-19-20-21-22-23-24 5 streets_per_node_count_2 -0.0005896144197602841
config.CONGESTION_TYPE, slugifiedstring, i, key, value : RECURRENT recurrent-capetown-25-1-2-3-4-5-6-7-8-9-10-11-12-13-14-15-16-17-18-19-20-21-22-23-24 6 betweenness 0.007160209196599809
config.CONGESTION_TYPE, slugifiedstring, i, key, value : RECURRENT recurrent-capetown-25-1-2-3-4-5-6-7-8-9-10-11-12-13-14-15-16-17-18-19-20-21-22-23-24 7 n -0.0010398470375268308
config.CONGESTION_TYPE, slugifiedstring, i, key, value : RECURRENT recurrent-capetown-25-1-2-3-4-5-6-7-8-9-10-11-12-13-14-15-16-17-18-19-20-21-22-23-24 8 k_avg 0.000587917291163509
config.CONGESTION_TYPE, slugifiedstring, i, key, value : RECURRENT recurrent-capetown-25-1-2-3-4-5-6-7-8-9-10-11-12-13-14-15-16-17-18-19-20-21-22-23-24 9 m -0.0006205154065322167
config.CONGESTION_TYPE, slugifiedstring, i, key, value : RECURRENT recurrent-capetown-25-1-2-3-4-5-6-7-8-9-10-11-12-13-14-15-16-17-18-19-20-21-22-23-24 10 metered_count -0.0021331176946733535
config.CONGESTION_TYPE, slugifiedstring, i, key, value : RECURRENT recurrent-capetown-25-1-2-3-4-5-6-7-8-9-10-11-12-13-14-15-16-17-18-19-20-21-22-23-24 11 mean_lanes 0.0004629572845338204
config.CONGESTION_TYPE, slugifiedstring, i, key, value : RECURRENT recurrent-capetown-25-1-2-3-4-5-6-7-8-9-10-11-12-13-14-15-16-17-18-19-20-21-22-23-24 12 streets_per_node_count_5 -0.0007304711588644417
config.CONGESTION_TYPE, slugifiedstring, i, key, value : RECURRENT recurrent-capetown-25-1-2-3-4-5-6-7-8-9-10-11-12-13-14-15-16-17-18-19-20-21-22-23-24 13 total_crossings -0.0029359486816430127
config.CONGESTION_TYPE, slugifiedstring, i, key, value : RECURRENT recurrent-capetown-25-1-2-3-4-5-6-7-8-9-10-11-12-13-14-15-16-17-18-19-20-21-22-23-24 14 streets_per_node_avg -0.0011896140555213406
config.CONGESTION_TYPE, slugifiedstring, i, key, value : RECURRENT recurrent-capetown-25-1-2-3-4-5-6-7-8-9-10-11-12-13-14-15-16-17-18-19-20-21-22-23-24 15 non_metered_count -0.0017639680271281388
config.CONGESTION_TYPE, slugifiedstring, i, key, value : RECURRENT recurrent-capetown-25-1-2-3-4-5-6-7-8-9-10-11-12-13-14-15-16-17-18-19-20-21-22-23-24 16 global_betweenness 0.0007417251160667883
SHAP Values for each feature:
Slug                           Feature Name         Mean Abs SHAP Value
SHAP-- recurrent-capetown-25-1-2-3-4-5-6-7-8-9-10-11-12-13-14-15-16-17-18-19-20-21-22-23-24 streets_per_node_count_3          0.0379
SHAP-- recurrent-capetown-25-1-2-3-4-5-6-7-8-9-10-11-12-13-14-15-16-17-18-19-20-21-22-23-24 streets_per_node_count_6          0.0128
SHAP-- recurrent-capetown-25-1-2-3-4-5-6-7-8-9-10-11-12-13-14-15-16-17-18-19-20-21-22-23-24 streets_per_node_count_4          0.0000
SHAP-- recurrent-capetown-25-1-2-3-4-5-6-7-8-9-10-11-12-13-14-15-16-17-18-19-20-21-22-23-24 circuity_avg                  0.0019
SHAP-- recurrent-capetown-25-1-2-3-4-5-6-7-8-9-10-11-12-13-14-15-16-17-18-19-20-21-22-23-24 streets_per_node_count_1          0.0000
SHAP-- recurrent-capetown-25-1-2-3-4-5-6-7-8-9-10-11-12-13-14-15-16-17-18-19-20-21-22-23-24 streets_per_node_count_2          0.0141
SHAP-- recurrent-capetown-25-1-2-3-4-5-6-7-8-9-10-11-12-13-14-15-16-17-18-19-20-21-22-23-24 betweenness                   0.0096
SHAP-- recurrent-capetown-25-1-2-3-4-5-6-7-8-9-10-11-12-13-14-15-16-17-18-19-20-21-22-23-24 n                             0.0246
SHAP-- recurrent-capetown-25-1-2-3-4-5-6-7-8-9-10-11-12-13-14-15-16-17-18-19-20-21-22-23-24 k_avg                         0.0071
SHAP-- recurrent-capetown-25-1-2-3-4-5-6-7-8-9-10-11-12-13-14-15-16-17-18-19-20-21-22-23-24 m                             0.0140
SHAP-- recurrent-capetown-25-1-2-3-4-5-6-7-8-9-10-11-12-13-14-15-16-17-18-19-20-21-22-23-24 metered_count                 0.0559
SHAP-- recurrent-capetown-25-1-2-3-4-5-6-7-8-9-10-11-12-13-14-15-16-17-18-19-20-21-22-23-24 mean_lanes                    0.0086
SHAP-- recurrent-capetown-25-1-2-3-4-5-6-7-8-9-10-11-12-13-14-15-16-17-18-19-20-21-22-23-24 streets_per_node_count_5          0.0100
SHAP-- recurrent-capetown-25-1-2-3-4-5-6-7-8-9-10-11-12-13-14-15-16-17-18-19-20-21-22-23-24 total_crossings               0.0676
SHAP-- recurrent-capetown-25-1-2-3-4-5-6-7-8-9-10-11-12-13-14-15-16-17-18-19-20-21-22-23-24 streets_per_node_avg          0.0241
SHAP-- recurrent-capetown-25-1-2-3-4-5-6-7-8-9-10-11-12-13-14-15-16-17-18-19-20-21-22-23-24 non_metered_count             0.0403
SHAP-- recurrent-capetown-25-1-2-3-4-5-6-7-8-9-10-11-12-13-14-15-16-17-18-19-20-21-22-23-24 global_betweenness            0.0097
RECURRENT Capetown 25 LR 0.4431907665407229 XpVar
RECURRENT Capetown 25 RF 0.5483010970935258 XpVar
RECURRENT Capetown 25 GBM 0.37187704178094466 XpVar
RECURRENT Capetown 25 LLR 3.172065784643304e-17 XpVar
RECURRENT Capetown 25 RLR 0.4504233911616863 XpVar
RECURRENT Capetown 25 LR 0.07119974595692288 MSE
RECURRENT Capetown 25 RF 0.057305031384569334 MSE
RECURRENT Capetown 25 GBM 0.07950980350758444 MSE
RECURRENT Capetown 25 LLR 0.12760092348369792 MSE
RECURRENT Capetown 25 RLR 0.07038754254765098 MSE
RECURRENT Capetown 25 LR 0.42952927422355386 R2
RECURRENT Capetown 25 RF 0.5362661119624184 R2
RECURRENT Capetown 25 GBM 0.3547491123809371 R2
RECURRENT Capetown 25 LLR -0.016680372792287006 R2
RECURRENT Capetown 25 RLR 0.43712838806113435 R2
t_spatial, t_non_spatial, "seconds" : 1.1920928955078125e-06 225.65030646324158 seconds
sorted_percentage_nan_per_column : maxspeed                         3.378378
n                                0.000000
lane_density                     0.000000
streets_per_node_proportion_6    0.000000
streets_per_node_count_6         0.000000
streets_per_node_proportion_5    0.000000
streets_per_node_count_5         0.000000
streets_per_node_proportion_4    0.000000
streets_per_node_count_4         0.000000
streets_per_node_proportion_3    0.000000
streets_per_node_count_3         0.000000
streets_per_node_proportion_2    0.000000
streets_per_node_count_2         0.000000
streets_per_node_proportion_1    0.000000
streets_per_node_count_1         0.000000
mean_lanes                       0.000000
m                                0.000000
betweenness                      0.000000
total_crossings                  0.000000
non_metered_count                0.000000
metered_count                    0.000000
self_loop_proportion             0.000000
circuity_avg                     0.000000
street_length_avg                0.000000
street_segment_count             0.000000
street_length_total              0.000000
streets_per_node_avg             0.000000
edge_length_avg                  0.000000
edge_length_total                0.000000
k_avg                            0.000000
global_betweenness               0.000000
dtype: float64
city, scale, tod, config.shift_tile_marker, X.shape, Y.shape : Capetown 50 [1, 2, 3, 4, 5, 6, 7, 8, 9, 10, 11, 12, 13, 14, 15, 16, 17, 18, 19, 20, 21, 22, 23, 24] 3 (888, 17) (888,)
X.shape, Y.shape, "Inside the model-fitting function" : (888, 17) (888,) Inside the model-fitting function
Dict: model_trials.best_params_
Key: Value
{'randomforestregressor__max_depth': 10,
 'randomforestregressor__max_features': 'sqrt',
 'randomforestregressor__n_estimators': 300}
Dict: model_trials.best_params_
Key: Value
{'xgbregressor__learning_rate': 0.01,
 'xgbregressor__max_depth': 10,
 'xgbregressor__n_estimators': 200}
Matplotlib is currently using agg, which is a non-GUI backend, so cannot show the figure.
Matplotlib is currently using agg, which is a non-GUI backend, so cannot show the figure.
Matplotlib is currently using agg, which is a non-GUI backend, so cannot show the figure.
config.CONGESTION_TYPE, slugifiedstring, i, key, value : RECURRENT recurrent-capetown-50-1-2-3-4-5-6-7-8-9-10-11-12-13-14-15-16-17-18-19-20-21-22-23-24 0 streets_per_node_count_3 -0.0008764375665601146
config.CONGESTION_TYPE, slugifiedstring, i, key, value : RECURRENT recurrent-capetown-50-1-2-3-4-5-6-7-8-9-10-11-12-13-14-15-16-17-18-19-20-21-22-23-24 1 streets_per_node_count_6 -0.0005265913562033616
config.CONGESTION_TYPE, slugifiedstring, i, key, value : RECURRENT recurrent-capetown-50-1-2-3-4-5-6-7-8-9-10-11-12-13-14-15-16-17-18-19-20-21-22-23-24 2 streets_per_node_count_4 0
config.CONGESTION_TYPE, slugifiedstring, i, key, value : RECURRENT recurrent-capetown-50-1-2-3-4-5-6-7-8-9-10-11-12-13-14-15-16-17-18-19-20-21-22-23-24 3 circuity_avg -0.0004714095554934827
config.CONGESTION_TYPE, slugifiedstring, i, key, value : RECURRENT recurrent-capetown-50-1-2-3-4-5-6-7-8-9-10-11-12-13-14-15-16-17-18-19-20-21-22-23-24 4 streets_per_node_count_1 0
config.CONGESTION_TYPE, slugifiedstring, i, key, value : RECURRENT recurrent-capetown-50-1-2-3-4-5-6-7-8-9-10-11-12-13-14-15-16-17-18-19-20-21-22-23-24 5 streets_per_node_count_2 -0.00021642086060647318
config.CONGESTION_TYPE, slugifiedstring, i, key, value : RECURRENT recurrent-capetown-50-1-2-3-4-5-6-7-8-9-10-11-12-13-14-15-16-17-18-19-20-21-22-23-24 6 betweenness -0.00329147345580374
config.CONGESTION_TYPE, slugifiedstring, i, key, value : RECURRENT recurrent-capetown-50-1-2-3-4-5-6-7-8-9-10-11-12-13-14-15-16-17-18-19-20-21-22-23-24 7 n -0.0002602879711698434
config.CONGESTION_TYPE, slugifiedstring, i, key, value : RECURRENT recurrent-capetown-50-1-2-3-4-5-6-7-8-9-10-11-12-13-14-15-16-17-18-19-20-21-22-23-24 8 k_avg -0.00036978409632557833
config.CONGESTION_TYPE, slugifiedstring, i, key, value : RECURRENT recurrent-capetown-50-1-2-3-4-5-6-7-8-9-10-11-12-13-14-15-16-17-18-19-20-21-22-23-24 9 m -0.0003067737853515591
config.CONGESTION_TYPE, slugifiedstring, i, key, value : RECURRENT recurrent-capetown-50-1-2-3-4-5-6-7-8-9-10-11-12-13-14-15-16-17-18-19-20-21-22-23-24 10 metered_count -0.00233701808469753
config.CONGESTION_TYPE, slugifiedstring, i, key, value : RECURRENT recurrent-capetown-50-1-2-3-4-5-6-7-8-9-10-11-12-13-14-15-16-17-18-19-20-21-22-23-24 11 mean_lanes -0.0005754530495372986
config.CONGESTION_TYPE, slugifiedstring, i, key, value : RECURRENT recurrent-capetown-50-1-2-3-4-5-6-7-8-9-10-11-12-13-14-15-16-17-18-19-20-21-22-23-24 12 streets_per_node_count_5 -0.0005144248320178418
config.CONGESTION_TYPE, slugifiedstring, i, key, value : RECURRENT recurrent-capetown-50-1-2-3-4-5-6-7-8-9-10-11-12-13-14-15-16-17-18-19-20-21-22-23-24 13 total_crossings -0.002204668322089055
config.CONGESTION_TYPE, slugifiedstring, i, key, value : RECURRENT recurrent-capetown-50-1-2-3-4-5-6-7-8-9-10-11-12-13-14-15-16-17-18-19-20-21-22-23-24 14 streets_per_node_avg -0.0007755760715442661
config.CONGESTION_TYPE, slugifiedstring, i, key, value : RECURRENT recurrent-capetown-50-1-2-3-4-5-6-7-8-9-10-11-12-13-14-15-16-17-18-19-20-21-22-23-24 15 non_metered_count -0.0010350516450802212
config.CONGESTION_TYPE, slugifiedstring, i, key, value : RECURRENT recurrent-capetown-50-1-2-3-4-5-6-7-8-9-10-11-12-13-14-15-16-17-18-19-20-21-22-23-24 16 global_betweenness 0.00041949320606870214
SHAP Values for each feature:
Slug                           Feature Name         Mean Abs SHAP Value
SHAP-- recurrent-capetown-50-1-2-3-4-5-6-7-8-9-10-11-12-13-14-15-16-17-18-19-20-21-22-23-24 streets_per_node_count_3          0.0369
SHAP-- recurrent-capetown-50-1-2-3-4-5-6-7-8-9-10-11-12-13-14-15-16-17-18-19-20-21-22-23-24 streets_per_node_count_6          0.0194
SHAP-- recurrent-capetown-50-1-2-3-4-5-6-7-8-9-10-11-12-13-14-15-16-17-18-19-20-21-22-23-24 streets_per_node_count_4          0.0000
SHAP-- recurrent-capetown-50-1-2-3-4-5-6-7-8-9-10-11-12-13-14-15-16-17-18-19-20-21-22-23-24 circuity_avg                  0.0032
SHAP-- recurrent-capetown-50-1-2-3-4-5-6-7-8-9-10-11-12-13-14-15-16-17-18-19-20-21-22-23-24 streets_per_node_count_1          0.0000
SHAP-- recurrent-capetown-50-1-2-3-4-5-6-7-8-9-10-11-12-13-14-15-16-17-18-19-20-21-22-23-24 streets_per_node_count_2          0.0105
SHAP-- recurrent-capetown-50-1-2-3-4-5-6-7-8-9-10-11-12-13-14-15-16-17-18-19-20-21-22-23-24 betweenness                   0.0086
SHAP-- recurrent-capetown-50-1-2-3-4-5-6-7-8-9-10-11-12-13-14-15-16-17-18-19-20-21-22-23-24 n                             0.0140
SHAP-- recurrent-capetown-50-1-2-3-4-5-6-7-8-9-10-11-12-13-14-15-16-17-18-19-20-21-22-23-24 k_avg                         0.0101
SHAP-- recurrent-capetown-50-1-2-3-4-5-6-7-8-9-10-11-12-13-14-15-16-17-18-19-20-21-22-23-24 m                             0.0143
SHAP-- recurrent-capetown-50-1-2-3-4-5-6-7-8-9-10-11-12-13-14-15-16-17-18-19-20-21-22-23-24 metered_count                 0.0765
SHAP-- recurrent-capetown-50-1-2-3-4-5-6-7-8-9-10-11-12-13-14-15-16-17-18-19-20-21-22-23-24 mean_lanes                    0.0095
SHAP-- recurrent-capetown-50-1-2-3-4-5-6-7-8-9-10-11-12-13-14-15-16-17-18-19-20-21-22-23-24 streets_per_node_count_5          0.0179
SHAP-- recurrent-capetown-50-1-2-3-4-5-6-7-8-9-10-11-12-13-14-15-16-17-18-19-20-21-22-23-24 total_crossings               0.0810
SHAP-- recurrent-capetown-50-1-2-3-4-5-6-7-8-9-10-11-12-13-14-15-16-17-18-19-20-21-22-23-24 streets_per_node_avg          0.0315
SHAP-- recurrent-capetown-50-1-2-3-4-5-6-7-8-9-10-11-12-13-14-15-16-17-18-19-20-21-22-23-24 non_metered_count             0.0365
SHAP-- recurrent-capetown-50-1-2-3-4-5-6-7-8-9-10-11-12-13-14-15-16-17-18-19-20-21-22-23-24 global_betweenness            0.0114
RECURRENT Capetown 50 LR 0.3652473579840813 XpVar
RECURRENT Capetown 50 RF 0.46727586220251865 XpVar
RECURRENT Capetown 50 GBM 0.4023121473406661 XpVar
RECURRENT Capetown 50 LLR -6.344131569286608e-17 XpVar
RECURRENT Capetown 50 RLR 0.36625177875641735 XpVar
RECURRENT Capetown 50 LR 0.11381210702366298 MSE
RECURRENT Capetown 50 RF 0.09501265949264706 MSE
RECURRENT Capetown 50 GBM 0.10645410580124606 MSE
RECURRENT Capetown 50 LLR 0.1783202403795326 MSE
RECURRENT Capetown 50 RLR 0.11363080566885175 MSE
RECURRENT Capetown 50 LR 0.3634291965239034 R2
RECURRENT Capetown 50 RF 0.46624343419413095 R2
RECURRENT Capetown 50 GBM 0.4004677623985385 R2
RECURRENT Capetown 50 LLR -0.004967666940128591 R2
RECURRENT Capetown 50 RLR 0.3644061703653973 R2
t_spatial, t_non_spatial, "seconds" : 1.430511474609375e-06 455.5780191421509 seconds
sorted_percentage_nan_per_column : maxspeed                         5.21666
n                                0.00000
lane_density                     0.00000
streets_per_node_proportion_6    0.00000
streets_per_node_count_6         0.00000
streets_per_node_proportion_5    0.00000
streets_per_node_count_5         0.00000
streets_per_node_proportion_4    0.00000
streets_per_node_count_4         0.00000
streets_per_node_proportion_3    0.00000
streets_per_node_count_3         0.00000
streets_per_node_proportion_2    0.00000
streets_per_node_count_2         0.00000
streets_per_node_proportion_1    0.00000
streets_per_node_count_1         0.00000
mean_lanes                       0.00000
m                                0.00000
betweenness                      0.00000
total_crossings                  0.00000
non_metered_count                0.00000
metered_count                    0.00000
self_loop_proportion             0.00000
circuity_avg                     0.00000
street_length_avg                0.00000
street_segment_count             0.00000
street_length_total              0.00000
streets_per_node_avg             0.00000
edge_length_avg                  0.00000
edge_length_total                0.00000
k_avg                            0.00000
global_betweenness               0.00000
dtype: float64
city, scale, tod, config.shift_tile_marker, X.shape, Y.shape : Capetown 100 [1, 2, 3, 4, 5, 6, 7, 8, 9, 10, 11, 12, 13, 14, 15, 16, 17, 18, 19, 20, 21, 22, 23, 24] 3 (2377, 17) (2377,)
X.shape, Y.shape, "Inside the model-fitting function" : (2377, 17) (2377,) Inside the model-fitting function
Dict: model_trials.best_params_
Key: Value
{'randomforestregressor__max_depth': 10,
 'randomforestregressor__max_features': 'sqrt',
 'randomforestregressor__n_estimators': 500}
Dict: model_trials.best_params_
Key: Value
{'xgbregressor__learning_rate': 0.01,
 'xgbregressor__max_depth': 10,
 'xgbregressor__n_estimators': 200}
Matplotlib is currently using agg, which is a non-GUI backend, so cannot show the figure.
config.CONGESTION_TYPE, slugifiedstring, i, key, value : RECURRENT recurrent-capetown-100-1-2-3-4-5-6-7-8-9-10-11-12-13-14-15-16-17-18-19-20-21-22-23-24 0 streets_per_node_count_3 -0.0002716927572248937
config.CONGESTION_TYPE, slugifiedstring, i, key, value : RECURRENT recurrent-capetown-100-1-2-3-4-5-6-7-8-9-10-11-12-13-14-15-16-17-18-19-20-21-22-23-24 1 streets_per_node_count_6 -0.00039098821252163635
config.CONGESTION_TYPE, slugifiedstring, i, key, value : RECURRENT recurrent-capetown-100-1-2-3-4-5-6-7-8-9-10-11-12-13-14-15-16-17-18-19-20-21-22-23-24 2 streets_per_node_count_4 0
config.CONGESTION_TYPE, slugifiedstring, i, key, value : RECURRENT recurrent-capetown-100-1-2-3-4-5-6-7-8-9-10-11-12-13-14-15-16-17-18-19-20-21-22-23-24 3 circuity_avg -0.0002562702275081637
config.CONGESTION_TYPE, slugifiedstring, i, key, value : RECURRENT recurrent-capetown-100-1-2-3-4-5-6-7-8-9-10-11-12-13-14-15-16-17-18-19-20-21-22-23-24 4 streets_per_node_count_1 0
config.CONGESTION_TYPE, slugifiedstring, i, key, value : RECURRENT recurrent-capetown-100-1-2-3-4-5-6-7-8-9-10-11-12-13-14-15-16-17-18-19-20-21-22-23-24 5 streets_per_node_count_2 -7.125743370140507e-05
config.CONGESTION_TYPE, slugifiedstring, i, key, value : RECURRENT recurrent-capetown-100-1-2-3-4-5-6-7-8-9-10-11-12-13-14-15-16-17-18-19-20-21-22-23-24 6 betweenness -0.00013147340635449742
config.CONGESTION_TYPE, slugifiedstring, i, key, value : RECURRENT recurrent-capetown-100-1-2-3-4-5-6-7-8-9-10-11-12-13-14-15-16-17-18-19-20-21-22-23-24 7 n -0.00015054047888953437
config.CONGESTION_TYPE, slugifiedstring, i, key, value : RECURRENT recurrent-capetown-100-1-2-3-4-5-6-7-8-9-10-11-12-13-14-15-16-17-18-19-20-21-22-23-24 8 k_avg -0.00020852423417294595
config.CONGESTION_TYPE, slugifiedstring, i, key, value : RECURRENT recurrent-capetown-100-1-2-3-4-5-6-7-8-9-10-11-12-13-14-15-16-17-18-19-20-21-22-23-24 9 m -0.00015201161039250685
config.CONGESTION_TYPE, slugifiedstring, i, key, value : RECURRENT recurrent-capetown-100-1-2-3-4-5-6-7-8-9-10-11-12-13-14-15-16-17-18-19-20-21-22-23-24 10 metered_count -0.0029507168007406764
config.CONGESTION_TYPE, slugifiedstring, i, key, value : RECURRENT recurrent-capetown-100-1-2-3-4-5-6-7-8-9-10-11-12-13-14-15-16-17-18-19-20-21-22-23-24 11 mean_lanes -0.00023421264611152165
config.CONGESTION_TYPE, slugifiedstring, i, key, value : RECURRENT recurrent-capetown-100-1-2-3-4-5-6-7-8-9-10-11-12-13-14-15-16-17-18-19-20-21-22-23-24 12 streets_per_node_count_5 0.0005760100153965729
config.CONGESTION_TYPE, slugifiedstring, i, key, value : RECURRENT recurrent-capetown-100-1-2-3-4-5-6-7-8-9-10-11-12-13-14-15-16-17-18-19-20-21-22-23-24 13 total_crossings -0.0010370430336644676
config.CONGESTION_TYPE, slugifiedstring, i, key, value : RECURRENT recurrent-capetown-100-1-2-3-4-5-6-7-8-9-10-11-12-13-14-15-16-17-18-19-20-21-22-23-24 14 streets_per_node_avg -0.00048222143448623596
config.CONGESTION_TYPE, slugifiedstring, i, key, value : RECURRENT recurrent-capetown-100-1-2-3-4-5-6-7-8-9-10-11-12-13-14-15-16-17-18-19-20-21-22-23-24 15 non_metered_count -0.0005275876632256682
config.CONGESTION_TYPE, slugifiedstring, i, key, value : RECURRENT recurrent-capetown-100-1-2-3-4-5-6-7-8-9-10-11-12-13-14-15-16-17-18-19-20-21-22-23-24 16 global_betweenness 0.0002979897298184198
SHAP Values for each feature:
Slug                           Feature Name         Mean Abs SHAP Value
SHAP-- recurrent-capetown-100-1-2-3-4-5-6-7-8-9-10-11-12-13-14-15-16-17-18-19-20-21-22-23-24 streets_per_node_count_3          0.0288
SHAP-- recurrent-capetown-100-1-2-3-4-5-6-7-8-9-10-11-12-13-14-15-16-17-18-19-20-21-22-23-24 streets_per_node_count_6          0.0306
SHAP-- recurrent-capetown-100-1-2-3-4-5-6-7-8-9-10-11-12-13-14-15-16-17-18-19-20-21-22-23-24 streets_per_node_count_4          0.0000
SHAP-- recurrent-capetown-100-1-2-3-4-5-6-7-8-9-10-11-12-13-14-15-16-17-18-19-20-21-22-23-24 circuity_avg                  0.0050
SHAP-- recurrent-capetown-100-1-2-3-4-5-6-7-8-9-10-11-12-13-14-15-16-17-18-19-20-21-22-23-24 streets_per_node_count_1          0.0000
SHAP-- recurrent-capetown-100-1-2-3-4-5-6-7-8-9-10-11-12-13-14-15-16-17-18-19-20-21-22-23-24 streets_per_node_count_2          0.0096
SHAP-- recurrent-capetown-100-1-2-3-4-5-6-7-8-9-10-11-12-13-14-15-16-17-18-19-20-21-22-23-24 betweenness                   0.0114
SHAP-- recurrent-capetown-100-1-2-3-4-5-6-7-8-9-10-11-12-13-14-15-16-17-18-19-20-21-22-23-24 n                             0.0207
SHAP-- recurrent-capetown-100-1-2-3-4-5-6-7-8-9-10-11-12-13-14-15-16-17-18-19-20-21-22-23-24 k_avg                         0.0156
SHAP-- recurrent-capetown-100-1-2-3-4-5-6-7-8-9-10-11-12-13-14-15-16-17-18-19-20-21-22-23-24 m                             0.0171
SHAP-- recurrent-capetown-100-1-2-3-4-5-6-7-8-9-10-11-12-13-14-15-16-17-18-19-20-21-22-23-24 metered_count                 0.0968
SHAP-- recurrent-capetown-100-1-2-3-4-5-6-7-8-9-10-11-12-13-14-15-16-17-18-19-20-21-22-23-24 mean_lanes                    0.0111
SHAP-- recurrent-capetown-100-1-2-3-4-5-6-7-8-9-10-11-12-13-14-15-16-17-18-19-20-21-22-23-24 streets_per_node_count_5          0.0125
SHAP-- recurrent-capetown-100-1-2-3-4-5-6-7-8-9-10-11-12-13-14-15-16-17-18-19-20-21-22-23-24 total_crossings               0.0746
SHAP-- recurrent-capetown-100-1-2-3-4-5-6-7-8-9-10-11-12-13-14-15-16-17-18-19-20-21-22-23-24 streets_per_node_avg          0.0383
SHAP-- recurrent-capetown-100-1-2-3-4-5-6-7-8-9-10-11-12-13-14-15-16-17-18-19-20-21-22-23-24 non_metered_count             0.0385
SHAP-- recurrent-capetown-100-1-2-3-4-5-6-7-8-9-10-11-12-13-14-15-16-17-18-19-20-21-22-23-24 global_betweenness            0.0109
RECURRENT Capetown 100 LR 0.2800629649707748 XpVar
RECURRENT Capetown 100 RF 0.3715032853110712 XpVar
RECURRENT Capetown 100 GBM 0.31263261815622995 XpVar
RECURRENT Capetown 100 LLR 0.0 XpVar
RECURRENT Capetown 100 RLR 0.28015509555397705 XpVar
RECURRENT Capetown 100 LR 0.16788323764567253 MSE
RECURRENT Capetown 100 RF 0.1471189375068003 MSE
RECURRENT Capetown 100 GBM 0.16076201763570327 MSE
RECURRENT Capetown 100 LLR 0.23408502520711752 MSE
RECURRENT Capetown 100 RLR 0.16786111330445866 MSE
RECURRENT Capetown 100 LR 0.2796606167503578 R2
RECURRENT Capetown 100 RF 0.3709801325244362 R2
RECURRENT Capetown 100 GBM 0.3122868293247329 R2
RECURRENT Capetown 100 LLR -0.000866413396748105 R2
RECURRENT Capetown 100 RLR 0.2797545448730913 R2
t_spatial, t_non_spatial, "seconds" : 1.430511474609375e-06 940.0649185180664 seconds

 Complete: python urbanscales/modelling/SHAP_analysis.py

