Matplotlib is currently using agg, which is a non-GUI backend, so cannot show the figure.
Matplotlib is currently using agg, which is a non-GUI backend, so cannot show the figure.
Loaded config file: Prefix for name of road network object pickle file!
os.getcwd() : /home/niskumar/WCS/urbanscales/modelling
sorted_percentage_nan_per_column : maxspeed                         31.884058
n                                 0.000000
lane_density                      0.000000
streets_per_node_proportion_6     0.000000
streets_per_node_count_6          0.000000
streets_per_node_proportion_5     0.000000
streets_per_node_count_5          0.000000
streets_per_node_proportion_4     0.000000
streets_per_node_count_4          0.000000
streets_per_node_proportion_3     0.000000
streets_per_node_count_3          0.000000
streets_per_node_proportion_2     0.000000
streets_per_node_count_2          0.000000
streets_per_node_proportion_1     0.000000
streets_per_node_count_1          0.000000
mean_lanes                        0.000000
m                                 0.000000
betweenness                       0.000000
total_crossings                   0.000000
non_metered_count                 0.000000
metered_count                     0.000000
self_loop_proportion              0.000000
circuity_avg                      0.000000
street_length_avg                 0.000000
street_segment_count              0.000000
street_length_total               0.000000
streets_per_node_avg              0.000000
edge_length_avg                   0.000000
edge_length_total                 0.000000
k_avg                             0.000000
global_betweenness                0.000000
dtype: float64
city, scale, tod, config.shift_tile_marker, X.shape, Y.shape : Mumbai 20 [1, 2, 3, 4, 5, 6, 7, 8, 9, 10, 11, 12, 13, 14, 15, 16, 17, 18, 19, 20, 21, 22, 23, 24] 3 (69, 17) (69,)
X.shape, Y.shape, "Inside the model-fitting function" : (69, 17) (69,) Inside the model-fitting function
Dict: model_trials.best_params_
Key: Value
{'randomforestregressor__max_depth': 10,
 'randomforestregressor__max_features': 'sqrt',
 'randomforestregressor__n_estimators': 200}
Dict: model_trials.best_params_
Key: Value
{'xgbregressor__learning_rate': 0.001,
 'xgbregressor__max_depth': 10,
 'xgbregressor__n_estimators': 100}
Matplotlib is currently using agg, which is a non-GUI backend, so cannot show the figure.
Matplotlib is currently using agg, which is a non-GUI backend, so cannot show the figure.
Matplotlib is currently using agg, which is a non-GUI backend, so cannot show the figure.
config.CONGESTION_TYPE, slugifiedstring, i, key, value : RECURRENT recurrent-mumbai-20-1-2-3-4-5-6-7-8-9-10-11-12-13-14-15-16-17-18-19-20-21-22-23-24 0 streets_per_node_count_1 0
config.CONGESTION_TYPE, slugifiedstring, i, key, value : RECURRENT recurrent-mumbai-20-1-2-3-4-5-6-7-8-9-10-11-12-13-14-15-16-17-18-19-20-21-22-23-24 1 m -0.04063641930574813
config.CONGESTION_TYPE, slugifiedstring, i, key, value : RECURRENT recurrent-mumbai-20-1-2-3-4-5-6-7-8-9-10-11-12-13-14-15-16-17-18-19-20-21-22-23-24 2 metered_count -0.025671362918537315
config.CONGESTION_TYPE, slugifiedstring, i, key, value : RECURRENT recurrent-mumbai-20-1-2-3-4-5-6-7-8-9-10-11-12-13-14-15-16-17-18-19-20-21-22-23-24 3 total_crossings -0.01336126138183214
config.CONGESTION_TYPE, slugifiedstring, i, key, value : RECURRENT recurrent-mumbai-20-1-2-3-4-5-6-7-8-9-10-11-12-13-14-15-16-17-18-19-20-21-22-23-24 4 betweenness 0.03639857458900467
config.CONGESTION_TYPE, slugifiedstring, i, key, value : RECURRENT recurrent-mumbai-20-1-2-3-4-5-6-7-8-9-10-11-12-13-14-15-16-17-18-19-20-21-22-23-24 5 non_metered_count -0.004755400009944464
config.CONGESTION_TYPE, slugifiedstring, i, key, value : RECURRENT recurrent-mumbai-20-1-2-3-4-5-6-7-8-9-10-11-12-13-14-15-16-17-18-19-20-21-22-23-24 6 circuity_avg 0.000979332442677927
config.CONGESTION_TYPE, slugifiedstring, i, key, value : RECURRENT recurrent-mumbai-20-1-2-3-4-5-6-7-8-9-10-11-12-13-14-15-16-17-18-19-20-21-22-23-24 7 streets_per_node_count_2 0.019308861449833317
config.CONGESTION_TYPE, slugifiedstring, i, key, value : RECURRENT recurrent-mumbai-20-1-2-3-4-5-6-7-8-9-10-11-12-13-14-15-16-17-18-19-20-21-22-23-24 8 n 0.03755010180993908
config.CONGESTION_TYPE, slugifiedstring, i, key, value : RECURRENT recurrent-mumbai-20-1-2-3-4-5-6-7-8-9-10-11-12-13-14-15-16-17-18-19-20-21-22-23-24 9 streets_per_node_count_3 -0.07221115440790804
config.CONGESTION_TYPE, slugifiedstring, i, key, value : RECURRENT recurrent-mumbai-20-1-2-3-4-5-6-7-8-9-10-11-12-13-14-15-16-17-18-19-20-21-22-23-24 10 streets_per_node_count_4 0
config.CONGESTION_TYPE, slugifiedstring, i, key, value : RECURRENT recurrent-mumbai-20-1-2-3-4-5-6-7-8-9-10-11-12-13-14-15-16-17-18-19-20-21-22-23-24 11 streets_per_node_avg 0.02101747542080201
config.CONGESTION_TYPE, slugifiedstring, i, key, value : RECURRENT recurrent-mumbai-20-1-2-3-4-5-6-7-8-9-10-11-12-13-14-15-16-17-18-19-20-21-22-23-24 12 streets_per_node_count_6 0.0354017767869386
config.CONGESTION_TYPE, slugifiedstring, i, key, value : RECURRENT recurrent-mumbai-20-1-2-3-4-5-6-7-8-9-10-11-12-13-14-15-16-17-18-19-20-21-22-23-24 13 global_betweenness 0.014957045629518289
config.CONGESTION_TYPE, slugifiedstring, i, key, value : RECURRENT recurrent-mumbai-20-1-2-3-4-5-6-7-8-9-10-11-12-13-14-15-16-17-18-19-20-21-22-23-24 14 streets_per_node_count_5 0.06667181676232277
config.CONGESTION_TYPE, slugifiedstring, i, key, value : RECURRENT recurrent-mumbai-20-1-2-3-4-5-6-7-8-9-10-11-12-13-14-15-16-17-18-19-20-21-22-23-24 15 mean_lanes 0.017506724513828044
config.CONGESTION_TYPE, slugifiedstring, i, key, value : RECURRENT recurrent-mumbai-20-1-2-3-4-5-6-7-8-9-10-11-12-13-14-15-16-17-18-19-20-21-22-23-24 16 k_avg 0.017835059216602958
SHAP Values for each feature:
Slug                           Feature Name         Mean Abs SHAP Value
SHAP-- recurrent-mumbai-20-1-2-3-4-5-6-7-8-9-10-11-12-13-14-15-16-17-18-19-20-21-22-23-24 streets_per_node_count_1          0.0000
SHAP-- recurrent-mumbai-20-1-2-3-4-5-6-7-8-9-10-11-12-13-14-15-16-17-18-19-20-21-22-23-24 m                             0.0575
SHAP-- recurrent-mumbai-20-1-2-3-4-5-6-7-8-9-10-11-12-13-14-15-16-17-18-19-20-21-22-23-24 metered_count                 0.0472
SHAP-- recurrent-mumbai-20-1-2-3-4-5-6-7-8-9-10-11-12-13-14-15-16-17-18-19-20-21-22-23-24 total_crossings               0.0342
SHAP-- recurrent-mumbai-20-1-2-3-4-5-6-7-8-9-10-11-12-13-14-15-16-17-18-19-20-21-22-23-24 betweenness                   0.0370
SHAP-- recurrent-mumbai-20-1-2-3-4-5-6-7-8-9-10-11-12-13-14-15-16-17-18-19-20-21-22-23-24 non_metered_count             0.0247
SHAP-- recurrent-mumbai-20-1-2-3-4-5-6-7-8-9-10-11-12-13-14-15-16-17-18-19-20-21-22-23-24 circuity_avg                  0.0027
SHAP-- recurrent-mumbai-20-1-2-3-4-5-6-7-8-9-10-11-12-13-14-15-16-17-18-19-20-21-22-23-24 streets_per_node_count_2          0.0539
SHAP-- recurrent-mumbai-20-1-2-3-4-5-6-7-8-9-10-11-12-13-14-15-16-17-18-19-20-21-22-23-24 n                             0.0662
SHAP-- recurrent-mumbai-20-1-2-3-4-5-6-7-8-9-10-11-12-13-14-15-16-17-18-19-20-21-22-23-24 streets_per_node_count_3          0.0357
SHAP-- recurrent-mumbai-20-1-2-3-4-5-6-7-8-9-10-11-12-13-14-15-16-17-18-19-20-21-22-23-24 streets_per_node_count_4          0.0000
SHAP-- recurrent-mumbai-20-1-2-3-4-5-6-7-8-9-10-11-12-13-14-15-16-17-18-19-20-21-22-23-24 streets_per_node_avg          0.0613
SHAP-- recurrent-mumbai-20-1-2-3-4-5-6-7-8-9-10-11-12-13-14-15-16-17-18-19-20-21-22-23-24 streets_per_node_count_6          0.0472
SHAP-- recurrent-mumbai-20-1-2-3-4-5-6-7-8-9-10-11-12-13-14-15-16-17-18-19-20-21-22-23-24 global_betweenness            0.0483
SHAP-- recurrent-mumbai-20-1-2-3-4-5-6-7-8-9-10-11-12-13-14-15-16-17-18-19-20-21-22-23-24 streets_per_node_count_5          0.0386
SHAP-- recurrent-mumbai-20-1-2-3-4-5-6-7-8-9-10-11-12-13-14-15-16-17-18-19-20-21-22-23-24 mean_lanes                    0.0904
SHAP-- recurrent-mumbai-20-1-2-3-4-5-6-7-8-9-10-11-12-13-14-15-16-17-18-19-20-21-22-23-24 k_avg                         0.0342
RECURRENT Mumbai 20 LR 0.055296790189380926 XpVar
RECURRENT Mumbai 20 RF 0.25158008079515726 XpVar
RECURRENT Mumbai 20 GBM 0.05947855635274698 XpVar
RECURRENT Mumbai 20 LLR 0.0 XpVar
RECURRENT Mumbai 20 RLR 0.20416319544482509 XpVar
RECURRENT Mumbai 20 LR 0.7059646176609283 MSE
RECURRENT Mumbai 20 RF 0.6261555273436048 MSE
RECURRENT Mumbai 20 GBM 0.7439349334307037 MSE
RECURRENT Mumbai 20 LLR 0.7922069739820339 MSE
RECURRENT Mumbai 20 RLR 0.6719735668385821 MSE
RECURRENT Mumbai 20 LR -0.07858481456608557 R2
RECURRENT Mumbai 20 RF 0.09411127848667343 R2
RECURRENT Mumbai 20 GBM -0.212579529092428 R2
RECURRENT Mumbai 20 LLR -0.3061834012902658 R2
RECURRENT Mumbai 20 RLR 0.02695988462815638 R2
t_spatial, t_non_spatial, "seconds" : 9.5367431640625e-07 89.32896852493286 seconds
sorted_percentage_nan_per_column : maxspeed                         45.736434
n                                 0.000000
lane_density                      0.000000
streets_per_node_proportion_6     0.000000
streets_per_node_count_6          0.000000
streets_per_node_proportion_5     0.000000
streets_per_node_count_5          0.000000
streets_per_node_proportion_4     0.000000
streets_per_node_count_4          0.000000
streets_per_node_proportion_3     0.000000
streets_per_node_count_3          0.000000
streets_per_node_proportion_2     0.000000
streets_per_node_count_2          0.000000
streets_per_node_proportion_1     0.000000
streets_per_node_count_1          0.000000
mean_lanes                        0.000000
m                                 0.000000
betweenness                       0.000000
total_crossings                   0.000000
non_metered_count                 0.000000
metered_count                     0.000000
self_loop_proportion              0.000000
circuity_avg                      0.000000
street_length_avg                 0.000000
street_segment_count              0.000000
street_length_total               0.000000
streets_per_node_avg              0.000000
edge_length_avg                   0.000000
edge_length_total                 0.000000
k_avg                             0.000000
global_betweenness                0.000000
dtype: float64
city, scale, tod, config.shift_tile_marker, X.shape, Y.shape : Mumbai 30 [1, 2, 3, 4, 5, 6, 7, 8, 9, 10, 11, 12, 13, 14, 15, 16, 17, 18, 19, 20, 21, 22, 23, 24] 3 (129, 17) (129,)
X.shape, Y.shape, "Inside the model-fitting function" : (129, 17) (129,) Inside the model-fitting function
Dict: model_trials.best_params_
Key: Value
{'randomforestregressor__max_depth': 10,
 'randomforestregressor__max_features': 'sqrt',
 'randomforestregressor__n_estimators': 300}
Dict: model_trials.best_params_
Key: Value
{'xgbregressor__learning_rate': 0.001,
 'xgbregressor__max_depth': 10,
 'xgbregressor__n_estimators': 100}
Matplotlib is currently using agg, which is a non-GUI backend, so cannot show the figure.
Matplotlib is currently using agg, which is a non-GUI backend, so cannot show the figure.
Matplotlib is currently using agg, which is a non-GUI backend, so cannot show the figure.
config.CONGESTION_TYPE, slugifiedstring, i, key, value : RECURRENT recurrent-mumbai-30-1-2-3-4-5-6-7-8-9-10-11-12-13-14-15-16-17-18-19-20-21-22-23-24 0 streets_per_node_count_1 0
config.CONGESTION_TYPE, slugifiedstring, i, key, value : RECURRENT recurrent-mumbai-30-1-2-3-4-5-6-7-8-9-10-11-12-13-14-15-16-17-18-19-20-21-22-23-24 1 m 0.02109829059508055
config.CONGESTION_TYPE, slugifiedstring, i, key, value : RECURRENT recurrent-mumbai-30-1-2-3-4-5-6-7-8-9-10-11-12-13-14-15-16-17-18-19-20-21-22-23-24 2 metered_count -0.035044376712919593
config.CONGESTION_TYPE, slugifiedstring, i, key, value : RECURRENT recurrent-mumbai-30-1-2-3-4-5-6-7-8-9-10-11-12-13-14-15-16-17-18-19-20-21-22-23-24 3 total_crossings -0.01004787938969363
config.CONGESTION_TYPE, slugifiedstring, i, key, value : RECURRENT recurrent-mumbai-30-1-2-3-4-5-6-7-8-9-10-11-12-13-14-15-16-17-18-19-20-21-22-23-24 4 betweenness 0.003510438576007427
config.CONGESTION_TYPE, slugifiedstring, i, key, value : RECURRENT recurrent-mumbai-30-1-2-3-4-5-6-7-8-9-10-11-12-13-14-15-16-17-18-19-20-21-22-23-24 5 non_metered_count -0.0025181300165603338
config.CONGESTION_TYPE, slugifiedstring, i, key, value : RECURRENT recurrent-mumbai-30-1-2-3-4-5-6-7-8-9-10-11-12-13-14-15-16-17-18-19-20-21-22-23-24 6 circuity_avg -0.0021684299879795466
config.CONGESTION_TYPE, slugifiedstring, i, key, value : RECURRENT recurrent-mumbai-30-1-2-3-4-5-6-7-8-9-10-11-12-13-14-15-16-17-18-19-20-21-22-23-24 7 streets_per_node_count_2 0.00612643240921938
config.CONGESTION_TYPE, slugifiedstring, i, key, value : RECURRENT recurrent-mumbai-30-1-2-3-4-5-6-7-8-9-10-11-12-13-14-15-16-17-18-19-20-21-22-23-24 8 n 0.010951798770970066
config.CONGESTION_TYPE, slugifiedstring, i, key, value : RECURRENT recurrent-mumbai-30-1-2-3-4-5-6-7-8-9-10-11-12-13-14-15-16-17-18-19-20-21-22-23-24 9 streets_per_node_count_3 0.07855659393943362
config.CONGESTION_TYPE, slugifiedstring, i, key, value : RECURRENT recurrent-mumbai-30-1-2-3-4-5-6-7-8-9-10-11-12-13-14-15-16-17-18-19-20-21-22-23-24 10 streets_per_node_count_4 0
config.CONGESTION_TYPE, slugifiedstring, i, key, value : RECURRENT recurrent-mumbai-30-1-2-3-4-5-6-7-8-9-10-11-12-13-14-15-16-17-18-19-20-21-22-23-24 11 streets_per_node_avg 0.0296041230101226
config.CONGESTION_TYPE, slugifiedstring, i, key, value : RECURRENT recurrent-mumbai-30-1-2-3-4-5-6-7-8-9-10-11-12-13-14-15-16-17-18-19-20-21-22-23-24 12 streets_per_node_count_6 -0.02321865775963199
config.CONGESTION_TYPE, slugifiedstring, i, key, value : RECURRENT recurrent-mumbai-30-1-2-3-4-5-6-7-8-9-10-11-12-13-14-15-16-17-18-19-20-21-22-23-24 13 global_betweenness 0.011244272802469542
config.CONGESTION_TYPE, slugifiedstring, i, key, value : RECURRENT recurrent-mumbai-30-1-2-3-4-5-6-7-8-9-10-11-12-13-14-15-16-17-18-19-20-21-22-23-24 14 streets_per_node_count_5 0.7365147034498291
config.CONGESTION_TYPE, slugifiedstring, i, key, value : RECURRENT recurrent-mumbai-30-1-2-3-4-5-6-7-8-9-10-11-12-13-14-15-16-17-18-19-20-21-22-23-24 15 mean_lanes 0.009703461134961639
config.CONGESTION_TYPE, slugifiedstring, i, key, value : RECURRENT recurrent-mumbai-30-1-2-3-4-5-6-7-8-9-10-11-12-13-14-15-16-17-18-19-20-21-22-23-24 16 k_avg 0.0056632729147998995
SHAP Values for each feature:
Slug                           Feature Name         Mean Abs SHAP Value
SHAP-- recurrent-mumbai-30-1-2-3-4-5-6-7-8-9-10-11-12-13-14-15-16-17-18-19-20-21-22-23-24 streets_per_node_count_1          0.0000
SHAP-- recurrent-mumbai-30-1-2-3-4-5-6-7-8-9-10-11-12-13-14-15-16-17-18-19-20-21-22-23-24 m                             0.0770
SHAP-- recurrent-mumbai-30-1-2-3-4-5-6-7-8-9-10-11-12-13-14-15-16-17-18-19-20-21-22-23-24 metered_count                 0.0677
SHAP-- recurrent-mumbai-30-1-2-3-4-5-6-7-8-9-10-11-12-13-14-15-16-17-18-19-20-21-22-23-24 total_crossings               0.0506
SHAP-- recurrent-mumbai-30-1-2-3-4-5-6-7-8-9-10-11-12-13-14-15-16-17-18-19-20-21-22-23-24 betweenness                   0.0278
SHAP-- recurrent-mumbai-30-1-2-3-4-5-6-7-8-9-10-11-12-13-14-15-16-17-18-19-20-21-22-23-24 non_metered_count             0.0090
SHAP-- recurrent-mumbai-30-1-2-3-4-5-6-7-8-9-10-11-12-13-14-15-16-17-18-19-20-21-22-23-24 circuity_avg                  0.0057
SHAP-- recurrent-mumbai-30-1-2-3-4-5-6-7-8-9-10-11-12-13-14-15-16-17-18-19-20-21-22-23-24 streets_per_node_count_2          0.0444
SHAP-- recurrent-mumbai-30-1-2-3-4-5-6-7-8-9-10-11-12-13-14-15-16-17-18-19-20-21-22-23-24 n                             0.0485
SHAP-- recurrent-mumbai-30-1-2-3-4-5-6-7-8-9-10-11-12-13-14-15-16-17-18-19-20-21-22-23-24 streets_per_node_count_3          0.0646
SHAP-- recurrent-mumbai-30-1-2-3-4-5-6-7-8-9-10-11-12-13-14-15-16-17-18-19-20-21-22-23-24 streets_per_node_count_4          0.0000
SHAP-- recurrent-mumbai-30-1-2-3-4-5-6-7-8-9-10-11-12-13-14-15-16-17-18-19-20-21-22-23-24 streets_per_node_avg          0.0598
SHAP-- recurrent-mumbai-30-1-2-3-4-5-6-7-8-9-10-11-12-13-14-15-16-17-18-19-20-21-22-23-24 streets_per_node_count_6          0.0478
SHAP-- recurrent-mumbai-30-1-2-3-4-5-6-7-8-9-10-11-12-13-14-15-16-17-18-19-20-21-22-23-24 global_betweenness            0.0455
SHAP-- recurrent-mumbai-30-1-2-3-4-5-6-7-8-9-10-11-12-13-14-15-16-17-18-19-20-21-22-23-24 streets_per_node_count_5          0.0329
SHAP-- recurrent-mumbai-30-1-2-3-4-5-6-7-8-9-10-11-12-13-14-15-16-17-18-19-20-21-22-23-24 mean_lanes                    0.0346
SHAP-- recurrent-mumbai-30-1-2-3-4-5-6-7-8-9-10-11-12-13-14-15-16-17-18-19-20-21-22-23-24 k_avg                         0.0261
RECURRENT Mumbai 30 LR -0.2853668436658563 XpVar
RECURRENT Mumbai 30 RF 0.13849723856499124 XpVar
RECURRENT Mumbai 30 GBM 0.00898930882594251 XpVar
RECURRENT Mumbai 30 LLR 0.0 XpVar
RECURRENT Mumbai 30 RLR -0.16261649073699364 XpVar
RECURRENT Mumbai 30 LR 0.8994461099658155 MSE
RECURRENT Mumbai 30 RF 0.5599403475774599 MSE
RECURRENT Mumbai 30 GBM 0.6622477823876648 MSE
RECURRENT Mumbai 30 LLR 0.6633665060908077 MSE
RECURRENT Mumbai 30 RLR 0.8072456398521434 MSE
RECURRENT Mumbai 30 LR -0.3030065850310094 R2
RECURRENT Mumbai 30 RF 0.11710919967686154 R2
RECURRENT Mumbai 30 GBM -0.04046900670741903 R2
RECURRENT Mumbai 30 LLR -0.04812707809417138 R2
RECURRENT Mumbai 30 RLR -0.18235388046555615 R2
t_spatial, t_non_spatial, "seconds" : 3.5762786865234375e-06 131.85241508483887 seconds
sorted_percentage_nan_per_column : maxspeed                         61.244019
n                                 0.000000
lane_density                      0.000000
streets_per_node_proportion_6     0.000000
streets_per_node_count_6          0.000000
streets_per_node_proportion_5     0.000000
streets_per_node_count_5          0.000000
streets_per_node_proportion_4     0.000000
streets_per_node_count_4          0.000000
streets_per_node_proportion_3     0.000000
streets_per_node_count_3          0.000000
streets_per_node_proportion_2     0.000000
streets_per_node_count_2          0.000000
streets_per_node_proportion_1     0.000000
streets_per_node_count_1          0.000000
mean_lanes                        0.000000
m                                 0.000000
betweenness                       0.000000
total_crossings                   0.000000
non_metered_count                 0.000000
metered_count                     0.000000
self_loop_proportion              0.000000
circuity_avg                      0.000000
street_length_avg                 0.000000
street_segment_count              0.000000
street_length_total               0.000000
streets_per_node_avg              0.000000
edge_length_avg                   0.000000
edge_length_total                 0.000000
k_avg                             0.000000
global_betweenness                0.000000
dtype: float64
city, scale, tod, config.shift_tile_marker, X.shape, Y.shape : Mumbai 40 [1, 2, 3, 4, 5, 6, 7, 8, 9, 10, 11, 12, 13, 14, 15, 16, 17, 18, 19, 20, 21, 22, 23, 24] 3 (209, 17) (209,)
X.shape, Y.shape, "Inside the model-fitting function" : (209, 17) (209,) Inside the model-fitting function
Dict: model_trials.best_params_
Key: Value
{'randomforestregressor__max_depth': 10,
 'randomforestregressor__max_features': 'sqrt',
 'randomforestregressor__n_estimators': 1000}
Dict: model_trials.best_params_
Key: Value
{'xgbregressor__learning_rate': 0.001,
 'xgbregressor__max_depth': 10,
 'xgbregressor__n_estimators': 100}
Matplotlib is currently using agg, which is a non-GUI backend, so cannot show the figure.
Matplotlib is currently using agg, which is a non-GUI backend, so cannot show the figure.
Matplotlib is currently using agg, which is a non-GUI backend, so cannot show the figure.
config.CONGESTION_TYPE, slugifiedstring, i, key, value : RECURRENT recurrent-mumbai-40-1-2-3-4-5-6-7-8-9-10-11-12-13-14-15-16-17-18-19-20-21-22-23-24 0 streets_per_node_count_1 0
config.CONGESTION_TYPE, slugifiedstring, i, key, value : RECURRENT recurrent-mumbai-40-1-2-3-4-5-6-7-8-9-10-11-12-13-14-15-16-17-18-19-20-21-22-23-24 1 m 0.010385213367338919
config.CONGESTION_TYPE, slugifiedstring, i, key, value : RECURRENT recurrent-mumbai-40-1-2-3-4-5-6-7-8-9-10-11-12-13-14-15-16-17-18-19-20-21-22-23-24 2 metered_count -0.00405205703460169
config.CONGESTION_TYPE, slugifiedstring, i, key, value : RECURRENT recurrent-mumbai-40-1-2-3-4-5-6-7-8-9-10-11-12-13-14-15-16-17-18-19-20-21-22-23-24 3 total_crossings -0.005605622953182581
config.CONGESTION_TYPE, slugifiedstring, i, key, value : RECURRENT recurrent-mumbai-40-1-2-3-4-5-6-7-8-9-10-11-12-13-14-15-16-17-18-19-20-21-22-23-24 4 betweenness 0.002997694426102496
config.CONGESTION_TYPE, slugifiedstring, i, key, value : RECURRENT recurrent-mumbai-40-1-2-3-4-5-6-7-8-9-10-11-12-13-14-15-16-17-18-19-20-21-22-23-24 5 non_metered_count -0.0010471404892720842
config.CONGESTION_TYPE, slugifiedstring, i, key, value : RECURRENT recurrent-mumbai-40-1-2-3-4-5-6-7-8-9-10-11-12-13-14-15-16-17-18-19-20-21-22-23-24 6 circuity_avg -0.011454055044190682
config.CONGESTION_TYPE, slugifiedstring, i, key, value : RECURRENT recurrent-mumbai-40-1-2-3-4-5-6-7-8-9-10-11-12-13-14-15-16-17-18-19-20-21-22-23-24 7 streets_per_node_count_2 0.004891366187312783
config.CONGESTION_TYPE, slugifiedstring, i, key, value : RECURRENT recurrent-mumbai-40-1-2-3-4-5-6-7-8-9-10-11-12-13-14-15-16-17-18-19-20-21-22-23-24 8 n 0.01825905561230237
config.CONGESTION_TYPE, slugifiedstring, i, key, value : RECURRENT recurrent-mumbai-40-1-2-3-4-5-6-7-8-9-10-11-12-13-14-15-16-17-18-19-20-21-22-23-24 9 streets_per_node_count_3 0.030246391270189042
config.CONGESTION_TYPE, slugifiedstring, i, key, value : RECURRENT recurrent-mumbai-40-1-2-3-4-5-6-7-8-9-10-11-12-13-14-15-16-17-18-19-20-21-22-23-24 10 streets_per_node_count_4 0
config.CONGESTION_TYPE, slugifiedstring, i, key, value : RECURRENT recurrent-mumbai-40-1-2-3-4-5-6-7-8-9-10-11-12-13-14-15-16-17-18-19-20-21-22-23-24 11 streets_per_node_avg 0.005596392964882301
config.CONGESTION_TYPE, slugifiedstring, i, key, value : RECURRENT recurrent-mumbai-40-1-2-3-4-5-6-7-8-9-10-11-12-13-14-15-16-17-18-19-20-21-22-23-24 12 streets_per_node_count_6 -0.010821889496565876
config.CONGESTION_TYPE, slugifiedstring, i, key, value : RECURRENT recurrent-mumbai-40-1-2-3-4-5-6-7-8-9-10-11-12-13-14-15-16-17-18-19-20-21-22-23-24 13 global_betweenness 0.004143037551492896
config.CONGESTION_TYPE, slugifiedstring, i, key, value : RECURRENT recurrent-mumbai-40-1-2-3-4-5-6-7-8-9-10-11-12-13-14-15-16-17-18-19-20-21-22-23-24 14 streets_per_node_count_5 0.005087990242212334
config.CONGESTION_TYPE, slugifiedstring, i, key, value : RECURRENT recurrent-mumbai-40-1-2-3-4-5-6-7-8-9-10-11-12-13-14-15-16-17-18-19-20-21-22-23-24 15 mean_lanes 0.006583113941969408
config.CONGESTION_TYPE, slugifiedstring, i, key, value : RECURRENT recurrent-mumbai-40-1-2-3-4-5-6-7-8-9-10-11-12-13-14-15-16-17-18-19-20-21-22-23-24 16 k_avg 0.0025072949496355613
SHAP Values for each feature:
Slug                           Feature Name         Mean Abs SHAP Value
SHAP-- recurrent-mumbai-40-1-2-3-4-5-6-7-8-9-10-11-12-13-14-15-16-17-18-19-20-21-22-23-24 streets_per_node_count_1          0.0000
SHAP-- recurrent-mumbai-40-1-2-3-4-5-6-7-8-9-10-11-12-13-14-15-16-17-18-19-20-21-22-23-24 m                             0.0669
SHAP-- recurrent-mumbai-40-1-2-3-4-5-6-7-8-9-10-11-12-13-14-15-16-17-18-19-20-21-22-23-24 metered_count                 0.0685
SHAP-- recurrent-mumbai-40-1-2-3-4-5-6-7-8-9-10-11-12-13-14-15-16-17-18-19-20-21-22-23-24 total_crossings               0.0987
SHAP-- recurrent-mumbai-40-1-2-3-4-5-6-7-8-9-10-11-12-13-14-15-16-17-18-19-20-21-22-23-24 betweenness                   0.0281
SHAP-- recurrent-mumbai-40-1-2-3-4-5-6-7-8-9-10-11-12-13-14-15-16-17-18-19-20-21-22-23-24 non_metered_count             0.0106
SHAP-- recurrent-mumbai-40-1-2-3-4-5-6-7-8-9-10-11-12-13-14-15-16-17-18-19-20-21-22-23-24 circuity_avg                  0.0122
SHAP-- recurrent-mumbai-40-1-2-3-4-5-6-7-8-9-10-11-12-13-14-15-16-17-18-19-20-21-22-23-24 streets_per_node_count_2          0.0377
SHAP-- recurrent-mumbai-40-1-2-3-4-5-6-7-8-9-10-11-12-13-14-15-16-17-18-19-20-21-22-23-24 n                             0.0509
SHAP-- recurrent-mumbai-40-1-2-3-4-5-6-7-8-9-10-11-12-13-14-15-16-17-18-19-20-21-22-23-24 streets_per_node_count_3          0.0514
SHAP-- recurrent-mumbai-40-1-2-3-4-5-6-7-8-9-10-11-12-13-14-15-16-17-18-19-20-21-22-23-24 streets_per_node_count_4          0.0000
SHAP-- recurrent-mumbai-40-1-2-3-4-5-6-7-8-9-10-11-12-13-14-15-16-17-18-19-20-21-22-23-24 streets_per_node_avg          0.0516
SHAP-- recurrent-mumbai-40-1-2-3-4-5-6-7-8-9-10-11-12-13-14-15-16-17-18-19-20-21-22-23-24 streets_per_node_count_6          0.0392
SHAP-- recurrent-mumbai-40-1-2-3-4-5-6-7-8-9-10-11-12-13-14-15-16-17-18-19-20-21-22-23-24 global_betweenness            0.0508
SHAP-- recurrent-mumbai-40-1-2-3-4-5-6-7-8-9-10-11-12-13-14-15-16-17-18-19-20-21-22-23-24 streets_per_node_count_5          0.0442
SHAP-- recurrent-mumbai-40-1-2-3-4-5-6-7-8-9-10-11-12-13-14-15-16-17-18-19-20-21-22-23-24 mean_lanes                    0.1040
SHAP-- recurrent-mumbai-40-1-2-3-4-5-6-7-8-9-10-11-12-13-14-15-16-17-18-19-20-21-22-23-24 k_avg                         0.0262
RECURRENT Mumbai 40 LR 0.08476989073647631 XpVar
RECURRENT Mumbai 40 RF 0.16650418537934872 XpVar
RECURRENT Mumbai 40 GBM 0.03752858144603309 XpVar
RECURRENT Mumbai 40 LLR 6.344131569286608e-17 XpVar
RECURRENT Mumbai 40 RLR 0.08982358020845267 XpVar
RECURRENT Mumbai 40 LR 0.7469754865736906 MSE
RECURRENT Mumbai 40 RF 0.6855283334537218 MSE
RECURRENT Mumbai 40 GBM 0.7794038769752859 MSE
RECURRENT Mumbai 40 LLR 0.8071755694758973 MSE
RECURRENT Mumbai 40 RLR 0.7402045180178186 MSE
RECURRENT Mumbai 40 LR 0.014642206362058803 R2
RECURRENT Mumbai 40 RF 0.1134137403772062 R2
RECURRENT Mumbai 40 GBM -0.026649908872648398 R2
RECURRENT Mumbai 40 LLR -0.06441590956861434 R2
RECURRENT Mumbai 40 RLR 0.02210993347131093 R2
t_spatial, t_non_spatial, "seconds" : 1.430511474609375e-06 174.90923643112183 seconds
sorted_percentage_nan_per_column : maxspeed                         72.704082
n                                 0.000000
lane_density                      0.000000
streets_per_node_proportion_6     0.000000
streets_per_node_count_6          0.000000
streets_per_node_proportion_5     0.000000
streets_per_node_count_5          0.000000
streets_per_node_proportion_4     0.000000
streets_per_node_count_4          0.000000
streets_per_node_proportion_3     0.000000
streets_per_node_count_3          0.000000
streets_per_node_proportion_2     0.000000
streets_per_node_count_2          0.000000
streets_per_node_proportion_1     0.000000
streets_per_node_count_1          0.000000
mean_lanes                        0.000000
m                                 0.000000
betweenness                       0.000000
total_crossings                   0.000000
non_metered_count                 0.000000
metered_count                     0.000000
self_loop_proportion              0.000000
circuity_avg                      0.000000
street_length_avg                 0.000000
street_segment_count              0.000000
street_length_total               0.000000
streets_per_node_avg              0.000000
edge_length_avg                   0.000000
edge_length_total                 0.000000
k_avg                             0.000000
global_betweenness                0.000000
dtype: float64
city, scale, tod, config.shift_tile_marker, X.shape, Y.shape : Mumbai 60 [1, 2, 3, 4, 5, 6, 7, 8, 9, 10, 11, 12, 13, 14, 15, 16, 17, 18, 19, 20, 21, 22, 23, 24] 3 (392, 17) (392,)
X.shape, Y.shape, "Inside the model-fitting function" : (392, 17) (392,) Inside the model-fitting function
Dict: model_trials.best_params_
Key: Value
{'randomforestregressor__max_depth': 10,
 'randomforestregressor__max_features': 'sqrt',
 'randomforestregressor__n_estimators': 400}
Dict: model_trials.best_params_
Key: Value
{'xgbregressor__learning_rate': 0.001,
 'xgbregressor__max_depth': 20,
 'xgbregressor__n_estimators': 100}
Matplotlib is currently using agg, which is a non-GUI backend, so cannot show the figure.
Matplotlib is currently using agg, which is a non-GUI backend, so cannot show the figure.
Matplotlib is currently using agg, which is a non-GUI backend, so cannot show the figure.
config.CONGESTION_TYPE, slugifiedstring, i, key, value : RECURRENT recurrent-mumbai-60-1-2-3-4-5-6-7-8-9-10-11-12-13-14-15-16-17-18-19-20-21-22-23-24 0 streets_per_node_count_1 0
config.CONGESTION_TYPE, slugifiedstring, i, key, value : RECURRENT recurrent-mumbai-60-1-2-3-4-5-6-7-8-9-10-11-12-13-14-15-16-17-18-19-20-21-22-23-24 1 m 0.003723225658075916
config.CONGESTION_TYPE, slugifiedstring, i, key, value : RECURRENT recurrent-mumbai-60-1-2-3-4-5-6-7-8-9-10-11-12-13-14-15-16-17-18-19-20-21-22-23-24 2 metered_count -0.004834257862768584
config.CONGESTION_TYPE, slugifiedstring, i, key, value : RECURRENT recurrent-mumbai-60-1-2-3-4-5-6-7-8-9-10-11-12-13-14-15-16-17-18-19-20-21-22-23-24 3 total_crossings -0.0025168444611775157
config.CONGESTION_TYPE, slugifiedstring, i, key, value : RECURRENT recurrent-mumbai-60-1-2-3-4-5-6-7-8-9-10-11-12-13-14-15-16-17-18-19-20-21-22-23-24 4 betweenness 0.005489673601640738
config.CONGESTION_TYPE, slugifiedstring, i, key, value : RECURRENT recurrent-mumbai-60-1-2-3-4-5-6-7-8-9-10-11-12-13-14-15-16-17-18-19-20-21-22-23-24 5 non_metered_count -0.0020232495363272204
config.CONGESTION_TYPE, slugifiedstring, i, key, value : RECURRENT recurrent-mumbai-60-1-2-3-4-5-6-7-8-9-10-11-12-13-14-15-16-17-18-19-20-21-22-23-24 6 circuity_avg 0.0009822986893534176
config.CONGESTION_TYPE, slugifiedstring, i, key, value : RECURRENT recurrent-mumbai-60-1-2-3-4-5-6-7-8-9-10-11-12-13-14-15-16-17-18-19-20-21-22-23-24 7 streets_per_node_count_2 0.004656856660506167
config.CONGESTION_TYPE, slugifiedstring, i, key, value : RECURRENT recurrent-mumbai-60-1-2-3-4-5-6-7-8-9-10-11-12-13-14-15-16-17-18-19-20-21-22-23-24 8 n 0.00397449947522265
config.CONGESTION_TYPE, slugifiedstring, i, key, value : RECURRENT recurrent-mumbai-60-1-2-3-4-5-6-7-8-9-10-11-12-13-14-15-16-17-18-19-20-21-22-23-24 9 streets_per_node_count_3 0.014660309146451186
config.CONGESTION_TYPE, slugifiedstring, i, key, value : RECURRENT recurrent-mumbai-60-1-2-3-4-5-6-7-8-9-10-11-12-13-14-15-16-17-18-19-20-21-22-23-24 10 streets_per_node_count_4 0
config.CONGESTION_TYPE, slugifiedstring, i, key, value : RECURRENT recurrent-mumbai-60-1-2-3-4-5-6-7-8-9-10-11-12-13-14-15-16-17-18-19-20-21-22-23-24 11 streets_per_node_avg -0.004436066936152737
config.CONGESTION_TYPE, slugifiedstring, i, key, value : RECURRENT recurrent-mumbai-60-1-2-3-4-5-6-7-8-9-10-11-12-13-14-15-16-17-18-19-20-21-22-23-24 12 streets_per_node_count_6 -0.018276231235751037
config.CONGESTION_TYPE, slugifiedstring, i, key, value : RECURRENT recurrent-mumbai-60-1-2-3-4-5-6-7-8-9-10-11-12-13-14-15-16-17-18-19-20-21-22-23-24 13 global_betweenness -0.21064461666245898
config.CONGESTION_TYPE, slugifiedstring, i, key, value : RECURRENT recurrent-mumbai-60-1-2-3-4-5-6-7-8-9-10-11-12-13-14-15-16-17-18-19-20-21-22-23-24 14 streets_per_node_count_5 0.13033155492998896
config.CONGESTION_TYPE, slugifiedstring, i, key, value : RECURRENT recurrent-mumbai-60-1-2-3-4-5-6-7-8-9-10-11-12-13-14-15-16-17-18-19-20-21-22-23-24 15 mean_lanes 0.0020533336323412883
config.CONGESTION_TYPE, slugifiedstring, i, key, value : RECURRENT recurrent-mumbai-60-1-2-3-4-5-6-7-8-9-10-11-12-13-14-15-16-17-18-19-20-21-22-23-24 16 k_avg 0.0020481213333640638
SHAP Values for each feature:
Slug                           Feature Name         Mean Abs SHAP Value
SHAP-- recurrent-mumbai-60-1-2-3-4-5-6-7-8-9-10-11-12-13-14-15-16-17-18-19-20-21-22-23-24 streets_per_node_count_1          0.0000
SHAP-- recurrent-mumbai-60-1-2-3-4-5-6-7-8-9-10-11-12-13-14-15-16-17-18-19-20-21-22-23-24 m                             0.0557
SHAP-- recurrent-mumbai-60-1-2-3-4-5-6-7-8-9-10-11-12-13-14-15-16-17-18-19-20-21-22-23-24 metered_count                 0.0736
SHAP-- recurrent-mumbai-60-1-2-3-4-5-6-7-8-9-10-11-12-13-14-15-16-17-18-19-20-21-22-23-24 total_crossings               0.0763
SHAP-- recurrent-mumbai-60-1-2-3-4-5-6-7-8-9-10-11-12-13-14-15-16-17-18-19-20-21-22-23-24 betweenness                   0.0258
SHAP-- recurrent-mumbai-60-1-2-3-4-5-6-7-8-9-10-11-12-13-14-15-16-17-18-19-20-21-22-23-24 non_metered_count             0.0128
SHAP-- recurrent-mumbai-60-1-2-3-4-5-6-7-8-9-10-11-12-13-14-15-16-17-18-19-20-21-22-23-24 circuity_avg                  0.0093
SHAP-- recurrent-mumbai-60-1-2-3-4-5-6-7-8-9-10-11-12-13-14-15-16-17-18-19-20-21-22-23-24 streets_per_node_count_2          0.0417
SHAP-- recurrent-mumbai-60-1-2-3-4-5-6-7-8-9-10-11-12-13-14-15-16-17-18-19-20-21-22-23-24 n                             0.0444
SHAP-- recurrent-mumbai-60-1-2-3-4-5-6-7-8-9-10-11-12-13-14-15-16-17-18-19-20-21-22-23-24 streets_per_node_count_3          0.0528
SHAP-- recurrent-mumbai-60-1-2-3-4-5-6-7-8-9-10-11-12-13-14-15-16-17-18-19-20-21-22-23-24 streets_per_node_count_4          0.0000
SHAP-- recurrent-mumbai-60-1-2-3-4-5-6-7-8-9-10-11-12-13-14-15-16-17-18-19-20-21-22-23-24 streets_per_node_avg          0.0288
SHAP-- recurrent-mumbai-60-1-2-3-4-5-6-7-8-9-10-11-12-13-14-15-16-17-18-19-20-21-22-23-24 streets_per_node_count_6          0.0457
SHAP-- recurrent-mumbai-60-1-2-3-4-5-6-7-8-9-10-11-12-13-14-15-16-17-18-19-20-21-22-23-24 global_betweenness            0.0625
SHAP-- recurrent-mumbai-60-1-2-3-4-5-6-7-8-9-10-11-12-13-14-15-16-17-18-19-20-21-22-23-24 streets_per_node_count_5          0.0498
SHAP-- recurrent-mumbai-60-1-2-3-4-5-6-7-8-9-10-11-12-13-14-15-16-17-18-19-20-21-22-23-24 mean_lanes                    0.0604
SHAP-- recurrent-mumbai-60-1-2-3-4-5-6-7-8-9-10-11-12-13-14-15-16-17-18-19-20-21-22-23-24 k_avg                         0.0336
RECURRENT Mumbai 60 LR -0.0024854328185804748 XpVar
RECURRENT Mumbai 60 RF 0.15093212697843184 XpVar
RECURRENT Mumbai 60 GBM 0.03411914506049875 XpVar
RECURRENT Mumbai 60 LLR -3.172065784643304e-17 XpVar
RECURRENT Mumbai 60 RLR 0.005323465260541124 XpVar
RECURRENT Mumbai 60 LR 0.8587731342901501 MSE
RECURRENT Mumbai 60 RF 0.7249587190226539 MSE
RECURRENT Mumbai 60 GBM 0.8230335858477072 MSE
RECURRENT Mumbai 60 LLR 0.8517904214176654 MSE
RECURRENT Mumbai 60 RLR 0.8527801351076812 MSE
RECURRENT Mumbai 60 LR -0.014333165238296197 R2
RECURRENT Mumbai 60 RF 0.14412592962448328 R2
RECURRENT Mumbai 60 GBM 0.023327802229161847 R2
RECURRENT Mumbai 60 LLR -0.010892240150517343 R2
RECURRENT Mumbai 60 RLR -0.006547851416228172 R2
t_spatial, t_non_spatial, "seconds" : 1.6689300537109375e-06 306.331684589386 seconds
sorted_percentage_nan_per_column : maxspeed                         76.861167
n                                 0.000000
lane_density                      0.000000
streets_per_node_proportion_6     0.000000
streets_per_node_count_6          0.000000
streets_per_node_proportion_5     0.000000
streets_per_node_count_5          0.000000
streets_per_node_proportion_4     0.000000
streets_per_node_count_4          0.000000
streets_per_node_proportion_3     0.000000
streets_per_node_count_3          0.000000
streets_per_node_proportion_2     0.000000
streets_per_node_count_2          0.000000
streets_per_node_proportion_1     0.000000
streets_per_node_count_1          0.000000
mean_lanes                        0.000000
m                                 0.000000
betweenness                       0.000000
total_crossings                   0.000000
non_metered_count                 0.000000
metered_count                     0.000000
self_loop_proportion              0.000000
circuity_avg                      0.000000
street_length_avg                 0.000000
street_segment_count              0.000000
street_length_total               0.000000
streets_per_node_avg              0.000000
edge_length_avg                   0.000000
edge_length_total                 0.000000
k_avg                             0.000000
global_betweenness                0.000000
dtype: float64
city, scale, tod, config.shift_tile_marker, X.shape, Y.shape : Mumbai 70 [1, 2, 3, 4, 5, 6, 7, 8, 9, 10, 11, 12, 13, 14, 15, 16, 17, 18, 19, 20, 21, 22, 23, 24] 3 (497, 17) (497,)
X.shape, Y.shape, "Inside the model-fitting function" : (497, 17) (497,) Inside the model-fitting function
Dict: model_trials.best_params_
Key: Value
{'randomforestregressor__max_depth': 10,
 'randomforestregressor__max_features': 'sqrt',
 'randomforestregressor__n_estimators': 300}
Dict: model_trials.best_params_
Key: Value
{'xgbregressor__learning_rate': 0.001,
 'xgbregressor__max_depth': 10,
 'xgbregressor__n_estimators': 100}
Matplotlib is currently using agg, which is a non-GUI backend, so cannot show the figure.
Matplotlib is currently using agg, which is a non-GUI backend, so cannot show the figure.
Matplotlib is currently using agg, which is a non-GUI backend, so cannot show the figure.
config.CONGESTION_TYPE, slugifiedstring, i, key, value : RECURRENT recurrent-mumbai-70-1-2-3-4-5-6-7-8-9-10-11-12-13-14-15-16-17-18-19-20-21-22-23-24 0 streets_per_node_count_1 0
config.CONGESTION_TYPE, slugifiedstring, i, key, value : RECURRENT recurrent-mumbai-70-1-2-3-4-5-6-7-8-9-10-11-12-13-14-15-16-17-18-19-20-21-22-23-24 1 m 0.002400448952413176
config.CONGESTION_TYPE, slugifiedstring, i, key, value : RECURRENT recurrent-mumbai-70-1-2-3-4-5-6-7-8-9-10-11-12-13-14-15-16-17-18-19-20-21-22-23-24 2 metered_count -0.005301345180012676
config.CONGESTION_TYPE, slugifiedstring, i, key, value : RECURRENT recurrent-mumbai-70-1-2-3-4-5-6-7-8-9-10-11-12-13-14-15-16-17-18-19-20-21-22-23-24 3 total_crossings -0.00422828063116345
config.CONGESTION_TYPE, slugifiedstring, i, key, value : RECURRENT recurrent-mumbai-70-1-2-3-4-5-6-7-8-9-10-11-12-13-14-15-16-17-18-19-20-21-22-23-24 4 betweenness 0.004610591559122586
config.CONGESTION_TYPE, slugifiedstring, i, key, value : RECURRENT recurrent-mumbai-70-1-2-3-4-5-6-7-8-9-10-11-12-13-14-15-16-17-18-19-20-21-22-23-24 5 non_metered_count 0.00021980877587264819
config.CONGESTION_TYPE, slugifiedstring, i, key, value : RECURRENT recurrent-mumbai-70-1-2-3-4-5-6-7-8-9-10-11-12-13-14-15-16-17-18-19-20-21-22-23-24 6 circuity_avg 0.0013635620925849612
config.CONGESTION_TYPE, slugifiedstring, i, key, value : RECURRENT recurrent-mumbai-70-1-2-3-4-5-6-7-8-9-10-11-12-13-14-15-16-17-18-19-20-21-22-23-24 7 streets_per_node_count_2 0.0010685179363356936
config.CONGESTION_TYPE, slugifiedstring, i, key, value : RECURRENT recurrent-mumbai-70-1-2-3-4-5-6-7-8-9-10-11-12-13-14-15-16-17-18-19-20-21-22-23-24 8 n 0.00188202363011108
config.CONGESTION_TYPE, slugifiedstring, i, key, value : RECURRENT recurrent-mumbai-70-1-2-3-4-5-6-7-8-9-10-11-12-13-14-15-16-17-18-19-20-21-22-23-24 9 streets_per_node_count_3 -0.004849609583772385
config.CONGESTION_TYPE, slugifiedstring, i, key, value : RECURRENT recurrent-mumbai-70-1-2-3-4-5-6-7-8-9-10-11-12-13-14-15-16-17-18-19-20-21-22-23-24 10 streets_per_node_count_4 0
config.CONGESTION_TYPE, slugifiedstring, i, key, value : RECURRENT recurrent-mumbai-70-1-2-3-4-5-6-7-8-9-10-11-12-13-14-15-16-17-18-19-20-21-22-23-24 11 streets_per_node_avg 0.016928267759598208
config.CONGESTION_TYPE, slugifiedstring, i, key, value : RECURRENT recurrent-mumbai-70-1-2-3-4-5-6-7-8-9-10-11-12-13-14-15-16-17-18-19-20-21-22-23-24 12 streets_per_node_count_6 -0.003226851772858105
config.CONGESTION_TYPE, slugifiedstring, i, key, value : RECURRENT recurrent-mumbai-70-1-2-3-4-5-6-7-8-9-10-11-12-13-14-15-16-17-18-19-20-21-22-23-24 13 global_betweenness 0.007898617284300396
config.CONGESTION_TYPE, slugifiedstring, i, key, value : RECURRENT recurrent-mumbai-70-1-2-3-4-5-6-7-8-9-10-11-12-13-14-15-16-17-18-19-20-21-22-23-24 14 streets_per_node_count_5 -0.062019862582128174
config.CONGESTION_TYPE, slugifiedstring, i, key, value : RECURRENT recurrent-mumbai-70-1-2-3-4-5-6-7-8-9-10-11-12-13-14-15-16-17-18-19-20-21-22-23-24 15 mean_lanes 0.002855201649276281
config.CONGESTION_TYPE, slugifiedstring, i, key, value : RECURRENT recurrent-mumbai-70-1-2-3-4-5-6-7-8-9-10-11-12-13-14-15-16-17-18-19-20-21-22-23-24 16 k_avg 0.002240662926217883
SHAP Values for each feature:
Slug                           Feature Name         Mean Abs SHAP Value
SHAP-- recurrent-mumbai-70-1-2-3-4-5-6-7-8-9-10-11-12-13-14-15-16-17-18-19-20-21-22-23-24 streets_per_node_count_1          0.0000
SHAP-- recurrent-mumbai-70-1-2-3-4-5-6-7-8-9-10-11-12-13-14-15-16-17-18-19-20-21-22-23-24 m                             0.0376
SHAP-- recurrent-mumbai-70-1-2-3-4-5-6-7-8-9-10-11-12-13-14-15-16-17-18-19-20-21-22-23-24 metered_count                 0.0849
SHAP-- recurrent-mumbai-70-1-2-3-4-5-6-7-8-9-10-11-12-13-14-15-16-17-18-19-20-21-22-23-24 total_crossings               0.0747
SHAP-- recurrent-mumbai-70-1-2-3-4-5-6-7-8-9-10-11-12-13-14-15-16-17-18-19-20-21-22-23-24 betweenness                   0.0369
SHAP-- recurrent-mumbai-70-1-2-3-4-5-6-7-8-9-10-11-12-13-14-15-16-17-18-19-20-21-22-23-24 non_metered_count             0.0029
SHAP-- recurrent-mumbai-70-1-2-3-4-5-6-7-8-9-10-11-12-13-14-15-16-17-18-19-20-21-22-23-24 circuity_avg                  0.0179
SHAP-- recurrent-mumbai-70-1-2-3-4-5-6-7-8-9-10-11-12-13-14-15-16-17-18-19-20-21-22-23-24 streets_per_node_count_2          0.0327
SHAP-- recurrent-mumbai-70-1-2-3-4-5-6-7-8-9-10-11-12-13-14-15-16-17-18-19-20-21-22-23-24 n                             0.0298
SHAP-- recurrent-mumbai-70-1-2-3-4-5-6-7-8-9-10-11-12-13-14-15-16-17-18-19-20-21-22-23-24 streets_per_node_count_3          0.0789
SHAP-- recurrent-mumbai-70-1-2-3-4-5-6-7-8-9-10-11-12-13-14-15-16-17-18-19-20-21-22-23-24 streets_per_node_count_4          0.0000
SHAP-- recurrent-mumbai-70-1-2-3-4-5-6-7-8-9-10-11-12-13-14-15-16-17-18-19-20-21-22-23-24 streets_per_node_avg          0.0410
SHAP-- recurrent-mumbai-70-1-2-3-4-5-6-7-8-9-10-11-12-13-14-15-16-17-18-19-20-21-22-23-24 streets_per_node_count_6          0.0479
SHAP-- recurrent-mumbai-70-1-2-3-4-5-6-7-8-9-10-11-12-13-14-15-16-17-18-19-20-21-22-23-24 global_betweenness            0.0888
SHAP-- recurrent-mumbai-70-1-2-3-4-5-6-7-8-9-10-11-12-13-14-15-16-17-18-19-20-21-22-23-24 streets_per_node_count_5          0.0541
SHAP-- recurrent-mumbai-70-1-2-3-4-5-6-7-8-9-10-11-12-13-14-15-16-17-18-19-20-21-22-23-24 mean_lanes                    0.0696
SHAP-- recurrent-mumbai-70-1-2-3-4-5-6-7-8-9-10-11-12-13-14-15-16-17-18-19-20-21-22-23-24 k_avg                         0.0333
RECURRENT Mumbai 70 LR 0.0727270754975859 XpVar
RECURRENT Mumbai 70 RF 0.1712562516029581 XpVar
RECURRENT Mumbai 70 GBM 0.04291332544474835 XpVar
RECURRENT Mumbai 70 LLR -3.172065784643304e-17 XpVar
RECURRENT Mumbai 70 RLR 0.07377557785699895 XpVar
RECURRENT Mumbai 70 LR 0.8880057638674261 MSE
RECURRENT Mumbai 70 RF 0.7821455854856915 MSE
RECURRENT Mumbai 70 GBM 0.9069790542926742 MSE
RECURRENT Mumbai 70 LLR 0.9460309420855879 MSE
RECURRENT Mumbai 70 RLR 0.8863282600952435 MSE
RECURRENT Mumbai 70 LR 0.049817726697690766 R2
RECURRENT Mumbai 70 RF 0.15587984808053937 R2
RECURRENT Mumbai 70 GBM 0.029156866771714012 R2
RECURRENT Mumbai 70 LLR -0.01266471692896782 R2
RECURRENT Mumbai 70 RLR 0.05122547906363103 R2
t_spatial, t_non_spatial, "seconds" : 1.6689300537109375e-06 343.4371120929718 seconds
sorted_percentage_nan_per_column : maxspeed                         79.406919
n                                 0.000000
lane_density                      0.000000
streets_per_node_proportion_6     0.000000
streets_per_node_count_6          0.000000
streets_per_node_proportion_5     0.000000
streets_per_node_count_5          0.000000
streets_per_node_proportion_4     0.000000
streets_per_node_count_4          0.000000
streets_per_node_proportion_3     0.000000
streets_per_node_count_3          0.000000
streets_per_node_proportion_2     0.000000
streets_per_node_count_2          0.000000
streets_per_node_proportion_1     0.000000
streets_per_node_count_1          0.000000
mean_lanes                        0.000000
m                                 0.000000
betweenness                       0.000000
total_crossings                   0.000000
non_metered_count                 0.000000
metered_count                     0.000000
self_loop_proportion              0.000000
circuity_avg                      0.000000
street_length_avg                 0.000000
street_segment_count              0.000000
street_length_total               0.000000
streets_per_node_avg              0.000000
edge_length_avg                   0.000000
edge_length_total                 0.000000
k_avg                             0.000000
global_betweenness                0.000000
dtype: float64
city, scale, tod, config.shift_tile_marker, X.shape, Y.shape : Mumbai 80 [1, 2, 3, 4, 5, 6, 7, 8, 9, 10, 11, 12, 13, 14, 15, 16, 17, 18, 19, 20, 21, 22, 23, 24] 3 (607, 17) (607,)
X.shape, Y.shape, "Inside the model-fitting function" : (607, 17) (607,) Inside the model-fitting function
Dict: model_trials.best_params_
Key: Value
{'randomforestregressor__max_depth': 10,
 'randomforestregressor__max_features': 'sqrt',
 'randomforestregressor__n_estimators': 1000}
Dict: model_trials.best_params_
Key: Value
{'xgbregressor__learning_rate': 0.001,
 'xgbregressor__max_depth': 20,
 'xgbregressor__n_estimators': 100}
Matplotlib is currently using agg, which is a non-GUI backend, so cannot show the figure.
Matplotlib is currently using agg, which is a non-GUI backend, so cannot show the figure.
Matplotlib is currently using agg, which is a non-GUI backend, so cannot show the figure.
config.CONGESTION_TYPE, slugifiedstring, i, key, value : RECURRENT recurrent-mumbai-80-1-2-3-4-5-6-7-8-9-10-11-12-13-14-15-16-17-18-19-20-21-22-23-24 0 streets_per_node_count_1 0
config.CONGESTION_TYPE, slugifiedstring, i, key, value : RECURRENT recurrent-mumbai-80-1-2-3-4-5-6-7-8-9-10-11-12-13-14-15-16-17-18-19-20-21-22-23-24 1 m 0.001825280566796795
config.CONGESTION_TYPE, slugifiedstring, i, key, value : RECURRENT recurrent-mumbai-80-1-2-3-4-5-6-7-8-9-10-11-12-13-14-15-16-17-18-19-20-21-22-23-24 2 metered_count -0.0028778809975564443
config.CONGESTION_TYPE, slugifiedstring, i, key, value : RECURRENT recurrent-mumbai-80-1-2-3-4-5-6-7-8-9-10-11-12-13-14-15-16-17-18-19-20-21-22-23-24 3 total_crossings -0.002482711483275453
config.CONGESTION_TYPE, slugifiedstring, i, key, value : RECURRENT recurrent-mumbai-80-1-2-3-4-5-6-7-8-9-10-11-12-13-14-15-16-17-18-19-20-21-22-23-24 4 betweenness 0.0016724068734552844
config.CONGESTION_TYPE, slugifiedstring, i, key, value : RECURRENT recurrent-mumbai-80-1-2-3-4-5-6-7-8-9-10-11-12-13-14-15-16-17-18-19-20-21-22-23-24 5 non_metered_count 0.0009069591180754719
config.CONGESTION_TYPE, slugifiedstring, i, key, value : RECURRENT recurrent-mumbai-80-1-2-3-4-5-6-7-8-9-10-11-12-13-14-15-16-17-18-19-20-21-22-23-24 6 circuity_avg -0.0008926975091220466
config.CONGESTION_TYPE, slugifiedstring, i, key, value : RECURRENT recurrent-mumbai-80-1-2-3-4-5-6-7-8-9-10-11-12-13-14-15-16-17-18-19-20-21-22-23-24 7 streets_per_node_count_2 0.0021784181606083817
config.CONGESTION_TYPE, slugifiedstring, i, key, value : RECURRENT recurrent-mumbai-80-1-2-3-4-5-6-7-8-9-10-11-12-13-14-15-16-17-18-19-20-21-22-23-24 8 n 0.0023494772416573187
config.CONGESTION_TYPE, slugifiedstring, i, key, value : RECURRENT recurrent-mumbai-80-1-2-3-4-5-6-7-8-9-10-11-12-13-14-15-16-17-18-19-20-21-22-23-24 9 streets_per_node_count_3 0.020666080817218047
config.CONGESTION_TYPE, slugifiedstring, i, key, value : RECURRENT recurrent-mumbai-80-1-2-3-4-5-6-7-8-9-10-11-12-13-14-15-16-17-18-19-20-21-22-23-24 10 streets_per_node_count_4 0
config.CONGESTION_TYPE, slugifiedstring, i, key, value : RECURRENT recurrent-mumbai-80-1-2-3-4-5-6-7-8-9-10-11-12-13-14-15-16-17-18-19-20-21-22-23-24 11 streets_per_node_avg -0.007574358336343472
config.CONGESTION_TYPE, slugifiedstring, i, key, value : RECURRENT recurrent-mumbai-80-1-2-3-4-5-6-7-8-9-10-11-12-13-14-15-16-17-18-19-20-21-22-23-24 12 streets_per_node_count_6 -0.026415283878461187
config.CONGESTION_TYPE, slugifiedstring, i, key, value : RECURRENT recurrent-mumbai-80-1-2-3-4-5-6-7-8-9-10-11-12-13-14-15-16-17-18-19-20-21-22-23-24 13 global_betweenness 0.009680180154772886
config.CONGESTION_TYPE, slugifiedstring, i, key, value : RECURRENT recurrent-mumbai-80-1-2-3-4-5-6-7-8-9-10-11-12-13-14-15-16-17-18-19-20-21-22-23-24 14 streets_per_node_count_5 -0.02336758399391846
config.CONGESTION_TYPE, slugifiedstring, i, key, value : RECURRENT recurrent-mumbai-80-1-2-3-4-5-6-7-8-9-10-11-12-13-14-15-16-17-18-19-20-21-22-23-24 15 mean_lanes 0.0020943337217407816
config.CONGESTION_TYPE, slugifiedstring, i, key, value : RECURRENT recurrent-mumbai-80-1-2-3-4-5-6-7-8-9-10-11-12-13-14-15-16-17-18-19-20-21-22-23-24 16 k_avg 0.0016873741315796844
SHAP Values for each feature:
Slug                           Feature Name         Mean Abs SHAP Value
SHAP-- recurrent-mumbai-80-1-2-3-4-5-6-7-8-9-10-11-12-13-14-15-16-17-18-19-20-21-22-23-24 streets_per_node_count_1          0.0000
SHAP-- recurrent-mumbai-80-1-2-3-4-5-6-7-8-9-10-11-12-13-14-15-16-17-18-19-20-21-22-23-24 m                             0.0406
SHAP-- recurrent-mumbai-80-1-2-3-4-5-6-7-8-9-10-11-12-13-14-15-16-17-18-19-20-21-22-23-24 metered_count                 0.0921
SHAP-- recurrent-mumbai-80-1-2-3-4-5-6-7-8-9-10-11-12-13-14-15-16-17-18-19-20-21-22-23-24 total_crossings               0.0884
SHAP-- recurrent-mumbai-80-1-2-3-4-5-6-7-8-9-10-11-12-13-14-15-16-17-18-19-20-21-22-23-24 betweenness                   0.0262
SHAP-- recurrent-mumbai-80-1-2-3-4-5-6-7-8-9-10-11-12-13-14-15-16-17-18-19-20-21-22-23-24 non_metered_count             0.0045
SHAP-- recurrent-mumbai-80-1-2-3-4-5-6-7-8-9-10-11-12-13-14-15-16-17-18-19-20-21-22-23-24 circuity_avg                  0.0085
SHAP-- recurrent-mumbai-80-1-2-3-4-5-6-7-8-9-10-11-12-13-14-15-16-17-18-19-20-21-22-23-24 streets_per_node_count_2          0.0441
SHAP-- recurrent-mumbai-80-1-2-3-4-5-6-7-8-9-10-11-12-13-14-15-16-17-18-19-20-21-22-23-24 n                             0.0369
SHAP-- recurrent-mumbai-80-1-2-3-4-5-6-7-8-9-10-11-12-13-14-15-16-17-18-19-20-21-22-23-24 streets_per_node_count_3          0.0522
SHAP-- recurrent-mumbai-80-1-2-3-4-5-6-7-8-9-10-11-12-13-14-15-16-17-18-19-20-21-22-23-24 streets_per_node_count_4          0.0000
SHAP-- recurrent-mumbai-80-1-2-3-4-5-6-7-8-9-10-11-12-13-14-15-16-17-18-19-20-21-22-23-24 streets_per_node_avg          0.0288
SHAP-- recurrent-mumbai-80-1-2-3-4-5-6-7-8-9-10-11-12-13-14-15-16-17-18-19-20-21-22-23-24 streets_per_node_count_6          0.0410
SHAP-- recurrent-mumbai-80-1-2-3-4-5-6-7-8-9-10-11-12-13-14-15-16-17-18-19-20-21-22-23-24 global_betweenness            0.1040
SHAP-- recurrent-mumbai-80-1-2-3-4-5-6-7-8-9-10-11-12-13-14-15-16-17-18-19-20-21-22-23-24 streets_per_node_count_5          0.0489
SHAP-- recurrent-mumbai-80-1-2-3-4-5-6-7-8-9-10-11-12-13-14-15-16-17-18-19-20-21-22-23-24 mean_lanes                    0.0501
SHAP-- recurrent-mumbai-80-1-2-3-4-5-6-7-8-9-10-11-12-13-14-15-16-17-18-19-20-21-22-23-24 k_avg                         0.0462
RECURRENT Mumbai 80 LR 0.10949129578951002 XpVar
RECURRENT Mumbai 80 RF 0.1736719307317585 XpVar
RECURRENT Mumbai 80 GBM 0.04781371624651402 XpVar
RECURRENT Mumbai 80 LLR 1.586032892321652e-17 XpVar
RECURRENT Mumbai 80 RLR 0.10880237061661839 XpVar
RECURRENT Mumbai 80 LR 0.7789498432099771 MSE
RECURRENT Mumbai 80 RF 0.720691895604339 MSE
RECURRENT Mumbai 80 GBM 0.840796373775954 MSE
RECURRENT Mumbai 80 LLR 0.8828169446407218 MSE
RECURRENT Mumbai 80 RLR 0.778988844007726 MSE
RECURRENT Mumbai 80 LR 0.0913462055992925 R2
RECURRENT Mumbai 80 RF 0.16179329173299134 R2
RECURRENT Mumbai 80 GBM 0.027992895740122665 R2
RECURRENT Mumbai 80 LLR -0.021953499388312116 R2
RECURRENT Mumbai 80 RLR 0.0905991849895872 R2
t_spatial, t_non_spatial, "seconds" : 1.9073486328125e-06 445.8313584327698 seconds
sorted_percentage_nan_per_column : maxspeed                         83.40081
n                                 0.00000
lane_density                      0.00000
streets_per_node_proportion_6     0.00000
streets_per_node_count_6          0.00000
streets_per_node_proportion_5     0.00000
streets_per_node_count_5          0.00000
streets_per_node_proportion_4     0.00000
streets_per_node_count_4          0.00000
streets_per_node_proportion_3     0.00000
streets_per_node_count_3          0.00000
streets_per_node_proportion_2     0.00000
streets_per_node_count_2          0.00000
streets_per_node_proportion_1     0.00000
streets_per_node_count_1          0.00000
mean_lanes                        0.00000
m                                 0.00000
betweenness                       0.00000
total_crossings                   0.00000
non_metered_count                 0.00000
metered_count                     0.00000
self_loop_proportion              0.00000
circuity_avg                      0.00000
street_length_avg                 0.00000
street_segment_count              0.00000
street_length_total               0.00000
streets_per_node_avg              0.00000
edge_length_avg                   0.00000
edge_length_total                 0.00000
k_avg                             0.00000
global_betweenness                0.00000
dtype: float64
city, scale, tod, config.shift_tile_marker, X.shape, Y.shape : Mumbai 90 [1, 2, 3, 4, 5, 6, 7, 8, 9, 10, 11, 12, 13, 14, 15, 16, 17, 18, 19, 20, 21, 22, 23, 24] 3 (741, 17) (741,)
X.shape, Y.shape, "Inside the model-fitting function" : (741, 17) (741,) Inside the model-fitting function
Dict: model_trials.best_params_
Key: Value
{'randomforestregressor__max_depth': 10,
 'randomforestregressor__max_features': 'sqrt',
 'randomforestregressor__n_estimators': 200}
Dict: model_trials.best_params_
Key: Value
{'xgbregressor__learning_rate': 0.001,
 'xgbregressor__max_depth': 10,
 'xgbregressor__n_estimators': 200}
Matplotlib is currently using agg, which is a non-GUI backend, so cannot show the figure.
Matplotlib is currently using agg, which is a non-GUI backend, so cannot show the figure.
Matplotlib is currently using agg, which is a non-GUI backend, so cannot show the figure.
config.CONGESTION_TYPE, slugifiedstring, i, key, value : RECURRENT recurrent-mumbai-90-1-2-3-4-5-6-7-8-9-10-11-12-13-14-15-16-17-18-19-20-21-22-23-24 0 streets_per_node_count_1 0
config.CONGESTION_TYPE, slugifiedstring, i, key, value : RECURRENT recurrent-mumbai-90-1-2-3-4-5-6-7-8-9-10-11-12-13-14-15-16-17-18-19-20-21-22-23-24 1 m 0.003084840087683922
config.CONGESTION_TYPE, slugifiedstring, i, key, value : RECURRENT recurrent-mumbai-90-1-2-3-4-5-6-7-8-9-10-11-12-13-14-15-16-17-18-19-20-21-22-23-24 2 metered_count -0.0032827476920611605
config.CONGESTION_TYPE, slugifiedstring, i, key, value : RECURRENT recurrent-mumbai-90-1-2-3-4-5-6-7-8-9-10-11-12-13-14-15-16-17-18-19-20-21-22-23-24 3 total_crossings -0.0021154281589718335
config.CONGESTION_TYPE, slugifiedstring, i, key, value : RECURRENT recurrent-mumbai-90-1-2-3-4-5-6-7-8-9-10-11-12-13-14-15-16-17-18-19-20-21-22-23-24 4 betweenness -0.009467845595551484
config.CONGESTION_TYPE, slugifiedstring, i, key, value : RECURRENT recurrent-mumbai-90-1-2-3-4-5-6-7-8-9-10-11-12-13-14-15-16-17-18-19-20-21-22-23-24 5 non_metered_count 0.016389049259860903
config.CONGESTION_TYPE, slugifiedstring, i, key, value : RECURRENT recurrent-mumbai-90-1-2-3-4-5-6-7-8-9-10-11-12-13-14-15-16-17-18-19-20-21-22-23-24 6 circuity_avg 0.000905392488117078
config.CONGESTION_TYPE, slugifiedstring, i, key, value : RECURRENT recurrent-mumbai-90-1-2-3-4-5-6-7-8-9-10-11-12-13-14-15-16-17-18-19-20-21-22-23-24 7 streets_per_node_count_2 0.001417539820501379
config.CONGESTION_TYPE, slugifiedstring, i, key, value : RECURRENT recurrent-mumbai-90-1-2-3-4-5-6-7-8-9-10-11-12-13-14-15-16-17-18-19-20-21-22-23-24 8 n 0.0020985239255124945
config.CONGESTION_TYPE, slugifiedstring, i, key, value : RECURRENT recurrent-mumbai-90-1-2-3-4-5-6-7-8-9-10-11-12-13-14-15-16-17-18-19-20-21-22-23-24 9 streets_per_node_count_3 -0.0028630692592211625
config.CONGESTION_TYPE, slugifiedstring, i, key, value : RECURRENT recurrent-mumbai-90-1-2-3-4-5-6-7-8-9-10-11-12-13-14-15-16-17-18-19-20-21-22-23-24 10 streets_per_node_count_4 0
config.CONGESTION_TYPE, slugifiedstring, i, key, value : RECURRENT recurrent-mumbai-90-1-2-3-4-5-6-7-8-9-10-11-12-13-14-15-16-17-18-19-20-21-22-23-24 11 streets_per_node_avg -0.005917032490667192
config.CONGESTION_TYPE, slugifiedstring, i, key, value : RECURRENT recurrent-mumbai-90-1-2-3-4-5-6-7-8-9-10-11-12-13-14-15-16-17-18-19-20-21-22-23-24 12 streets_per_node_count_6 -0.0057883611758588836
config.CONGESTION_TYPE, slugifiedstring, i, key, value : RECURRENT recurrent-mumbai-90-1-2-3-4-5-6-7-8-9-10-11-12-13-14-15-16-17-18-19-20-21-22-23-24 13 global_betweenness 0.01210420977764222
config.CONGESTION_TYPE, slugifiedstring, i, key, value : RECURRENT recurrent-mumbai-90-1-2-3-4-5-6-7-8-9-10-11-12-13-14-15-16-17-18-19-20-21-22-23-24 14 streets_per_node_count_5 0.013024593534862265
config.CONGESTION_TYPE, slugifiedstring, i, key, value : RECURRENT recurrent-mumbai-90-1-2-3-4-5-6-7-8-9-10-11-12-13-14-15-16-17-18-19-20-21-22-23-24 15 mean_lanes 0.0015990710675578765
config.CONGESTION_TYPE, slugifiedstring, i, key, value : RECURRENT recurrent-mumbai-90-1-2-3-4-5-6-7-8-9-10-11-12-13-14-15-16-17-18-19-20-21-22-23-24 16 k_avg 0.0010397142059726569
SHAP Values for each feature:
Slug                           Feature Name         Mean Abs SHAP Value
SHAP-- recurrent-mumbai-90-1-2-3-4-5-6-7-8-9-10-11-12-13-14-15-16-17-18-19-20-21-22-23-24 streets_per_node_count_1          0.0000
SHAP-- recurrent-mumbai-90-1-2-3-4-5-6-7-8-9-10-11-12-13-14-15-16-17-18-19-20-21-22-23-24 m                             0.0383
SHAP-- recurrent-mumbai-90-1-2-3-4-5-6-7-8-9-10-11-12-13-14-15-16-17-18-19-20-21-22-23-24 metered_count                 0.1109
SHAP-- recurrent-mumbai-90-1-2-3-4-5-6-7-8-9-10-11-12-13-14-15-16-17-18-19-20-21-22-23-24 total_crossings               0.0708
SHAP-- recurrent-mumbai-90-1-2-3-4-5-6-7-8-9-10-11-12-13-14-15-16-17-18-19-20-21-22-23-24 betweenness                   0.0319
SHAP-- recurrent-mumbai-90-1-2-3-4-5-6-7-8-9-10-11-12-13-14-15-16-17-18-19-20-21-22-23-24 non_metered_count             0.0042
SHAP-- recurrent-mumbai-90-1-2-3-4-5-6-7-8-9-10-11-12-13-14-15-16-17-18-19-20-21-22-23-24 circuity_avg                  0.0104
SHAP-- recurrent-mumbai-90-1-2-3-4-5-6-7-8-9-10-11-12-13-14-15-16-17-18-19-20-21-22-23-24 streets_per_node_count_2          0.0382
SHAP-- recurrent-mumbai-90-1-2-3-4-5-6-7-8-9-10-11-12-13-14-15-16-17-18-19-20-21-22-23-24 n                             0.0354
SHAP-- recurrent-mumbai-90-1-2-3-4-5-6-7-8-9-10-11-12-13-14-15-16-17-18-19-20-21-22-23-24 streets_per_node_count_3          0.0774
SHAP-- recurrent-mumbai-90-1-2-3-4-5-6-7-8-9-10-11-12-13-14-15-16-17-18-19-20-21-22-23-24 streets_per_node_count_4          0.0000
SHAP-- recurrent-mumbai-90-1-2-3-4-5-6-7-8-9-10-11-12-13-14-15-16-17-18-19-20-21-22-23-24 streets_per_node_avg          0.0292
SHAP-- recurrent-mumbai-90-1-2-3-4-5-6-7-8-9-10-11-12-13-14-15-16-17-18-19-20-21-22-23-24 streets_per_node_count_6          0.0614
SHAP-- recurrent-mumbai-90-1-2-3-4-5-6-7-8-9-10-11-12-13-14-15-16-17-18-19-20-21-22-23-24 global_betweenness            0.0828
SHAP-- recurrent-mumbai-90-1-2-3-4-5-6-7-8-9-10-11-12-13-14-15-16-17-18-19-20-21-22-23-24 streets_per_node_count_5          0.0475
SHAP-- recurrent-mumbai-90-1-2-3-4-5-6-7-8-9-10-11-12-13-14-15-16-17-18-19-20-21-22-23-24 mean_lanes                    0.0648
SHAP-- recurrent-mumbai-90-1-2-3-4-5-6-7-8-9-10-11-12-13-14-15-16-17-18-19-20-21-22-23-24 k_avg                         0.0320
RECURRENT Mumbai 90 LR 0.05026755645952331 XpVar
RECURRENT Mumbai 90 RF 0.16719587751606615 XpVar
RECURRENT Mumbai 90 GBM 0.055469439951563025 XpVar
RECURRENT Mumbai 90 LLR -1.586032892321652e-17 XpVar
RECURRENT Mumbai 90 RLR 0.05254241969163875 XpVar
RECURRENT Mumbai 90 LR 0.945746676141214 MSE
RECURRENT Mumbai 90 RF 0.8232570209345083 MSE
RECURRENT Mumbai 90 GBM 0.933262103600088 MSE
RECURRENT Mumbai 90 LLR 0.9862230642218909 MSE
RECURRENT Mumbai 90 RLR 0.9439036105354673 MSE
RECURRENT Mumbai 90 LR 0.04631054570407105 R2
RECURRENT Mumbai 90 RF 0.1631893456694226 R2
RECURRENT Mumbai 90 GBM 0.05237081270458458 R2
RECURRENT Mumbai 90 LLR -0.0030294424962815964 R2
RECURRENT Mumbai 90 RLR 0.04833930225417896 R2
t_spatial, t_non_spatial, "seconds" : 1.9073486328125e-06 516.2861363887787 seconds
sorted_percentage_nan_per_column : maxspeed                         40.816327
n                                 0.000000
lane_density                      0.000000
streets_per_node_proportion_6     0.000000
streets_per_node_count_6          0.000000
streets_per_node_proportion_5     0.000000
streets_per_node_count_5          0.000000
streets_per_node_proportion_4     0.000000
streets_per_node_count_4          0.000000
streets_per_node_proportion_3     0.000000
streets_per_node_count_3          0.000000
streets_per_node_proportion_2     0.000000
streets_per_node_count_2          0.000000
streets_per_node_proportion_1     0.000000
streets_per_node_count_1          0.000000
mean_lanes                        0.000000
m                                 0.000000
betweenness                       0.000000
total_crossings                   0.000000
non_metered_count                 0.000000
metered_count                     0.000000
self_loop_proportion              0.000000
circuity_avg                      0.000000
street_length_avg                 0.000000
street_segment_count              0.000000
street_length_total               0.000000
streets_per_node_avg              0.000000
edge_length_avg                   0.000000
edge_length_total                 0.000000
k_avg                             0.000000
global_betweenness                0.000000
dtype: float64
city, scale, tod, config.shift_tile_marker, X.shape, Y.shape : Mumbai 25 [1, 2, 3, 4, 5, 6, 7, 8, 9, 10, 11, 12, 13, 14, 15, 16, 17, 18, 19, 20, 21, 22, 23, 24] 3 (98, 17) (98,)
X.shape, Y.shape, "Inside the model-fitting function" : (98, 17) (98,) Inside the model-fitting function
Dict: model_trials.best_params_
Key: Value
{'randomforestregressor__max_depth': 20,
 'randomforestregressor__max_features': 'sqrt',
 'randomforestregressor__n_estimators': 400}
Dict: model_trials.best_params_
Key: Value
{'xgbregressor__learning_rate': 0.001,
 'xgbregressor__max_depth': 10,
 'xgbregressor__n_estimators': 100}
Matplotlib is currently using agg, which is a non-GUI backend, so cannot show the figure.
Matplotlib is currently using agg, which is a non-GUI backend, so cannot show the figure.
Matplotlib is currently using agg, which is a non-GUI backend, so cannot show the figure.
config.CONGESTION_TYPE, slugifiedstring, i, key, value : RECURRENT recurrent-mumbai-25-1-2-3-4-5-6-7-8-9-10-11-12-13-14-15-16-17-18-19-20-21-22-23-24 0 streets_per_node_count_1 0
config.CONGESTION_TYPE, slugifiedstring, i, key, value : RECURRENT recurrent-mumbai-25-1-2-3-4-5-6-7-8-9-10-11-12-13-14-15-16-17-18-19-20-21-22-23-24 1 m 0.007935362630623968
config.CONGESTION_TYPE, slugifiedstring, i, key, value : RECURRENT recurrent-mumbai-25-1-2-3-4-5-6-7-8-9-10-11-12-13-14-15-16-17-18-19-20-21-22-23-24 2 metered_count -0.05339263339265994
config.CONGESTION_TYPE, slugifiedstring, i, key, value : RECURRENT recurrent-mumbai-25-1-2-3-4-5-6-7-8-9-10-11-12-13-14-15-16-17-18-19-20-21-22-23-24 3 total_crossings -0.2972850993954566
config.CONGESTION_TYPE, slugifiedstring, i, key, value : RECURRENT recurrent-mumbai-25-1-2-3-4-5-6-7-8-9-10-11-12-13-14-15-16-17-18-19-20-21-22-23-24 4 betweenness 0.020972381821119553
config.CONGESTION_TYPE, slugifiedstring, i, key, value : RECURRENT recurrent-mumbai-25-1-2-3-4-5-6-7-8-9-10-11-12-13-14-15-16-17-18-19-20-21-22-23-24 5 non_metered_count -0.020059921855229017
config.CONGESTION_TYPE, slugifiedstring, i, key, value : RECURRENT recurrent-mumbai-25-1-2-3-4-5-6-7-8-9-10-11-12-13-14-15-16-17-18-19-20-21-22-23-24 6 circuity_avg 0.013367546285346634
config.CONGESTION_TYPE, slugifiedstring, i, key, value : RECURRENT recurrent-mumbai-25-1-2-3-4-5-6-7-8-9-10-11-12-13-14-15-16-17-18-19-20-21-22-23-24 7 streets_per_node_count_2 0.032512535342247344
config.CONGESTION_TYPE, slugifiedstring, i, key, value : RECURRENT recurrent-mumbai-25-1-2-3-4-5-6-7-8-9-10-11-12-13-14-15-16-17-18-19-20-21-22-23-24 8 n 0.018626217167820307
config.CONGESTION_TYPE, slugifiedstring, i, key, value : RECURRENT recurrent-mumbai-25-1-2-3-4-5-6-7-8-9-10-11-12-13-14-15-16-17-18-19-20-21-22-23-24 9 streets_per_node_count_3 -0.3639229629052469
config.CONGESTION_TYPE, slugifiedstring, i, key, value : RECURRENT recurrent-mumbai-25-1-2-3-4-5-6-7-8-9-10-11-12-13-14-15-16-17-18-19-20-21-22-23-24 10 streets_per_node_count_4 0
config.CONGESTION_TYPE, slugifiedstring, i, key, value : RECURRENT recurrent-mumbai-25-1-2-3-4-5-6-7-8-9-10-11-12-13-14-15-16-17-18-19-20-21-22-23-24 11 streets_per_node_avg 0.008169523244511107
config.CONGESTION_TYPE, slugifiedstring, i, key, value : RECURRENT recurrent-mumbai-25-1-2-3-4-5-6-7-8-9-10-11-12-13-14-15-16-17-18-19-20-21-22-23-24 12 streets_per_node_count_6 0.013706407983664487
config.CONGESTION_TYPE, slugifiedstring, i, key, value : RECURRENT recurrent-mumbai-25-1-2-3-4-5-6-7-8-9-10-11-12-13-14-15-16-17-18-19-20-21-22-23-24 13 global_betweenness 0.028486270871206924
config.CONGESTION_TYPE, slugifiedstring, i, key, value : RECURRENT recurrent-mumbai-25-1-2-3-4-5-6-7-8-9-10-11-12-13-14-15-16-17-18-19-20-21-22-23-24 14 streets_per_node_count_5 0.007844839907153994
config.CONGESTION_TYPE, slugifiedstring, i, key, value : RECURRENT recurrent-mumbai-25-1-2-3-4-5-6-7-8-9-10-11-12-13-14-15-16-17-18-19-20-21-22-23-24 15 mean_lanes 0.016489316770393846
config.CONGESTION_TYPE, slugifiedstring, i, key, value : RECURRENT recurrent-mumbai-25-1-2-3-4-5-6-7-8-9-10-11-12-13-14-15-16-17-18-19-20-21-22-23-24 16 k_avg 0.004142819294143513
SHAP Values for each feature:
Slug                           Feature Name         Mean Abs SHAP Value
SHAP-- recurrent-mumbai-25-1-2-3-4-5-6-7-8-9-10-11-12-13-14-15-16-17-18-19-20-21-22-23-24 streets_per_node_count_1          0.0000
SHAP-- recurrent-mumbai-25-1-2-3-4-5-6-7-8-9-10-11-12-13-14-15-16-17-18-19-20-21-22-23-24 m                             0.0408
SHAP-- recurrent-mumbai-25-1-2-3-4-5-6-7-8-9-10-11-12-13-14-15-16-17-18-19-20-21-22-23-24 metered_count                 0.0877
SHAP-- recurrent-mumbai-25-1-2-3-4-5-6-7-8-9-10-11-12-13-14-15-16-17-18-19-20-21-22-23-24 total_crossings               0.0516
SHAP-- recurrent-mumbai-25-1-2-3-4-5-6-7-8-9-10-11-12-13-14-15-16-17-18-19-20-21-22-23-24 betweenness                   0.0327
SHAP-- recurrent-mumbai-25-1-2-3-4-5-6-7-8-9-10-11-12-13-14-15-16-17-18-19-20-21-22-23-24 non_metered_count             0.0099
SHAP-- recurrent-mumbai-25-1-2-3-4-5-6-7-8-9-10-11-12-13-14-15-16-17-18-19-20-21-22-23-24 circuity_avg                  0.0136
SHAP-- recurrent-mumbai-25-1-2-3-4-5-6-7-8-9-10-11-12-13-14-15-16-17-18-19-20-21-22-23-24 streets_per_node_count_2          0.0659
SHAP-- recurrent-mumbai-25-1-2-3-4-5-6-7-8-9-10-11-12-13-14-15-16-17-18-19-20-21-22-23-24 n                             0.0410
SHAP-- recurrent-mumbai-25-1-2-3-4-5-6-7-8-9-10-11-12-13-14-15-16-17-18-19-20-21-22-23-24 streets_per_node_count_3          0.0410
SHAP-- recurrent-mumbai-25-1-2-3-4-5-6-7-8-9-10-11-12-13-14-15-16-17-18-19-20-21-22-23-24 streets_per_node_count_4          0.0000
SHAP-- recurrent-mumbai-25-1-2-3-4-5-6-7-8-9-10-11-12-13-14-15-16-17-18-19-20-21-22-23-24 streets_per_node_avg          0.0644
SHAP-- recurrent-mumbai-25-1-2-3-4-5-6-7-8-9-10-11-12-13-14-15-16-17-18-19-20-21-22-23-24 streets_per_node_count_6          0.0477
SHAP-- recurrent-mumbai-25-1-2-3-4-5-6-7-8-9-10-11-12-13-14-15-16-17-18-19-20-21-22-23-24 global_betweenness            0.0717
SHAP-- recurrent-mumbai-25-1-2-3-4-5-6-7-8-9-10-11-12-13-14-15-16-17-18-19-20-21-22-23-24 streets_per_node_count_5          0.0376
SHAP-- recurrent-mumbai-25-1-2-3-4-5-6-7-8-9-10-11-12-13-14-15-16-17-18-19-20-21-22-23-24 mean_lanes                    0.0792
SHAP-- recurrent-mumbai-25-1-2-3-4-5-6-7-8-9-10-11-12-13-14-15-16-17-18-19-20-21-22-23-24 k_avg                         0.0341
RECURRENT Mumbai 25 LR 0.09627253071949927 XpVar
RECURRENT Mumbai 25 RF 0.08882723277276179 XpVar
RECURRENT Mumbai 25 GBM 0.023332712754583436 XpVar
RECURRENT Mumbai 25 LLR -6.344131569286608e-17 XpVar
RECURRENT Mumbai 25 RLR 0.1287428251987927 XpVar
RECURRENT Mumbai 25 LR 0.6276315155075782 MSE
RECURRENT Mumbai 25 RF 0.6660376036308728 MSE
RECURRENT Mumbai 25 GBM 0.7003793924473081 MSE
RECURRENT Mumbai 25 LLR 0.7256133058068318 MSE
RECURRENT Mumbai 25 RLR 0.6070952438399574 MSE
RECURRENT Mumbai 25 LR 0.031858611792910004 R2
RECURRENT Mumbai 25 RF 0.06033556536852986 R2
RECURRENT Mumbai 25 GBM -0.003186718797709439 R2
RECURRENT Mumbai 25 LLR -0.028722130845390628 R2
RECURRENT Mumbai 25 RLR 0.07161334377061623 R2
t_spatial, t_non_spatial, "seconds" : 1.1920928955078125e-06 117.367107629776 seconds
sorted_percentage_nan_per_column : maxspeed                         68.62069
n                                 0.00000
lane_density                      0.00000
streets_per_node_proportion_6     0.00000
streets_per_node_count_6          0.00000
streets_per_node_proportion_5     0.00000
streets_per_node_count_5          0.00000
streets_per_node_proportion_4     0.00000
streets_per_node_count_4          0.00000
streets_per_node_proportion_3     0.00000
streets_per_node_count_3          0.00000
streets_per_node_proportion_2     0.00000
streets_per_node_count_2          0.00000
streets_per_node_proportion_1     0.00000
streets_per_node_count_1          0.00000
mean_lanes                        0.00000
m                                 0.00000
betweenness                       0.00000
total_crossings                   0.00000
non_metered_count                 0.00000
metered_count                     0.00000
self_loop_proportion              0.00000
circuity_avg                      0.00000
street_length_avg                 0.00000
street_segment_count              0.00000
street_length_total               0.00000
streets_per_node_avg              0.00000
edge_length_avg                   0.00000
edge_length_total                 0.00000
k_avg                             0.00000
global_betweenness                0.00000
dtype: float64
city, scale, tod, config.shift_tile_marker, X.shape, Y.shape : Mumbai 50 [1, 2, 3, 4, 5, 6, 7, 8, 9, 10, 11, 12, 13, 14, 15, 16, 17, 18, 19, 20, 21, 22, 23, 24] 3 (290, 17) (290,)
X.shape, Y.shape, "Inside the model-fitting function" : (290, 17) (290,) Inside the model-fitting function
Dict: model_trials.best_params_
Key: Value
{'randomforestregressor__max_depth': 50,
 'randomforestregressor__max_features': 'sqrt',
 'randomforestregressor__n_estimators': 1000}
Dict: model_trials.best_params_
Key: Value
{'xgbregressor__learning_rate': 0.001,
 'xgbregressor__max_depth': 10,
 'xgbregressor__n_estimators': 100}
Matplotlib is currently using agg, which is a non-GUI backend, so cannot show the figure.
Matplotlib is currently using agg, which is a non-GUI backend, so cannot show the figure.
Matplotlib is currently using agg, which is a non-GUI backend, so cannot show the figure.
config.CONGESTION_TYPE, slugifiedstring, i, key, value : RECURRENT recurrent-mumbai-50-1-2-3-4-5-6-7-8-9-10-11-12-13-14-15-16-17-18-19-20-21-22-23-24 0 streets_per_node_count_1 0
config.CONGESTION_TYPE, slugifiedstring, i, key, value : RECURRENT recurrent-mumbai-50-1-2-3-4-5-6-7-8-9-10-11-12-13-14-15-16-17-18-19-20-21-22-23-24 1 m 0.005374484932366399
config.CONGESTION_TYPE, slugifiedstring, i, key, value : RECURRENT recurrent-mumbai-50-1-2-3-4-5-6-7-8-9-10-11-12-13-14-15-16-17-18-19-20-21-22-23-24 2 metered_count -0.003582038278510286
config.CONGESTION_TYPE, slugifiedstring, i, key, value : RECURRENT recurrent-mumbai-50-1-2-3-4-5-6-7-8-9-10-11-12-13-14-15-16-17-18-19-20-21-22-23-24 3 total_crossings -0.0033324872674250577
config.CONGESTION_TYPE, slugifiedstring, i, key, value : RECURRENT recurrent-mumbai-50-1-2-3-4-5-6-7-8-9-10-11-12-13-14-15-16-17-18-19-20-21-22-23-24 4 betweenness 0.002216499096853221
config.CONGESTION_TYPE, slugifiedstring, i, key, value : RECURRENT recurrent-mumbai-50-1-2-3-4-5-6-7-8-9-10-11-12-13-14-15-16-17-18-19-20-21-22-23-24 5 non_metered_count -0.0011220300629021971
config.CONGESTION_TYPE, slugifiedstring, i, key, value : RECURRENT recurrent-mumbai-50-1-2-3-4-5-6-7-8-9-10-11-12-13-14-15-16-17-18-19-20-21-22-23-24 6 circuity_avg 0.0019422414644543493
config.CONGESTION_TYPE, slugifiedstring, i, key, value : RECURRENT recurrent-mumbai-50-1-2-3-4-5-6-7-8-9-10-11-12-13-14-15-16-17-18-19-20-21-22-23-24 7 streets_per_node_count_2 0.009679354020065386
config.CONGESTION_TYPE, slugifiedstring, i, key, value : RECURRENT recurrent-mumbai-50-1-2-3-4-5-6-7-8-9-10-11-12-13-14-15-16-17-18-19-20-21-22-23-24 8 n 0.0034042588001292656
config.CONGESTION_TYPE, slugifiedstring, i, key, value : RECURRENT recurrent-mumbai-50-1-2-3-4-5-6-7-8-9-10-11-12-13-14-15-16-17-18-19-20-21-22-23-24 9 streets_per_node_count_3 -0.6929728988132425
config.CONGESTION_TYPE, slugifiedstring, i, key, value : RECURRENT recurrent-mumbai-50-1-2-3-4-5-6-7-8-9-10-11-12-13-14-15-16-17-18-19-20-21-22-23-24 10 streets_per_node_count_4 0
config.CONGESTION_TYPE, slugifiedstring, i, key, value : RECURRENT recurrent-mumbai-50-1-2-3-4-5-6-7-8-9-10-11-12-13-14-15-16-17-18-19-20-21-22-23-24 11 streets_per_node_avg 0.005848161279445327
config.CONGESTION_TYPE, slugifiedstring, i, key, value : RECURRENT recurrent-mumbai-50-1-2-3-4-5-6-7-8-9-10-11-12-13-14-15-16-17-18-19-20-21-22-23-24 12 streets_per_node_count_6 0.004398252239365835
config.CONGESTION_TYPE, slugifiedstring, i, key, value : RECURRENT recurrent-mumbai-50-1-2-3-4-5-6-7-8-9-10-11-12-13-14-15-16-17-18-19-20-21-22-23-24 13 global_betweenness 0.028566193306265038
config.CONGESTION_TYPE, slugifiedstring, i, key, value : RECURRENT recurrent-mumbai-50-1-2-3-4-5-6-7-8-9-10-11-12-13-14-15-16-17-18-19-20-21-22-23-24 14 streets_per_node_count_5 0.017242158861749075
config.CONGESTION_TYPE, slugifiedstring, i, key, value : RECURRENT recurrent-mumbai-50-1-2-3-4-5-6-7-8-9-10-11-12-13-14-15-16-17-18-19-20-21-22-23-24 15 mean_lanes 0.005095499003393757
config.CONGESTION_TYPE, slugifiedstring, i, key, value : RECURRENT recurrent-mumbai-50-1-2-3-4-5-6-7-8-9-10-11-12-13-14-15-16-17-18-19-20-21-22-23-24 16 k_avg 0.0024357299933740998
SHAP Values for each feature:
Slug                           Feature Name         Mean Abs SHAP Value
SHAP-- recurrent-mumbai-50-1-2-3-4-5-6-7-8-9-10-11-12-13-14-15-16-17-18-19-20-21-22-23-24 streets_per_node_count_1          0.0000
SHAP-- recurrent-mumbai-50-1-2-3-4-5-6-7-8-9-10-11-12-13-14-15-16-17-18-19-20-21-22-23-24 m                             0.0378
SHAP-- recurrent-mumbai-50-1-2-3-4-5-6-7-8-9-10-11-12-13-14-15-16-17-18-19-20-21-22-23-24 metered_count                 0.0762
SHAP-- recurrent-mumbai-50-1-2-3-4-5-6-7-8-9-10-11-12-13-14-15-16-17-18-19-20-21-22-23-24 total_crossings               0.0652
SHAP-- recurrent-mumbai-50-1-2-3-4-5-6-7-8-9-10-11-12-13-14-15-16-17-18-19-20-21-22-23-24 betweenness                   0.0357
SHAP-- recurrent-mumbai-50-1-2-3-4-5-6-7-8-9-10-11-12-13-14-15-16-17-18-19-20-21-22-23-24 non_metered_count             0.0075
SHAP-- recurrent-mumbai-50-1-2-3-4-5-6-7-8-9-10-11-12-13-14-15-16-17-18-19-20-21-22-23-24 circuity_avg                  0.0087
SHAP-- recurrent-mumbai-50-1-2-3-4-5-6-7-8-9-10-11-12-13-14-15-16-17-18-19-20-21-22-23-24 streets_per_node_count_2          0.0716
SHAP-- recurrent-mumbai-50-1-2-3-4-5-6-7-8-9-10-11-12-13-14-15-16-17-18-19-20-21-22-23-24 n                             0.0462
SHAP-- recurrent-mumbai-50-1-2-3-4-5-6-7-8-9-10-11-12-13-14-15-16-17-18-19-20-21-22-23-24 streets_per_node_count_3          0.0643
SHAP-- recurrent-mumbai-50-1-2-3-4-5-6-7-8-9-10-11-12-13-14-15-16-17-18-19-20-21-22-23-24 streets_per_node_count_4          0.0000
SHAP-- recurrent-mumbai-50-1-2-3-4-5-6-7-8-9-10-11-12-13-14-15-16-17-18-19-20-21-22-23-24 streets_per_node_avg          0.0418
SHAP-- recurrent-mumbai-50-1-2-3-4-5-6-7-8-9-10-11-12-13-14-15-16-17-18-19-20-21-22-23-24 streets_per_node_count_6          0.0322
SHAP-- recurrent-mumbai-50-1-2-3-4-5-6-7-8-9-10-11-12-13-14-15-16-17-18-19-20-21-22-23-24 global_betweenness            0.0806
SHAP-- recurrent-mumbai-50-1-2-3-4-5-6-7-8-9-10-11-12-13-14-15-16-17-18-19-20-21-22-23-24 streets_per_node_count_5          0.0515
SHAP-- recurrent-mumbai-50-1-2-3-4-5-6-7-8-9-10-11-12-13-14-15-16-17-18-19-20-21-22-23-24 mean_lanes                    0.0981
SHAP-- recurrent-mumbai-50-1-2-3-4-5-6-7-8-9-10-11-12-13-14-15-16-17-18-19-20-21-22-23-24 k_avg                         0.0345
RECURRENT Mumbai 50 LR -0.030632422713383543 XpVar
RECURRENT Mumbai 50 RF 0.13900895370865524 XpVar
RECURRENT Mumbai 50 GBM 0.03674781514460211 XpVar
RECURRENT Mumbai 50 LLR -1.586032892321652e-17 XpVar
RECURRENT Mumbai 50 RLR -0.037337750450461935 XpVar
RECURRENT Mumbai 50 LR 0.8116595946484902 MSE
RECURRENT Mumbai 50 RF 0.6758103695328925 MSE
RECURRENT Mumbai 50 GBM 0.7905394564083571 MSE
RECURRENT Mumbai 50 LLR 0.8174044260385769 MSE
RECURRENT Mumbai 50 RLR 0.823768003558522 MSE
RECURRENT Mumbai 50 LR -0.051257615064070165 R2
RECURRENT Mumbai 50 RF 0.1038440891125882 R2
RECURRENT Mumbai 50 GBM -0.021575423611257114 R2
RECURRENT Mumbai 50 LLR -0.061904728451896984 R2
RECURRENT Mumbai 50 RLR -0.06141754096053915 R2
t_spatial, t_non_spatial, "seconds" : 2.1457672119140625e-06 254.33511781692505 seconds
sorted_percentage_nan_per_column : maxspeed                         84.553776
n                                 0.000000
lane_density                      0.000000
streets_per_node_proportion_6     0.000000
streets_per_node_count_6          0.000000
streets_per_node_proportion_5     0.000000
streets_per_node_count_5          0.000000
streets_per_node_proportion_4     0.000000
streets_per_node_count_4          0.000000
streets_per_node_proportion_3     0.000000
streets_per_node_count_3          0.000000
streets_per_node_proportion_2     0.000000
streets_per_node_count_2          0.000000
streets_per_node_proportion_1     0.000000
streets_per_node_count_1          0.000000
mean_lanes                        0.000000
m                                 0.000000
betweenness                       0.000000
total_crossings                   0.000000
non_metered_count                 0.000000
metered_count                     0.000000
self_loop_proportion              0.000000
circuity_avg                      0.000000
street_length_avg                 0.000000
street_segment_count              0.000000
street_length_total               0.000000
streets_per_node_avg              0.000000
edge_length_avg                   0.000000
edge_length_total                 0.000000
k_avg                             0.000000
global_betweenness                0.000000
dtype: float64
city, scale, tod, config.shift_tile_marker, X.shape, Y.shape : Mumbai 100 [1, 2, 3, 4, 5, 6, 7, 8, 9, 10, 11, 12, 13, 14, 15, 16, 17, 18, 19, 20, 21, 22, 23, 24] 3 (874, 17) (874,)
X.shape, Y.shape, "Inside the model-fitting function" : (874, 17) (874,) Inside the model-fitting function
Dict: model_trials.best_params_
Key: Value
{'randomforestregressor__max_depth': 10,
 'randomforestregressor__max_features': 'sqrt',
 'randomforestregressor__n_estimators': 300}
Dict: model_trials.best_params_
Key: Value
{'xgbregressor__learning_rate': 0.001,
 'xgbregressor__max_depth': 20,
 'xgbregressor__n_estimators': 200}
Matplotlib is currently using agg, which is a non-GUI backend, so cannot show the figure.
config.CONGESTION_TYPE, slugifiedstring, i, key, value : RECURRENT recurrent-mumbai-100-1-2-3-4-5-6-7-8-9-10-11-12-13-14-15-16-17-18-19-20-21-22-23-24 0 streets_per_node_count_1 0
config.CONGESTION_TYPE, slugifiedstring, i, key, value : RECURRENT recurrent-mumbai-100-1-2-3-4-5-6-7-8-9-10-11-12-13-14-15-16-17-18-19-20-21-22-23-24 1 m 0.0020503007837672834
config.CONGESTION_TYPE, slugifiedstring, i, key, value : RECURRENT recurrent-mumbai-100-1-2-3-4-5-6-7-8-9-10-11-12-13-14-15-16-17-18-19-20-21-22-23-24 2 metered_count -0.0026946378183107535
config.CONGESTION_TYPE, slugifiedstring, i, key, value : RECURRENT recurrent-mumbai-100-1-2-3-4-5-6-7-8-9-10-11-12-13-14-15-16-17-18-19-20-21-22-23-24 3 total_crossings -0.0021508921947547494
config.CONGESTION_TYPE, slugifiedstring, i, key, value : RECURRENT recurrent-mumbai-100-1-2-3-4-5-6-7-8-9-10-11-12-13-14-15-16-17-18-19-20-21-22-23-24 4 betweenness 0.0097960198260617
config.CONGESTION_TYPE, slugifiedstring, i, key, value : RECURRENT recurrent-mumbai-100-1-2-3-4-5-6-7-8-9-10-11-12-13-14-15-16-17-18-19-20-21-22-23-24 5 non_metered_count -0.004999547268553659
config.CONGESTION_TYPE, slugifiedstring, i, key, value : RECURRENT recurrent-mumbai-100-1-2-3-4-5-6-7-8-9-10-11-12-13-14-15-16-17-18-19-20-21-22-23-24 6 circuity_avg 0.00097994062656355
config.CONGESTION_TYPE, slugifiedstring, i, key, value : RECURRENT recurrent-mumbai-100-1-2-3-4-5-6-7-8-9-10-11-12-13-14-15-16-17-18-19-20-21-22-23-24 7 streets_per_node_count_2 0.0024116895334306593
config.CONGESTION_TYPE, slugifiedstring, i, key, value : RECURRENT recurrent-mumbai-100-1-2-3-4-5-6-7-8-9-10-11-12-13-14-15-16-17-18-19-20-21-22-23-24 8 n 0.003227538527490091
config.CONGESTION_TYPE, slugifiedstring, i, key, value : RECURRENT recurrent-mumbai-100-1-2-3-4-5-6-7-8-9-10-11-12-13-14-15-16-17-18-19-20-21-22-23-24 9 streets_per_node_count_3 0.01073127152037831
config.CONGESTION_TYPE, slugifiedstring, i, key, value : RECURRENT recurrent-mumbai-100-1-2-3-4-5-6-7-8-9-10-11-12-13-14-15-16-17-18-19-20-21-22-23-24 10 streets_per_node_count_4 0
config.CONGESTION_TYPE, slugifiedstring, i, key, value : RECURRENT recurrent-mumbai-100-1-2-3-4-5-6-7-8-9-10-11-12-13-14-15-16-17-18-19-20-21-22-23-24 11 streets_per_node_avg 0.001560114663304487
config.CONGESTION_TYPE, slugifiedstring, i, key, value : RECURRENT recurrent-mumbai-100-1-2-3-4-5-6-7-8-9-10-11-12-13-14-15-16-17-18-19-20-21-22-23-24 12 streets_per_node_count_6 -0.002942919558067029
config.CONGESTION_TYPE, slugifiedstring, i, key, value : RECURRENT recurrent-mumbai-100-1-2-3-4-5-6-7-8-9-10-11-12-13-14-15-16-17-18-19-20-21-22-23-24 13 global_betweenness 0.017337963377619038
config.CONGESTION_TYPE, slugifiedstring, i, key, value : RECURRENT recurrent-mumbai-100-1-2-3-4-5-6-7-8-9-10-11-12-13-14-15-16-17-18-19-20-21-22-23-24 14 streets_per_node_count_5 0.02453022225818982
config.CONGESTION_TYPE, slugifiedstring, i, key, value : RECURRENT recurrent-mumbai-100-1-2-3-4-5-6-7-8-9-10-11-12-13-14-15-16-17-18-19-20-21-22-23-24 15 mean_lanes 0.0012029676796893683
config.CONGESTION_TYPE, slugifiedstring, i, key, value : RECURRENT recurrent-mumbai-100-1-2-3-4-5-6-7-8-9-10-11-12-13-14-15-16-17-18-19-20-21-22-23-24 16 k_avg 0.0009312313059605063
SHAP Values for each feature:
Slug                           Feature Name         Mean Abs SHAP Value
SHAP-- recurrent-mumbai-100-1-2-3-4-5-6-7-8-9-10-11-12-13-14-15-16-17-18-19-20-21-22-23-24 streets_per_node_count_1          0.0000
SHAP-- recurrent-mumbai-100-1-2-3-4-5-6-7-8-9-10-11-12-13-14-15-16-17-18-19-20-21-22-23-24 m                             0.0451
SHAP-- recurrent-mumbai-100-1-2-3-4-5-6-7-8-9-10-11-12-13-14-15-16-17-18-19-20-21-22-23-24 metered_count                 0.1024
SHAP-- recurrent-mumbai-100-1-2-3-4-5-6-7-8-9-10-11-12-13-14-15-16-17-18-19-20-21-22-23-24 total_crossings               0.0918
SHAP-- recurrent-mumbai-100-1-2-3-4-5-6-7-8-9-10-11-12-13-14-15-16-17-18-19-20-21-22-23-24 betweenness                   0.0425
SHAP-- recurrent-mumbai-100-1-2-3-4-5-6-7-8-9-10-11-12-13-14-15-16-17-18-19-20-21-22-23-24 non_metered_count             0.0072
SHAP-- recurrent-mumbai-100-1-2-3-4-5-6-7-8-9-10-11-12-13-14-15-16-17-18-19-20-21-22-23-24 circuity_avg                  0.0122
SHAP-- recurrent-mumbai-100-1-2-3-4-5-6-7-8-9-10-11-12-13-14-15-16-17-18-19-20-21-22-23-24 streets_per_node_count_2          0.0457
SHAP-- recurrent-mumbai-100-1-2-3-4-5-6-7-8-9-10-11-12-13-14-15-16-17-18-19-20-21-22-23-24 n                             0.0356
SHAP-- recurrent-mumbai-100-1-2-3-4-5-6-7-8-9-10-11-12-13-14-15-16-17-18-19-20-21-22-23-24 streets_per_node_count_3          0.0435
SHAP-- recurrent-mumbai-100-1-2-3-4-5-6-7-8-9-10-11-12-13-14-15-16-17-18-19-20-21-22-23-24 streets_per_node_count_4          0.0000
SHAP-- recurrent-mumbai-100-1-2-3-4-5-6-7-8-9-10-11-12-13-14-15-16-17-18-19-20-21-22-23-24 streets_per_node_avg          0.0341
SHAP-- recurrent-mumbai-100-1-2-3-4-5-6-7-8-9-10-11-12-13-14-15-16-17-18-19-20-21-22-23-24 streets_per_node_count_6          0.0356
SHAP-- recurrent-mumbai-100-1-2-3-4-5-6-7-8-9-10-11-12-13-14-15-16-17-18-19-20-21-22-23-24 global_betweenness            0.0958
SHAP-- recurrent-mumbai-100-1-2-3-4-5-6-7-8-9-10-11-12-13-14-15-16-17-18-19-20-21-22-23-24 streets_per_node_count_5          0.0569
SHAP-- recurrent-mumbai-100-1-2-3-4-5-6-7-8-9-10-11-12-13-14-15-16-17-18-19-20-21-22-23-24 mean_lanes                    0.0403
SHAP-- recurrent-mumbai-100-1-2-3-4-5-6-7-8-9-10-11-12-13-14-15-16-17-18-19-20-21-22-23-24 k_avg                         0.0351
RECURRENT Mumbai 100 LR 0.08933643549737984 XpVar
RECURRENT Mumbai 100 RF 0.18639329052387735 XpVar
RECURRENT Mumbai 100 GBM 0.07865468095676209 XpVar
RECURRENT Mumbai 100 LLR -1.586032892321652e-17 XpVar
RECURRENT Mumbai 100 RLR 0.08721874100120881 XpVar
RECURRENT Mumbai 100 LR 0.8567690944483953 MSE
RECURRENT Mumbai 100 RF 0.7611603357711402 MSE
RECURRENT Mumbai 100 GBM 0.8664058008035506 MSE
RECURRENT Mumbai 100 LLR 0.9396117245943879 MSE
RECURRENT Mumbai 100 RLR 0.8590191939201774 MSE
RECURRENT Mumbai 100 LR 0.08563891507015133 R2
RECURRENT Mumbai 100 RF 0.18315637775753077 R2
RECURRENT Mumbai 100 GBM 0.07472939134919936 R2
RECURRENT Mumbai 100 LLR -0.004031114631229039 R2
RECURRENT Mumbai 100 RLR 0.08341256761376281 R2
t_spatial, t_non_spatial, "seconds" : 1.6689300537109375e-06 511.53126788139343 seconds

 Complete: python urbanscales/modelling/SHAP_analysis.py

