config.CONGESTION_TYPE, slugifiedstring, i, key, value : RECURRENT recurrent-capetown-20-1-2-3-4-5-6-7-8-9-10-11-12-13-14-15-16-17-18-19-20-21-22-23-24 0 streets_per_node_count_3 -0.006059027377734886
config.CONGESTION_TYPE, slugifiedstring, i, key, value : RECURRENT recurrent-capetown-20-1-2-3-4-5-6-7-8-9-10-11-12-13-14-15-16-17-18-19-20-21-22-23-24 1 streets_per_node_count_6 -0.00146112104384832
config.CONGESTION_TYPE, slugifiedstring, i, key, value : RECURRENT recurrent-capetown-20-1-2-3-4-5-6-7-8-9-10-11-12-13-14-15-16-17-18-19-20-21-22-23-24 2 streets_per_node_count_4 0
config.CONGESTION_TYPE, slugifiedstring, i, key, value : RECURRENT recurrent-capetown-20-1-2-3-4-5-6-7-8-9-10-11-12-13-14-15-16-17-18-19-20-21-22-23-24 3 circuity_avg 0.00251901140685331
config.CONGESTION_TYPE, slugifiedstring, i, key, value : RECURRENT recurrent-capetown-20-1-2-3-4-5-6-7-8-9-10-11-12-13-14-15-16-17-18-19-20-21-22-23-24 4 streets_per_node_count_1 0
config.CONGESTION_TYPE, slugifiedstring, i, key, value : RECURRENT recurrent-capetown-20-1-2-3-4-5-6-7-8-9-10-11-12-13-14-15-16-17-18-19-20-21-22-23-24 5 streets_per_node_count_2 -0.0009086912611249097
config.CONGESTION_TYPE, slugifiedstring, i, key, value : RECURRENT recurrent-capetown-20-1-2-3-4-5-6-7-8-9-10-11-12-13-14-15-16-17-18-19-20-21-22-23-24 6 betweenness -0.003308913427390235
config.CONGESTION_TYPE, slugifiedstring, i, key, value : RECURRENT recurrent-capetown-20-1-2-3-4-5-6-7-8-9-10-11-12-13-14-15-16-17-18-19-20-21-22-23-24 7 n -0.001672563339934529
config.CONGESTION_TYPE, slugifiedstring, i, key, value : RECURRENT recurrent-capetown-20-1-2-3-4-5-6-7-8-9-10-11-12-13-14-15-16-17-18-19-20-21-22-23-24 8 k_avg 0.005764940628982845
config.CONGESTION_TYPE, slugifiedstring, i, key, value : RECURRENT recurrent-capetown-20-1-2-3-4-5-6-7-8-9-10-11-12-13-14-15-16-17-18-19-20-21-22-23-24 9 m -0.001073731959995659
config.CONGESTION_TYPE, slugifiedstring, i, key, value : RECURRENT recurrent-capetown-20-1-2-3-4-5-6-7-8-9-10-11-12-13-14-15-16-17-18-19-20-21-22-23-24 10 metered_count -0.010287495818380428
config.CONGESTION_TYPE, slugifiedstring, i, key, value : RECURRENT recurrent-capetown-20-1-2-3-4-5-6-7-8-9-10-11-12-13-14-15-16-17-18-19-20-21-22-23-24 11 mean_lanes 0.0009668592293159452
config.CONGESTION_TYPE, slugifiedstring, i, key, value : RECURRENT recurrent-capetown-20-1-2-3-4-5-6-7-8-9-10-11-12-13-14-15-16-17-18-19-20-21-22-23-24 12 streets_per_node_count_5 0.0009919308466029143
config.CONGESTION_TYPE, slugifiedstring, i, key, value : RECURRENT recurrent-capetown-20-1-2-3-4-5-6-7-8-9-10-11-12-13-14-15-16-17-18-19-20-21-22-23-24 13 total_crossings -0.007002633065044993
config.CONGESTION_TYPE, slugifiedstring, i, key, value : RECURRENT recurrent-capetown-20-1-2-3-4-5-6-7-8-9-10-11-12-13-14-15-16-17-18-19-20-21-22-23-24 14 streets_per_node_avg -0.0015742749625308734
config.CONGESTION_TYPE, slugifiedstring, i, key, value : RECURRENT recurrent-capetown-20-1-2-3-4-5-6-7-8-9-10-11-12-13-14-15-16-17-18-19-20-21-22-23-24 15 non_metered_count -0.0030041130422210375
config.CONGESTION_TYPE, slugifiedstring, i, key, value : RECURRENT recurrent-capetown-20-1-2-3-4-5-6-7-8-9-10-11-12-13-14-15-16-17-18-19-20-21-22-23-24 16 global_betweenness 0.0011520911406365788
config.CONGESTION_TYPE, slugifiedstring, i, key, value : RECURRENT recurrent-capetown-30-1-2-3-4-5-6-7-8-9-10-11-12-13-14-15-16-17-18-19-20-21-22-23-24 0 streets_per_node_count_3 -0.001512561443178443
config.CONGESTION_TYPE, slugifiedstring, i, key, value : RECURRENT recurrent-capetown-30-1-2-3-4-5-6-7-8-9-10-11-12-13-14-15-16-17-18-19-20-21-22-23-24 1 streets_per_node_count_6 -0.00106626861954842
config.CONGESTION_TYPE, slugifiedstring, i, key, value : RECURRENT recurrent-capetown-30-1-2-3-4-5-6-7-8-9-10-11-12-13-14-15-16-17-18-19-20-21-22-23-24 2 streets_per_node_count_4 0
config.CONGESTION_TYPE, slugifiedstring, i, key, value : RECURRENT recurrent-capetown-30-1-2-3-4-5-6-7-8-9-10-11-12-13-14-15-16-17-18-19-20-21-22-23-24 3 circuity_avg 9.66457129072909e-05
config.CONGESTION_TYPE, slugifiedstring, i, key, value : RECURRENT recurrent-capetown-30-1-2-3-4-5-6-7-8-9-10-11-12-13-14-15-16-17-18-19-20-21-22-23-24 4 streets_per_node_count_1 0
config.CONGESTION_TYPE, slugifiedstring, i, key, value : RECURRENT recurrent-capetown-30-1-2-3-4-5-6-7-8-9-10-11-12-13-14-15-16-17-18-19-20-21-22-23-24 5 streets_per_node_count_2 -0.0005960985113880057
config.CONGESTION_TYPE, slugifiedstring, i, key, value : RECURRENT recurrent-capetown-30-1-2-3-4-5-6-7-8-9-10-11-12-13-14-15-16-17-18-19-20-21-22-23-24 6 betweenness 0.0004677670036654134
config.CONGESTION_TYPE, slugifiedstring, i, key, value : RECURRENT recurrent-capetown-30-1-2-3-4-5-6-7-8-9-10-11-12-13-14-15-16-17-18-19-20-21-22-23-24 7 n -0.0007077697194927717
config.CONGESTION_TYPE, slugifiedstring, i, key, value : RECURRENT recurrent-capetown-30-1-2-3-4-5-6-7-8-9-10-11-12-13-14-15-16-17-18-19-20-21-22-23-24 8 k_avg -0.0027520052759996715
config.CONGESTION_TYPE, slugifiedstring, i, key, value : RECURRENT recurrent-capetown-30-1-2-3-4-5-6-7-8-9-10-11-12-13-14-15-16-17-18-19-20-21-22-23-24 9 m -0.0006822647517358333
config.CONGESTION_TYPE, slugifiedstring, i, key, value : RECURRENT recurrent-capetown-30-1-2-3-4-5-6-7-8-9-10-11-12-13-14-15-16-17-18-19-20-21-22-23-24 10 metered_count -0.0029838324387625593
config.CONGESTION_TYPE, slugifiedstring, i, key, value : RECURRENT recurrent-capetown-30-1-2-3-4-5-6-7-8-9-10-11-12-13-14-15-16-17-18-19-20-21-22-23-24 11 mean_lanes 0.0006355443129910103
config.CONGESTION_TYPE, slugifiedstring, i, key, value : RECURRENT recurrent-capetown-30-1-2-3-4-5-6-7-8-9-10-11-12-13-14-15-16-17-18-19-20-21-22-23-24 12 streets_per_node_count_5 -0.00038921090944102197
config.CONGESTION_TYPE, slugifiedstring, i, key, value : RECURRENT recurrent-capetown-30-1-2-3-4-5-6-7-8-9-10-11-12-13-14-15-16-17-18-19-20-21-22-23-24 13 total_crossings -0.0033927651643050976
config.CONGESTION_TYPE, slugifiedstring, i, key, value : RECURRENT recurrent-capetown-30-1-2-3-4-5-6-7-8-9-10-11-12-13-14-15-16-17-18-19-20-21-22-23-24 14 streets_per_node_avg -0.0008482955426450734
config.CONGESTION_TYPE, slugifiedstring, i, key, value : RECURRENT recurrent-capetown-30-1-2-3-4-5-6-7-8-9-10-11-12-13-14-15-16-17-18-19-20-21-22-23-24 15 non_metered_count -0.0023475570994796464
config.CONGESTION_TYPE, slugifiedstring, i, key, value : RECURRENT recurrent-capetown-30-1-2-3-4-5-6-7-8-9-10-11-12-13-14-15-16-17-18-19-20-21-22-23-24 16 global_betweenness 0.000671438981773539
config.CONGESTION_TYPE, slugifiedstring, i, key, value : RECURRENT recurrent-capetown-40-1-2-3-4-5-6-7-8-9-10-11-12-13-14-15-16-17-18-19-20-21-22-23-24 0 streets_per_node_count_3 -0.0011090833355411186
config.CONGESTION_TYPE, slugifiedstring, i, key, value : RECURRENT recurrent-capetown-40-1-2-3-4-5-6-7-8-9-10-11-12-13-14-15-16-17-18-19-20-21-22-23-24 1 streets_per_node_count_6 -0.0009534170244635779
config.CONGESTION_TYPE, slugifiedstring, i, key, value : RECURRENT recurrent-capetown-40-1-2-3-4-5-6-7-8-9-10-11-12-13-14-15-16-17-18-19-20-21-22-23-24 2 streets_per_node_count_4 0
config.CONGESTION_TYPE, slugifiedstring, i, key, value : RECURRENT recurrent-capetown-40-1-2-3-4-5-6-7-8-9-10-11-12-13-14-15-16-17-18-19-20-21-22-23-24 3 circuity_avg -0.0006915348335582487
config.CONGESTION_TYPE, slugifiedstring, i, key, value : RECURRENT recurrent-capetown-40-1-2-3-4-5-6-7-8-9-10-11-12-13-14-15-16-17-18-19-20-21-22-23-24 4 streets_per_node_count_1 0
config.CONGESTION_TYPE, slugifiedstring, i, key, value : RECURRENT recurrent-capetown-40-1-2-3-4-5-6-7-8-9-10-11-12-13-14-15-16-17-18-19-20-21-22-23-24 5 streets_per_node_count_2 -0.0004309902067921131
config.CONGESTION_TYPE, slugifiedstring, i, key, value : RECURRENT recurrent-capetown-40-1-2-3-4-5-6-7-8-9-10-11-12-13-14-15-16-17-18-19-20-21-22-23-24 6 betweenness 0.0014025325419335741
config.CONGESTION_TYPE, slugifiedstring, i, key, value : RECURRENT recurrent-capetown-40-1-2-3-4-5-6-7-8-9-10-11-12-13-14-15-16-17-18-19-20-21-22-23-24 7 n -0.0005779797056890535
config.CONGESTION_TYPE, slugifiedstring, i, key, value : RECURRENT recurrent-capetown-40-1-2-3-4-5-6-7-8-9-10-11-12-13-14-15-16-17-18-19-20-21-22-23-24 8 k_avg -0.00036897973113820187
config.CONGESTION_TYPE, slugifiedstring, i, key, value : RECURRENT recurrent-capetown-40-1-2-3-4-5-6-7-8-9-10-11-12-13-14-15-16-17-18-19-20-21-22-23-24 9 m -0.00038824378571206353
config.CONGESTION_TYPE, slugifiedstring, i, key, value : RECURRENT recurrent-capetown-40-1-2-3-4-5-6-7-8-9-10-11-12-13-14-15-16-17-18-19-20-21-22-23-24 10 metered_count -0.0027174547353281497
config.CONGESTION_TYPE, slugifiedstring, i, key, value : RECURRENT recurrent-capetown-40-1-2-3-4-5-6-7-8-9-10-11-12-13-14-15-16-17-18-19-20-21-22-23-24 11 mean_lanes 0.0002719500588599919
config.CONGESTION_TYPE, slugifiedstring, i, key, value : RECURRENT recurrent-capetown-40-1-2-3-4-5-6-7-8-9-10-11-12-13-14-15-16-17-18-19-20-21-22-23-24 12 streets_per_node_count_5 0.0005670252445976197
config.CONGESTION_TYPE, slugifiedstring, i, key, value : RECURRENT recurrent-capetown-40-1-2-3-4-5-6-7-8-9-10-11-12-13-14-15-16-17-18-19-20-21-22-23-24 13 total_crossings -0.002878592372783368
config.CONGESTION_TYPE, slugifiedstring, i, key, value : RECURRENT recurrent-capetown-40-1-2-3-4-5-6-7-8-9-10-11-12-13-14-15-16-17-18-19-20-21-22-23-24 14 streets_per_node_avg -0.0010082364420551542
config.CONGESTION_TYPE, slugifiedstring, i, key, value : RECURRENT recurrent-capetown-40-1-2-3-4-5-6-7-8-9-10-11-12-13-14-15-16-17-18-19-20-21-22-23-24 15 non_metered_count -0.0012987123053097016
config.CONGESTION_TYPE, slugifiedstring, i, key, value : RECURRENT recurrent-capetown-40-1-2-3-4-5-6-7-8-9-10-11-12-13-14-15-16-17-18-19-20-21-22-23-24 16 global_betweenness 0.00036523665489167936
config.CONGESTION_TYPE, slugifiedstring, i, key, value : RECURRENT recurrent-capetown-60-1-2-3-4-5-6-7-8-9-10-11-12-13-14-15-16-17-18-19-20-21-22-23-24 0 streets_per_node_count_3 -0.0006383075139132905
config.CONGESTION_TYPE, slugifiedstring, i, key, value : RECURRENT recurrent-capetown-60-1-2-3-4-5-6-7-8-9-10-11-12-13-14-15-16-17-18-19-20-21-22-23-24 1 streets_per_node_count_6 -0.0004268367190506808
config.CONGESTION_TYPE, slugifiedstring, i, key, value : RECURRENT recurrent-capetown-60-1-2-3-4-5-6-7-8-9-10-11-12-13-14-15-16-17-18-19-20-21-22-23-24 2 streets_per_node_count_4 0
config.CONGESTION_TYPE, slugifiedstring, i, key, value : RECURRENT recurrent-capetown-60-1-2-3-4-5-6-7-8-9-10-11-12-13-14-15-16-17-18-19-20-21-22-23-24 3 circuity_avg -0.00029560657431186994
config.CONGESTION_TYPE, slugifiedstring, i, key, value : RECURRENT recurrent-capetown-60-1-2-3-4-5-6-7-8-9-10-11-12-13-14-15-16-17-18-19-20-21-22-23-24 4 streets_per_node_count_1 0
config.CONGESTION_TYPE, slugifiedstring, i, key, value : RECURRENT recurrent-capetown-60-1-2-3-4-5-6-7-8-9-10-11-12-13-14-15-16-17-18-19-20-21-22-23-24 5 streets_per_node_count_2 -0.0001975504036267584
config.CONGESTION_TYPE, slugifiedstring, i, key, value : RECURRENT recurrent-capetown-60-1-2-3-4-5-6-7-8-9-10-11-12-13-14-15-16-17-18-19-20-21-22-23-24 6 betweenness -0.00044381434863417004
config.CONGESTION_TYPE, slugifiedstring, i, key, value : RECURRENT recurrent-capetown-60-1-2-3-4-5-6-7-8-9-10-11-12-13-14-15-16-17-18-19-20-21-22-23-24 7 n -0.0003505002656590268
config.CONGESTION_TYPE, slugifiedstring, i, key, value : RECURRENT recurrent-capetown-60-1-2-3-4-5-6-7-8-9-10-11-12-13-14-15-16-17-18-19-20-21-22-23-24 8 k_avg -0.00034589165221742614
config.CONGESTION_TYPE, slugifiedstring, i, key, value : RECURRENT recurrent-capetown-60-1-2-3-4-5-6-7-8-9-10-11-12-13-14-15-16-17-18-19-20-21-22-23-24 9 m -0.00034042332403668135
config.CONGESTION_TYPE, slugifiedstring, i, key, value : RECURRENT recurrent-capetown-60-1-2-3-4-5-6-7-8-9-10-11-12-13-14-15-16-17-18-19-20-21-22-23-24 10 metered_count -0.0019374320235955094
config.CONGESTION_TYPE, slugifiedstring, i, key, value : RECURRENT recurrent-capetown-60-1-2-3-4-5-6-7-8-9-10-11-12-13-14-15-16-17-18-19-20-21-22-23-24 11 mean_lanes -0.0007932440664716413
config.CONGESTION_TYPE, slugifiedstring, i, key, value : RECURRENT recurrent-capetown-60-1-2-3-4-5-6-7-8-9-10-11-12-13-14-15-16-17-18-19-20-21-22-23-24 12 streets_per_node_count_5 -0.0002890051197454831
config.CONGESTION_TYPE, slugifiedstring, i, key, value : RECURRENT recurrent-capetown-60-1-2-3-4-5-6-7-8-9-10-11-12-13-14-15-16-17-18-19-20-21-22-23-24 13 total_crossings -0.002356996926082282
config.CONGESTION_TYPE, slugifiedstring, i, key, value : RECURRENT recurrent-capetown-60-1-2-3-4-5-6-7-8-9-10-11-12-13-14-15-16-17-18-19-20-21-22-23-24 14 streets_per_node_avg -0.0004470264155123757
config.CONGESTION_TYPE, slugifiedstring, i, key, value : RECURRENT recurrent-capetown-60-1-2-3-4-5-6-7-8-9-10-11-12-13-14-15-16-17-18-19-20-21-22-23-24 15 non_metered_count -0.0009383799913943258
config.CONGESTION_TYPE, slugifiedstring, i, key, value : RECURRENT recurrent-capetown-60-1-2-3-4-5-6-7-8-9-10-11-12-13-14-15-16-17-18-19-20-21-22-23-24 16 global_betweenness 0.0004169571912007332
config.CONGESTION_TYPE, slugifiedstring, i, key, value : RECURRENT recurrent-capetown-70-1-2-3-4-5-6-7-8-9-10-11-12-13-14-15-16-17-18-19-20-21-22-23-24 0 streets_per_node_count_3 -0.0005839620154174668
config.CONGESTION_TYPE, slugifiedstring, i, key, value : RECURRENT recurrent-capetown-70-1-2-3-4-5-6-7-8-9-10-11-12-13-14-15-16-17-18-19-20-21-22-23-24 1 streets_per_node_count_6 -0.0004643092372698013
config.CONGESTION_TYPE, slugifiedstring, i, key, value : RECURRENT recurrent-capetown-70-1-2-3-4-5-6-7-8-9-10-11-12-13-14-15-16-17-18-19-20-21-22-23-24 2 streets_per_node_count_4 0
config.CONGESTION_TYPE, slugifiedstring, i, key, value : RECURRENT recurrent-capetown-70-1-2-3-4-5-6-7-8-9-10-11-12-13-14-15-16-17-18-19-20-21-22-23-24 3 circuity_avg 0.001098155915451394
config.CONGESTION_TYPE, slugifiedstring, i, key, value : RECURRENT recurrent-capetown-70-1-2-3-4-5-6-7-8-9-10-11-12-13-14-15-16-17-18-19-20-21-22-23-24 4 streets_per_node_count_1 0
config.CONGESTION_TYPE, slugifiedstring, i, key, value : RECURRENT recurrent-capetown-70-1-2-3-4-5-6-7-8-9-10-11-12-13-14-15-16-17-18-19-20-21-22-23-24 5 streets_per_node_count_2 -0.0001401284340863865
config.CONGESTION_TYPE, slugifiedstring, i, key, value : RECURRENT recurrent-capetown-70-1-2-3-4-5-6-7-8-9-10-11-12-13-14-15-16-17-18-19-20-21-22-23-24 6 betweenness -0.00023604948654996343
config.CONGESTION_TYPE, slugifiedstring, i, key, value : RECURRENT recurrent-capetown-70-1-2-3-4-5-6-7-8-9-10-11-12-13-14-15-16-17-18-19-20-21-22-23-24 7 n -0.00021398166166851801
config.CONGESTION_TYPE, slugifiedstring, i, key, value : RECURRENT recurrent-capetown-70-1-2-3-4-5-6-7-8-9-10-11-12-13-14-15-16-17-18-19-20-21-22-23-24 8 k_avg -0.0003268636579264843
config.CONGESTION_TYPE, slugifiedstring, i, key, value : RECURRENT recurrent-capetown-70-1-2-3-4-5-6-7-8-9-10-11-12-13-14-15-16-17-18-19-20-21-22-23-24 9 m -0.00025097923832694626
config.CONGESTION_TYPE, slugifiedstring, i, key, value : RECURRENT recurrent-capetown-70-1-2-3-4-5-6-7-8-9-10-11-12-13-14-15-16-17-18-19-20-21-22-23-24 10 metered_count -0.003422246315709533
config.CONGESTION_TYPE, slugifiedstring, i, key, value : RECURRENT recurrent-capetown-70-1-2-3-4-5-6-7-8-9-10-11-12-13-14-15-16-17-18-19-20-21-22-23-24 11 mean_lanes -0.00035976259185161683
config.CONGESTION_TYPE, slugifiedstring, i, key, value : RECURRENT recurrent-capetown-70-1-2-3-4-5-6-7-8-9-10-11-12-13-14-15-16-17-18-19-20-21-22-23-24 12 streets_per_node_count_5 -0.00023136841318803595
config.CONGESTION_TYPE, slugifiedstring, i, key, value : RECURRENT recurrent-capetown-70-1-2-3-4-5-6-7-8-9-10-11-12-13-14-15-16-17-18-19-20-21-22-23-24 13 total_crossings -0.0015126205370441816
config.CONGESTION_TYPE, slugifiedstring, i, key, value : RECURRENT recurrent-capetown-70-1-2-3-4-5-6-7-8-9-10-11-12-13-14-15-16-17-18-19-20-21-22-23-24 14 streets_per_node_avg -0.0006486222004780056
config.CONGESTION_TYPE, slugifiedstring, i, key, value : RECURRENT recurrent-capetown-70-1-2-3-4-5-6-7-8-9-10-11-12-13-14-15-16-17-18-19-20-21-22-23-24 15 non_metered_count -0.0007739896753585363
config.CONGESTION_TYPE, slugifiedstring, i, key, value : RECURRENT recurrent-capetown-70-1-2-3-4-5-6-7-8-9-10-11-12-13-14-15-16-17-18-19-20-21-22-23-24 16 global_betweenness 0.0006357222755488904
config.CONGESTION_TYPE, slugifiedstring, i, key, value : RECURRENT recurrent-capetown-80-1-2-3-4-5-6-7-8-9-10-11-12-13-14-15-16-17-18-19-20-21-22-23-24 0 streets_per_node_count_3 -0.000522124104966876
config.CONGESTION_TYPE, slugifiedstring, i, key, value : RECURRENT recurrent-capetown-80-1-2-3-4-5-6-7-8-9-10-11-12-13-14-15-16-17-18-19-20-21-22-23-24 1 streets_per_node_count_6 -0.00036459549965916664
config.CONGESTION_TYPE, slugifiedstring, i, key, value : RECURRENT recurrent-capetown-80-1-2-3-4-5-6-7-8-9-10-11-12-13-14-15-16-17-18-19-20-21-22-23-24 2 streets_per_node_count_4 0
config.CONGESTION_TYPE, slugifiedstring, i, key, value : RECURRENT recurrent-capetown-80-1-2-3-4-5-6-7-8-9-10-11-12-13-14-15-16-17-18-19-20-21-22-23-24 3 circuity_avg 0.008376733455809833
config.CONGESTION_TYPE, slugifiedstring, i, key, value : RECURRENT recurrent-capetown-80-1-2-3-4-5-6-7-8-9-10-11-12-13-14-15-16-17-18-19-20-21-22-23-24 4 streets_per_node_count_1 0
config.CONGESTION_TYPE, slugifiedstring, i, key, value : RECURRENT recurrent-capetown-80-1-2-3-4-5-6-7-8-9-10-11-12-13-14-15-16-17-18-19-20-21-22-23-24 5 streets_per_node_count_2 -0.00012874110936088946
config.CONGESTION_TYPE, slugifiedstring, i, key, value : RECURRENT recurrent-capetown-80-1-2-3-4-5-6-7-8-9-10-11-12-13-14-15-16-17-18-19-20-21-22-23-24 6 betweenness -0.00016705918784997773
config.CONGESTION_TYPE, slugifiedstring, i, key, value : RECURRENT recurrent-capetown-80-1-2-3-4-5-6-7-8-9-10-11-12-13-14-15-16-17-18-19-20-21-22-23-24 7 n -0.00018970654270411368
config.CONGESTION_TYPE, slugifiedstring, i, key, value : RECURRENT recurrent-capetown-80-1-2-3-4-5-6-7-8-9-10-11-12-13-14-15-16-17-18-19-20-21-22-23-24 8 k_avg -0.0005474423804901179
config.CONGESTION_TYPE, slugifiedstring, i, key, value : RECURRENT recurrent-capetown-80-1-2-3-4-5-6-7-8-9-10-11-12-13-14-15-16-17-18-19-20-21-22-23-24 9 m -0.00021113615337554908
config.CONGESTION_TYPE, slugifiedstring, i, key, value : RECURRENT recurrent-capetown-80-1-2-3-4-5-6-7-8-9-10-11-12-13-14-15-16-17-18-19-20-21-22-23-24 10 metered_count -0.0030055324314221302
config.CONGESTION_TYPE, slugifiedstring, i, key, value : RECURRENT recurrent-capetown-80-1-2-3-4-5-6-7-8-9-10-11-12-13-14-15-16-17-18-19-20-21-22-23-24 11 mean_lanes -0.00023763492214821577
config.CONGESTION_TYPE, slugifiedstring, i, key, value : RECURRENT recurrent-capetown-80-1-2-3-4-5-6-7-8-9-10-11-12-13-14-15-16-17-18-19-20-21-22-23-24 12 streets_per_node_count_5 0.0007642060360921069
config.CONGESTION_TYPE, slugifiedstring, i, key, value : RECURRENT recurrent-capetown-80-1-2-3-4-5-6-7-8-9-10-11-12-13-14-15-16-17-18-19-20-21-22-23-24 13 total_crossings -0.00156000439430772
config.CONGESTION_TYPE, slugifiedstring, i, key, value : RECURRENT recurrent-capetown-80-1-2-3-4-5-6-7-8-9-10-11-12-13-14-15-16-17-18-19-20-21-22-23-24 14 streets_per_node_avg -0.0006851860634282509
config.CONGESTION_TYPE, slugifiedstring, i, key, value : RECURRENT recurrent-capetown-80-1-2-3-4-5-6-7-8-9-10-11-12-13-14-15-16-17-18-19-20-21-22-23-24 15 non_metered_count -0.0007501989757724882
config.CONGESTION_TYPE, slugifiedstring, i, key, value : RECURRENT recurrent-capetown-80-1-2-3-4-5-6-7-8-9-10-11-12-13-14-15-16-17-18-19-20-21-22-23-24 16 global_betweenness 0.000639850847789448
config.CONGESTION_TYPE, slugifiedstring, i, key, value : RECURRENT recurrent-capetown-90-1-2-3-4-5-6-7-8-9-10-11-12-13-14-15-16-17-18-19-20-21-22-23-24 0 streets_per_node_count_3 -0.00045613354251332
config.CONGESTION_TYPE, slugifiedstring, i, key, value : RECURRENT recurrent-capetown-90-1-2-3-4-5-6-7-8-9-10-11-12-13-14-15-16-17-18-19-20-21-22-23-24 1 streets_per_node_count_6 -0.0003514087613722831
config.CONGESTION_TYPE, slugifiedstring, i, key, value : RECURRENT recurrent-capetown-90-1-2-3-4-5-6-7-8-9-10-11-12-13-14-15-16-17-18-19-20-21-22-23-24 2 streets_per_node_count_4 0
config.CONGESTION_TYPE, slugifiedstring, i, key, value : RECURRENT recurrent-capetown-90-1-2-3-4-5-6-7-8-9-10-11-12-13-14-15-16-17-18-19-20-21-22-23-24 3 circuity_avg -0.00015343038542722966
config.CONGESTION_TYPE, slugifiedstring, i, key, value : RECURRENT recurrent-capetown-90-1-2-3-4-5-6-7-8-9-10-11-12-13-14-15-16-17-18-19-20-21-22-23-24 4 streets_per_node_count_1 0
config.CONGESTION_TYPE, slugifiedstring, i, key, value : RECURRENT recurrent-capetown-90-1-2-3-4-5-6-7-8-9-10-11-12-13-14-15-16-17-18-19-20-21-22-23-24 5 streets_per_node_count_2 -0.00011249866798857098
config.CONGESTION_TYPE, slugifiedstring, i, key, value : RECURRENT recurrent-capetown-90-1-2-3-4-5-6-7-8-9-10-11-12-13-14-15-16-17-18-19-20-21-22-23-24 6 betweenness -0.0002237118867377691
config.CONGESTION_TYPE, slugifiedstring, i, key, value : RECURRENT recurrent-capetown-90-1-2-3-4-5-6-7-8-9-10-11-12-13-14-15-16-17-18-19-20-21-22-23-24 7 n -0.0001988423342866389
config.CONGESTION_TYPE, slugifiedstring, i, key, value : RECURRENT recurrent-capetown-90-1-2-3-4-5-6-7-8-9-10-11-12-13-14-15-16-17-18-19-20-21-22-23-24 8 k_avg -0.00011822867511622698
config.CONGESTION_TYPE, slugifiedstring, i, key, value : RECURRENT recurrent-capetown-90-1-2-3-4-5-6-7-8-9-10-11-12-13-14-15-16-17-18-19-20-21-22-23-24 9 m -0.00020069910222882074
config.CONGESTION_TYPE, slugifiedstring, i, key, value : RECURRENT recurrent-capetown-90-1-2-3-4-5-6-7-8-9-10-11-12-13-14-15-16-17-18-19-20-21-22-23-24 10 metered_count -0.0033855537025869686
config.CONGESTION_TYPE, slugifiedstring, i, key, value : RECURRENT recurrent-capetown-90-1-2-3-4-5-6-7-8-9-10-11-12-13-14-15-16-17-18-19-20-21-22-23-24 11 mean_lanes -0.00016020523254784802
config.CONGESTION_TYPE, slugifiedstring, i, key, value : RECURRENT recurrent-capetown-90-1-2-3-4-5-6-7-8-9-10-11-12-13-14-15-16-17-18-19-20-21-22-23-24 12 streets_per_node_count_5 -0.0003221709494695459
config.CONGESTION_TYPE, slugifiedstring, i, key, value : RECURRENT recurrent-capetown-90-1-2-3-4-5-6-7-8-9-10-11-12-13-14-15-16-17-18-19-20-21-22-23-24 13 total_crossings -0.0012606243784934806
config.CONGESTION_TYPE, slugifiedstring, i, key, value : RECURRENT recurrent-capetown-90-1-2-3-4-5-6-7-8-9-10-11-12-13-14-15-16-17-18-19-20-21-22-23-24 14 streets_per_node_avg -0.0004317194312374667
config.CONGESTION_TYPE, slugifiedstring, i, key, value : RECURRENT recurrent-capetown-90-1-2-3-4-5-6-7-8-9-10-11-12-13-14-15-16-17-18-19-20-21-22-23-24 15 non_metered_count -0.0006824388545347703
config.CONGESTION_TYPE, slugifiedstring, i, key, value : RECURRENT recurrent-capetown-90-1-2-3-4-5-6-7-8-9-10-11-12-13-14-15-16-17-18-19-20-21-22-23-24 16 global_betweenness 0.0002390809968378533
config.CONGESTION_TYPE, slugifiedstring, i, key, value : RECURRENT recurrent-capetown-25-1-2-3-4-5-6-7-8-9-10-11-12-13-14-15-16-17-18-19-20-21-22-23-24 0 streets_per_node_count_3 -0.0014174310738981916
config.CONGESTION_TYPE, slugifiedstring, i, key, value : RECURRENT recurrent-capetown-25-1-2-3-4-5-6-7-8-9-10-11-12-13-14-15-16-17-18-19-20-21-22-23-24 1 streets_per_node_count_6 -0.0006370600793255464
config.CONGESTION_TYPE, slugifiedstring, i, key, value : RECURRENT recurrent-capetown-25-1-2-3-4-5-6-7-8-9-10-11-12-13-14-15-16-17-18-19-20-21-22-23-24 2 streets_per_node_count_4 0
config.CONGESTION_TYPE, slugifiedstring, i, key, value : RECURRENT recurrent-capetown-25-1-2-3-4-5-6-7-8-9-10-11-12-13-14-15-16-17-18-19-20-21-22-23-24 3 circuity_avg 9.13616137421835e-05
config.CONGESTION_TYPE, slugifiedstring, i, key, value : RECURRENT recurrent-capetown-25-1-2-3-4-5-6-7-8-9-10-11-12-13-14-15-16-17-18-19-20-21-22-23-24 4 streets_per_node_count_1 0
config.CONGESTION_TYPE, slugifiedstring, i, key, value : RECURRENT recurrent-capetown-25-1-2-3-4-5-6-7-8-9-10-11-12-13-14-15-16-17-18-19-20-21-22-23-24 5 streets_per_node_count_2 -0.0005896144197602841
config.CONGESTION_TYPE, slugifiedstring, i, key, value : RECURRENT recurrent-capetown-25-1-2-3-4-5-6-7-8-9-10-11-12-13-14-15-16-17-18-19-20-21-22-23-24 6 betweenness 0.007160209196599809
config.CONGESTION_TYPE, slugifiedstring, i, key, value : RECURRENT recurrent-capetown-25-1-2-3-4-5-6-7-8-9-10-11-12-13-14-15-16-17-18-19-20-21-22-23-24 7 n -0.0010398470375268308
config.CONGESTION_TYPE, slugifiedstring, i, key, value : RECURRENT recurrent-capetown-25-1-2-3-4-5-6-7-8-9-10-11-12-13-14-15-16-17-18-19-20-21-22-23-24 8 k_avg 0.000587917291163509
config.CONGESTION_TYPE, slugifiedstring, i, key, value : RECURRENT recurrent-capetown-25-1-2-3-4-5-6-7-8-9-10-11-12-13-14-15-16-17-18-19-20-21-22-23-24 9 m -0.0006205154065322167
config.CONGESTION_TYPE, slugifiedstring, i, key, value : RECURRENT recurrent-capetown-25-1-2-3-4-5-6-7-8-9-10-11-12-13-14-15-16-17-18-19-20-21-22-23-24 10 metered_count -0.0021331176946733535
config.CONGESTION_TYPE, slugifiedstring, i, key, value : RECURRENT recurrent-capetown-25-1-2-3-4-5-6-7-8-9-10-11-12-13-14-15-16-17-18-19-20-21-22-23-24 11 mean_lanes 0.0004629572845338204
config.CONGESTION_TYPE, slugifiedstring, i, key, value : RECURRENT recurrent-capetown-25-1-2-3-4-5-6-7-8-9-10-11-12-13-14-15-16-17-18-19-20-21-22-23-24 12 streets_per_node_count_5 -0.0007304711588644417
config.CONGESTION_TYPE, slugifiedstring, i, key, value : RECURRENT recurrent-capetown-25-1-2-3-4-5-6-7-8-9-10-11-12-13-14-15-16-17-18-19-20-21-22-23-24 13 total_crossings -0.0029359486816430127
config.CONGESTION_TYPE, slugifiedstring, i, key, value : RECURRENT recurrent-capetown-25-1-2-3-4-5-6-7-8-9-10-11-12-13-14-15-16-17-18-19-20-21-22-23-24 14 streets_per_node_avg -0.0011896140555213406
config.CONGESTION_TYPE, slugifiedstring, i, key, value : RECURRENT recurrent-capetown-25-1-2-3-4-5-6-7-8-9-10-11-12-13-14-15-16-17-18-19-20-21-22-23-24 15 non_metered_count -0.0017639680271281388
config.CONGESTION_TYPE, slugifiedstring, i, key, value : RECURRENT recurrent-capetown-25-1-2-3-4-5-6-7-8-9-10-11-12-13-14-15-16-17-18-19-20-21-22-23-24 16 global_betweenness 0.0007417251160667883
config.CONGESTION_TYPE, slugifiedstring, i, key, value : RECURRENT recurrent-capetown-50-1-2-3-4-5-6-7-8-9-10-11-12-13-14-15-16-17-18-19-20-21-22-23-24 0 streets_per_node_count_3 -0.0008764375665601146
config.CONGESTION_TYPE, slugifiedstring, i, key, value : RECURRENT recurrent-capetown-50-1-2-3-4-5-6-7-8-9-10-11-12-13-14-15-16-17-18-19-20-21-22-23-24 1 streets_per_node_count_6 -0.0005265913562033616
config.CONGESTION_TYPE, slugifiedstring, i, key, value : RECURRENT recurrent-capetown-50-1-2-3-4-5-6-7-8-9-10-11-12-13-14-15-16-17-18-19-20-21-22-23-24 2 streets_per_node_count_4 0
config.CONGESTION_TYPE, slugifiedstring, i, key, value : RECURRENT recurrent-capetown-50-1-2-3-4-5-6-7-8-9-10-11-12-13-14-15-16-17-18-19-20-21-22-23-24 3 circuity_avg -0.0004714095554934827
config.CONGESTION_TYPE, slugifiedstring, i, key, value : RECURRENT recurrent-capetown-50-1-2-3-4-5-6-7-8-9-10-11-12-13-14-15-16-17-18-19-20-21-22-23-24 4 streets_per_node_count_1 0
config.CONGESTION_TYPE, slugifiedstring, i, key, value : RECURRENT recurrent-capetown-50-1-2-3-4-5-6-7-8-9-10-11-12-13-14-15-16-17-18-19-20-21-22-23-24 5 streets_per_node_count_2 -0.00021642086060647318
config.CONGESTION_TYPE, slugifiedstring, i, key, value : RECURRENT recurrent-capetown-50-1-2-3-4-5-6-7-8-9-10-11-12-13-14-15-16-17-18-19-20-21-22-23-24 6 betweenness -0.00329147345580374
config.CONGESTION_TYPE, slugifiedstring, i, key, value : RECURRENT recurrent-capetown-50-1-2-3-4-5-6-7-8-9-10-11-12-13-14-15-16-17-18-19-20-21-22-23-24 7 n -0.0002602879711698434
config.CONGESTION_TYPE, slugifiedstring, i, key, value : RECURRENT recurrent-capetown-50-1-2-3-4-5-6-7-8-9-10-11-12-13-14-15-16-17-18-19-20-21-22-23-24 8 k_avg -0.00036978409632557833
config.CONGESTION_TYPE, slugifiedstring, i, key, value : RECURRENT recurrent-capetown-50-1-2-3-4-5-6-7-8-9-10-11-12-13-14-15-16-17-18-19-20-21-22-23-24 9 m -0.0003067737853515591
config.CONGESTION_TYPE, slugifiedstring, i, key, value : RECURRENT recurrent-capetown-50-1-2-3-4-5-6-7-8-9-10-11-12-13-14-15-16-17-18-19-20-21-22-23-24 10 metered_count -0.00233701808469753
config.CONGESTION_TYPE, slugifiedstring, i, key, value : RECURRENT recurrent-capetown-50-1-2-3-4-5-6-7-8-9-10-11-12-13-14-15-16-17-18-19-20-21-22-23-24 11 mean_lanes -0.0005754530495372986
config.CONGESTION_TYPE, slugifiedstring, i, key, value : RECURRENT recurrent-capetown-50-1-2-3-4-5-6-7-8-9-10-11-12-13-14-15-16-17-18-19-20-21-22-23-24 12 streets_per_node_count_5 -0.0005144248320178418
config.CONGESTION_TYPE, slugifiedstring, i, key, value : RECURRENT recurrent-capetown-50-1-2-3-4-5-6-7-8-9-10-11-12-13-14-15-16-17-18-19-20-21-22-23-24 13 total_crossings -0.002204668322089055
config.CONGESTION_TYPE, slugifiedstring, i, key, value : RECURRENT recurrent-capetown-50-1-2-3-4-5-6-7-8-9-10-11-12-13-14-15-16-17-18-19-20-21-22-23-24 14 streets_per_node_avg -0.0007755760715442661
config.CONGESTION_TYPE, slugifiedstring, i, key, value : RECURRENT recurrent-capetown-50-1-2-3-4-5-6-7-8-9-10-11-12-13-14-15-16-17-18-19-20-21-22-23-24 15 non_metered_count -0.0010350516450802212
config.CONGESTION_TYPE, slugifiedstring, i, key, value : RECURRENT recurrent-capetown-50-1-2-3-4-5-6-7-8-9-10-11-12-13-14-15-16-17-18-19-20-21-22-23-24 16 global_betweenness 0.00041949320606870214
config.CONGESTION_TYPE, slugifiedstring, i, key, value : RECURRENT recurrent-capetown-100-1-2-3-4-5-6-7-8-9-10-11-12-13-14-15-16-17-18-19-20-21-22-23-24 0 streets_per_node_count_3 -0.0002716927572248937
config.CONGESTION_TYPE, slugifiedstring, i, key, value : RECURRENT recurrent-capetown-100-1-2-3-4-5-6-7-8-9-10-11-12-13-14-15-16-17-18-19-20-21-22-23-24 1 streets_per_node_count_6 -0.00039098821252163635
config.CONGESTION_TYPE, slugifiedstring, i, key, value : RECURRENT recurrent-capetown-100-1-2-3-4-5-6-7-8-9-10-11-12-13-14-15-16-17-18-19-20-21-22-23-24 2 streets_per_node_count_4 0
config.CONGESTION_TYPE, slugifiedstring, i, key, value : RECURRENT recurrent-capetown-100-1-2-3-4-5-6-7-8-9-10-11-12-13-14-15-16-17-18-19-20-21-22-23-24 3 circuity_avg -0.0002562702275081637
config.CONGESTION_TYPE, slugifiedstring, i, key, value : RECURRENT recurrent-capetown-100-1-2-3-4-5-6-7-8-9-10-11-12-13-14-15-16-17-18-19-20-21-22-23-24 4 streets_per_node_count_1 0
config.CONGESTION_TYPE, slugifiedstring, i, key, value : RECURRENT recurrent-capetown-100-1-2-3-4-5-6-7-8-9-10-11-12-13-14-15-16-17-18-19-20-21-22-23-24 5 streets_per_node_count_2 -7.125743370140507e-05
config.CONGESTION_TYPE, slugifiedstring, i, key, value : RECURRENT recurrent-capetown-100-1-2-3-4-5-6-7-8-9-10-11-12-13-14-15-16-17-18-19-20-21-22-23-24 6 betweenness -0.00013147340635449742
config.CONGESTION_TYPE, slugifiedstring, i, key, value : RECURRENT recurrent-capetown-100-1-2-3-4-5-6-7-8-9-10-11-12-13-14-15-16-17-18-19-20-21-22-23-24 7 n -0.00015054047888953437
config.CONGESTION_TYPE, slugifiedstring, i, key, value : RECURRENT recurrent-capetown-100-1-2-3-4-5-6-7-8-9-10-11-12-13-14-15-16-17-18-19-20-21-22-23-24 8 k_avg -0.00020852423417294595
config.CONGESTION_TYPE, slugifiedstring, i, key, value : RECURRENT recurrent-capetown-100-1-2-3-4-5-6-7-8-9-10-11-12-13-14-15-16-17-18-19-20-21-22-23-24 9 m -0.00015201161039250685
config.CONGESTION_TYPE, slugifiedstring, i, key, value : RECURRENT recurrent-capetown-100-1-2-3-4-5-6-7-8-9-10-11-12-13-14-15-16-17-18-19-20-21-22-23-24 10 metered_count -0.0029507168007406764
config.CONGESTION_TYPE, slugifiedstring, i, key, value : RECURRENT recurrent-capetown-100-1-2-3-4-5-6-7-8-9-10-11-12-13-14-15-16-17-18-19-20-21-22-23-24 11 mean_lanes -0.00023421264611152165
config.CONGESTION_TYPE, slugifiedstring, i, key, value : RECURRENT recurrent-capetown-100-1-2-3-4-5-6-7-8-9-10-11-12-13-14-15-16-17-18-19-20-21-22-23-24 12 streets_per_node_count_5 0.0005760100153965729
config.CONGESTION_TYPE, slugifiedstring, i, key, value : RECURRENT recurrent-capetown-100-1-2-3-4-5-6-7-8-9-10-11-12-13-14-15-16-17-18-19-20-21-22-23-24 13 total_crossings -0.0010370430336644676
config.CONGESTION_TYPE, slugifiedstring, i, key, value : RECURRENT recurrent-capetown-100-1-2-3-4-5-6-7-8-9-10-11-12-13-14-15-16-17-18-19-20-21-22-23-24 14 streets_per_node_avg -0.00048222143448623596
config.CONGESTION_TYPE, slugifiedstring, i, key, value : RECURRENT recurrent-capetown-100-1-2-3-4-5-6-7-8-9-10-11-12-13-14-15-16-17-18-19-20-21-22-23-24 15 non_metered_count -0.0005275876632256682
config.CONGESTION_TYPE, slugifiedstring, i, key, value : RECURRENT recurrent-capetown-100-1-2-3-4-5-6-7-8-9-10-11-12-13-14-15-16-17-18-19-20-21-22-23-24 16 global_betweenness 0.0002979897298184198
