config.CONGESTION_TYPE, slugifiedstring, i, key, value : RECURRENT recurrent-bogota-20-1-2-3-4-5-6-7-8-9-10-11-12-13-14-15-16-17-18-19-20-21-22-23-24 0 streets_per_node_count_3 -0.023506129083105322
config.CONGESTION_TYPE, slugifiedstring, i, key, value : RECURRENT recurrent-bogota-20-1-2-3-4-5-6-7-8-9-10-11-12-13-14-15-16-17-18-19-20-21-22-23-24 1 streets_per_node_count_6 -0.021093941507089153
config.CONGESTION_TYPE, slugifiedstring, i, key, value : RECURRENT recurrent-bogota-20-1-2-3-4-5-6-7-8-9-10-11-12-13-14-15-16-17-18-19-20-21-22-23-24 2 total_crossings -0.08416222194836499
config.CONGESTION_TYPE, slugifiedstring, i, key, value : RECURRENT recurrent-bogota-20-1-2-3-4-5-6-7-8-9-10-11-12-13-14-15-16-17-18-19-20-21-22-23-24 3 streets_per_node_count_1 0
config.CONGESTION_TYPE, slugifiedstring, i, key, value : RECURRENT recurrent-bogota-20-1-2-3-4-5-6-7-8-9-10-11-12-13-14-15-16-17-18-19-20-21-22-23-24 4 betweenness -0.025233090047269004
config.CONGESTION_TYPE, slugifiedstring, i, key, value : RECURRENT recurrent-bogota-20-1-2-3-4-5-6-7-8-9-10-11-12-13-14-15-16-17-18-19-20-21-22-23-24 5 n 0.03380725499014589
config.CONGESTION_TYPE, slugifiedstring, i, key, value : RECURRENT recurrent-bogota-20-1-2-3-4-5-6-7-8-9-10-11-12-13-14-15-16-17-18-19-20-21-22-23-24 6 streets_per_node_avg -0.019357467304591956
config.CONGESTION_TYPE, slugifiedstring, i, key, value : RECURRENT recurrent-bogota-20-1-2-3-4-5-6-7-8-9-10-11-12-13-14-15-16-17-18-19-20-21-22-23-24 7 metered_count -0.03579897750868594
config.CONGESTION_TYPE, slugifiedstring, i, key, value : RECURRENT recurrent-bogota-20-1-2-3-4-5-6-7-8-9-10-11-12-13-14-15-16-17-18-19-20-21-22-23-24 8 k_avg 0.0037542907065650118
config.CONGESTION_TYPE, slugifiedstring, i, key, value : RECURRENT recurrent-bogota-20-1-2-3-4-5-6-7-8-9-10-11-12-13-14-15-16-17-18-19-20-21-22-23-24 9 streets_per_node_count_5 -0.04078580891598751
config.CONGESTION_TYPE, slugifiedstring, i, key, value : RECURRENT recurrent-bogota-20-1-2-3-4-5-6-7-8-9-10-11-12-13-14-15-16-17-18-19-20-21-22-23-24 10 global_betweenness 0.0114087636266675
config.CONGESTION_TYPE, slugifiedstring, i, key, value : RECURRENT recurrent-bogota-20-1-2-3-4-5-6-7-8-9-10-11-12-13-14-15-16-17-18-19-20-21-22-23-24 11 non_metered_count 0.4987558343463726
config.CONGESTION_TYPE, slugifiedstring, i, key, value : RECURRENT recurrent-bogota-20-1-2-3-4-5-6-7-8-9-10-11-12-13-14-15-16-17-18-19-20-21-22-23-24 12 streets_per_node_count_4 0
config.CONGESTION_TYPE, slugifiedstring, i, key, value : RECURRENT recurrent-bogota-20-1-2-3-4-5-6-7-8-9-10-11-12-13-14-15-16-17-18-19-20-21-22-23-24 13 m -0.009187645841189414
config.CONGESTION_TYPE, slugifiedstring, i, key, value : RECURRENT recurrent-bogota-20-1-2-3-4-5-6-7-8-9-10-11-12-13-14-15-16-17-18-19-20-21-22-23-24 14 circuity_avg 0.0015816463061987375
config.CONGESTION_TYPE, slugifiedstring, i, key, value : RECURRENT recurrent-bogota-20-1-2-3-4-5-6-7-8-9-10-11-12-13-14-15-16-17-18-19-20-21-22-23-24 15 mean_lanes 0.007599862137694281
config.CONGESTION_TYPE, slugifiedstring, i, key, value : RECURRENT recurrent-bogota-20-1-2-3-4-5-6-7-8-9-10-11-12-13-14-15-16-17-18-19-20-21-22-23-24 16 streets_per_node_count_2 0.012139860470551215
config.CONGESTION_TYPE, slugifiedstring, i, key, value : RECURRENT recurrent-bogota-30-1-2-3-4-5-6-7-8-9-10-11-12-13-14-15-16-17-18-19-20-21-22-23-24 0 streets_per_node_count_3 -0.0071696216700243825
config.CONGESTION_TYPE, slugifiedstring, i, key, value : RECURRENT recurrent-bogota-30-1-2-3-4-5-6-7-8-9-10-11-12-13-14-15-16-17-18-19-20-21-22-23-24 1 streets_per_node_count_6 -0.007622278261698087
config.CONGESTION_TYPE, slugifiedstring, i, key, value : RECURRENT recurrent-bogota-30-1-2-3-4-5-6-7-8-9-10-11-12-13-14-15-16-17-18-19-20-21-22-23-24 2 total_crossings -0.010953484303705904
config.CONGESTION_TYPE, slugifiedstring, i, key, value : RECURRENT recurrent-bogota-30-1-2-3-4-5-6-7-8-9-10-11-12-13-14-15-16-17-18-19-20-21-22-23-24 3 streets_per_node_count_1 0
config.CONGESTION_TYPE, slugifiedstring, i, key, value : RECURRENT recurrent-bogota-30-1-2-3-4-5-6-7-8-9-10-11-12-13-14-15-16-17-18-19-20-21-22-23-24 4 betweenness 1.0891784743080313
config.CONGESTION_TYPE, slugifiedstring, i, key, value : RECURRENT recurrent-bogota-30-1-2-3-4-5-6-7-8-9-10-11-12-13-14-15-16-17-18-19-20-21-22-23-24 5 n 0.002168621276811762
config.CONGESTION_TYPE, slugifiedstring, i, key, value : RECURRENT recurrent-bogota-30-1-2-3-4-5-6-7-8-9-10-11-12-13-14-15-16-17-18-19-20-21-22-23-24 6 streets_per_node_avg -0.008364179803893597
config.CONGESTION_TYPE, slugifiedstring, i, key, value : RECURRENT recurrent-bogota-30-1-2-3-4-5-6-7-8-9-10-11-12-13-14-15-16-17-18-19-20-21-22-23-24 7 metered_count -0.009947843920279004
config.CONGESTION_TYPE, slugifiedstring, i, key, value : RECURRENT recurrent-bogota-30-1-2-3-4-5-6-7-8-9-10-11-12-13-14-15-16-17-18-19-20-21-22-23-24 8 k_avg 0.0037665435042183496
config.CONGESTION_TYPE, slugifiedstring, i, key, value : RECURRENT recurrent-bogota-30-1-2-3-4-5-6-7-8-9-10-11-12-13-14-15-16-17-18-19-20-21-22-23-24 9 streets_per_node_count_5 -0.031101546079819044
config.CONGESTION_TYPE, slugifiedstring, i, key, value : RECURRENT recurrent-bogota-30-1-2-3-4-5-6-7-8-9-10-11-12-13-14-15-16-17-18-19-20-21-22-23-24 10 global_betweenness 0.015775190909233242
config.CONGESTION_TYPE, slugifiedstring, i, key, value : RECURRENT recurrent-bogota-30-1-2-3-4-5-6-7-8-9-10-11-12-13-14-15-16-17-18-19-20-21-22-23-24 11 non_metered_count -0.007686267260577867
config.CONGESTION_TYPE, slugifiedstring, i, key, value : RECURRENT recurrent-bogota-30-1-2-3-4-5-6-7-8-9-10-11-12-13-14-15-16-17-18-19-20-21-22-23-24 12 streets_per_node_count_4 0
config.CONGESTION_TYPE, slugifiedstring, i, key, value : RECURRENT recurrent-bogota-30-1-2-3-4-5-6-7-8-9-10-11-12-13-14-15-16-17-18-19-20-21-22-23-24 13 m 0.09045095124670878
config.CONGESTION_TYPE, slugifiedstring, i, key, value : RECURRENT recurrent-bogota-30-1-2-3-4-5-6-7-8-9-10-11-12-13-14-15-16-17-18-19-20-21-22-23-24 14 circuity_avg -0.0103106850372007
config.CONGESTION_TYPE, slugifiedstring, i, key, value : RECURRENT recurrent-bogota-30-1-2-3-4-5-6-7-8-9-10-11-12-13-14-15-16-17-18-19-20-21-22-23-24 15 mean_lanes -0.014089193486957006
config.CONGESTION_TYPE, slugifiedstring, i, key, value : RECURRENT recurrent-bogota-30-1-2-3-4-5-6-7-8-9-10-11-12-13-14-15-16-17-18-19-20-21-22-23-24 16 streets_per_node_count_2 0.0019439059796581724
config.CONGESTION_TYPE, slugifiedstring, i, key, value : RECURRENT recurrent-bogota-40-1-2-3-4-5-6-7-8-9-10-11-12-13-14-15-16-17-18-19-20-21-22-23-24 0 streets_per_node_count_3 -0.004987670859079079
config.CONGESTION_TYPE, slugifiedstring, i, key, value : RECURRENT recurrent-bogota-40-1-2-3-4-5-6-7-8-9-10-11-12-13-14-15-16-17-18-19-20-21-22-23-24 1 streets_per_node_count_6 -0.005528587045767194
config.CONGESTION_TYPE, slugifiedstring, i, key, value : RECURRENT recurrent-bogota-40-1-2-3-4-5-6-7-8-9-10-11-12-13-14-15-16-17-18-19-20-21-22-23-24 2 total_crossings -0.01313175432777088
config.CONGESTION_TYPE, slugifiedstring, i, key, value : RECURRENT recurrent-bogota-40-1-2-3-4-5-6-7-8-9-10-11-12-13-14-15-16-17-18-19-20-21-22-23-24 3 streets_per_node_count_1 0
config.CONGESTION_TYPE, slugifiedstring, i, key, value : RECURRENT recurrent-bogota-40-1-2-3-4-5-6-7-8-9-10-11-12-13-14-15-16-17-18-19-20-21-22-23-24 4 betweenness -0.004479646169713041
config.CONGESTION_TYPE, slugifiedstring, i, key, value : RECURRENT recurrent-bogota-40-1-2-3-4-5-6-7-8-9-10-11-12-13-14-15-16-17-18-19-20-21-22-23-24 5 n -0.004233860704056049
config.CONGESTION_TYPE, slugifiedstring, i, key, value : RECURRENT recurrent-bogota-40-1-2-3-4-5-6-7-8-9-10-11-12-13-14-15-16-17-18-19-20-21-22-23-24 6 streets_per_node_avg -0.007154151570648405
config.CONGESTION_TYPE, slugifiedstring, i, key, value : RECURRENT recurrent-bogota-40-1-2-3-4-5-6-7-8-9-10-11-12-13-14-15-16-17-18-19-20-21-22-23-24 7 metered_count -0.00968014940840311
config.CONGESTION_TYPE, slugifiedstring, i, key, value : RECURRENT recurrent-bogota-40-1-2-3-4-5-6-7-8-9-10-11-12-13-14-15-16-17-18-19-20-21-22-23-24 8 k_avg 0.005354108141163948
config.CONGESTION_TYPE, slugifiedstring, i, key, value : RECURRENT recurrent-bogota-40-1-2-3-4-5-6-7-8-9-10-11-12-13-14-15-16-17-18-19-20-21-22-23-24 9 streets_per_node_count_5 -0.025993469812756933
config.CONGESTION_TYPE, slugifiedstring, i, key, value : RECURRENT recurrent-bogota-40-1-2-3-4-5-6-7-8-9-10-11-12-13-14-15-16-17-18-19-20-21-22-23-24 10 global_betweenness -0.7287018674734428
config.CONGESTION_TYPE, slugifiedstring, i, key, value : RECURRENT recurrent-bogota-40-1-2-3-4-5-6-7-8-9-10-11-12-13-14-15-16-17-18-19-20-21-22-23-24 11 non_metered_count -0.003681889195552884
config.CONGESTION_TYPE, slugifiedstring, i, key, value : RECURRENT recurrent-bogota-40-1-2-3-4-5-6-7-8-9-10-11-12-13-14-15-16-17-18-19-20-21-22-23-24 12 streets_per_node_count_4 0
config.CONGESTION_TYPE, slugifiedstring, i, key, value : RECURRENT recurrent-bogota-40-1-2-3-4-5-6-7-8-9-10-11-12-13-14-15-16-17-18-19-20-21-22-23-24 13 m -0.005430968465940942
config.CONGESTION_TYPE, slugifiedstring, i, key, value : RECURRENT recurrent-bogota-40-1-2-3-4-5-6-7-8-9-10-11-12-13-14-15-16-17-18-19-20-21-22-23-24 14 circuity_avg 0.001272869906162152
config.CONGESTION_TYPE, slugifiedstring, i, key, value : RECURRENT recurrent-bogota-40-1-2-3-4-5-6-7-8-9-10-11-12-13-14-15-16-17-18-19-20-21-22-23-24 15 mean_lanes 0.004769537035245085
config.CONGESTION_TYPE, slugifiedstring, i, key, value : RECURRENT recurrent-bogota-40-1-2-3-4-5-6-7-8-9-10-11-12-13-14-15-16-17-18-19-20-21-22-23-24 16 streets_per_node_count_2 0.001043402421141539
config.CONGESTION_TYPE, slugifiedstring, i, key, value : RECURRENT recurrent-bogota-60-1-2-3-4-5-6-7-8-9-10-11-12-13-14-15-16-17-18-19-20-21-22-23-24 0 streets_per_node_count_3 -0.003431865143017842
config.CONGESTION_TYPE, slugifiedstring, i, key, value : RECURRENT recurrent-bogota-60-1-2-3-4-5-6-7-8-9-10-11-12-13-14-15-16-17-18-19-20-21-22-23-24 1 streets_per_node_count_6 -0.0020053763075820355
config.CONGESTION_TYPE, slugifiedstring, i, key, value : RECURRENT recurrent-bogota-60-1-2-3-4-5-6-7-8-9-10-11-12-13-14-15-16-17-18-19-20-21-22-23-24 2 total_crossings -0.006452129684268417
config.CONGESTION_TYPE, slugifiedstring, i, key, value : RECURRENT recurrent-bogota-60-1-2-3-4-5-6-7-8-9-10-11-12-13-14-15-16-17-18-19-20-21-22-23-24 3 streets_per_node_count_1 0
config.CONGESTION_TYPE, slugifiedstring, i, key, value : RECURRENT recurrent-bogota-60-1-2-3-4-5-6-7-8-9-10-11-12-13-14-15-16-17-18-19-20-21-22-23-24 4 betweenness 0.030729306632852768
config.CONGESTION_TYPE, slugifiedstring, i, key, value : RECURRENT recurrent-bogota-60-1-2-3-4-5-6-7-8-9-10-11-12-13-14-15-16-17-18-19-20-21-22-23-24 5 n -0.003994366867938629
config.CONGESTION_TYPE, slugifiedstring, i, key, value : RECURRENT recurrent-bogota-60-1-2-3-4-5-6-7-8-9-10-11-12-13-14-15-16-17-18-19-20-21-22-23-24 6 streets_per_node_avg -0.0028485988163151656
config.CONGESTION_TYPE, slugifiedstring, i, key, value : RECURRENT recurrent-bogota-60-1-2-3-4-5-6-7-8-9-10-11-12-13-14-15-16-17-18-19-20-21-22-23-24 7 metered_count -0.005650483218294948
config.CONGESTION_TYPE, slugifiedstring, i, key, value : RECURRENT recurrent-bogota-60-1-2-3-4-5-6-7-8-9-10-11-12-13-14-15-16-17-18-19-20-21-22-23-24 8 k_avg 0.0013955066028780562
config.CONGESTION_TYPE, slugifiedstring, i, key, value : RECURRENT recurrent-bogota-60-1-2-3-4-5-6-7-8-9-10-11-12-13-14-15-16-17-18-19-20-21-22-23-24 9 streets_per_node_count_5 0.02380623072565322
config.CONGESTION_TYPE, slugifiedstring, i, key, value : RECURRENT recurrent-bogota-60-1-2-3-4-5-6-7-8-9-10-11-12-13-14-15-16-17-18-19-20-21-22-23-24 10 global_betweenness 0.004454149221303898
config.CONGESTION_TYPE, slugifiedstring, i, key, value : RECURRENT recurrent-bogota-60-1-2-3-4-5-6-7-8-9-10-11-12-13-14-15-16-17-18-19-20-21-22-23-24 11 non_metered_count -0.003813948005599037
config.CONGESTION_TYPE, slugifiedstring, i, key, value : RECURRENT recurrent-bogota-60-1-2-3-4-5-6-7-8-9-10-11-12-13-14-15-16-17-18-19-20-21-22-23-24 12 streets_per_node_count_4 0
config.CONGESTION_TYPE, slugifiedstring, i, key, value : RECURRENT recurrent-bogota-60-1-2-3-4-5-6-7-8-9-10-11-12-13-14-15-16-17-18-19-20-21-22-23-24 13 m 0.0008861419967191245
config.CONGESTION_TYPE, slugifiedstring, i, key, value : RECURRENT recurrent-bogota-60-1-2-3-4-5-6-7-8-9-10-11-12-13-14-15-16-17-18-19-20-21-22-23-24 14 circuity_avg 0.004456778502382336
config.CONGESTION_TYPE, slugifiedstring, i, key, value : RECURRENT recurrent-bogota-60-1-2-3-4-5-6-7-8-9-10-11-12-13-14-15-16-17-18-19-20-21-22-23-24 15 mean_lanes -0.005287086628438047
config.CONGESTION_TYPE, slugifiedstring, i, key, value : RECURRENT recurrent-bogota-60-1-2-3-4-5-6-7-8-9-10-11-12-13-14-15-16-17-18-19-20-21-22-23-24 16 streets_per_node_count_2 0.0009129775373911971
config.CONGESTION_TYPE, slugifiedstring, i, key, value : RECURRENT recurrent-bogota-70-1-2-3-4-5-6-7-8-9-10-11-12-13-14-15-16-17-18-19-20-21-22-23-24 0 streets_per_node_count_3 -0.0028950134396866552
config.CONGESTION_TYPE, slugifiedstring, i, key, value : RECURRENT recurrent-bogota-70-1-2-3-4-5-6-7-8-9-10-11-12-13-14-15-16-17-18-19-20-21-22-23-24 1 streets_per_node_count_6 -0.0014922533278751641
config.CONGESTION_TYPE, slugifiedstring, i, key, value : RECURRENT recurrent-bogota-70-1-2-3-4-5-6-7-8-9-10-11-12-13-14-15-16-17-18-19-20-21-22-23-24 2 total_crossings -0.006199320193346885
config.CONGESTION_TYPE, slugifiedstring, i, key, value : RECURRENT recurrent-bogota-70-1-2-3-4-5-6-7-8-9-10-11-12-13-14-15-16-17-18-19-20-21-22-23-24 3 streets_per_node_count_1 0
config.CONGESTION_TYPE, slugifiedstring, i, key, value : RECURRENT recurrent-bogota-70-1-2-3-4-5-6-7-8-9-10-11-12-13-14-15-16-17-18-19-20-21-22-23-24 4 betweenness 0.013660261837194753
config.CONGESTION_TYPE, slugifiedstring, i, key, value : RECURRENT recurrent-bogota-70-1-2-3-4-5-6-7-8-9-10-11-12-13-14-15-16-17-18-19-20-21-22-23-24 5 n -0.004549557487670469
config.CONGESTION_TYPE, slugifiedstring, i, key, value : RECURRENT recurrent-bogota-70-1-2-3-4-5-6-7-8-9-10-11-12-13-14-15-16-17-18-19-20-21-22-23-24 6 streets_per_node_avg -0.005520834186244267
config.CONGESTION_TYPE, slugifiedstring, i, key, value : RECURRENT recurrent-bogota-70-1-2-3-4-5-6-7-8-9-10-11-12-13-14-15-16-17-18-19-20-21-22-23-24 7 metered_count -0.003693415706287316
config.CONGESTION_TYPE, slugifiedstring, i, key, value : RECURRENT recurrent-bogota-70-1-2-3-4-5-6-7-8-9-10-11-12-13-14-15-16-17-18-19-20-21-22-23-24 8 k_avg 0.0012719400358342176
config.CONGESTION_TYPE, slugifiedstring, i, key, value : RECURRENT recurrent-bogota-70-1-2-3-4-5-6-7-8-9-10-11-12-13-14-15-16-17-18-19-20-21-22-23-24 9 streets_per_node_count_5 -0.036815663027745235
config.CONGESTION_TYPE, slugifiedstring, i, key, value : RECURRENT recurrent-bogota-70-1-2-3-4-5-6-7-8-9-10-11-12-13-14-15-16-17-18-19-20-21-22-23-24 10 global_betweenness -0.02548310290809021
config.CONGESTION_TYPE, slugifiedstring, i, key, value : RECURRENT recurrent-bogota-70-1-2-3-4-5-6-7-8-9-10-11-12-13-14-15-16-17-18-19-20-21-22-23-24 11 non_metered_count -0.0034282484511039832
config.CONGESTION_TYPE, slugifiedstring, i, key, value : RECURRENT recurrent-bogota-70-1-2-3-4-5-6-7-8-9-10-11-12-13-14-15-16-17-18-19-20-21-22-23-24 12 streets_per_node_count_4 0
config.CONGESTION_TYPE, slugifiedstring, i, key, value : RECURRENT recurrent-bogota-70-1-2-3-4-5-6-7-8-9-10-11-12-13-14-15-16-17-18-19-20-21-22-23-24 13 m 0.002689025679168787
config.CONGESTION_TYPE, slugifiedstring, i, key, value : RECURRENT recurrent-bogota-70-1-2-3-4-5-6-7-8-9-10-11-12-13-14-15-16-17-18-19-20-21-22-23-24 14 circuity_avg 0.0019357535956391857
config.CONGESTION_TYPE, slugifiedstring, i, key, value : RECURRENT recurrent-bogota-70-1-2-3-4-5-6-7-8-9-10-11-12-13-14-15-16-17-18-19-20-21-22-23-24 15 mean_lanes -0.014895777628289914
config.CONGESTION_TYPE, slugifiedstring, i, key, value : RECURRENT recurrent-bogota-70-1-2-3-4-5-6-7-8-9-10-11-12-13-14-15-16-17-18-19-20-21-22-23-24 16 streets_per_node_count_2 0.0008378104298832298
config.CONGESTION_TYPE, slugifiedstring, i, key, value : RECURRENT recurrent-bogota-80-1-2-3-4-5-6-7-8-9-10-11-12-13-14-15-16-17-18-19-20-21-22-23-24 0 streets_per_node_count_3 -0.0013770252438702292
config.CONGESTION_TYPE, slugifiedstring, i, key, value : RECURRENT recurrent-bogota-80-1-2-3-4-5-6-7-8-9-10-11-12-13-14-15-16-17-18-19-20-21-22-23-24 1 streets_per_node_count_6 -0.0011877746651527668
config.CONGESTION_TYPE, slugifiedstring, i, key, value : RECURRENT recurrent-bogota-80-1-2-3-4-5-6-7-8-9-10-11-12-13-14-15-16-17-18-19-20-21-22-23-24 2 total_crossings -0.004132826700919495
config.CONGESTION_TYPE, slugifiedstring, i, key, value : RECURRENT recurrent-bogota-80-1-2-3-4-5-6-7-8-9-10-11-12-13-14-15-16-17-18-19-20-21-22-23-24 3 streets_per_node_count_1 0
config.CONGESTION_TYPE, slugifiedstring, i, key, value : RECURRENT recurrent-bogota-80-1-2-3-4-5-6-7-8-9-10-11-12-13-14-15-16-17-18-19-20-21-22-23-24 4 betweenness -0.004790807434636977
config.CONGESTION_TYPE, slugifiedstring, i, key, value : RECURRENT recurrent-bogota-80-1-2-3-4-5-6-7-8-9-10-11-12-13-14-15-16-17-18-19-20-21-22-23-24 5 n 0.03292615419170123
config.CONGESTION_TYPE, slugifiedstring, i, key, value : RECURRENT recurrent-bogota-80-1-2-3-4-5-6-7-8-9-10-11-12-13-14-15-16-17-18-19-20-21-22-23-24 6 streets_per_node_avg -0.003135685677583295
config.CONGESTION_TYPE, slugifiedstring, i, key, value : RECURRENT recurrent-bogota-80-1-2-3-4-5-6-7-8-9-10-11-12-13-14-15-16-17-18-19-20-21-22-23-24 7 metered_count -0.004820516015236298
config.CONGESTION_TYPE, slugifiedstring, i, key, value : RECURRENT recurrent-bogota-80-1-2-3-4-5-6-7-8-9-10-11-12-13-14-15-16-17-18-19-20-21-22-23-24 8 k_avg 0.0011698639134002725
config.CONGESTION_TYPE, slugifiedstring, i, key, value : RECURRENT recurrent-bogota-80-1-2-3-4-5-6-7-8-9-10-11-12-13-14-15-16-17-18-19-20-21-22-23-24 9 streets_per_node_count_5 -0.005875035761048603
config.CONGESTION_TYPE, slugifiedstring, i, key, value : RECURRENT recurrent-bogota-80-1-2-3-4-5-6-7-8-9-10-11-12-13-14-15-16-17-18-19-20-21-22-23-24 10 global_betweenness 0.0049652048310795446
config.CONGESTION_TYPE, slugifiedstring, i, key, value : RECURRENT recurrent-bogota-80-1-2-3-4-5-6-7-8-9-10-11-12-13-14-15-16-17-18-19-20-21-22-23-24 11 non_metered_count -0.00228930089885777
config.CONGESTION_TYPE, slugifiedstring, i, key, value : RECURRENT recurrent-bogota-80-1-2-3-4-5-6-7-8-9-10-11-12-13-14-15-16-17-18-19-20-21-22-23-24 12 streets_per_node_count_4 0
config.CONGESTION_TYPE, slugifiedstring, i, key, value : RECURRENT recurrent-bogota-80-1-2-3-4-5-6-7-8-9-10-11-12-13-14-15-16-17-18-19-20-21-22-23-24 13 m 0.0015654444867719448
config.CONGESTION_TYPE, slugifiedstring, i, key, value : RECURRENT recurrent-bogota-80-1-2-3-4-5-6-7-8-9-10-11-12-13-14-15-16-17-18-19-20-21-22-23-24 14 circuity_avg 0.0004616588124946073
config.CONGESTION_TYPE, slugifiedstring, i, key, value : RECURRENT recurrent-bogota-80-1-2-3-4-5-6-7-8-9-10-11-12-13-14-15-16-17-18-19-20-21-22-23-24 15 mean_lanes -0.01462025775481301
config.CONGESTION_TYPE, slugifiedstring, i, key, value : RECURRENT recurrent-bogota-80-1-2-3-4-5-6-7-8-9-10-11-12-13-14-15-16-17-18-19-20-21-22-23-24 16 streets_per_node_count_2 0.0007038273835878711
config.CONGESTION_TYPE, slugifiedstring, i, key, value : RECURRENT recurrent-bogota-90-1-2-3-4-5-6-7-8-9-10-11-12-13-14-15-16-17-18-19-20-21-22-23-24 0 streets_per_node_count_3 -0.0009711695733170155
config.CONGESTION_TYPE, slugifiedstring, i, key, value : RECURRENT recurrent-bogota-90-1-2-3-4-5-6-7-8-9-10-11-12-13-14-15-16-17-18-19-20-21-22-23-24 1 streets_per_node_count_6 -0.0008662634528229737
config.CONGESTION_TYPE, slugifiedstring, i, key, value : RECURRENT recurrent-bogota-90-1-2-3-4-5-6-7-8-9-10-11-12-13-14-15-16-17-18-19-20-21-22-23-24 2 total_crossings -0.003525907774768325
config.CONGESTION_TYPE, slugifiedstring, i, key, value : RECURRENT recurrent-bogota-90-1-2-3-4-5-6-7-8-9-10-11-12-13-14-15-16-17-18-19-20-21-22-23-24 3 streets_per_node_count_1 0
config.CONGESTION_TYPE, slugifiedstring, i, key, value : RECURRENT recurrent-bogota-90-1-2-3-4-5-6-7-8-9-10-11-12-13-14-15-16-17-18-19-20-21-22-23-24 4 betweenness -0.0028239621964283985
config.CONGESTION_TYPE, slugifiedstring, i, key, value : RECURRENT recurrent-bogota-90-1-2-3-4-5-6-7-8-9-10-11-12-13-14-15-16-17-18-19-20-21-22-23-24 5 n -0.0012286185454803212
config.CONGESTION_TYPE, slugifiedstring, i, key, value : RECURRENT recurrent-bogota-90-1-2-3-4-5-6-7-8-9-10-11-12-13-14-15-16-17-18-19-20-21-22-23-24 6 streets_per_node_avg -0.0026347505115493367
config.CONGESTION_TYPE, slugifiedstring, i, key, value : RECURRENT recurrent-bogota-90-1-2-3-4-5-6-7-8-9-10-11-12-13-14-15-16-17-18-19-20-21-22-23-24 7 metered_count -0.004494545583314224
config.CONGESTION_TYPE, slugifiedstring, i, key, value : RECURRENT recurrent-bogota-90-1-2-3-4-5-6-7-8-9-10-11-12-13-14-15-16-17-18-19-20-21-22-23-24 8 k_avg 0.0006791370119816018
config.CONGESTION_TYPE, slugifiedstring, i, key, value : RECURRENT recurrent-bogota-90-1-2-3-4-5-6-7-8-9-10-11-12-13-14-15-16-17-18-19-20-21-22-23-24 9 streets_per_node_count_5 -0.0033301836424966384
config.CONGESTION_TYPE, slugifiedstring, i, key, value : RECURRENT recurrent-bogota-90-1-2-3-4-5-6-7-8-9-10-11-12-13-14-15-16-17-18-19-20-21-22-23-24 10 global_betweenness -0.022741464594501375
config.CONGESTION_TYPE, slugifiedstring, i, key, value : RECURRENT recurrent-bogota-90-1-2-3-4-5-6-7-8-9-10-11-12-13-14-15-16-17-18-19-20-21-22-23-24 11 non_metered_count -0.0016566773461399113
config.CONGESTION_TYPE, slugifiedstring, i, key, value : RECURRENT recurrent-bogota-90-1-2-3-4-5-6-7-8-9-10-11-12-13-14-15-16-17-18-19-20-21-22-23-24 12 streets_per_node_count_4 0
config.CONGESTION_TYPE, slugifiedstring, i, key, value : RECURRENT recurrent-bogota-90-1-2-3-4-5-6-7-8-9-10-11-12-13-14-15-16-17-18-19-20-21-22-23-24 13 m 0.0009156005517257502
config.CONGESTION_TYPE, slugifiedstring, i, key, value : RECURRENT recurrent-bogota-90-1-2-3-4-5-6-7-8-9-10-11-12-13-14-15-16-17-18-19-20-21-22-23-24 14 circuity_avg 0.0007744503882419355
config.CONGESTION_TYPE, slugifiedstring, i, key, value : RECURRENT recurrent-bogota-90-1-2-3-4-5-6-7-8-9-10-11-12-13-14-15-16-17-18-19-20-21-22-23-24 15 mean_lanes 0.002945892604783729
config.CONGESTION_TYPE, slugifiedstring, i, key, value : RECURRENT recurrent-bogota-90-1-2-3-4-5-6-7-8-9-10-11-12-13-14-15-16-17-18-19-20-21-22-23-24 16 streets_per_node_count_2 0.000360257290741366
config.CONGESTION_TYPE, slugifiedstring, i, key, value : RECURRENT recurrent-bogota-25-1-2-3-4-5-6-7-8-9-10-11-12-13-14-15-16-17-18-19-20-21-22-23-24 0 streets_per_node_count_3 -0.009367769596131155
config.CONGESTION_TYPE, slugifiedstring, i, key, value : RECURRENT recurrent-bogota-25-1-2-3-4-5-6-7-8-9-10-11-12-13-14-15-16-17-18-19-20-21-22-23-24 1 streets_per_node_count_6 -0.011220021693775728
config.CONGESTION_TYPE, slugifiedstring, i, key, value : RECURRENT recurrent-bogota-25-1-2-3-4-5-6-7-8-9-10-11-12-13-14-15-16-17-18-19-20-21-22-23-24 2 total_crossings -0.018713227583325057
config.CONGESTION_TYPE, slugifiedstring, i, key, value : RECURRENT recurrent-bogota-25-1-2-3-4-5-6-7-8-9-10-11-12-13-14-15-16-17-18-19-20-21-22-23-24 3 streets_per_node_count_1 0
config.CONGESTION_TYPE, slugifiedstring, i, key, value : RECURRENT recurrent-bogota-25-1-2-3-4-5-6-7-8-9-10-11-12-13-14-15-16-17-18-19-20-21-22-23-24 4 betweenness -0.006081223452872681
config.CONGESTION_TYPE, slugifiedstring, i, key, value : RECURRENT recurrent-bogota-25-1-2-3-4-5-6-7-8-9-10-11-12-13-14-15-16-17-18-19-20-21-22-23-24 5 n 0.011416040805321364
config.CONGESTION_TYPE, slugifiedstring, i, key, value : RECURRENT recurrent-bogota-25-1-2-3-4-5-6-7-8-9-10-11-12-13-14-15-16-17-18-19-20-21-22-23-24 6 streets_per_node_avg -0.06230172216157834
config.CONGESTION_TYPE, slugifiedstring, i, key, value : RECURRENT recurrent-bogota-25-1-2-3-4-5-6-7-8-9-10-11-12-13-14-15-16-17-18-19-20-21-22-23-24 7 metered_count -0.013429270063013211
config.CONGESTION_TYPE, slugifiedstring, i, key, value : RECURRENT recurrent-bogota-25-1-2-3-4-5-6-7-8-9-10-11-12-13-14-15-16-17-18-19-20-21-22-23-24 8 k_avg 0.0030475751359771417
config.CONGESTION_TYPE, slugifiedstring, i, key, value : RECURRENT recurrent-bogota-25-1-2-3-4-5-6-7-8-9-10-11-12-13-14-15-16-17-18-19-20-21-22-23-24 9 streets_per_node_count_5 -0.03724547344971784
config.CONGESTION_TYPE, slugifiedstring, i, key, value : RECURRENT recurrent-bogota-25-1-2-3-4-5-6-7-8-9-10-11-12-13-14-15-16-17-18-19-20-21-22-23-24 10 global_betweenness 0.006124887394715598
config.CONGESTION_TYPE, slugifiedstring, i, key, value : RECURRENT recurrent-bogota-25-1-2-3-4-5-6-7-8-9-10-11-12-13-14-15-16-17-18-19-20-21-22-23-24 11 non_metered_count -0.005291325916513062
config.CONGESTION_TYPE, slugifiedstring, i, key, value : RECURRENT recurrent-bogota-25-1-2-3-4-5-6-7-8-9-10-11-12-13-14-15-16-17-18-19-20-21-22-23-24 12 streets_per_node_count_4 0
config.CONGESTION_TYPE, slugifiedstring, i, key, value : RECURRENT recurrent-bogota-25-1-2-3-4-5-6-7-8-9-10-11-12-13-14-15-16-17-18-19-20-21-22-23-24 13 m -0.0047461046493483565
config.CONGESTION_TYPE, slugifiedstring, i, key, value : RECURRENT recurrent-bogota-25-1-2-3-4-5-6-7-8-9-10-11-12-13-14-15-16-17-18-19-20-21-22-23-24 14 circuity_avg 0.0014110014320227974
config.CONGESTION_TYPE, slugifiedstring, i, key, value : RECURRENT recurrent-bogota-25-1-2-3-4-5-6-7-8-9-10-11-12-13-14-15-16-17-18-19-20-21-22-23-24 15 mean_lanes -0.0065183146055373484
config.CONGESTION_TYPE, slugifiedstring, i, key, value : RECURRENT recurrent-bogota-25-1-2-3-4-5-6-7-8-9-10-11-12-13-14-15-16-17-18-19-20-21-22-23-24 16 streets_per_node_count_2 0.001697212012980359
config.CONGESTION_TYPE, slugifiedstring, i, key, value : RECURRENT recurrent-bogota-50-1-2-3-4-5-6-7-8-9-10-11-12-13-14-15-16-17-18-19-20-21-22-23-24 0 streets_per_node_count_3 -0.003857364124275252
config.CONGESTION_TYPE, slugifiedstring, i, key, value : RECURRENT recurrent-bogota-50-1-2-3-4-5-6-7-8-9-10-11-12-13-14-15-16-17-18-19-20-21-22-23-24 1 streets_per_node_count_6 -0.0028549113354199456
config.CONGESTION_TYPE, slugifiedstring, i, key, value : RECURRENT recurrent-bogota-50-1-2-3-4-5-6-7-8-9-10-11-12-13-14-15-16-17-18-19-20-21-22-23-24 2 total_crossings -0.004944944728324592
config.CONGESTION_TYPE, slugifiedstring, i, key, value : RECURRENT recurrent-bogota-50-1-2-3-4-5-6-7-8-9-10-11-12-13-14-15-16-17-18-19-20-21-22-23-24 3 streets_per_node_count_1 0
config.CONGESTION_TYPE, slugifiedstring, i, key, value : RECURRENT recurrent-bogota-50-1-2-3-4-5-6-7-8-9-10-11-12-13-14-15-16-17-18-19-20-21-22-23-24 4 betweenness 0.04113937277611122
config.CONGESTION_TYPE, slugifiedstring, i, key, value : RECURRENT recurrent-bogota-50-1-2-3-4-5-6-7-8-9-10-11-12-13-14-15-16-17-18-19-20-21-22-23-24 5 n -0.00213341188836913
config.CONGESTION_TYPE, slugifiedstring, i, key, value : RECURRENT recurrent-bogota-50-1-2-3-4-5-6-7-8-9-10-11-12-13-14-15-16-17-18-19-20-21-22-23-24 6 streets_per_node_avg -0.007560961691241097
config.CONGESTION_TYPE, slugifiedstring, i, key, value : RECURRENT recurrent-bogota-50-1-2-3-4-5-6-7-8-9-10-11-12-13-14-15-16-17-18-19-20-21-22-23-24 7 metered_count -0.005128443602341817
config.CONGESTION_TYPE, slugifiedstring, i, key, value : RECURRENT recurrent-bogota-50-1-2-3-4-5-6-7-8-9-10-11-12-13-14-15-16-17-18-19-20-21-22-23-24 8 k_avg 0.0019656804600140026
config.CONGESTION_TYPE, slugifiedstring, i, key, value : RECURRENT recurrent-bogota-50-1-2-3-4-5-6-7-8-9-10-11-12-13-14-15-16-17-18-19-20-21-22-23-24 9 streets_per_node_count_5 0.2312132089612693
config.CONGESTION_TYPE, slugifiedstring, i, key, value : RECURRENT recurrent-bogota-50-1-2-3-4-5-6-7-8-9-10-11-12-13-14-15-16-17-18-19-20-21-22-23-24 10 global_betweenness 0.40136497547049566
config.CONGESTION_TYPE, slugifiedstring, i, key, value : RECURRENT recurrent-bogota-50-1-2-3-4-5-6-7-8-9-10-11-12-13-14-15-16-17-18-19-20-21-22-23-24 11 non_metered_count -0.003330560265544234
config.CONGESTION_TYPE, slugifiedstring, i, key, value : RECURRENT recurrent-bogota-50-1-2-3-4-5-6-7-8-9-10-11-12-13-14-15-16-17-18-19-20-21-22-23-24 12 streets_per_node_count_4 0
config.CONGESTION_TYPE, slugifiedstring, i, key, value : RECURRENT recurrent-bogota-50-1-2-3-4-5-6-7-8-9-10-11-12-13-14-15-16-17-18-19-20-21-22-23-24 13 m -0.007891259711199708
config.CONGESTION_TYPE, slugifiedstring, i, key, value : RECURRENT recurrent-bogota-50-1-2-3-4-5-6-7-8-9-10-11-12-13-14-15-16-17-18-19-20-21-22-23-24 14 circuity_avg -0.0008339272291491668
config.CONGESTION_TYPE, slugifiedstring, i, key, value : RECURRENT recurrent-bogota-50-1-2-3-4-5-6-7-8-9-10-11-12-13-14-15-16-17-18-19-20-21-22-23-24 15 mean_lanes 0.004334534356383153
config.CONGESTION_TYPE, slugifiedstring, i, key, value : RECURRENT recurrent-bogota-50-1-2-3-4-5-6-7-8-9-10-11-12-13-14-15-16-17-18-19-20-21-22-23-24 16 streets_per_node_count_2 0.0012116815157380467
config.CONGESTION_TYPE, slugifiedstring, i, key, value : RECURRENT recurrent-bogota-100-1-2-3-4-5-6-7-8-9-10-11-12-13-14-15-16-17-18-19-20-21-22-23-24 0 streets_per_node_count_3 -0.00084916557989182
config.CONGESTION_TYPE, slugifiedstring, i, key, value : RECURRENT recurrent-bogota-100-1-2-3-4-5-6-7-8-9-10-11-12-13-14-15-16-17-18-19-20-21-22-23-24 1 streets_per_node_count_6 -0.0007048842474891531
config.CONGESTION_TYPE, slugifiedstring, i, key, value : RECURRENT recurrent-bogota-100-1-2-3-4-5-6-7-8-9-10-11-12-13-14-15-16-17-18-19-20-21-22-23-24 2 total_crossings -0.0024233726923155734
config.CONGESTION_TYPE, slugifiedstring, i, key, value : RECURRENT recurrent-bogota-100-1-2-3-4-5-6-7-8-9-10-11-12-13-14-15-16-17-18-19-20-21-22-23-24 3 streets_per_node_count_1 0
config.CONGESTION_TYPE, slugifiedstring, i, key, value : RECURRENT recurrent-bogota-100-1-2-3-4-5-6-7-8-9-10-11-12-13-14-15-16-17-18-19-20-21-22-23-24 4 betweenness -0.0018223174731691286
config.CONGESTION_TYPE, slugifiedstring, i, key, value : RECURRENT recurrent-bogota-100-1-2-3-4-5-6-7-8-9-10-11-12-13-14-15-16-17-18-19-20-21-22-23-24 5 n -0.0006215667517282057
config.CONGESTION_TYPE, slugifiedstring, i, key, value : RECURRENT recurrent-bogota-100-1-2-3-4-5-6-7-8-9-10-11-12-13-14-15-16-17-18-19-20-21-22-23-24 6 streets_per_node_avg -0.0022505430467393236
config.CONGESTION_TYPE, slugifiedstring, i, key, value : RECURRENT recurrent-bogota-100-1-2-3-4-5-6-7-8-9-10-11-12-13-14-15-16-17-18-19-20-21-22-23-24 7 metered_count -0.0029767339645181824
config.CONGESTION_TYPE, slugifiedstring, i, key, value : RECURRENT recurrent-bogota-100-1-2-3-4-5-6-7-8-9-10-11-12-13-14-15-16-17-18-19-20-21-22-23-24 8 k_avg 0.0007053954321400633
config.CONGESTION_TYPE, slugifiedstring, i, key, value : RECURRENT recurrent-bogota-100-1-2-3-4-5-6-7-8-9-10-11-12-13-14-15-16-17-18-19-20-21-22-23-24 9 streets_per_node_count_5 -0.006390715174060389
config.CONGESTION_TYPE, slugifiedstring, i, key, value : RECURRENT recurrent-bogota-100-1-2-3-4-5-6-7-8-9-10-11-12-13-14-15-16-17-18-19-20-21-22-23-24 10 global_betweenness -0.0024481355851503446
config.CONGESTION_TYPE, slugifiedstring, i, key, value : RECURRENT recurrent-bogota-100-1-2-3-4-5-6-7-8-9-10-11-12-13-14-15-16-17-18-19-20-21-22-23-24 11 non_metered_count -0.0012915862431928731
config.CONGESTION_TYPE, slugifiedstring, i, key, value : RECURRENT recurrent-bogota-100-1-2-3-4-5-6-7-8-9-10-11-12-13-14-15-16-17-18-19-20-21-22-23-24 12 streets_per_node_count_4 0
config.CONGESTION_TYPE, slugifiedstring, i, key, value : RECURRENT recurrent-bogota-100-1-2-3-4-5-6-7-8-9-10-11-12-13-14-15-16-17-18-19-20-21-22-23-24 13 m 0.001214352388635983
config.CONGESTION_TYPE, slugifiedstring, i, key, value : RECURRENT recurrent-bogota-100-1-2-3-4-5-6-7-8-9-10-11-12-13-14-15-16-17-18-19-20-21-22-23-24 14 circuity_avg 0.0019157664179826133
config.CONGESTION_TYPE, slugifiedstring, i, key, value : RECURRENT recurrent-bogota-100-1-2-3-4-5-6-7-8-9-10-11-12-13-14-15-16-17-18-19-20-21-22-23-24 15 mean_lanes 0.004602250945693431
config.CONGESTION_TYPE, slugifiedstring, i, key, value : RECURRENT recurrent-bogota-100-1-2-3-4-5-6-7-8-9-10-11-12-13-14-15-16-17-18-19-20-21-22-23-24 16 streets_per_node_count_2 0.00024168612036923524
