config.CONGESTION_TYPE, slugifiedstring, i, key, value : RECURRENT recurrent-istanbul-30-1-2-3-4-5-6-7-8-9-10-11-12-13-14-15-16-17-18-19-20-21-22-23-24 0 circuity_avg 0.00017821153478761375
config.CONGESTION_TYPE, slugifiedstring, i, key, value : RECURRENT recurrent-istanbul-30-1-2-3-4-5-6-7-8-9-10-11-12-13-14-15-16-17-18-19-20-21-22-23-24 1 m -0.0003479803451956455
config.CONGESTION_TYPE, slugifiedstring, i, key, value : RECURRENT recurrent-istanbul-30-1-2-3-4-5-6-7-8-9-10-11-12-13-14-15-16-17-18-19-20-21-22-23-24 2 k_avg -0.0013947025135231585
config.CONGESTION_TYPE, slugifiedstring, i, key, value : RECURRENT recurrent-istanbul-30-1-2-3-4-5-6-7-8-9-10-11-12-13-14-15-16-17-18-19-20-21-22-23-24 3 global_betweenness 0.0199166917031494
config.CONGESTION_TYPE, slugifiedstring, i, key, value : RECURRENT recurrent-istanbul-30-1-2-3-4-5-6-7-8-9-10-11-12-13-14-15-16-17-18-19-20-21-22-23-24 4 betweenness -0.0010357359749919995
config.CONGESTION_TYPE, slugifiedstring, i, key, value : RECURRENT recurrent-istanbul-30-1-2-3-4-5-6-7-8-9-10-11-12-13-14-15-16-17-18-19-20-21-22-23-24 5 streets_per_node_count_5 -0.0003025124546591236
config.CONGESTION_TYPE, slugifiedstring, i, key, value : RECURRENT recurrent-istanbul-30-1-2-3-4-5-6-7-8-9-10-11-12-13-14-15-16-17-18-19-20-21-22-23-24 6 n -0.0004321562073533372
config.CONGESTION_TYPE, slugifiedstring, i, key, value : RECURRENT recurrent-istanbul-30-1-2-3-4-5-6-7-8-9-10-11-12-13-14-15-16-17-18-19-20-21-22-23-24 7 non_metered_count -0.0003387599967162843
config.CONGESTION_TYPE, slugifiedstring, i, key, value : RECURRENT recurrent-istanbul-30-1-2-3-4-5-6-7-8-9-10-11-12-13-14-15-16-17-18-19-20-21-22-23-24 8 streets_per_node_avg -0.000505271586314823
config.CONGESTION_TYPE, slugifiedstring, i, key, value : RECURRENT recurrent-istanbul-30-1-2-3-4-5-6-7-8-9-10-11-12-13-14-15-16-17-18-19-20-21-22-23-24 9 streets_per_node_count_6 -0.00018308892869998975
config.CONGESTION_TYPE, slugifiedstring, i, key, value : RECURRENT recurrent-istanbul-30-1-2-3-4-5-6-7-8-9-10-11-12-13-14-15-16-17-18-19-20-21-22-23-24 10 streets_per_node_count_4 0
config.CONGESTION_TYPE, slugifiedstring, i, key, value : RECURRENT recurrent-istanbul-30-1-2-3-4-5-6-7-8-9-10-11-12-13-14-15-16-17-18-19-20-21-22-23-24 11 metered_count -0.00044597272281101156
config.CONGESTION_TYPE, slugifiedstring, i, key, value : RECURRENT recurrent-istanbul-30-1-2-3-4-5-6-7-8-9-10-11-12-13-14-15-16-17-18-19-20-21-22-23-24 12 streets_per_node_count_1 0
config.CONGESTION_TYPE, slugifiedstring, i, key, value : RECURRENT recurrent-istanbul-30-1-2-3-4-5-6-7-8-9-10-11-12-13-14-15-16-17-18-19-20-21-22-23-24 13 streets_per_node_count_3 -0.0006393079642608447
config.CONGESTION_TYPE, slugifiedstring, i, key, value : RECURRENT recurrent-istanbul-30-1-2-3-4-5-6-7-8-9-10-11-12-13-14-15-16-17-18-19-20-21-22-23-24 14 streets_per_node_count_2 -0.00023860688508919772
config.CONGESTION_TYPE, slugifiedstring, i, key, value : RECURRENT recurrent-istanbul-30-1-2-3-4-5-6-7-8-9-10-11-12-13-14-15-16-17-18-19-20-21-22-23-24 15 mean_lanes -0.00024390283746889138
config.CONGESTION_TYPE, slugifiedstring, i, key, value : RECURRENT recurrent-istanbul-30-1-2-3-4-5-6-7-8-9-10-11-12-13-14-15-16-17-18-19-20-21-22-23-24 16 total_crossings -0.000801947094999779
config.CONGESTION_TYPE, slugifiedstring, i, key, value : RECURRENT recurrent-istanbul-45-1-2-3-4-5-6-7-8-9-10-11-12-13-14-15-16-17-18-19-20-21-22-23-24 0 circuity_avg 0.00010959245011318142
config.CONGESTION_TYPE, slugifiedstring, i, key, value : RECURRENT recurrent-istanbul-45-1-2-3-4-5-6-7-8-9-10-11-12-13-14-15-16-17-18-19-20-21-22-23-24 1 m -0.00017234125349127293
config.CONGESTION_TYPE, slugifiedstring, i, key, value : RECURRENT recurrent-istanbul-45-1-2-3-4-5-6-7-8-9-10-11-12-13-14-15-16-17-18-19-20-21-22-23-24 2 k_avg -0.0004766811603426443
config.CONGESTION_TYPE, slugifiedstring, i, key, value : RECURRENT recurrent-istanbul-45-1-2-3-4-5-6-7-8-9-10-11-12-13-14-15-16-17-18-19-20-21-22-23-24 3 global_betweenness -0.003067311766868848
config.CONGESTION_TYPE, slugifiedstring, i, key, value : RECURRENT recurrent-istanbul-45-1-2-3-4-5-6-7-8-9-10-11-12-13-14-15-16-17-18-19-20-21-22-23-24 4 betweenness -0.0004304276358504296
config.CONGESTION_TYPE, slugifiedstring, i, key, value : RECURRENT recurrent-istanbul-45-1-2-3-4-5-6-7-8-9-10-11-12-13-14-15-16-17-18-19-20-21-22-23-24 5 streets_per_node_count_5 -0.00012808280431267466
config.CONGESTION_TYPE, slugifiedstring, i, key, value : RECURRENT recurrent-istanbul-45-1-2-3-4-5-6-7-8-9-10-11-12-13-14-15-16-17-18-19-20-21-22-23-24 6 n -0.0003514257242459466
config.CONGESTION_TYPE, slugifiedstring, i, key, value : RECURRENT recurrent-istanbul-45-1-2-3-4-5-6-7-8-9-10-11-12-13-14-15-16-17-18-19-20-21-22-23-24 7 non_metered_count -0.00021325211768671452
config.CONGESTION_TYPE, slugifiedstring, i, key, value : RECURRENT recurrent-istanbul-45-1-2-3-4-5-6-7-8-9-10-11-12-13-14-15-16-17-18-19-20-21-22-23-24 8 streets_per_node_avg -0.00030698080229119316
config.CONGESTION_TYPE, slugifiedstring, i, key, value : RECURRENT recurrent-istanbul-45-1-2-3-4-5-6-7-8-9-10-11-12-13-14-15-16-17-18-19-20-21-22-23-24 9 streets_per_node_count_6 -0.00015411686984250693
config.CONGESTION_TYPE, slugifiedstring, i, key, value : RECURRENT recurrent-istanbul-45-1-2-3-4-5-6-7-8-9-10-11-12-13-14-15-16-17-18-19-20-21-22-23-24 10 streets_per_node_count_4 0
config.CONGESTION_TYPE, slugifiedstring, i, key, value : RECURRENT recurrent-istanbul-45-1-2-3-4-5-6-7-8-9-10-11-12-13-14-15-16-17-18-19-20-21-22-23-24 11 metered_count -0.0003404321592927316
config.CONGESTION_TYPE, slugifiedstring, i, key, value : RECURRENT recurrent-istanbul-45-1-2-3-4-5-6-7-8-9-10-11-12-13-14-15-16-17-18-19-20-21-22-23-24 12 streets_per_node_count_1 0
config.CONGESTION_TYPE, slugifiedstring, i, key, value : RECURRENT recurrent-istanbul-45-1-2-3-4-5-6-7-8-9-10-11-12-13-14-15-16-17-18-19-20-21-22-23-24 13 streets_per_node_count_3 -0.00038015848038873645
config.CONGESTION_TYPE, slugifiedstring, i, key, value : RECURRENT recurrent-istanbul-45-1-2-3-4-5-6-7-8-9-10-11-12-13-14-15-16-17-18-19-20-21-22-23-24 14 streets_per_node_count_2 -0.0001435595981367548
config.CONGESTION_TYPE, slugifiedstring, i, key, value : RECURRENT recurrent-istanbul-45-1-2-3-4-5-6-7-8-9-10-11-12-13-14-15-16-17-18-19-20-21-22-23-24 15 mean_lanes -0.00012358108146536155
config.CONGESTION_TYPE, slugifiedstring, i, key, value : RECURRENT recurrent-istanbul-45-1-2-3-4-5-6-7-8-9-10-11-12-13-14-15-16-17-18-19-20-21-22-23-24 16 total_crossings -0.00037078895652148603
config.CONGESTION_TYPE, slugifiedstring, i, key, value : RECURRENT recurrent-istanbul-60-1-2-3-4-5-6-7-8-9-10-11-12-13-14-15-16-17-18-19-20-21-22-23-24 0 circuity_avg -0.00010764876764363031
config.CONGESTION_TYPE, slugifiedstring, i, key, value : RECURRENT recurrent-istanbul-60-1-2-3-4-5-6-7-8-9-10-11-12-13-14-15-16-17-18-19-20-21-22-23-24 1 m -0.00010237333941928389
config.CONGESTION_TYPE, slugifiedstring, i, key, value : RECURRENT recurrent-istanbul-60-1-2-3-4-5-6-7-8-9-10-11-12-13-14-15-16-17-18-19-20-21-22-23-24 2 k_avg -0.00037663798642606884
config.CONGESTION_TYPE, slugifiedstring, i, key, value : RECURRENT recurrent-istanbul-60-1-2-3-4-5-6-7-8-9-10-11-12-13-14-15-16-17-18-19-20-21-22-23-24 3 global_betweenness -0.0011888712109092339
config.CONGESTION_TYPE, slugifiedstring, i, key, value : RECURRENT recurrent-istanbul-60-1-2-3-4-5-6-7-8-9-10-11-12-13-14-15-16-17-18-19-20-21-22-23-24 4 betweenness -0.00019083029164107762
config.CONGESTION_TYPE, slugifiedstring, i, key, value : RECURRENT recurrent-istanbul-60-1-2-3-4-5-6-7-8-9-10-11-12-13-14-15-16-17-18-19-20-21-22-23-24 5 streets_per_node_count_5 -0.00011205604482152442
config.CONGESTION_TYPE, slugifiedstring, i, key, value : RECURRENT recurrent-istanbul-60-1-2-3-4-5-6-7-8-9-10-11-12-13-14-15-16-17-18-19-20-21-22-23-24 6 n -0.0002175077840468462
config.CONGESTION_TYPE, slugifiedstring, i, key, value : RECURRENT recurrent-istanbul-60-1-2-3-4-5-6-7-8-9-10-11-12-13-14-15-16-17-18-19-20-21-22-23-24 7 non_metered_count -0.00013906869068975753
config.CONGESTION_TYPE, slugifiedstring, i, key, value : RECURRENT recurrent-istanbul-60-1-2-3-4-5-6-7-8-9-10-11-12-13-14-15-16-17-18-19-20-21-22-23-24 8 streets_per_node_avg -0.00019509622424658044
config.CONGESTION_TYPE, slugifiedstring, i, key, value : RECURRENT recurrent-istanbul-60-1-2-3-4-5-6-7-8-9-10-11-12-13-14-15-16-17-18-19-20-21-22-23-24 9 streets_per_node_count_6 -9.695606196853032e-05
config.CONGESTION_TYPE, slugifiedstring, i, key, value : RECURRENT recurrent-istanbul-60-1-2-3-4-5-6-7-8-9-10-11-12-13-14-15-16-17-18-19-20-21-22-23-24 10 streets_per_node_count_4 0
config.CONGESTION_TYPE, slugifiedstring, i, key, value : RECURRENT recurrent-istanbul-60-1-2-3-4-5-6-7-8-9-10-11-12-13-14-15-16-17-18-19-20-21-22-23-24 11 metered_count -0.00019261639939551249
config.CONGESTION_TYPE, slugifiedstring, i, key, value : RECURRENT recurrent-istanbul-60-1-2-3-4-5-6-7-8-9-10-11-12-13-14-15-16-17-18-19-20-21-22-23-24 12 streets_per_node_count_1 0
config.CONGESTION_TYPE, slugifiedstring, i, key, value : RECURRENT recurrent-istanbul-60-1-2-3-4-5-6-7-8-9-10-11-12-13-14-15-16-17-18-19-20-21-22-23-24 13 streets_per_node_count_3 -0.0002689654278224774
config.CONGESTION_TYPE, slugifiedstring, i, key, value : RECURRENT recurrent-istanbul-60-1-2-3-4-5-6-7-8-9-10-11-12-13-14-15-16-17-18-19-20-21-22-23-24 14 streets_per_node_count_2 -7.86062832294743e-05
config.CONGESTION_TYPE, slugifiedstring, i, key, value : RECURRENT recurrent-istanbul-60-1-2-3-4-5-6-7-8-9-10-11-12-13-14-15-16-17-18-19-20-21-22-23-24 15 mean_lanes -9.334781293322017e-05
config.CONGESTION_TYPE, slugifiedstring, i, key, value : RECURRENT recurrent-istanbul-60-1-2-3-4-5-6-7-8-9-10-11-12-13-14-15-16-17-18-19-20-21-22-23-24 16 total_crossings -0.00024614731778982223
config.CONGESTION_TYPE, slugifiedstring, i, key, value : RECURRENT recurrent-istanbul-90-1-2-3-4-5-6-7-8-9-10-11-12-13-14-15-16-17-18-19-20-21-22-23-24 0 circuity_avg 4.1478696439393844e-05
config.CONGESTION_TYPE, slugifiedstring, i, key, value : RECURRENT recurrent-istanbul-90-1-2-3-4-5-6-7-8-9-10-11-12-13-14-15-16-17-18-19-20-21-22-23-24 1 m -6.549479313652637e-05
config.CONGESTION_TYPE, slugifiedstring, i, key, value : RECURRENT recurrent-istanbul-90-1-2-3-4-5-6-7-8-9-10-11-12-13-14-15-16-17-18-19-20-21-22-23-24 2 k_avg 0.0003264662869145871
config.CONGESTION_TYPE, slugifiedstring, i, key, value : RECURRENT recurrent-istanbul-90-1-2-3-4-5-6-7-8-9-10-11-12-13-14-15-16-17-18-19-20-21-22-23-24 3 global_betweenness -0.0004003296288817655
config.CONGESTION_TYPE, slugifiedstring, i, key, value : RECURRENT recurrent-istanbul-90-1-2-3-4-5-6-7-8-9-10-11-12-13-14-15-16-17-18-19-20-21-22-23-24 4 betweenness -5.7525451034984706e-05
config.CONGESTION_TYPE, slugifiedstring, i, key, value : RECURRENT recurrent-istanbul-90-1-2-3-4-5-6-7-8-9-10-11-12-13-14-15-16-17-18-19-20-21-22-23-24 5 streets_per_node_count_5 -6.925664304105099e-05
config.CONGESTION_TYPE, slugifiedstring, i, key, value : RECURRENT recurrent-istanbul-90-1-2-3-4-5-6-7-8-9-10-11-12-13-14-15-16-17-18-19-20-21-22-23-24 6 n -0.00014139777798862258
config.CONGESTION_TYPE, slugifiedstring, i, key, value : RECURRENT recurrent-istanbul-90-1-2-3-4-5-6-7-8-9-10-11-12-13-14-15-16-17-18-19-20-21-22-23-24 7 non_metered_count -8.774230249914794e-05
config.CONGESTION_TYPE, slugifiedstring, i, key, value : RECURRENT recurrent-istanbul-90-1-2-3-4-5-6-7-8-9-10-11-12-13-14-15-16-17-18-19-20-21-22-23-24 8 streets_per_node_avg -0.00014437144694635852
config.CONGESTION_TYPE, slugifiedstring, i, key, value : RECURRENT recurrent-istanbul-90-1-2-3-4-5-6-7-8-9-10-11-12-13-14-15-16-17-18-19-20-21-22-23-24 9 streets_per_node_count_6 -4.483101274510172e-05
config.CONGESTION_TYPE, slugifiedstring, i, key, value : RECURRENT recurrent-istanbul-90-1-2-3-4-5-6-7-8-9-10-11-12-13-14-15-16-17-18-19-20-21-22-23-24 10 streets_per_node_count_4 0
config.CONGESTION_TYPE, slugifiedstring, i, key, value : RECURRENT recurrent-istanbul-90-1-2-3-4-5-6-7-8-9-10-11-12-13-14-15-16-17-18-19-20-21-22-23-24 11 metered_count -0.00018365910432411895
config.CONGESTION_TYPE, slugifiedstring, i, key, value : RECURRENT recurrent-istanbul-90-1-2-3-4-5-6-7-8-9-10-11-12-13-14-15-16-17-18-19-20-21-22-23-24 12 streets_per_node_count_1 0
config.CONGESTION_TYPE, slugifiedstring, i, key, value : RECURRENT recurrent-istanbul-90-1-2-3-4-5-6-7-8-9-10-11-12-13-14-15-16-17-18-19-20-21-22-23-24 13 streets_per_node_count_3 -0.00014223419219714989
config.CONGESTION_TYPE, slugifiedstring, i, key, value : RECURRENT recurrent-istanbul-90-1-2-3-4-5-6-7-8-9-10-11-12-13-14-15-16-17-18-19-20-21-22-23-24 14 streets_per_node_count_2 -0.00010212816860756993
config.CONGESTION_TYPE, slugifiedstring, i, key, value : RECURRENT recurrent-istanbul-90-1-2-3-4-5-6-7-8-9-10-11-12-13-14-15-16-17-18-19-20-21-22-23-24 15 mean_lanes -8.814877887053317e-05
config.CONGESTION_TYPE, slugifiedstring, i, key, value : RECURRENT recurrent-istanbul-90-1-2-3-4-5-6-7-8-9-10-11-12-13-14-15-16-17-18-19-20-21-22-23-24 16 total_crossings -0.00020025904020757896
config.CONGESTION_TYPE, slugifiedstring, i, key, value : RECURRENT recurrent-istanbul-105-1-2-3-4-5-6-7-8-9-10-11-12-13-14-15-16-17-18-19-20-21-22-23-24 0 circuity_avg 0.0003304044935123418
config.CONGESTION_TYPE, slugifiedstring, i, key, value : RECURRENT recurrent-istanbul-105-1-2-3-4-5-6-7-8-9-10-11-12-13-14-15-16-17-18-19-20-21-22-23-24 1 m -6.343907711841559e-05
config.CONGESTION_TYPE, slugifiedstring, i, key, value : RECURRENT recurrent-istanbul-105-1-2-3-4-5-6-7-8-9-10-11-12-13-14-15-16-17-18-19-20-21-22-23-24 2 k_avg 0.0005080244741442997
config.CONGESTION_TYPE, slugifiedstring, i, key, value : RECURRENT recurrent-istanbul-105-1-2-3-4-5-6-7-8-9-10-11-12-13-14-15-16-17-18-19-20-21-22-23-24 3 global_betweenness -0.0005145350374267709
config.CONGESTION_TYPE, slugifiedstring, i, key, value : RECURRENT recurrent-istanbul-105-1-2-3-4-5-6-7-8-9-10-11-12-13-14-15-16-17-18-19-20-21-22-23-24 4 betweenness -3.036878117450945e-05
config.CONGESTION_TYPE, slugifiedstring, i, key, value : RECURRENT recurrent-istanbul-105-1-2-3-4-5-6-7-8-9-10-11-12-13-14-15-16-17-18-19-20-21-22-23-24 5 streets_per_node_count_5 -6.612690442540132e-05
config.CONGESTION_TYPE, slugifiedstring, i, key, value : RECURRENT recurrent-istanbul-105-1-2-3-4-5-6-7-8-9-10-11-12-13-14-15-16-17-18-19-20-21-22-23-24 6 n -0.0001244715624145662
config.CONGESTION_TYPE, slugifiedstring, i, key, value : RECURRENT recurrent-istanbul-105-1-2-3-4-5-6-7-8-9-10-11-12-13-14-15-16-17-18-19-20-21-22-23-24 7 non_metered_count -7.446602569012638e-05
config.CONGESTION_TYPE, slugifiedstring, i, key, value : RECURRENT recurrent-istanbul-105-1-2-3-4-5-6-7-8-9-10-11-12-13-14-15-16-17-18-19-20-21-22-23-24 8 streets_per_node_avg -0.00011324277517335183
config.CONGESTION_TYPE, slugifiedstring, i, key, value : RECURRENT recurrent-istanbul-105-1-2-3-4-5-6-7-8-9-10-11-12-13-14-15-16-17-18-19-20-21-22-23-24 9 streets_per_node_count_6 -4.1110054744442586e-05
config.CONGESTION_TYPE, slugifiedstring, i, key, value : RECURRENT recurrent-istanbul-105-1-2-3-4-5-6-7-8-9-10-11-12-13-14-15-16-17-18-19-20-21-22-23-24 10 streets_per_node_count_4 0
config.CONGESTION_TYPE, slugifiedstring, i, key, value : RECURRENT recurrent-istanbul-105-1-2-3-4-5-6-7-8-9-10-11-12-13-14-15-16-17-18-19-20-21-22-23-24 11 metered_count -0.0001649810250097825
config.CONGESTION_TYPE, slugifiedstring, i, key, value : RECURRENT recurrent-istanbul-105-1-2-3-4-5-6-7-8-9-10-11-12-13-14-15-16-17-18-19-20-21-22-23-24 12 streets_per_node_count_1 0
config.CONGESTION_TYPE, slugifiedstring, i, key, value : RECURRENT recurrent-istanbul-105-1-2-3-4-5-6-7-8-9-10-11-12-13-14-15-16-17-18-19-20-21-22-23-24 13 streets_per_node_count_3 -0.00011719456636658155
config.CONGESTION_TYPE, slugifiedstring, i, key, value : RECURRENT recurrent-istanbul-105-1-2-3-4-5-6-7-8-9-10-11-12-13-14-15-16-17-18-19-20-21-22-23-24 14 streets_per_node_count_2 -6.192276550438644e-05
config.CONGESTION_TYPE, slugifiedstring, i, key, value : RECURRENT recurrent-istanbul-105-1-2-3-4-5-6-7-8-9-10-11-12-13-14-15-16-17-18-19-20-21-22-23-24 15 mean_lanes -6.196583353747913e-05
config.CONGESTION_TYPE, slugifiedstring, i, key, value : RECURRENT recurrent-istanbul-105-1-2-3-4-5-6-7-8-9-10-11-12-13-14-15-16-17-18-19-20-21-22-23-24 16 total_crossings -0.0001541580361919059
config.CONGESTION_TYPE, slugifiedstring, i, key, value : RECURRENT recurrent-istanbul-120-1-2-3-4-5-6-7-8-9-10-11-12-13-14-15-16-17-18-19-20-21-22-23-24 0 circuity_avg 0.00011839903322135877
config.CONGESTION_TYPE, slugifiedstring, i, key, value : RECURRENT recurrent-istanbul-120-1-2-3-4-5-6-7-8-9-10-11-12-13-14-15-16-17-18-19-20-21-22-23-24 1 m -3.512716957003323e-05
config.CONGESTION_TYPE, slugifiedstring, i, key, value : RECURRENT recurrent-istanbul-120-1-2-3-4-5-6-7-8-9-10-11-12-13-14-15-16-17-18-19-20-21-22-23-24 2 k_avg 0.00022217754081073959
config.CONGESTION_TYPE, slugifiedstring, i, key, value : RECURRENT recurrent-istanbul-120-1-2-3-4-5-6-7-8-9-10-11-12-13-14-15-16-17-18-19-20-21-22-23-24 3 global_betweenness -0.00042542093674685926
config.CONGESTION_TYPE, slugifiedstring, i, key, value : RECURRENT recurrent-istanbul-120-1-2-3-4-5-6-7-8-9-10-11-12-13-14-15-16-17-18-19-20-21-22-23-24 4 betweenness -5.493197550250879e-05
config.CONGESTION_TYPE, slugifiedstring, i, key, value : RECURRENT recurrent-istanbul-120-1-2-3-4-5-6-7-8-9-10-11-12-13-14-15-16-17-18-19-20-21-22-23-24 5 streets_per_node_count_5 -6.097149929015257e-05
config.CONGESTION_TYPE, slugifiedstring, i, key, value : RECURRENT recurrent-istanbul-120-1-2-3-4-5-6-7-8-9-10-11-12-13-14-15-16-17-18-19-20-21-22-23-24 6 n -0.00011269814530904467
config.CONGESTION_TYPE, slugifiedstring, i, key, value : RECURRENT recurrent-istanbul-120-1-2-3-4-5-6-7-8-9-10-11-12-13-14-15-16-17-18-19-20-21-22-23-24 7 non_metered_count -7.520714562457819e-05
config.CONGESTION_TYPE, slugifiedstring, i, key, value : RECURRENT recurrent-istanbul-120-1-2-3-4-5-6-7-8-9-10-11-12-13-14-15-16-17-18-19-20-21-22-23-24 8 streets_per_node_avg -0.00011397252020757161
config.CONGESTION_TYPE, slugifiedstring, i, key, value : RECURRENT recurrent-istanbul-120-1-2-3-4-5-6-7-8-9-10-11-12-13-14-15-16-17-18-19-20-21-22-23-24 9 streets_per_node_count_6 -3.644468827081274e-05
config.CONGESTION_TYPE, slugifiedstring, i, key, value : RECURRENT recurrent-istanbul-120-1-2-3-4-5-6-7-8-9-10-11-12-13-14-15-16-17-18-19-20-21-22-23-24 10 streets_per_node_count_4 0
config.CONGESTION_TYPE, slugifiedstring, i, key, value : RECURRENT recurrent-istanbul-120-1-2-3-4-5-6-7-8-9-10-11-12-13-14-15-16-17-18-19-20-21-22-23-24 11 metered_count -0.00014984613378336465
config.CONGESTION_TYPE, slugifiedstring, i, key, value : RECURRENT recurrent-istanbul-120-1-2-3-4-5-6-7-8-9-10-11-12-13-14-15-16-17-18-19-20-21-22-23-24 12 streets_per_node_count_1 0
config.CONGESTION_TYPE, slugifiedstring, i, key, value : RECURRENT recurrent-istanbul-120-1-2-3-4-5-6-7-8-9-10-11-12-13-14-15-16-17-18-19-20-21-22-23-24 13 streets_per_node_count_3 -0.00010053230014292814
config.CONGESTION_TYPE, slugifiedstring, i, key, value : RECURRENT recurrent-istanbul-120-1-2-3-4-5-6-7-8-9-10-11-12-13-14-15-16-17-18-19-20-21-22-23-24 14 streets_per_node_count_2 -4.696770781861066e-05
config.CONGESTION_TYPE, slugifiedstring, i, key, value : RECURRENT recurrent-istanbul-120-1-2-3-4-5-6-7-8-9-10-11-12-13-14-15-16-17-18-19-20-21-22-23-24 15 mean_lanes -7.046449387206086e-05
config.CONGESTION_TYPE, slugifiedstring, i, key, value : RECURRENT recurrent-istanbul-120-1-2-3-4-5-6-7-8-9-10-11-12-13-14-15-16-17-18-19-20-21-22-23-24 16 total_crossings -0.00015062075524193907
config.CONGESTION_TYPE, slugifiedstring, i, key, value : RECURRENT recurrent-istanbul-135-1-2-3-4-5-6-7-8-9-10-11-12-13-14-15-16-17-18-19-20-21-22-23-24 0 circuity_avg 4.708654676850691e-05
config.CONGESTION_TYPE, slugifiedstring, i, key, value : RECURRENT recurrent-istanbul-135-1-2-3-4-5-6-7-8-9-10-11-12-13-14-15-16-17-18-19-20-21-22-23-24 1 m -5.45041260561756e-05
config.CONGESTION_TYPE, slugifiedstring, i, key, value : RECURRENT recurrent-istanbul-135-1-2-3-4-5-6-7-8-9-10-11-12-13-14-15-16-17-18-19-20-21-22-23-24 2 k_avg 0.00011694433485850091
config.CONGESTION_TYPE, slugifiedstring, i, key, value : RECURRENT recurrent-istanbul-135-1-2-3-4-5-6-7-8-9-10-11-12-13-14-15-16-17-18-19-20-21-22-23-24 3 global_betweenness -0.00018943127614888622
config.CONGESTION_TYPE, slugifiedstring, i, key, value : RECURRENT recurrent-istanbul-135-1-2-3-4-5-6-7-8-9-10-11-12-13-14-15-16-17-18-19-20-21-22-23-24 4 betweenness -3.9367645299294324e-05
config.CONGESTION_TYPE, slugifiedstring, i, key, value : RECURRENT recurrent-istanbul-135-1-2-3-4-5-6-7-8-9-10-11-12-13-14-15-16-17-18-19-20-21-22-23-24 5 streets_per_node_count_5 -5.1752529062418924e-05
config.CONGESTION_TYPE, slugifiedstring, i, key, value : RECURRENT recurrent-istanbul-135-1-2-3-4-5-6-7-8-9-10-11-12-13-14-15-16-17-18-19-20-21-22-23-24 6 n -8.35930862078639e-05
config.CONGESTION_TYPE, slugifiedstring, i, key, value : RECURRENT recurrent-istanbul-135-1-2-3-4-5-6-7-8-9-10-11-12-13-14-15-16-17-18-19-20-21-22-23-24 7 non_metered_count -6.304120617273934e-05
config.CONGESTION_TYPE, slugifiedstring, i, key, value : RECURRENT recurrent-istanbul-135-1-2-3-4-5-6-7-8-9-10-11-12-13-14-15-16-17-18-19-20-21-22-23-24 8 streets_per_node_avg -8.654410530530014e-05
config.CONGESTION_TYPE, slugifiedstring, i, key, value : RECURRENT recurrent-istanbul-135-1-2-3-4-5-6-7-8-9-10-11-12-13-14-15-16-17-18-19-20-21-22-23-24 9 streets_per_node_count_6 -4.592705114286584e-05
config.CONGESTION_TYPE, slugifiedstring, i, key, value : RECURRENT recurrent-istanbul-135-1-2-3-4-5-6-7-8-9-10-11-12-13-14-15-16-17-18-19-20-21-22-23-24 10 streets_per_node_count_4 0
config.CONGESTION_TYPE, slugifiedstring, i, key, value : RECURRENT recurrent-istanbul-135-1-2-3-4-5-6-7-8-9-10-11-12-13-14-15-16-17-18-19-20-21-22-23-24 11 metered_count -0.00012767373518879347
config.CONGESTION_TYPE, slugifiedstring, i, key, value : RECURRENT recurrent-istanbul-135-1-2-3-4-5-6-7-8-9-10-11-12-13-14-15-16-17-18-19-20-21-22-23-24 12 streets_per_node_count_1 0
config.CONGESTION_TYPE, slugifiedstring, i, key, value : RECURRENT recurrent-istanbul-135-1-2-3-4-5-6-7-8-9-10-11-12-13-14-15-16-17-18-19-20-21-22-23-24 13 streets_per_node_count_3 -8.28610243155745e-05
config.CONGESTION_TYPE, slugifiedstring, i, key, value : RECURRENT recurrent-istanbul-135-1-2-3-4-5-6-7-8-9-10-11-12-13-14-15-16-17-18-19-20-21-22-23-24 14 streets_per_node_count_2 -3.611651902607765e-05
config.CONGESTION_TYPE, slugifiedstring, i, key, value : RECURRENT recurrent-istanbul-135-1-2-3-4-5-6-7-8-9-10-11-12-13-14-15-16-17-18-19-20-21-22-23-24 15 mean_lanes -7.089685385449596e-05
config.CONGESTION_TYPE, slugifiedstring, i, key, value : RECURRENT recurrent-istanbul-135-1-2-3-4-5-6-7-8-9-10-11-12-13-14-15-16-17-18-19-20-21-22-23-24 16 total_crossings -0.00015315743715251003
config.CONGESTION_TYPE, slugifiedstring, i, key, value : RECURRENT recurrent-istanbul-37-1-2-3-4-5-6-7-8-9-10-11-12-13-14-15-16-17-18-19-20-21-22-23-24 0 circuity_avg 0.00016971216981310046
config.CONGESTION_TYPE, slugifiedstring, i, key, value : RECURRENT recurrent-istanbul-37-1-2-3-4-5-6-7-8-9-10-11-12-13-14-15-16-17-18-19-20-21-22-23-24 1 m -0.000197141174821163
config.CONGESTION_TYPE, slugifiedstring, i, key, value : RECURRENT recurrent-istanbul-37-1-2-3-4-5-6-7-8-9-10-11-12-13-14-15-16-17-18-19-20-21-22-23-24 2 k_avg 0.00458678410294939
config.CONGESTION_TYPE, slugifiedstring, i, key, value : RECURRENT recurrent-istanbul-37-1-2-3-4-5-6-7-8-9-10-11-12-13-14-15-16-17-18-19-20-21-22-23-24 3 global_betweenness -0.004053045109465801
config.CONGESTION_TYPE, slugifiedstring, i, key, value : RECURRENT recurrent-istanbul-37-1-2-3-4-5-6-7-8-9-10-11-12-13-14-15-16-17-18-19-20-21-22-23-24 4 betweenness -0.0004181214775464417
config.CONGESTION_TYPE, slugifiedstring, i, key, value : RECURRENT recurrent-istanbul-37-1-2-3-4-5-6-7-8-9-10-11-12-13-14-15-16-17-18-19-20-21-22-23-24 5 streets_per_node_count_5 -0.00018274763941199956
config.CONGESTION_TYPE, slugifiedstring, i, key, value : RECURRENT recurrent-istanbul-37-1-2-3-4-5-6-7-8-9-10-11-12-13-14-15-16-17-18-19-20-21-22-23-24 6 n -0.00030140971467416364
config.CONGESTION_TYPE, slugifiedstring, i, key, value : RECURRENT recurrent-istanbul-37-1-2-3-4-5-6-7-8-9-10-11-12-13-14-15-16-17-18-19-20-21-22-23-24 7 non_metered_count -0.0002574071052640268
config.CONGESTION_TYPE, slugifiedstring, i, key, value : RECURRENT recurrent-istanbul-37-1-2-3-4-5-6-7-8-9-10-11-12-13-14-15-16-17-18-19-20-21-22-23-24 8 streets_per_node_avg -0.00040444902056193364
config.CONGESTION_TYPE, slugifiedstring, i, key, value : RECURRENT recurrent-istanbul-37-1-2-3-4-5-6-7-8-9-10-11-12-13-14-15-16-17-18-19-20-21-22-23-24 9 streets_per_node_count_6 -0.0001580486792650407
config.CONGESTION_TYPE, slugifiedstring, i, key, value : RECURRENT recurrent-istanbul-37-1-2-3-4-5-6-7-8-9-10-11-12-13-14-15-16-17-18-19-20-21-22-23-24 10 streets_per_node_count_4 0
config.CONGESTION_TYPE, slugifiedstring, i, key, value : RECURRENT recurrent-istanbul-37-1-2-3-4-5-6-7-8-9-10-11-12-13-14-15-16-17-18-19-20-21-22-23-24 11 metered_count -0.0004966648734900218
config.CONGESTION_TYPE, slugifiedstring, i, key, value : RECURRENT recurrent-istanbul-37-1-2-3-4-5-6-7-8-9-10-11-12-13-14-15-16-17-18-19-20-21-22-23-24 12 streets_per_node_count_1 0
config.CONGESTION_TYPE, slugifiedstring, i, key, value : RECURRENT recurrent-istanbul-37-1-2-3-4-5-6-7-8-9-10-11-12-13-14-15-16-17-18-19-20-21-22-23-24 13 streets_per_node_count_3 -0.0003773123834306139
config.CONGESTION_TYPE, slugifiedstring, i, key, value : RECURRENT recurrent-istanbul-37-1-2-3-4-5-6-7-8-9-10-11-12-13-14-15-16-17-18-19-20-21-22-23-24 14 streets_per_node_count_2 -0.00020979025580283715
config.CONGESTION_TYPE, slugifiedstring, i, key, value : RECURRENT recurrent-istanbul-37-1-2-3-4-5-6-7-8-9-10-11-12-13-14-15-16-17-18-19-20-21-22-23-24 15 mean_lanes -0.0001125279633721338
config.CONGESTION_TYPE, slugifiedstring, i, key, value : RECURRENT recurrent-istanbul-37-1-2-3-4-5-6-7-8-9-10-11-12-13-14-15-16-17-18-19-20-21-22-23-24 16 total_crossings -0.0005276766900494784
config.CONGESTION_TYPE, slugifiedstring, i, key, value : RECURRENT recurrent-istanbul-75-1-2-3-4-5-6-7-8-9-10-11-12-13-14-15-16-17-18-19-20-21-22-23-24 0 circuity_avg 6.0886247090204125e-05
config.CONGESTION_TYPE, slugifiedstring, i, key, value : RECURRENT recurrent-istanbul-75-1-2-3-4-5-6-7-8-9-10-11-12-13-14-15-16-17-18-19-20-21-22-23-24 1 m -8.526716933788254e-05
config.CONGESTION_TYPE, slugifiedstring, i, key, value : RECURRENT recurrent-istanbul-75-1-2-3-4-5-6-7-8-9-10-11-12-13-14-15-16-17-18-19-20-21-22-23-24 2 k_avg 0.0032700966336293835
config.CONGESTION_TYPE, slugifiedstring, i, key, value : RECURRENT recurrent-istanbul-75-1-2-3-4-5-6-7-8-9-10-11-12-13-14-15-16-17-18-19-20-21-22-23-24 3 global_betweenness -0.0005799990720874544
config.CONGESTION_TYPE, slugifiedstring, i, key, value : RECURRENT recurrent-istanbul-75-1-2-3-4-5-6-7-8-9-10-11-12-13-14-15-16-17-18-19-20-21-22-23-24 4 betweenness -6.744176398745576e-05
config.CONGESTION_TYPE, slugifiedstring, i, key, value : RECURRENT recurrent-istanbul-75-1-2-3-4-5-6-7-8-9-10-11-12-13-14-15-16-17-18-19-20-21-22-23-24 5 streets_per_node_count_5 -9.070236907846355e-05
config.CONGESTION_TYPE, slugifiedstring, i, key, value : RECURRENT recurrent-istanbul-75-1-2-3-4-5-6-7-8-9-10-11-12-13-14-15-16-17-18-19-20-21-22-23-24 6 n -0.00014837409102969016
config.CONGESTION_TYPE, slugifiedstring, i, key, value : RECURRENT recurrent-istanbul-75-1-2-3-4-5-6-7-8-9-10-11-12-13-14-15-16-17-18-19-20-21-22-23-24 7 non_metered_count -9.545152975833295e-05
config.CONGESTION_TYPE, slugifiedstring, i, key, value : RECURRENT recurrent-istanbul-75-1-2-3-4-5-6-7-8-9-10-11-12-13-14-15-16-17-18-19-20-21-22-23-24 8 streets_per_node_avg -0.00016915777137742268
config.CONGESTION_TYPE, slugifiedstring, i, key, value : RECURRENT recurrent-istanbul-75-1-2-3-4-5-6-7-8-9-10-11-12-13-14-15-16-17-18-19-20-21-22-23-24 9 streets_per_node_count_6 -7.357168080576862e-05
config.CONGESTION_TYPE, slugifiedstring, i, key, value : RECURRENT recurrent-istanbul-75-1-2-3-4-5-6-7-8-9-10-11-12-13-14-15-16-17-18-19-20-21-22-23-24 10 streets_per_node_count_4 0
config.CONGESTION_TYPE, slugifiedstring, i, key, value : RECURRENT recurrent-istanbul-75-1-2-3-4-5-6-7-8-9-10-11-12-13-14-15-16-17-18-19-20-21-22-23-24 11 metered_count -0.0002616626528251925
config.CONGESTION_TYPE, slugifiedstring, i, key, value : RECURRENT recurrent-istanbul-75-1-2-3-4-5-6-7-8-9-10-11-12-13-14-15-16-17-18-19-20-21-22-23-24 12 streets_per_node_count_1 0
config.CONGESTION_TYPE, slugifiedstring, i, key, value : RECURRENT recurrent-istanbul-75-1-2-3-4-5-6-7-8-9-10-11-12-13-14-15-16-17-18-19-20-21-22-23-24 13 streets_per_node_count_3 -0.00018605588036463646
config.CONGESTION_TYPE, slugifiedstring, i, key, value : RECURRENT recurrent-istanbul-75-1-2-3-4-5-6-7-8-9-10-11-12-13-14-15-16-17-18-19-20-21-22-23-24 14 streets_per_node_count_2 -0.0001741736885797961
config.CONGESTION_TYPE, slugifiedstring, i, key, value : RECURRENT recurrent-istanbul-75-1-2-3-4-5-6-7-8-9-10-11-12-13-14-15-16-17-18-19-20-21-22-23-24 15 mean_lanes -7.627963063132303e-05
config.CONGESTION_TYPE, slugifiedstring, i, key, value : RECURRENT recurrent-istanbul-75-1-2-3-4-5-6-7-8-9-10-11-12-13-14-15-16-17-18-19-20-21-22-23-24 16 total_crossings -0.00023386935481151797
config.CONGESTION_TYPE, slugifiedstring, i, key, value : RECURRENT recurrent-istanbul-150-1-2-3-4-5-6-7-8-9-10-11-12-13-14-15-16-17-18-19-20-21-22-23-24 0 circuity_avg 3.6330667405214135e-05
config.CONGESTION_TYPE, slugifiedstring, i, key, value : RECURRENT recurrent-istanbul-150-1-2-3-4-5-6-7-8-9-10-11-12-13-14-15-16-17-18-19-20-21-22-23-24 1 m -2.783370277266488e-05
config.CONGESTION_TYPE, slugifiedstring, i, key, value : RECURRENT recurrent-istanbul-150-1-2-3-4-5-6-7-8-9-10-11-12-13-14-15-16-17-18-19-20-21-22-23-24 2 k_avg 0.00026864651997929144
config.CONGESTION_TYPE, slugifiedstring, i, key, value : RECURRENT recurrent-istanbul-150-1-2-3-4-5-6-7-8-9-10-11-12-13-14-15-16-17-18-19-20-21-22-23-24 3 global_betweenness -0.00023962753409670503
config.CONGESTION_TYPE, slugifiedstring, i, key, value : RECURRENT recurrent-istanbul-150-1-2-3-4-5-6-7-8-9-10-11-12-13-14-15-16-17-18-19-20-21-22-23-24 4 betweenness -3.269966312009451e-05
config.CONGESTION_TYPE, slugifiedstring, i, key, value : RECURRENT recurrent-istanbul-150-1-2-3-4-5-6-7-8-9-10-11-12-13-14-15-16-17-18-19-20-21-22-23-24 5 streets_per_node_count_5 -5.5118794807414955e-05
config.CONGESTION_TYPE, slugifiedstring, i, key, value : RECURRENT recurrent-istanbul-150-1-2-3-4-5-6-7-8-9-10-11-12-13-14-15-16-17-18-19-20-21-22-23-24 6 n -8.66750802145471e-05
config.CONGESTION_TYPE, slugifiedstring, i, key, value : RECURRENT recurrent-istanbul-150-1-2-3-4-5-6-7-8-9-10-11-12-13-14-15-16-17-18-19-20-21-22-23-24 7 non_metered_count -6.248095281560991e-05
config.CONGESTION_TYPE, slugifiedstring, i, key, value : RECURRENT recurrent-istanbul-150-1-2-3-4-5-6-7-8-9-10-11-12-13-14-15-16-17-18-19-20-21-22-23-24 8 streets_per_node_avg -8.110333641025421e-05
config.CONGESTION_TYPE, slugifiedstring, i, key, value : RECURRENT recurrent-istanbul-150-1-2-3-4-5-6-7-8-9-10-11-12-13-14-15-16-17-18-19-20-21-22-23-24 9 streets_per_node_count_6 -3.7334458037409886e-05
config.CONGESTION_TYPE, slugifiedstring, i, key, value : RECURRENT recurrent-istanbul-150-1-2-3-4-5-6-7-8-9-10-11-12-13-14-15-16-17-18-19-20-21-22-23-24 10 streets_per_node_count_4 0
config.CONGESTION_TYPE, slugifiedstring, i, key, value : RECURRENT recurrent-istanbul-150-1-2-3-4-5-6-7-8-9-10-11-12-13-14-15-16-17-18-19-20-21-22-23-24 11 metered_count -0.00012041042237182821
config.CONGESTION_TYPE, slugifiedstring, i, key, value : RECURRENT recurrent-istanbul-150-1-2-3-4-5-6-7-8-9-10-11-12-13-14-15-16-17-18-19-20-21-22-23-24 12 streets_per_node_count_1 0
config.CONGESTION_TYPE, slugifiedstring, i, key, value : RECURRENT recurrent-istanbul-150-1-2-3-4-5-6-7-8-9-10-11-12-13-14-15-16-17-18-19-20-21-22-23-24 13 streets_per_node_count_3 -7.32215412446276e-05
config.CONGESTION_TYPE, slugifiedstring, i, key, value : RECURRENT recurrent-istanbul-150-1-2-3-4-5-6-7-8-9-10-11-12-13-14-15-16-17-18-19-20-21-22-23-24 14 streets_per_node_count_2 -2.97426689647425e-05
config.CONGESTION_TYPE, slugifiedstring, i, key, value : RECURRENT recurrent-istanbul-150-1-2-3-4-5-6-7-8-9-10-11-12-13-14-15-16-17-18-19-20-21-22-23-24 15 mean_lanes -0.00011696256517452252
config.CONGESTION_TYPE, slugifiedstring, i, key, value : RECURRENT recurrent-istanbul-150-1-2-3-4-5-6-7-8-9-10-11-12-13-14-15-16-17-18-19-20-21-22-23-24 16 total_crossings -0.00012934638607975274
