config.CONGESTION_TYPE, slugifiedstring, i, key, value : RECURRENT recurrent-newyorkcity-20-1-2-3-4-5-6-7-8-9-10-11-12-13-14-15-16-17-18-19-20-21-22-23-24 0 non_metered_count -0.005699517330735523
config.CONGESTION_TYPE, slugifiedstring, i, key, value : RECURRENT recurrent-newyorkcity-20-1-2-3-4-5-6-7-8-9-10-11-12-13-14-15-16-17-18-19-20-21-22-23-24 1 n 0.001139618759356639
config.CONGESTION_TYPE, slugifiedstring, i, key, value : RECURRENT recurrent-newyorkcity-20-1-2-3-4-5-6-7-8-9-10-11-12-13-14-15-16-17-18-19-20-21-22-23-24 2 total_crossings -0.006906952535339585
config.CONGESTION_TYPE, slugifiedstring, i, key, value : RECURRENT recurrent-newyorkcity-20-1-2-3-4-5-6-7-8-9-10-11-12-13-14-15-16-17-18-19-20-21-22-23-24 3 streets_per_node_count_5 -0.0012218880769287472
config.CONGESTION_TYPE, slugifiedstring, i, key, value : RECURRENT recurrent-newyorkcity-20-1-2-3-4-5-6-7-8-9-10-11-12-13-14-15-16-17-18-19-20-21-22-23-24 4 streets_per_node_count_4 0
config.CONGESTION_TYPE, slugifiedstring, i, key, value : RECURRENT recurrent-newyorkcity-20-1-2-3-4-5-6-7-8-9-10-11-12-13-14-15-16-17-18-19-20-21-22-23-24 5 global_betweenness -0.000992338816413027
config.CONGESTION_TYPE, slugifiedstring, i, key, value : RECURRENT recurrent-newyorkcity-20-1-2-3-4-5-6-7-8-9-10-11-12-13-14-15-16-17-18-19-20-21-22-23-24 6 streets_per_node_count_2 -0.00046193331979375407
config.CONGESTION_TYPE, slugifiedstring, i, key, value : RECURRENT recurrent-newyorkcity-20-1-2-3-4-5-6-7-8-9-10-11-12-13-14-15-16-17-18-19-20-21-22-23-24 7 streets_per_node_count_6 -0.0023879362507369657
config.CONGESTION_TYPE, slugifiedstring, i, key, value : RECURRENT recurrent-newyorkcity-20-1-2-3-4-5-6-7-8-9-10-11-12-13-14-15-16-17-18-19-20-21-22-23-24 8 streets_per_node_count_1 0
config.CONGESTION_TYPE, slugifiedstring, i, key, value : RECURRENT recurrent-newyorkcity-20-1-2-3-4-5-6-7-8-9-10-11-12-13-14-15-16-17-18-19-20-21-22-23-24 9 metered_count -0.017423059411336456
config.CONGESTION_TYPE, slugifiedstring, i, key, value : RECURRENT recurrent-newyorkcity-20-1-2-3-4-5-6-7-8-9-10-11-12-13-14-15-16-17-18-19-20-21-22-23-24 10 betweenness 0.0018810808951603168
config.CONGESTION_TYPE, slugifiedstring, i, key, value : RECURRENT recurrent-newyorkcity-20-1-2-3-4-5-6-7-8-9-10-11-12-13-14-15-16-17-18-19-20-21-22-23-24 11 streets_per_node_avg -0.003270024371540334
config.CONGESTION_TYPE, slugifiedstring, i, key, value : RECURRENT recurrent-newyorkcity-20-1-2-3-4-5-6-7-8-9-10-11-12-13-14-15-16-17-18-19-20-21-22-23-24 12 circuity_avg 0.00021114937449447506
config.CONGESTION_TYPE, slugifiedstring, i, key, value : RECURRENT recurrent-newyorkcity-20-1-2-3-4-5-6-7-8-9-10-11-12-13-14-15-16-17-18-19-20-21-22-23-24 13 streets_per_node_count_3 -0.014402924056867973
config.CONGESTION_TYPE, slugifiedstring, i, key, value : RECURRENT recurrent-newyorkcity-20-1-2-3-4-5-6-7-8-9-10-11-12-13-14-15-16-17-18-19-20-21-22-23-24 14 k_avg -0.005005269866769295
config.CONGESTION_TYPE, slugifiedstring, i, key, value : RECURRENT recurrent-newyorkcity-20-1-2-3-4-5-6-7-8-9-10-11-12-13-14-15-16-17-18-19-20-21-22-23-24 15 m -0.0015130118647052543
config.CONGESTION_TYPE, slugifiedstring, i, key, value : RECURRENT recurrent-newyorkcity-20-1-2-3-4-5-6-7-8-9-10-11-12-13-14-15-16-17-18-19-20-21-22-23-24 16 mean_lanes 0.010066759739376678
config.CONGESTION_TYPE, slugifiedstring, i, key, value : RECURRENT recurrent-newyorkcity-30-1-2-3-4-5-6-7-8-9-10-11-12-13-14-15-16-17-18-19-20-21-22-23-24 0 non_metered_count -0.0022347096264090293
config.CONGESTION_TYPE, slugifiedstring, i, key, value : RECURRENT recurrent-newyorkcity-30-1-2-3-4-5-6-7-8-9-10-11-12-13-14-15-16-17-18-19-20-21-22-23-24 1 n -0.0005248433678010964
config.CONGESTION_TYPE, slugifiedstring, i, key, value : RECURRENT recurrent-newyorkcity-30-1-2-3-4-5-6-7-8-9-10-11-12-13-14-15-16-17-18-19-20-21-22-23-24 2 total_crossings -0.0033364940701400467
config.CONGESTION_TYPE, slugifiedstring, i, key, value : RECURRENT recurrent-newyorkcity-30-1-2-3-4-5-6-7-8-9-10-11-12-13-14-15-16-17-18-19-20-21-22-23-24 3 streets_per_node_count_5 -0.00137076353776618
config.CONGESTION_TYPE, slugifiedstring, i, key, value : RECURRENT recurrent-newyorkcity-30-1-2-3-4-5-6-7-8-9-10-11-12-13-14-15-16-17-18-19-20-21-22-23-24 4 streets_per_node_count_4 0
config.CONGESTION_TYPE, slugifiedstring, i, key, value : RECURRENT recurrent-newyorkcity-30-1-2-3-4-5-6-7-8-9-10-11-12-13-14-15-16-17-18-19-20-21-22-23-24 5 global_betweenness -0.0009715032587074164
config.CONGESTION_TYPE, slugifiedstring, i, key, value : RECURRENT recurrent-newyorkcity-30-1-2-3-4-5-6-7-8-9-10-11-12-13-14-15-16-17-18-19-20-21-22-23-24 6 streets_per_node_count_2 -0.0004461274497997798
config.CONGESTION_TYPE, slugifiedstring, i, key, value : RECURRENT recurrent-newyorkcity-30-1-2-3-4-5-6-7-8-9-10-11-12-13-14-15-16-17-18-19-20-21-22-23-24 7 streets_per_node_count_6 -0.0014017023277287906
config.CONGESTION_TYPE, slugifiedstring, i, key, value : RECURRENT recurrent-newyorkcity-30-1-2-3-4-5-6-7-8-9-10-11-12-13-14-15-16-17-18-19-20-21-22-23-24 8 streets_per_node_count_1 0
config.CONGESTION_TYPE, slugifiedstring, i, key, value : RECURRENT recurrent-newyorkcity-30-1-2-3-4-5-6-7-8-9-10-11-12-13-14-15-16-17-18-19-20-21-22-23-24 9 metered_count -0.00941452430366274
config.CONGESTION_TYPE, slugifiedstring, i, key, value : RECURRENT recurrent-newyorkcity-30-1-2-3-4-5-6-7-8-9-10-11-12-13-14-15-16-17-18-19-20-21-22-23-24 10 betweenness 0.0034865764118344224
config.CONGESTION_TYPE, slugifiedstring, i, key, value : RECURRENT recurrent-newyorkcity-30-1-2-3-4-5-6-7-8-9-10-11-12-13-14-15-16-17-18-19-20-21-22-23-24 11 streets_per_node_avg -0.0021567088761094938
config.CONGESTION_TYPE, slugifiedstring, i, key, value : RECURRENT recurrent-newyorkcity-30-1-2-3-4-5-6-7-8-9-10-11-12-13-14-15-16-17-18-19-20-21-22-23-24 12 circuity_avg -0.0005600654465457453
config.CONGESTION_TYPE, slugifiedstring, i, key, value : RECURRENT recurrent-newyorkcity-30-1-2-3-4-5-6-7-8-9-10-11-12-13-14-15-16-17-18-19-20-21-22-23-24 13 streets_per_node_count_3 0.4123114513817189
config.CONGESTION_TYPE, slugifiedstring, i, key, value : RECURRENT recurrent-newyorkcity-30-1-2-3-4-5-6-7-8-9-10-11-12-13-14-15-16-17-18-19-20-21-22-23-24 14 k_avg -0.022682811710896703
config.CONGESTION_TYPE, slugifiedstring, i, key, value : RECURRENT recurrent-newyorkcity-30-1-2-3-4-5-6-7-8-9-10-11-12-13-14-15-16-17-18-19-20-21-22-23-24 15 m -0.0005783333683334972
config.CONGESTION_TYPE, slugifiedstring, i, key, value : RECURRENT recurrent-newyorkcity-30-1-2-3-4-5-6-7-8-9-10-11-12-13-14-15-16-17-18-19-20-21-22-23-24 16 mean_lanes -0.004277876686918886
config.CONGESTION_TYPE, slugifiedstring, i, key, value : RECURRENT recurrent-newyorkcity-40-1-2-3-4-5-6-7-8-9-10-11-12-13-14-15-16-17-18-19-20-21-22-23-24 0 non_metered_count -0.0014382053842614852
config.CONGESTION_TYPE, slugifiedstring, i, key, value : RECURRENT recurrent-newyorkcity-40-1-2-3-4-5-6-7-8-9-10-11-12-13-14-15-16-17-18-19-20-21-22-23-24 1 n -0.0002970327486319825
config.CONGESTION_TYPE, slugifiedstring, i, key, value : RECURRENT recurrent-newyorkcity-40-1-2-3-4-5-6-7-8-9-10-11-12-13-14-15-16-17-18-19-20-21-22-23-24 2 total_crossings -0.0022117231674050083
config.CONGESTION_TYPE, slugifiedstring, i, key, value : RECURRENT recurrent-newyorkcity-40-1-2-3-4-5-6-7-8-9-10-11-12-13-14-15-16-17-18-19-20-21-22-23-24 3 streets_per_node_count_5 -0.00042606874674589585
config.CONGESTION_TYPE, slugifiedstring, i, key, value : RECURRENT recurrent-newyorkcity-40-1-2-3-4-5-6-7-8-9-10-11-12-13-14-15-16-17-18-19-20-21-22-23-24 4 streets_per_node_count_4 0
config.CONGESTION_TYPE, slugifiedstring, i, key, value : RECURRENT recurrent-newyorkcity-40-1-2-3-4-5-6-7-8-9-10-11-12-13-14-15-16-17-18-19-20-21-22-23-24 5 global_betweenness -0.00043029721118437533
config.CONGESTION_TYPE, slugifiedstring, i, key, value : RECURRENT recurrent-newyorkcity-40-1-2-3-4-5-6-7-8-9-10-11-12-13-14-15-16-17-18-19-20-21-22-23-24 6 streets_per_node_count_2 -0.0004558564281896234
config.CONGESTION_TYPE, slugifiedstring, i, key, value : RECURRENT recurrent-newyorkcity-40-1-2-3-4-5-6-7-8-9-10-11-12-13-14-15-16-17-18-19-20-21-22-23-24 7 streets_per_node_count_6 -0.0011819333360252873
config.CONGESTION_TYPE, slugifiedstring, i, key, value : RECURRENT recurrent-newyorkcity-40-1-2-3-4-5-6-7-8-9-10-11-12-13-14-15-16-17-18-19-20-21-22-23-24 8 streets_per_node_count_1 0
config.CONGESTION_TYPE, slugifiedstring, i, key, value : RECURRENT recurrent-newyorkcity-40-1-2-3-4-5-6-7-8-9-10-11-12-13-14-15-16-17-18-19-20-21-22-23-24 9 metered_count -0.00461554097468422
config.CONGESTION_TYPE, slugifiedstring, i, key, value : RECURRENT recurrent-newyorkcity-40-1-2-3-4-5-6-7-8-9-10-11-12-13-14-15-16-17-18-19-20-21-22-23-24 10 betweenness -0.000677852463449553
config.CONGESTION_TYPE, slugifiedstring, i, key, value : RECURRENT recurrent-newyorkcity-40-1-2-3-4-5-6-7-8-9-10-11-12-13-14-15-16-17-18-19-20-21-22-23-24 11 streets_per_node_avg -0.0012839173560988664
config.CONGESTION_TYPE, slugifiedstring, i, key, value : RECURRENT recurrent-newyorkcity-40-1-2-3-4-5-6-7-8-9-10-11-12-13-14-15-16-17-18-19-20-21-22-23-24 12 circuity_avg 0.0002721930602421989
config.CONGESTION_TYPE, slugifiedstring, i, key, value : RECURRENT recurrent-newyorkcity-40-1-2-3-4-5-6-7-8-9-10-11-12-13-14-15-16-17-18-19-20-21-22-23-24 13 streets_per_node_count_3 -0.0029319894552677977
config.CONGESTION_TYPE, slugifiedstring, i, key, value : RECURRENT recurrent-newyorkcity-40-1-2-3-4-5-6-7-8-9-10-11-12-13-14-15-16-17-18-19-20-21-22-23-24 14 k_avg -0.000998810835721704
config.CONGESTION_TYPE, slugifiedstring, i, key, value : RECURRENT recurrent-newyorkcity-40-1-2-3-4-5-6-7-8-9-10-11-12-13-14-15-16-17-18-19-20-21-22-23-24 15 m -0.0003042435127569832
config.CONGESTION_TYPE, slugifiedstring, i, key, value : RECURRENT recurrent-newyorkcity-40-1-2-3-4-5-6-7-8-9-10-11-12-13-14-15-16-17-18-19-20-21-22-23-24 16 mean_lanes -0.0005426663422953579
config.CONGESTION_TYPE, slugifiedstring, i, key, value : RECURRENT recurrent-newyorkcity-60-1-2-3-4-5-6-7-8-9-10-11-12-13-14-15-16-17-18-19-20-21-22-23-24 0 non_metered_count -0.0006759195157804282
config.CONGESTION_TYPE, slugifiedstring, i, key, value : RECURRENT recurrent-newyorkcity-60-1-2-3-4-5-6-7-8-9-10-11-12-13-14-15-16-17-18-19-20-21-22-23-24 1 n -0.00021860951369116112
config.CONGESTION_TYPE, slugifiedstring, i, key, value : RECURRENT recurrent-newyorkcity-60-1-2-3-4-5-6-7-8-9-10-11-12-13-14-15-16-17-18-19-20-21-22-23-24 2 total_crossings -0.0008572281017614561
config.CONGESTION_TYPE, slugifiedstring, i, key, value : RECURRENT recurrent-newyorkcity-60-1-2-3-4-5-6-7-8-9-10-11-12-13-14-15-16-17-18-19-20-21-22-23-24 3 streets_per_node_count_5 -0.00030899864851635986
config.CONGESTION_TYPE, slugifiedstring, i, key, value : RECURRENT recurrent-newyorkcity-60-1-2-3-4-5-6-7-8-9-10-11-12-13-14-15-16-17-18-19-20-21-22-23-24 4 streets_per_node_count_4 0
config.CONGESTION_TYPE, slugifiedstring, i, key, value : RECURRENT recurrent-newyorkcity-60-1-2-3-4-5-6-7-8-9-10-11-12-13-14-15-16-17-18-19-20-21-22-23-24 5 global_betweenness -0.0003289093775352144
config.CONGESTION_TYPE, slugifiedstring, i, key, value : RECURRENT recurrent-newyorkcity-60-1-2-3-4-5-6-7-8-9-10-11-12-13-14-15-16-17-18-19-20-21-22-23-24 6 streets_per_node_count_2 -0.00010960663906673979
config.CONGESTION_TYPE, slugifiedstring, i, key, value : RECURRENT recurrent-newyorkcity-60-1-2-3-4-5-6-7-8-9-10-11-12-13-14-15-16-17-18-19-20-21-22-23-24 7 streets_per_node_count_6 -0.0006462512683107959
config.CONGESTION_TYPE, slugifiedstring, i, key, value : RECURRENT recurrent-newyorkcity-60-1-2-3-4-5-6-7-8-9-10-11-12-13-14-15-16-17-18-19-20-21-22-23-24 8 streets_per_node_count_1 0
config.CONGESTION_TYPE, slugifiedstring, i, key, value : RECURRENT recurrent-newyorkcity-60-1-2-3-4-5-6-7-8-9-10-11-12-13-14-15-16-17-18-19-20-21-22-23-24 9 metered_count -0.0020023268427811227
config.CONGESTION_TYPE, slugifiedstring, i, key, value : RECURRENT recurrent-newyorkcity-60-1-2-3-4-5-6-7-8-9-10-11-12-13-14-15-16-17-18-19-20-21-22-23-24 10 betweenness -0.0006716940463445443
config.CONGESTION_TYPE, slugifiedstring, i, key, value : RECURRENT recurrent-newyorkcity-60-1-2-3-4-5-6-7-8-9-10-11-12-13-14-15-16-17-18-19-20-21-22-23-24 11 streets_per_node_avg -0.0006061664800911985
config.CONGESTION_TYPE, slugifiedstring, i, key, value : RECURRENT recurrent-newyorkcity-60-1-2-3-4-5-6-7-8-9-10-11-12-13-14-15-16-17-18-19-20-21-22-23-24 12 circuity_avg -0.0006713560692193696
config.CONGESTION_TYPE, slugifiedstring, i, key, value : RECURRENT recurrent-newyorkcity-60-1-2-3-4-5-6-7-8-9-10-11-12-13-14-15-16-17-18-19-20-21-22-23-24 13 streets_per_node_count_3 -0.0007443062061810026
config.CONGESTION_TYPE, slugifiedstring, i, key, value : RECURRENT recurrent-newyorkcity-60-1-2-3-4-5-6-7-8-9-10-11-12-13-14-15-16-17-18-19-20-21-22-23-24 14 k_avg -0.0004896427796462256
config.CONGESTION_TYPE, slugifiedstring, i, key, value : RECURRENT recurrent-newyorkcity-60-1-2-3-4-5-6-7-8-9-10-11-12-13-14-15-16-17-18-19-20-21-22-23-24 15 m -0.00011035363654190575
config.CONGESTION_TYPE, slugifiedstring, i, key, value : RECURRENT recurrent-newyorkcity-60-1-2-3-4-5-6-7-8-9-10-11-12-13-14-15-16-17-18-19-20-21-22-23-24 16 mean_lanes -0.00018958203647195636
config.CONGESTION_TYPE, slugifiedstring, i, key, value : RECURRENT recurrent-newyorkcity-70-1-2-3-4-5-6-7-8-9-10-11-12-13-14-15-16-17-18-19-20-21-22-23-24 0 non_metered_count -0.0005103657320181608
config.CONGESTION_TYPE, slugifiedstring, i, key, value : RECURRENT recurrent-newyorkcity-70-1-2-3-4-5-6-7-8-9-10-11-12-13-14-15-16-17-18-19-20-21-22-23-24 1 n -6.937037980803375e-05
config.CONGESTION_TYPE, slugifiedstring, i, key, value : RECURRENT recurrent-newyorkcity-70-1-2-3-4-5-6-7-8-9-10-11-12-13-14-15-16-17-18-19-20-21-22-23-24 2 total_crossings -0.0007712522869172503
config.CONGESTION_TYPE, slugifiedstring, i, key, value : RECURRENT recurrent-newyorkcity-70-1-2-3-4-5-6-7-8-9-10-11-12-13-14-15-16-17-18-19-20-21-22-23-24 3 streets_per_node_count_5 -0.00021068332102625555
config.CONGESTION_TYPE, slugifiedstring, i, key, value : RECURRENT recurrent-newyorkcity-70-1-2-3-4-5-6-7-8-9-10-11-12-13-14-15-16-17-18-19-20-21-22-23-24 4 streets_per_node_count_4 0
config.CONGESTION_TYPE, slugifiedstring, i, key, value : RECURRENT recurrent-newyorkcity-70-1-2-3-4-5-6-7-8-9-10-11-12-13-14-15-16-17-18-19-20-21-22-23-24 5 global_betweenness -0.0002415240901409159
config.CONGESTION_TYPE, slugifiedstring, i, key, value : RECURRENT recurrent-newyorkcity-70-1-2-3-4-5-6-7-8-9-10-11-12-13-14-15-16-17-18-19-20-21-22-23-24 6 streets_per_node_count_2 -8.729844501671334e-05
config.CONGESTION_TYPE, slugifiedstring, i, key, value : RECURRENT recurrent-newyorkcity-70-1-2-3-4-5-6-7-8-9-10-11-12-13-14-15-16-17-18-19-20-21-22-23-24 7 streets_per_node_count_6 -0.0005038816742478834
config.CONGESTION_TYPE, slugifiedstring, i, key, value : RECURRENT recurrent-newyorkcity-70-1-2-3-4-5-6-7-8-9-10-11-12-13-14-15-16-17-18-19-20-21-22-23-24 8 streets_per_node_count_1 0
config.CONGESTION_TYPE, slugifiedstring, i, key, value : RECURRENT recurrent-newyorkcity-70-1-2-3-4-5-6-7-8-9-10-11-12-13-14-15-16-17-18-19-20-21-22-23-24 9 metered_count -0.001317859528777876
config.CONGESTION_TYPE, slugifiedstring, i, key, value : RECURRENT recurrent-newyorkcity-70-1-2-3-4-5-6-7-8-9-10-11-12-13-14-15-16-17-18-19-20-21-22-23-24 10 betweenness -0.0006294509391014325
config.CONGESTION_TYPE, slugifiedstring, i, key, value : RECURRENT recurrent-newyorkcity-70-1-2-3-4-5-6-7-8-9-10-11-12-13-14-15-16-17-18-19-20-21-22-23-24 11 streets_per_node_avg -0.00045100702139495396
config.CONGESTION_TYPE, slugifiedstring, i, key, value : RECURRENT recurrent-newyorkcity-70-1-2-3-4-5-6-7-8-9-10-11-12-13-14-15-16-17-18-19-20-21-22-23-24 12 circuity_avg 0.0015343538589246623
config.CONGESTION_TYPE, slugifiedstring, i, key, value : RECURRENT recurrent-newyorkcity-70-1-2-3-4-5-6-7-8-9-10-11-12-13-14-15-16-17-18-19-20-21-22-23-24 13 streets_per_node_count_3 -0.0005227090552640714
config.CONGESTION_TYPE, slugifiedstring, i, key, value : RECURRENT recurrent-newyorkcity-70-1-2-3-4-5-6-7-8-9-10-11-12-13-14-15-16-17-18-19-20-21-22-23-24 14 k_avg -0.00020041812220298978
config.CONGESTION_TYPE, slugifiedstring, i, key, value : RECURRENT recurrent-newyorkcity-70-1-2-3-4-5-6-7-8-9-10-11-12-13-14-15-16-17-18-19-20-21-22-23-24 15 m -0.00014899188667307208
config.CONGESTION_TYPE, slugifiedstring, i, key, value : RECURRENT recurrent-newyorkcity-70-1-2-3-4-5-6-7-8-9-10-11-12-13-14-15-16-17-18-19-20-21-22-23-24 16 mean_lanes -0.00016029173170597528
config.CONGESTION_TYPE, slugifiedstring, i, key, value : RECURRENT recurrent-newyorkcity-80-1-2-3-4-5-6-7-8-9-10-11-12-13-14-15-16-17-18-19-20-21-22-23-24 0 non_metered_count -0.00032602817344110367
config.CONGESTION_TYPE, slugifiedstring, i, key, value : RECURRENT recurrent-newyorkcity-80-1-2-3-4-5-6-7-8-9-10-11-12-13-14-15-16-17-18-19-20-21-22-23-24 1 n -0.00010961585088605638
config.CONGESTION_TYPE, slugifiedstring, i, key, value : RECURRENT recurrent-newyorkcity-80-1-2-3-4-5-6-7-8-9-10-11-12-13-14-15-16-17-18-19-20-21-22-23-24 2 total_crossings -0.000552209797933334
config.CONGESTION_TYPE, slugifiedstring, i, key, value : RECURRENT recurrent-newyorkcity-80-1-2-3-4-5-6-7-8-9-10-11-12-13-14-15-16-17-18-19-20-21-22-23-24 3 streets_per_node_count_5 -0.00012813773124788918
config.CONGESTION_TYPE, slugifiedstring, i, key, value : RECURRENT recurrent-newyorkcity-80-1-2-3-4-5-6-7-8-9-10-11-12-13-14-15-16-17-18-19-20-21-22-23-24 4 streets_per_node_count_4 0
config.CONGESTION_TYPE, slugifiedstring, i, key, value : RECURRENT recurrent-newyorkcity-80-1-2-3-4-5-6-7-8-9-10-11-12-13-14-15-16-17-18-19-20-21-22-23-24 5 global_betweenness -0.00025974749799339696
config.CONGESTION_TYPE, slugifiedstring, i, key, value : RECURRENT recurrent-newyorkcity-80-1-2-3-4-5-6-7-8-9-10-11-12-13-14-15-16-17-18-19-20-21-22-23-24 6 streets_per_node_count_2 -8.266737613318914e-05
config.CONGESTION_TYPE, slugifiedstring, i, key, value : RECURRENT recurrent-newyorkcity-80-1-2-3-4-5-6-7-8-9-10-11-12-13-14-15-16-17-18-19-20-21-22-23-24 7 streets_per_node_count_6 -0.00036135671678121616
config.CONGESTION_TYPE, slugifiedstring, i, key, value : RECURRENT recurrent-newyorkcity-80-1-2-3-4-5-6-7-8-9-10-11-12-13-14-15-16-17-18-19-20-21-22-23-24 8 streets_per_node_count_1 0
config.CONGESTION_TYPE, slugifiedstring, i, key, value : RECURRENT recurrent-newyorkcity-80-1-2-3-4-5-6-7-8-9-10-11-12-13-14-15-16-17-18-19-20-21-22-23-24 9 metered_count -0.001071375950060702
config.CONGESTION_TYPE, slugifiedstring, i, key, value : RECURRENT recurrent-newyorkcity-80-1-2-3-4-5-6-7-8-9-10-11-12-13-14-15-16-17-18-19-20-21-22-23-24 10 betweenness -0.0004852123669762999
config.CONGESTION_TYPE, slugifiedstring, i, key, value : RECURRENT recurrent-newyorkcity-80-1-2-3-4-5-6-7-8-9-10-11-12-13-14-15-16-17-18-19-20-21-22-23-24 11 streets_per_node_avg -0.00031331694265685476
config.CONGESTION_TYPE, slugifiedstring, i, key, value : RECURRENT recurrent-newyorkcity-80-1-2-3-4-5-6-7-8-9-10-11-12-13-14-15-16-17-18-19-20-21-22-23-24 12 circuity_avg 0.00022936292733368376
config.CONGESTION_TYPE, slugifiedstring, i, key, value : RECURRENT recurrent-newyorkcity-80-1-2-3-4-5-6-7-8-9-10-11-12-13-14-15-16-17-18-19-20-21-22-23-24 13 streets_per_node_count_3 -0.0005680134427924204
config.CONGESTION_TYPE, slugifiedstring, i, key, value : RECURRENT recurrent-newyorkcity-80-1-2-3-4-5-6-7-8-9-10-11-12-13-14-15-16-17-18-19-20-21-22-23-24 14 k_avg -0.0001684396478880925
config.CONGESTION_TYPE, slugifiedstring, i, key, value : RECURRENT recurrent-newyorkcity-80-1-2-3-4-5-6-7-8-9-10-11-12-13-14-15-16-17-18-19-20-21-22-23-24 15 m -8.161931271851782e-05
config.CONGESTION_TYPE, slugifiedstring, i, key, value : RECURRENT recurrent-newyorkcity-80-1-2-3-4-5-6-7-8-9-10-11-12-13-14-15-16-17-18-19-20-21-22-23-24 16 mean_lanes -0.00021849843229216443
config.CONGESTION_TYPE, slugifiedstring, i, key, value : RECURRENT recurrent-newyorkcity-90-1-2-3-4-5-6-7-8-9-10-11-12-13-14-15-16-17-18-19-20-21-22-23-24 0 non_metered_count -0.00033231267761029993
config.CONGESTION_TYPE, slugifiedstring, i, key, value : RECURRENT recurrent-newyorkcity-90-1-2-3-4-5-6-7-8-9-10-11-12-13-14-15-16-17-18-19-20-21-22-23-24 1 n -6.283163393840441e-05
config.CONGESTION_TYPE, slugifiedstring, i, key, value : RECURRENT recurrent-newyorkcity-90-1-2-3-4-5-6-7-8-9-10-11-12-13-14-15-16-17-18-19-20-21-22-23-24 2 total_crossings -0.0004409725206041265
config.CONGESTION_TYPE, slugifiedstring, i, key, value : RECURRENT recurrent-newyorkcity-90-1-2-3-4-5-6-7-8-9-10-11-12-13-14-15-16-17-18-19-20-21-22-23-24 3 streets_per_node_count_5 -0.0001657401274050888
config.CONGESTION_TYPE, slugifiedstring, i, key, value : RECURRENT recurrent-newyorkcity-90-1-2-3-4-5-6-7-8-9-10-11-12-13-14-15-16-17-18-19-20-21-22-23-24 4 streets_per_node_count_4 0
config.CONGESTION_TYPE, slugifiedstring, i, key, value : RECURRENT recurrent-newyorkcity-90-1-2-3-4-5-6-7-8-9-10-11-12-13-14-15-16-17-18-19-20-21-22-23-24 5 global_betweenness -0.0001675267087841212
config.CONGESTION_TYPE, slugifiedstring, i, key, value : RECURRENT recurrent-newyorkcity-90-1-2-3-4-5-6-7-8-9-10-11-12-13-14-15-16-17-18-19-20-21-22-23-24 6 streets_per_node_count_2 -6.147552148181151e-05
config.CONGESTION_TYPE, slugifiedstring, i, key, value : RECURRENT recurrent-newyorkcity-90-1-2-3-4-5-6-7-8-9-10-11-12-13-14-15-16-17-18-19-20-21-22-23-24 7 streets_per_node_count_6 -0.00026101077770090833
config.CONGESTION_TYPE, slugifiedstring, i, key, value : RECURRENT recurrent-newyorkcity-90-1-2-3-4-5-6-7-8-9-10-11-12-13-14-15-16-17-18-19-20-21-22-23-24 8 streets_per_node_count_1 0
config.CONGESTION_TYPE, slugifiedstring, i, key, value : RECURRENT recurrent-newyorkcity-90-1-2-3-4-5-6-7-8-9-10-11-12-13-14-15-16-17-18-19-20-21-22-23-24 9 metered_count -0.0008439239906816805
config.CONGESTION_TYPE, slugifiedstring, i, key, value : RECURRENT recurrent-newyorkcity-90-1-2-3-4-5-6-7-8-9-10-11-12-13-14-15-16-17-18-19-20-21-22-23-24 10 betweenness -0.00135874590923833
config.CONGESTION_TYPE, slugifiedstring, i, key, value : RECURRENT recurrent-newyorkcity-90-1-2-3-4-5-6-7-8-9-10-11-12-13-14-15-16-17-18-19-20-21-22-23-24 11 streets_per_node_avg -0.00033680696310060446
config.CONGESTION_TYPE, slugifiedstring, i, key, value : RECURRENT recurrent-newyorkcity-90-1-2-3-4-5-6-7-8-9-10-11-12-13-14-15-16-17-18-19-20-21-22-23-24 12 circuity_avg 0.0018579102174968022
config.CONGESTION_TYPE, slugifiedstring, i, key, value : RECURRENT recurrent-newyorkcity-90-1-2-3-4-5-6-7-8-9-10-11-12-13-14-15-16-17-18-19-20-21-22-23-24 13 streets_per_node_count_3 -0.0003591355145241335
config.CONGESTION_TYPE, slugifiedstring, i, key, value : RECURRENT recurrent-newyorkcity-90-1-2-3-4-5-6-7-8-9-10-11-12-13-14-15-16-17-18-19-20-21-22-23-24 14 k_avg -0.00016846612949035576
config.CONGESTION_TYPE, slugifiedstring, i, key, value : RECURRENT recurrent-newyorkcity-90-1-2-3-4-5-6-7-8-9-10-11-12-13-14-15-16-17-18-19-20-21-22-23-24 15 m -6.474493748521586e-05
config.CONGESTION_TYPE, slugifiedstring, i, key, value : RECURRENT recurrent-newyorkcity-90-1-2-3-4-5-6-7-8-9-10-11-12-13-14-15-16-17-18-19-20-21-22-23-24 16 mean_lanes -0.00012669677969750568
config.CONGESTION_TYPE, slugifiedstring, i, key, value : RECURRENT recurrent-newyorkcity-25-1-2-3-4-5-6-7-8-9-10-11-12-13-14-15-16-17-18-19-20-21-22-23-24 0 non_metered_count -0.0037088747799017977
config.CONGESTION_TYPE, slugifiedstring, i, key, value : RECURRENT recurrent-newyorkcity-25-1-2-3-4-5-6-7-8-9-10-11-12-13-14-15-16-17-18-19-20-21-22-23-24 1 n -0.0006750677143575422
config.CONGESTION_TYPE, slugifiedstring, i, key, value : RECURRENT recurrent-newyorkcity-25-1-2-3-4-5-6-7-8-9-10-11-12-13-14-15-16-17-18-19-20-21-22-23-24 2 total_crossings -0.005148384552139211
config.CONGESTION_TYPE, slugifiedstring, i, key, value : RECURRENT recurrent-newyorkcity-25-1-2-3-4-5-6-7-8-9-10-11-12-13-14-15-16-17-18-19-20-21-22-23-24 3 streets_per_node_count_5 -0.0008987187870669883
config.CONGESTION_TYPE, slugifiedstring, i, key, value : RECURRENT recurrent-newyorkcity-25-1-2-3-4-5-6-7-8-9-10-11-12-13-14-15-16-17-18-19-20-21-22-23-24 4 streets_per_node_count_4 0
config.CONGESTION_TYPE, slugifiedstring, i, key, value : RECURRENT recurrent-newyorkcity-25-1-2-3-4-5-6-7-8-9-10-11-12-13-14-15-16-17-18-19-20-21-22-23-24 5 global_betweenness -0.0012814305350647823
config.CONGESTION_TYPE, slugifiedstring, i, key, value : RECURRENT recurrent-newyorkcity-25-1-2-3-4-5-6-7-8-9-10-11-12-13-14-15-16-17-18-19-20-21-22-23-24 6 streets_per_node_count_2 -0.0004129518297420366
config.CONGESTION_TYPE, slugifiedstring, i, key, value : RECURRENT recurrent-newyorkcity-25-1-2-3-4-5-6-7-8-9-10-11-12-13-14-15-16-17-18-19-20-21-22-23-24 7 streets_per_node_count_6 -0.0022562886963921045
config.CONGESTION_TYPE, slugifiedstring, i, key, value : RECURRENT recurrent-newyorkcity-25-1-2-3-4-5-6-7-8-9-10-11-12-13-14-15-16-17-18-19-20-21-22-23-24 8 streets_per_node_count_1 0
config.CONGESTION_TYPE, slugifiedstring, i, key, value : RECURRENT recurrent-newyorkcity-25-1-2-3-4-5-6-7-8-9-10-11-12-13-14-15-16-17-18-19-20-21-22-23-24 9 metered_count -0.014891844410539135
config.CONGESTION_TYPE, slugifiedstring, i, key, value : RECURRENT recurrent-newyorkcity-25-1-2-3-4-5-6-7-8-9-10-11-12-13-14-15-16-17-18-19-20-21-22-23-24 10 betweenness 0.0018954289574140038
config.CONGESTION_TYPE, slugifiedstring, i, key, value : RECURRENT recurrent-newyorkcity-25-1-2-3-4-5-6-7-8-9-10-11-12-13-14-15-16-17-18-19-20-21-22-23-24 11 streets_per_node_avg -0.0019811702173690485
config.CONGESTION_TYPE, slugifiedstring, i, key, value : RECURRENT recurrent-newyorkcity-25-1-2-3-4-5-6-7-8-9-10-11-12-13-14-15-16-17-18-19-20-21-22-23-24 12 circuity_avg 0.0005230197471258089
config.CONGESTION_TYPE, slugifiedstring, i, key, value : RECURRENT recurrent-newyorkcity-25-1-2-3-4-5-6-7-8-9-10-11-12-13-14-15-16-17-18-19-20-21-22-23-24 13 streets_per_node_count_3 -0.010601567978017057
config.CONGESTION_TYPE, slugifiedstring, i, key, value : RECURRENT recurrent-newyorkcity-25-1-2-3-4-5-6-7-8-9-10-11-12-13-14-15-16-17-18-19-20-21-22-23-24 14 k_avg -0.001836696968039198
config.CONGESTION_TYPE, slugifiedstring, i, key, value : RECURRENT recurrent-newyorkcity-25-1-2-3-4-5-6-7-8-9-10-11-12-13-14-15-16-17-18-19-20-21-22-23-24 15 m -0.0005950942173944913
config.CONGESTION_TYPE, slugifiedstring, i, key, value : RECURRENT recurrent-newyorkcity-25-1-2-3-4-5-6-7-8-9-10-11-12-13-14-15-16-17-18-19-20-21-22-23-24 16 mean_lanes -0.002202647607026859
config.CONGESTION_TYPE, slugifiedstring, i, key, value : RECURRENT recurrent-newyorkcity-50-1-2-3-4-5-6-7-8-9-10-11-12-13-14-15-16-17-18-19-20-21-22-23-24 0 non_metered_count -0.0007875833641882038
config.CONGESTION_TYPE, slugifiedstring, i, key, value : RECURRENT recurrent-newyorkcity-50-1-2-3-4-5-6-7-8-9-10-11-12-13-14-15-16-17-18-19-20-21-22-23-24 1 n -0.00019438753337380215
config.CONGESTION_TYPE, slugifiedstring, i, key, value : RECURRENT recurrent-newyorkcity-50-1-2-3-4-5-6-7-8-9-10-11-12-13-14-15-16-17-18-19-20-21-22-23-24 2 total_crossings -0.001112632937019287
config.CONGESTION_TYPE, slugifiedstring, i, key, value : RECURRENT recurrent-newyorkcity-50-1-2-3-4-5-6-7-8-9-10-11-12-13-14-15-16-17-18-19-20-21-22-23-24 3 streets_per_node_count_5 -0.00035510499614105665
config.CONGESTION_TYPE, slugifiedstring, i, key, value : RECURRENT recurrent-newyorkcity-50-1-2-3-4-5-6-7-8-9-10-11-12-13-14-15-16-17-18-19-20-21-22-23-24 4 streets_per_node_count_4 0
config.CONGESTION_TYPE, slugifiedstring, i, key, value : RECURRENT recurrent-newyorkcity-50-1-2-3-4-5-6-7-8-9-10-11-12-13-14-15-16-17-18-19-20-21-22-23-24 5 global_betweenness -0.00036838712724167013
config.CONGESTION_TYPE, slugifiedstring, i, key, value : RECURRENT recurrent-newyorkcity-50-1-2-3-4-5-6-7-8-9-10-11-12-13-14-15-16-17-18-19-20-21-22-23-24 6 streets_per_node_count_2 -0.00013066114642876214
config.CONGESTION_TYPE, slugifiedstring, i, key, value : RECURRENT recurrent-newyorkcity-50-1-2-3-4-5-6-7-8-9-10-11-12-13-14-15-16-17-18-19-20-21-22-23-24 7 streets_per_node_count_6 -0.00045904303236073753
config.CONGESTION_TYPE, slugifiedstring, i, key, value : RECURRENT recurrent-newyorkcity-50-1-2-3-4-5-6-7-8-9-10-11-12-13-14-15-16-17-18-19-20-21-22-23-24 8 streets_per_node_count_1 0
config.CONGESTION_TYPE, slugifiedstring, i, key, value : RECURRENT recurrent-newyorkcity-50-1-2-3-4-5-6-7-8-9-10-11-12-13-14-15-16-17-18-19-20-21-22-23-24 9 metered_count -0.002618058733140999
config.CONGESTION_TYPE, slugifiedstring, i, key, value : RECURRENT recurrent-newyorkcity-50-1-2-3-4-5-6-7-8-9-10-11-12-13-14-15-16-17-18-19-20-21-22-23-24 10 betweenness -0.0004239176592670125
config.CONGESTION_TYPE, slugifiedstring, i, key, value : RECURRENT recurrent-newyorkcity-50-1-2-3-4-5-6-7-8-9-10-11-12-13-14-15-16-17-18-19-20-21-22-23-24 11 streets_per_node_avg -0.0008723438383067432
config.CONGESTION_TYPE, slugifiedstring, i, key, value : RECURRENT recurrent-newyorkcity-50-1-2-3-4-5-6-7-8-9-10-11-12-13-14-15-16-17-18-19-20-21-22-23-24 12 circuity_avg 0.005063808076693403
config.CONGESTION_TYPE, slugifiedstring, i, key, value : RECURRENT recurrent-newyorkcity-50-1-2-3-4-5-6-7-8-9-10-11-12-13-14-15-16-17-18-19-20-21-22-23-24 13 streets_per_node_count_3 -0.0009474795149160233
config.CONGESTION_TYPE, slugifiedstring, i, key, value : RECURRENT recurrent-newyorkcity-50-1-2-3-4-5-6-7-8-9-10-11-12-13-14-15-16-17-18-19-20-21-22-23-24 14 k_avg -0.00024118822729867035
config.CONGESTION_TYPE, slugifiedstring, i, key, value : RECURRENT recurrent-newyorkcity-50-1-2-3-4-5-6-7-8-9-10-11-12-13-14-15-16-17-18-19-20-21-22-23-24 15 m -0.00023912638920216023
config.CONGESTION_TYPE, slugifiedstring, i, key, value : RECURRENT recurrent-newyorkcity-50-1-2-3-4-5-6-7-8-9-10-11-12-13-14-15-16-17-18-19-20-21-22-23-24 16 mean_lanes -0.0003723150484354039
config.CONGESTION_TYPE, slugifiedstring, i, key, value : RECURRENT recurrent-newyorkcity-100-1-2-3-4-5-6-7-8-9-10-11-12-13-14-15-16-17-18-19-20-21-22-23-24 0 non_metered_count -0.00028301629980871445
config.CONGESTION_TYPE, slugifiedstring, i, key, value : RECURRENT recurrent-newyorkcity-100-1-2-3-4-5-6-7-8-9-10-11-12-13-14-15-16-17-18-19-20-21-22-23-24 1 n -4.4308377080324346e-05
config.CONGESTION_TYPE, slugifiedstring, i, key, value : RECURRENT recurrent-newyorkcity-100-1-2-3-4-5-6-7-8-9-10-11-12-13-14-15-16-17-18-19-20-21-22-23-24 2 total_crossings -0.0003902674389784059
config.CONGESTION_TYPE, slugifiedstring, i, key, value : RECURRENT recurrent-newyorkcity-100-1-2-3-4-5-6-7-8-9-10-11-12-13-14-15-16-17-18-19-20-21-22-23-24 3 streets_per_node_count_5 -0.00012085940610001098
config.CONGESTION_TYPE, slugifiedstring, i, key, value : RECURRENT recurrent-newyorkcity-100-1-2-3-4-5-6-7-8-9-10-11-12-13-14-15-16-17-18-19-20-21-22-23-24 4 streets_per_node_count_4 0
config.CONGESTION_TYPE, slugifiedstring, i, key, value : RECURRENT recurrent-newyorkcity-100-1-2-3-4-5-6-7-8-9-10-11-12-13-14-15-16-17-18-19-20-21-22-23-24 5 global_betweenness -0.00010544582546838812
config.CONGESTION_TYPE, slugifiedstring, i, key, value : RECURRENT recurrent-newyorkcity-100-1-2-3-4-5-6-7-8-9-10-11-12-13-14-15-16-17-18-19-20-21-22-23-24 6 streets_per_node_count_2 -5.712576462663187e-05
config.CONGESTION_TYPE, slugifiedstring, i, key, value : RECURRENT recurrent-newyorkcity-100-1-2-3-4-5-6-7-8-9-10-11-12-13-14-15-16-17-18-19-20-21-22-23-24 7 streets_per_node_count_6 -0.0002710321377556518
config.CONGESTION_TYPE, slugifiedstring, i, key, value : RECURRENT recurrent-newyorkcity-100-1-2-3-4-5-6-7-8-9-10-11-12-13-14-15-16-17-18-19-20-21-22-23-24 8 streets_per_node_count_1 0
config.CONGESTION_TYPE, slugifiedstring, i, key, value : RECURRENT recurrent-newyorkcity-100-1-2-3-4-5-6-7-8-9-10-11-12-13-14-15-16-17-18-19-20-21-22-23-24 9 metered_count -0.0006591691319211601
config.CONGESTION_TYPE, slugifiedstring, i, key, value : RECURRENT recurrent-newyorkcity-100-1-2-3-4-5-6-7-8-9-10-11-12-13-14-15-16-17-18-19-20-21-22-23-24 10 betweenness -0.0011840157714166943
config.CONGESTION_TYPE, slugifiedstring, i, key, value : RECURRENT recurrent-newyorkcity-100-1-2-3-4-5-6-7-8-9-10-11-12-13-14-15-16-17-18-19-20-21-22-23-24 11 streets_per_node_avg -0.0002303481940369858
config.CONGESTION_TYPE, slugifiedstring, i, key, value : RECURRENT recurrent-newyorkcity-100-1-2-3-4-5-6-7-8-9-10-11-12-13-14-15-16-17-18-19-20-21-22-23-24 12 circuity_avg 0.0002987261974727908
config.CONGESTION_TYPE, slugifiedstring, i, key, value : RECURRENT recurrent-newyorkcity-100-1-2-3-4-5-6-7-8-9-10-11-12-13-14-15-16-17-18-19-20-21-22-23-24 13 streets_per_node_count_3 -0.0002597309947779694
config.CONGESTION_TYPE, slugifiedstring, i, key, value : RECURRENT recurrent-newyorkcity-100-1-2-3-4-5-6-7-8-9-10-11-12-13-14-15-16-17-18-19-20-21-22-23-24 14 k_avg -0.00015752315830411067
config.CONGESTION_TYPE, slugifiedstring, i, key, value : RECURRENT recurrent-newyorkcity-100-1-2-3-4-5-6-7-8-9-10-11-12-13-14-15-16-17-18-19-20-21-22-23-24 15 m -6.051999783365511e-05
config.CONGESTION_TYPE, slugifiedstring, i, key, value : RECURRENT recurrent-newyorkcity-100-1-2-3-4-5-6-7-8-9-10-11-12-13-14-15-16-17-18-19-20-21-22-23-24 16 mean_lanes -9.260245990374797e-05
