Matplotlib is currently using agg, which is a non-GUI backend, so cannot show the figure.
Matplotlib is currently using agg, which is a non-GUI backend, so cannot show the figure.
Loaded config file: Prefix for name of road network object pickle file!
os.getcwd() : /home/niskumar/WCS/urbanscales/modelling
sorted_percentage_nan_per_column : maxspeed                         4.191617
n                                0.000000
lane_density                     0.000000
streets_per_node_proportion_6    0.000000
streets_per_node_count_6         0.000000
streets_per_node_proportion_5    0.000000
streets_per_node_count_5         0.000000
streets_per_node_proportion_4    0.000000
streets_per_node_count_4         0.000000
streets_per_node_proportion_3    0.000000
streets_per_node_count_3         0.000000
streets_per_node_proportion_2    0.000000
streets_per_node_count_2         0.000000
streets_per_node_proportion_1    0.000000
streets_per_node_count_1         0.000000
mean_lanes                       0.000000
m                                0.000000
betweenness                      0.000000
total_crossings                  0.000000
non_metered_count                0.000000
metered_count                    0.000000
self_loop_proportion             0.000000
circuity_avg                     0.000000
street_length_avg                0.000000
street_segment_count             0.000000
street_length_total              0.000000
streets_per_node_avg             0.000000
edge_length_avg                  0.000000
edge_length_total                0.000000
k_avg                            0.000000
global_betweenness               0.000000
dtype: float64
city, scale, tod, config.shift_tile_marker, X.shape, Y.shape : MexicoCity 20 [1, 2, 3, 4, 5, 6, 7, 8, 9, 10, 11, 12, 13, 14, 15, 16, 17, 18, 19, 20, 21, 22, 23, 24] 3 (167, 17) (167,)
X.shape, Y.shape, "Inside the model-fitting function" : (167, 17) (167,) Inside the model-fitting function
Dict: model_trials.best_params_
Key: Value
{'randomforestregressor__max_depth': 20,
 'randomforestregressor__max_features': 'sqrt',
 'randomforestregressor__n_estimators': 500}
Dict: model_trials.best_params_
Key: Value
{'xgbregressor__learning_rate': 0.01,
 'xgbregressor__max_depth': 20,
 'xgbregressor__n_estimators': 1000}
Matplotlib is currently using agg, which is a non-GUI backend, so cannot show the figure.
Matplotlib is currently using agg, which is a non-GUI backend, so cannot show the figure.
Matplotlib is currently using agg, which is a non-GUI backend, so cannot show the figure.
config.CONGESTION_TYPE, slugifiedstring, i, key, value : RECURRENT recurrent-mexicocity-20-1-2-3-4-5-6-7-8-9-10-11-12-13-14-15-16-17-18-19-20-21-22-23-24 0 streets_per_node_count_2 0.03850834520223867
config.CONGESTION_TYPE, slugifiedstring, i, key, value : RECURRENT recurrent-mexicocity-20-1-2-3-4-5-6-7-8-9-10-11-12-13-14-15-16-17-18-19-20-21-22-23-24 1 total_crossings 0.005145906271163079
config.CONGESTION_TYPE, slugifiedstring, i, key, value : RECURRENT recurrent-mexicocity-20-1-2-3-4-5-6-7-8-9-10-11-12-13-14-15-16-17-18-19-20-21-22-23-24 2 betweenness 0.025682854988885423
config.CONGESTION_TYPE, slugifiedstring, i, key, value : RECURRENT recurrent-mexicocity-20-1-2-3-4-5-6-7-8-9-10-11-12-13-14-15-16-17-18-19-20-21-22-23-24 3 streets_per_node_count_1 0
config.CONGESTION_TYPE, slugifiedstring, i, key, value : RECURRENT recurrent-mexicocity-20-1-2-3-4-5-6-7-8-9-10-11-12-13-14-15-16-17-18-19-20-21-22-23-24 4 streets_per_node_count_4 0
config.CONGESTION_TYPE, slugifiedstring, i, key, value : RECURRENT recurrent-mexicocity-20-1-2-3-4-5-6-7-8-9-10-11-12-13-14-15-16-17-18-19-20-21-22-23-24 5 k_avg -0.0038305040633519996
config.CONGESTION_TYPE, slugifiedstring, i, key, value : RECURRENT recurrent-mexicocity-20-1-2-3-4-5-6-7-8-9-10-11-12-13-14-15-16-17-18-19-20-21-22-23-24 6 non_metered_count 0.002946482353089351
config.CONGESTION_TYPE, slugifiedstring, i, key, value : RECURRENT recurrent-mexicocity-20-1-2-3-4-5-6-7-8-9-10-11-12-13-14-15-16-17-18-19-20-21-22-23-24 7 streets_per_node_count_6 0.0056576583292936135
config.CONGESTION_TYPE, slugifiedstring, i, key, value : RECURRENT recurrent-mexicocity-20-1-2-3-4-5-6-7-8-9-10-11-12-13-14-15-16-17-18-19-20-21-22-23-24 8 streets_per_node_count_3 0.005641101840597851
config.CONGESTION_TYPE, slugifiedstring, i, key, value : RECURRENT recurrent-mexicocity-20-1-2-3-4-5-6-7-8-9-10-11-12-13-14-15-16-17-18-19-20-21-22-23-24 9 n 0.006320959596597359
config.CONGESTION_TYPE, slugifiedstring, i, key, value : RECURRENT recurrent-mexicocity-20-1-2-3-4-5-6-7-8-9-10-11-12-13-14-15-16-17-18-19-20-21-22-23-24 10 metered_count 0.013801932430008497
config.CONGESTION_TYPE, slugifiedstring, i, key, value : RECURRENT recurrent-mexicocity-20-1-2-3-4-5-6-7-8-9-10-11-12-13-14-15-16-17-18-19-20-21-22-23-24 11 global_betweenness -0.06101118679515595
config.CONGESTION_TYPE, slugifiedstring, i, key, value : RECURRENT recurrent-mexicocity-20-1-2-3-4-5-6-7-8-9-10-11-12-13-14-15-16-17-18-19-20-21-22-23-24 12 circuity_avg 0.000755031827585251
config.CONGESTION_TYPE, slugifiedstring, i, key, value : RECURRENT recurrent-mexicocity-20-1-2-3-4-5-6-7-8-9-10-11-12-13-14-15-16-17-18-19-20-21-22-23-24 13 mean_lanes -0.0015986819543456815
config.CONGESTION_TYPE, slugifiedstring, i, key, value : RECURRENT recurrent-mexicocity-20-1-2-3-4-5-6-7-8-9-10-11-12-13-14-15-16-17-18-19-20-21-22-23-24 14 m 0.010227478568917812
config.CONGESTION_TYPE, slugifiedstring, i, key, value : RECURRENT recurrent-mexicocity-20-1-2-3-4-5-6-7-8-9-10-11-12-13-14-15-16-17-18-19-20-21-22-23-24 15 streets_per_node_count_5 0.007491429464957397
config.CONGESTION_TYPE, slugifiedstring, i, key, value : RECURRENT recurrent-mexicocity-20-1-2-3-4-5-6-7-8-9-10-11-12-13-14-15-16-17-18-19-20-21-22-23-24 16 streets_per_node_avg 0.006602805637239389
SHAP Values for each feature:
Slug                           Feature Name         Mean Abs SHAP Value
SHAP-- recurrent-mexicocity-20-1-2-3-4-5-6-7-8-9-10-11-12-13-14-15-16-17-18-19-20-21-22-23-24 streets_per_node_count_2          0.0218
SHAP-- recurrent-mexicocity-20-1-2-3-4-5-6-7-8-9-10-11-12-13-14-15-16-17-18-19-20-21-22-23-24 total_crossings               0.0841
SHAP-- recurrent-mexicocity-20-1-2-3-4-5-6-7-8-9-10-11-12-13-14-15-16-17-18-19-20-21-22-23-24 betweenness                   0.0428
SHAP-- recurrent-mexicocity-20-1-2-3-4-5-6-7-8-9-10-11-12-13-14-15-16-17-18-19-20-21-22-23-24 streets_per_node_count_1          0.0000
SHAP-- recurrent-mexicocity-20-1-2-3-4-5-6-7-8-9-10-11-12-13-14-15-16-17-18-19-20-21-22-23-24 streets_per_node_count_4          0.0000
SHAP-- recurrent-mexicocity-20-1-2-3-4-5-6-7-8-9-10-11-12-13-14-15-16-17-18-19-20-21-22-23-24 k_avg                         0.0212
SHAP-- recurrent-mexicocity-20-1-2-3-4-5-6-7-8-9-10-11-12-13-14-15-16-17-18-19-20-21-22-23-24 non_metered_count             0.0398
SHAP-- recurrent-mexicocity-20-1-2-3-4-5-6-7-8-9-10-11-12-13-14-15-16-17-18-19-20-21-22-23-24 streets_per_node_count_6          0.1083
SHAP-- recurrent-mexicocity-20-1-2-3-4-5-6-7-8-9-10-11-12-13-14-15-16-17-18-19-20-21-22-23-24 streets_per_node_count_3          0.0797
SHAP-- recurrent-mexicocity-20-1-2-3-4-5-6-7-8-9-10-11-12-13-14-15-16-17-18-19-20-21-22-23-24 n                             0.0249
SHAP-- recurrent-mexicocity-20-1-2-3-4-5-6-7-8-9-10-11-12-13-14-15-16-17-18-19-20-21-22-23-24 metered_count                 0.1068
SHAP-- recurrent-mexicocity-20-1-2-3-4-5-6-7-8-9-10-11-12-13-14-15-16-17-18-19-20-21-22-23-24 global_betweenness            0.0365
SHAP-- recurrent-mexicocity-20-1-2-3-4-5-6-7-8-9-10-11-12-13-14-15-16-17-18-19-20-21-22-23-24 circuity_avg                  0.0031
SHAP-- recurrent-mexicocity-20-1-2-3-4-5-6-7-8-9-10-11-12-13-14-15-16-17-18-19-20-21-22-23-24 mean_lanes                    0.0143
SHAP-- recurrent-mexicocity-20-1-2-3-4-5-6-7-8-9-10-11-12-13-14-15-16-17-18-19-20-21-22-23-24 m                             0.0337
SHAP-- recurrent-mexicocity-20-1-2-3-4-5-6-7-8-9-10-11-12-13-14-15-16-17-18-19-20-21-22-23-24 streets_per_node_count_5          0.0693
SHAP-- recurrent-mexicocity-20-1-2-3-4-5-6-7-8-9-10-11-12-13-14-15-16-17-18-19-20-21-22-23-24 streets_per_node_avg          0.1340
RECURRENT MexicoCity 20 LR 0.5626919774134135 XpVar
RECURRENT MexicoCity 20 RF 0.6217803585999404 XpVar
RECURRENT MexicoCity 20 GBM 0.5948663558730366 XpVar
RECURRENT MexicoCity 20 LLR 7.930164461608261e-17 XpVar
RECURRENT MexicoCity 20 RLR 0.5722464784292072 XpVar
RECURRENT MexicoCity 20 LR 0.29513848452799685 MSE
RECURRENT MexicoCity 20 RF 0.2587422823644088 MSE
RECURRENT MexicoCity 20 GBM 0.2891492393629184 MSE
RECURRENT MexicoCity 20 LLR 0.6887474962090862 MSE
RECURRENT MexicoCity 20 RLR 0.28801500453611967 MSE
RECURRENT MexicoCity 20 LR 0.552840172600268 R2
RECURRENT MexicoCity 20 RF 0.6093661183027592 R2
RECURRENT MexicoCity 20 GBM 0.5690306150836578 R2
RECURRENT MexicoCity 20 LLR -0.03636212057141514 R2
RECURRENT MexicoCity 20 RLR 0.5632114407329845 R2
t_spatial, t_non_spatial, "seconds" : 1.1920928955078125e-06 144.66205549240112 seconds
sorted_percentage_nan_per_column : maxspeed                         10.434783
n                                 0.000000
lane_density                      0.000000
streets_per_node_proportion_6     0.000000
streets_per_node_count_6          0.000000
streets_per_node_proportion_5     0.000000
streets_per_node_count_5          0.000000
streets_per_node_proportion_4     0.000000
streets_per_node_count_4          0.000000
streets_per_node_proportion_3     0.000000
streets_per_node_count_3          0.000000
streets_per_node_proportion_2     0.000000
streets_per_node_count_2          0.000000
streets_per_node_proportion_1     0.000000
streets_per_node_count_1          0.000000
mean_lanes                        0.000000
m                                 0.000000
betweenness                       0.000000
total_crossings                   0.000000
non_metered_count                 0.000000
metered_count                     0.000000
self_loop_proportion              0.000000
circuity_avg                      0.000000
street_length_avg                 0.000000
street_segment_count              0.000000
street_length_total               0.000000
streets_per_node_avg              0.000000
edge_length_avg                   0.000000
edge_length_total                 0.000000
k_avg                             0.000000
global_betweenness                0.000000
dtype: float64
city, scale, tod, config.shift_tile_marker, X.shape, Y.shape : MexicoCity 30 [1, 2, 3, 4, 5, 6, 7, 8, 9, 10, 11, 12, 13, 14, 15, 16, 17, 18, 19, 20, 21, 22, 23, 24] 3 (345, 17) (345,)
X.shape, Y.shape, "Inside the model-fitting function" : (345, 17) (345,) Inside the model-fitting function
Dict: model_trials.best_params_
Key: Value
{'randomforestregressor__max_depth': 20,
 'randomforestregressor__max_features': 'sqrt',
 'randomforestregressor__n_estimators': 300}
Dict: model_trials.best_params_
Key: Value
{'xgbregressor__learning_rate': 0.1,
 'xgbregressor__max_depth': 20,
 'xgbregressor__n_estimators': 100}
Matplotlib is currently using agg, which is a non-GUI backend, so cannot show the figure.
Matplotlib is currently using agg, which is a non-GUI backend, so cannot show the figure.
Matplotlib is currently using agg, which is a non-GUI backend, so cannot show the figure.
config.CONGESTION_TYPE, slugifiedstring, i, key, value : RECURRENT recurrent-mexicocity-30-1-2-3-4-5-6-7-8-9-10-11-12-13-14-15-16-17-18-19-20-21-22-23-24 0 streets_per_node_count_2 -0.011212685996094027
config.CONGESTION_TYPE, slugifiedstring, i, key, value : RECURRENT recurrent-mexicocity-30-1-2-3-4-5-6-7-8-9-10-11-12-13-14-15-16-17-18-19-20-21-22-23-24 1 total_crossings 0.0032865612416884994
config.CONGESTION_TYPE, slugifiedstring, i, key, value : RECURRENT recurrent-mexicocity-30-1-2-3-4-5-6-7-8-9-10-11-12-13-14-15-16-17-18-19-20-21-22-23-24 2 betweenness 0.051772376838234754
config.CONGESTION_TYPE, slugifiedstring, i, key, value : RECURRENT recurrent-mexicocity-30-1-2-3-4-5-6-7-8-9-10-11-12-13-14-15-16-17-18-19-20-21-22-23-24 3 streets_per_node_count_1 0
config.CONGESTION_TYPE, slugifiedstring, i, key, value : RECURRENT recurrent-mexicocity-30-1-2-3-4-5-6-7-8-9-10-11-12-13-14-15-16-17-18-19-20-21-22-23-24 4 streets_per_node_count_4 0
config.CONGESTION_TYPE, slugifiedstring, i, key, value : RECURRENT recurrent-mexicocity-30-1-2-3-4-5-6-7-8-9-10-11-12-13-14-15-16-17-18-19-20-21-22-23-24 5 k_avg -0.0015647357055003689
config.CONGESTION_TYPE, slugifiedstring, i, key, value : RECURRENT recurrent-mexicocity-30-1-2-3-4-5-6-7-8-9-10-11-12-13-14-15-16-17-18-19-20-21-22-23-24 6 non_metered_count 0.0023303977883499787
config.CONGESTION_TYPE, slugifiedstring, i, key, value : RECURRENT recurrent-mexicocity-30-1-2-3-4-5-6-7-8-9-10-11-12-13-14-15-16-17-18-19-20-21-22-23-24 7 streets_per_node_count_6 0.00464534005394713
config.CONGESTION_TYPE, slugifiedstring, i, key, value : RECURRENT recurrent-mexicocity-30-1-2-3-4-5-6-7-8-9-10-11-12-13-14-15-16-17-18-19-20-21-22-23-24 8 streets_per_node_count_3 0.006054874574505669
config.CONGESTION_TYPE, slugifiedstring, i, key, value : RECURRENT recurrent-mexicocity-30-1-2-3-4-5-6-7-8-9-10-11-12-13-14-15-16-17-18-19-20-21-22-23-24 9 n -0.00467319676803703
config.CONGESTION_TYPE, slugifiedstring, i, key, value : RECURRENT recurrent-mexicocity-30-1-2-3-4-5-6-7-8-9-10-11-12-13-14-15-16-17-18-19-20-21-22-23-24 10 metered_count 0.16672303233904065
config.CONGESTION_TYPE, slugifiedstring, i, key, value : RECURRENT recurrent-mexicocity-30-1-2-3-4-5-6-7-8-9-10-11-12-13-14-15-16-17-18-19-20-21-22-23-24 11 global_betweenness -0.00167917706130459
config.CONGESTION_TYPE, slugifiedstring, i, key, value : RECURRENT recurrent-mexicocity-30-1-2-3-4-5-6-7-8-9-10-11-12-13-14-15-16-17-18-19-20-21-22-23-24 12 circuity_avg -0.0002185048304696582
config.CONGESTION_TYPE, slugifiedstring, i, key, value : RECURRENT recurrent-mexicocity-30-1-2-3-4-5-6-7-8-9-10-11-12-13-14-15-16-17-18-19-20-21-22-23-24 13 mean_lanes -0.0007686548845954167
config.CONGESTION_TYPE, slugifiedstring, i, key, value : RECURRENT recurrent-mexicocity-30-1-2-3-4-5-6-7-8-9-10-11-12-13-14-15-16-17-18-19-20-21-22-23-24 14 m -0.0032535875591444712
config.CONGESTION_TYPE, slugifiedstring, i, key, value : RECURRENT recurrent-mexicocity-30-1-2-3-4-5-6-7-8-9-10-11-12-13-14-15-16-17-18-19-20-21-22-23-24 15 streets_per_node_count_5 0.008213065142472383
config.CONGESTION_TYPE, slugifiedstring, i, key, value : RECURRENT recurrent-mexicocity-30-1-2-3-4-5-6-7-8-9-10-11-12-13-14-15-16-17-18-19-20-21-22-23-24 16 streets_per_node_avg 0.003282488730767696
SHAP Values for each feature:
Slug                           Feature Name         Mean Abs SHAP Value
SHAP-- recurrent-mexicocity-30-1-2-3-4-5-6-7-8-9-10-11-12-13-14-15-16-17-18-19-20-21-22-23-24 streets_per_node_count_2          0.0327
SHAP-- recurrent-mexicocity-30-1-2-3-4-5-6-7-8-9-10-11-12-13-14-15-16-17-18-19-20-21-22-23-24 total_crossings               0.0771
SHAP-- recurrent-mexicocity-30-1-2-3-4-5-6-7-8-9-10-11-12-13-14-15-16-17-18-19-20-21-22-23-24 betweenness                   0.0340
SHAP-- recurrent-mexicocity-30-1-2-3-4-5-6-7-8-9-10-11-12-13-14-15-16-17-18-19-20-21-22-23-24 streets_per_node_count_1          0.0000
SHAP-- recurrent-mexicocity-30-1-2-3-4-5-6-7-8-9-10-11-12-13-14-15-16-17-18-19-20-21-22-23-24 streets_per_node_count_4          0.0000
SHAP-- recurrent-mexicocity-30-1-2-3-4-5-6-7-8-9-10-11-12-13-14-15-16-17-18-19-20-21-22-23-24 k_avg                         0.0262
SHAP-- recurrent-mexicocity-30-1-2-3-4-5-6-7-8-9-10-11-12-13-14-15-16-17-18-19-20-21-22-23-24 non_metered_count             0.0405
SHAP-- recurrent-mexicocity-30-1-2-3-4-5-6-7-8-9-10-11-12-13-14-15-16-17-18-19-20-21-22-23-24 streets_per_node_count_6          0.0936
SHAP-- recurrent-mexicocity-30-1-2-3-4-5-6-7-8-9-10-11-12-13-14-15-16-17-18-19-20-21-22-23-24 streets_per_node_count_3          0.1420
SHAP-- recurrent-mexicocity-30-1-2-3-4-5-6-7-8-9-10-11-12-13-14-15-16-17-18-19-20-21-22-23-24 n                             0.0306
SHAP-- recurrent-mexicocity-30-1-2-3-4-5-6-7-8-9-10-11-12-13-14-15-16-17-18-19-20-21-22-23-24 metered_count                 0.1163
SHAP-- recurrent-mexicocity-30-1-2-3-4-5-6-7-8-9-10-11-12-13-14-15-16-17-18-19-20-21-22-23-24 global_betweenness            0.0437
SHAP-- recurrent-mexicocity-30-1-2-3-4-5-6-7-8-9-10-11-12-13-14-15-16-17-18-19-20-21-22-23-24 circuity_avg                  0.0031
SHAP-- recurrent-mexicocity-30-1-2-3-4-5-6-7-8-9-10-11-12-13-14-15-16-17-18-19-20-21-22-23-24 mean_lanes                    0.0182
SHAP-- recurrent-mexicocity-30-1-2-3-4-5-6-7-8-9-10-11-12-13-14-15-16-17-18-19-20-21-22-23-24 m                             0.0309
SHAP-- recurrent-mexicocity-30-1-2-3-4-5-6-7-8-9-10-11-12-13-14-15-16-17-18-19-20-21-22-23-24 streets_per_node_count_5          0.0778
SHAP-- recurrent-mexicocity-30-1-2-3-4-5-6-7-8-9-10-11-12-13-14-15-16-17-18-19-20-21-22-23-24 streets_per_node_avg          0.0921
RECURRENT MexicoCity 30 LR 0.46244563695037505 XpVar
RECURRENT MexicoCity 30 RF 0.502699269296803 XpVar
RECURRENT MexicoCity 30 GBM 0.35887371672413554 XpVar
RECURRENT MexicoCity 30 LLR -1.586032892321652e-17 XpVar
RECURRENT MexicoCity 30 RLR 0.4658307499869569 XpVar
RECURRENT MexicoCity 30 LR 0.39505591300930254 MSE
RECURRENT MexicoCity 30 RF 0.36833174407789454 MSE
RECURRENT MexicoCity 30 GBM 0.4765954468893016 MSE
RECURRENT MexicoCity 30 LLR 0.7519100515994415 MSE
RECURRENT MexicoCity 30 RLR 0.39242980974057745 MSE
RECURRENT MexicoCity 30 LR 0.4555152996667804 R2
RECURRENT MexicoCity 30 RF 0.49334162420054223 R2
RECURRENT MexicoCity 30 GBM 0.3395789764264467 R2
RECURRENT MexicoCity 30 LLR -0.030123410714092698 R2
RECURRENT MexicoCity 30 RLR 0.45893274763431463 R2
t_spatial, t_non_spatial, "seconds" : 3.0994415283203125e-06 243.95784449577332 seconds
sorted_percentage_nan_per_column : maxspeed                         17.12204
n                                 0.00000
lane_density                      0.00000
streets_per_node_proportion_6     0.00000
streets_per_node_count_6          0.00000
streets_per_node_proportion_5     0.00000
streets_per_node_count_5          0.00000
streets_per_node_proportion_4     0.00000
streets_per_node_count_4          0.00000
streets_per_node_proportion_3     0.00000
streets_per_node_count_3          0.00000
streets_per_node_proportion_2     0.00000
streets_per_node_count_2          0.00000
streets_per_node_proportion_1     0.00000
streets_per_node_count_1          0.00000
mean_lanes                        0.00000
m                                 0.00000
betweenness                       0.00000
total_crossings                   0.00000
non_metered_count                 0.00000
metered_count                     0.00000
self_loop_proportion              0.00000
circuity_avg                      0.00000
street_length_avg                 0.00000
street_segment_count              0.00000
street_length_total               0.00000
streets_per_node_avg              0.00000
edge_length_avg                   0.00000
edge_length_total                 0.00000
k_avg                             0.00000
global_betweenness                0.00000
dtype: float64
city, scale, tod, config.shift_tile_marker, X.shape, Y.shape : MexicoCity 40 [1, 2, 3, 4, 5, 6, 7, 8, 9, 10, 11, 12, 13, 14, 15, 16, 17, 18, 19, 20, 21, 22, 23, 24] 3 (549, 17) (549,)
X.shape, Y.shape, "Inside the model-fitting function" : (549, 17) (549,) Inside the model-fitting function
Dict: model_trials.best_params_
Key: Value
{'randomforestregressor__max_depth': 20,
 'randomforestregressor__max_features': 'sqrt',
 'randomforestregressor__n_estimators': 1000}
Dict: model_trials.best_params_
Key: Value
{'xgbregressor__learning_rate': 0.01,
 'xgbregressor__max_depth': 10,
 'xgbregressor__n_estimators': 200}
Matplotlib is currently using agg, which is a non-GUI backend, so cannot show the figure.
Matplotlib is currently using agg, which is a non-GUI backend, so cannot show the figure.
Matplotlib is currently using agg, which is a non-GUI backend, so cannot show the figure.
config.CONGESTION_TYPE, slugifiedstring, i, key, value : RECURRENT recurrent-mexicocity-40-1-2-3-4-5-6-7-8-9-10-11-12-13-14-15-16-17-18-19-20-21-22-23-24 0 streets_per_node_count_2 -0.0035840705799322307
config.CONGESTION_TYPE, slugifiedstring, i, key, value : RECURRENT recurrent-mexicocity-40-1-2-3-4-5-6-7-8-9-10-11-12-13-14-15-16-17-18-19-20-21-22-23-24 1 total_crossings 0.0033566089573374694
config.CONGESTION_TYPE, slugifiedstring, i, key, value : RECURRENT recurrent-mexicocity-40-1-2-3-4-5-6-7-8-9-10-11-12-13-14-15-16-17-18-19-20-21-22-23-24 2 betweenness -0.01002785273083026
config.CONGESTION_TYPE, slugifiedstring, i, key, value : RECURRENT recurrent-mexicocity-40-1-2-3-4-5-6-7-8-9-10-11-12-13-14-15-16-17-18-19-20-21-22-23-24 3 streets_per_node_count_1 0
config.CONGESTION_TYPE, slugifiedstring, i, key, value : RECURRENT recurrent-mexicocity-40-1-2-3-4-5-6-7-8-9-10-11-12-13-14-15-16-17-18-19-20-21-22-23-24 4 streets_per_node_count_4 0
config.CONGESTION_TYPE, slugifiedstring, i, key, value : RECURRENT recurrent-mexicocity-40-1-2-3-4-5-6-7-8-9-10-11-12-13-14-15-16-17-18-19-20-21-22-23-24 5 k_avg -0.011562837613180464
config.CONGESTION_TYPE, slugifiedstring, i, key, value : RECURRENT recurrent-mexicocity-40-1-2-3-4-5-6-7-8-9-10-11-12-13-14-15-16-17-18-19-20-21-22-23-24 6 non_metered_count 0.0018579831065244493
config.CONGESTION_TYPE, slugifiedstring, i, key, value : RECURRENT recurrent-mexicocity-40-1-2-3-4-5-6-7-8-9-10-11-12-13-14-15-16-17-18-19-20-21-22-23-24 7 streets_per_node_count_6 0.0022750615553835834
config.CONGESTION_TYPE, slugifiedstring, i, key, value : RECURRENT recurrent-mexicocity-40-1-2-3-4-5-6-7-8-9-10-11-12-13-14-15-16-17-18-19-20-21-22-23-24 8 streets_per_node_count_3 0.003556156082031262
config.CONGESTION_TYPE, slugifiedstring, i, key, value : RECURRENT recurrent-mexicocity-40-1-2-3-4-5-6-7-8-9-10-11-12-13-14-15-16-17-18-19-20-21-22-23-24 9 n -0.0025056363582707836
config.CONGESTION_TYPE, slugifiedstring, i, key, value : RECURRENT recurrent-mexicocity-40-1-2-3-4-5-6-7-8-9-10-11-12-13-14-15-16-17-18-19-20-21-22-23-24 10 metered_count 0.024738994240773943
config.CONGESTION_TYPE, slugifiedstring, i, key, value : RECURRENT recurrent-mexicocity-40-1-2-3-4-5-6-7-8-9-10-11-12-13-14-15-16-17-18-19-20-21-22-23-24 11 global_betweenness -0.002224716329465233
config.CONGESTION_TYPE, slugifiedstring, i, key, value : RECURRENT recurrent-mexicocity-40-1-2-3-4-5-6-7-8-9-10-11-12-13-14-15-16-17-18-19-20-21-22-23-24 12 circuity_avg -0.00014945331052055677
config.CONGESTION_TYPE, slugifiedstring, i, key, value : RECURRENT recurrent-mexicocity-40-1-2-3-4-5-6-7-8-9-10-11-12-13-14-15-16-17-18-19-20-21-22-23-24 13 mean_lanes -0.0013616092453261452
config.CONGESTION_TYPE, slugifiedstring, i, key, value : RECURRENT recurrent-mexicocity-40-1-2-3-4-5-6-7-8-9-10-11-12-13-14-15-16-17-18-19-20-21-22-23-24 14 m -0.0023199814299529205
config.CONGESTION_TYPE, slugifiedstring, i, key, value : RECURRENT recurrent-mexicocity-40-1-2-3-4-5-6-7-8-9-10-11-12-13-14-15-16-17-18-19-20-21-22-23-24 15 streets_per_node_count_5 0.022906464224250068
config.CONGESTION_TYPE, slugifiedstring, i, key, value : RECURRENT recurrent-mexicocity-40-1-2-3-4-5-6-7-8-9-10-11-12-13-14-15-16-17-18-19-20-21-22-23-24 16 streets_per_node_avg 0.002123741352926178
SHAP Values for each feature:
Slug                           Feature Name         Mean Abs SHAP Value
SHAP-- recurrent-mexicocity-40-1-2-3-4-5-6-7-8-9-10-11-12-13-14-15-16-17-18-19-20-21-22-23-24 streets_per_node_count_2          0.0293
SHAP-- recurrent-mexicocity-40-1-2-3-4-5-6-7-8-9-10-11-12-13-14-15-16-17-18-19-20-21-22-23-24 total_crossings               0.0815
SHAP-- recurrent-mexicocity-40-1-2-3-4-5-6-7-8-9-10-11-12-13-14-15-16-17-18-19-20-21-22-23-24 betweenness                   0.0324
SHAP-- recurrent-mexicocity-40-1-2-3-4-5-6-7-8-9-10-11-12-13-14-15-16-17-18-19-20-21-22-23-24 streets_per_node_count_1          0.0000
SHAP-- recurrent-mexicocity-40-1-2-3-4-5-6-7-8-9-10-11-12-13-14-15-16-17-18-19-20-21-22-23-24 streets_per_node_count_4          0.0000
SHAP-- recurrent-mexicocity-40-1-2-3-4-5-6-7-8-9-10-11-12-13-14-15-16-17-18-19-20-21-22-23-24 k_avg                         0.0401
SHAP-- recurrent-mexicocity-40-1-2-3-4-5-6-7-8-9-10-11-12-13-14-15-16-17-18-19-20-21-22-23-24 non_metered_count             0.0230
SHAP-- recurrent-mexicocity-40-1-2-3-4-5-6-7-8-9-10-11-12-13-14-15-16-17-18-19-20-21-22-23-24 streets_per_node_count_6          0.0785
SHAP-- recurrent-mexicocity-40-1-2-3-4-5-6-7-8-9-10-11-12-13-14-15-16-17-18-19-20-21-22-23-24 streets_per_node_count_3          0.1062
SHAP-- recurrent-mexicocity-40-1-2-3-4-5-6-7-8-9-10-11-12-13-14-15-16-17-18-19-20-21-22-23-24 n                             0.0268
SHAP-- recurrent-mexicocity-40-1-2-3-4-5-6-7-8-9-10-11-12-13-14-15-16-17-18-19-20-21-22-23-24 metered_count                 0.1639
SHAP-- recurrent-mexicocity-40-1-2-3-4-5-6-7-8-9-10-11-12-13-14-15-16-17-18-19-20-21-22-23-24 global_betweenness            0.0355
SHAP-- recurrent-mexicocity-40-1-2-3-4-5-6-7-8-9-10-11-12-13-14-15-16-17-18-19-20-21-22-23-24 circuity_avg                  0.0035
SHAP-- recurrent-mexicocity-40-1-2-3-4-5-6-7-8-9-10-11-12-13-14-15-16-17-18-19-20-21-22-23-24 mean_lanes                    0.0217
SHAP-- recurrent-mexicocity-40-1-2-3-4-5-6-7-8-9-10-11-12-13-14-15-16-17-18-19-20-21-22-23-24 m                             0.0326
SHAP-- recurrent-mexicocity-40-1-2-3-4-5-6-7-8-9-10-11-12-13-14-15-16-17-18-19-20-21-22-23-24 streets_per_node_count_5          0.0926
SHAP-- recurrent-mexicocity-40-1-2-3-4-5-6-7-8-9-10-11-12-13-14-15-16-17-18-19-20-21-22-23-24 streets_per_node_avg          0.0952
RECURRENT MexicoCity 40 LR 0.4340648868788825 XpVar
RECURRENT MexicoCity 40 RF 0.46743058928262904 XpVar
RECURRENT MexicoCity 40 GBM 0.3967505594722375 XpVar
RECURRENT MexicoCity 40 LLR 0.0 XpVar
RECURRENT MexicoCity 40 RLR 0.43472734668717333 XpVar
RECURRENT MexicoCity 40 LR 0.44421217738216 MSE
RECURRENT MexicoCity 40 RF 0.41658068351623767 MSE
RECURRENT MexicoCity 40 GBM 0.4690199273125269 MSE
RECURRENT MexicoCity 40 LLR 0.7794657732325964 MSE
RECURRENT MexicoCity 40 RLR 0.44342766139483747 MSE
RECURRENT MexicoCity 40 LR 0.4101477174060926 R2
RECURRENT MexicoCity 40 RF 0.44668661808697746 R2
RECURRENT MexicoCity 40 GBM 0.38152749067111713 R2
RECURRENT MexicoCity 40 LLR -0.029823963797076525 R2
RECURRENT MexicoCity 40 RLR 0.4110278048723646 R2
t_spatial, t_non_spatial, "seconds" : 1.430511474609375e-06 453.64689683914185 seconds
sorted_percentage_nan_per_column : maxspeed                         26.320845
n                                 0.000000
lane_density                      0.000000
streets_per_node_proportion_6     0.000000
streets_per_node_count_6          0.000000
streets_per_node_proportion_5     0.000000
streets_per_node_count_5          0.000000
streets_per_node_proportion_4     0.000000
streets_per_node_count_4          0.000000
streets_per_node_proportion_3     0.000000
streets_per_node_count_3          0.000000
streets_per_node_proportion_2     0.000000
streets_per_node_count_2          0.000000
streets_per_node_proportion_1     0.000000
streets_per_node_count_1          0.000000
mean_lanes                        0.000000
m                                 0.000000
betweenness                       0.000000
total_crossings                   0.000000
non_metered_count                 0.000000
metered_count                     0.000000
self_loop_proportion              0.000000
circuity_avg                      0.000000
street_length_avg                 0.000000
street_segment_count              0.000000
street_length_total               0.000000
streets_per_node_avg              0.000000
edge_length_avg                   0.000000
edge_length_total                 0.000000
k_avg                             0.000000
global_betweenness                0.000000
dtype: float64
city, scale, tod, config.shift_tile_marker, X.shape, Y.shape : MexicoCity 60 [1, 2, 3, 4, 5, 6, 7, 8, 9, 10, 11, 12, 13, 14, 15, 16, 17, 18, 19, 20, 21, 22, 23, 24] 3 (1041, 17) (1041,)
X.shape, Y.shape, "Inside the model-fitting function" : (1041, 17) (1041,) Inside the model-fitting function
Dict: model_trials.best_params_
Key: Value
{'randomforestregressor__max_depth': 10,
 'randomforestregressor__max_features': 'sqrt',
 'randomforestregressor__n_estimators': 300}
Dict: model_trials.best_params_
Key: Value
{'xgbregressor__learning_rate': 0.01,
 'xgbregressor__max_depth': 10,
 'xgbregressor__n_estimators': 200}
Matplotlib is currently using agg, which is a non-GUI backend, so cannot show the figure.
Matplotlib is currently using agg, which is a non-GUI backend, so cannot show the figure.
Matplotlib is currently using agg, which is a non-GUI backend, so cannot show the figure.
config.CONGESTION_TYPE, slugifiedstring, i, key, value : RECURRENT recurrent-mexicocity-60-1-2-3-4-5-6-7-8-9-10-11-12-13-14-15-16-17-18-19-20-21-22-23-24 0 streets_per_node_count_2 0.007352716001750701
config.CONGESTION_TYPE, slugifiedstring, i, key, value : RECURRENT recurrent-mexicocity-60-1-2-3-4-5-6-7-8-9-10-11-12-13-14-15-16-17-18-19-20-21-22-23-24 1 total_crossings 0.0024165562032607414
config.CONGESTION_TYPE, slugifiedstring, i, key, value : RECURRENT recurrent-mexicocity-60-1-2-3-4-5-6-7-8-9-10-11-12-13-14-15-16-17-18-19-20-21-22-23-24 2 betweenness -0.003589316546452963
config.CONGESTION_TYPE, slugifiedstring, i, key, value : RECURRENT recurrent-mexicocity-60-1-2-3-4-5-6-7-8-9-10-11-12-13-14-15-16-17-18-19-20-21-22-23-24 3 streets_per_node_count_1 0
config.CONGESTION_TYPE, slugifiedstring, i, key, value : RECURRENT recurrent-mexicocity-60-1-2-3-4-5-6-7-8-9-10-11-12-13-14-15-16-17-18-19-20-21-22-23-24 4 streets_per_node_count_4 0
config.CONGESTION_TYPE, slugifiedstring, i, key, value : RECURRENT recurrent-mexicocity-60-1-2-3-4-5-6-7-8-9-10-11-12-13-14-15-16-17-18-19-20-21-22-23-24 5 k_avg 0.00261651072555029
config.CONGESTION_TYPE, slugifiedstring, i, key, value : RECURRENT recurrent-mexicocity-60-1-2-3-4-5-6-7-8-9-10-11-12-13-14-15-16-17-18-19-20-21-22-23-24 6 non_metered_count 0.0009213006845974562
config.CONGESTION_TYPE, slugifiedstring, i, key, value : RECURRENT recurrent-mexicocity-60-1-2-3-4-5-6-7-8-9-10-11-12-13-14-15-16-17-18-19-20-21-22-23-24 7 streets_per_node_count_6 0.0017615785667776428
config.CONGESTION_TYPE, slugifiedstring, i, key, value : RECURRENT recurrent-mexicocity-60-1-2-3-4-5-6-7-8-9-10-11-12-13-14-15-16-17-18-19-20-21-22-23-24 8 streets_per_node_count_3 0.0016117119575055126
config.CONGESTION_TYPE, slugifiedstring, i, key, value : RECURRENT recurrent-mexicocity-60-1-2-3-4-5-6-7-8-9-10-11-12-13-14-15-16-17-18-19-20-21-22-23-24 9 n 0.013578235856345855
config.CONGESTION_TYPE, slugifiedstring, i, key, value : RECURRENT recurrent-mexicocity-60-1-2-3-4-5-6-7-8-9-10-11-12-13-14-15-16-17-18-19-20-21-22-23-24 10 metered_count 0.07215961054019701
config.CONGESTION_TYPE, slugifiedstring, i, key, value : RECURRENT recurrent-mexicocity-60-1-2-3-4-5-6-7-8-9-10-11-12-13-14-15-16-17-18-19-20-21-22-23-24 11 global_betweenness -0.0007931961760703199
config.CONGESTION_TYPE, slugifiedstring, i, key, value : RECURRENT recurrent-mexicocity-60-1-2-3-4-5-6-7-8-9-10-11-12-13-14-15-16-17-18-19-20-21-22-23-24 12 circuity_avg -7.462343660827707e-05
config.CONGESTION_TYPE, slugifiedstring, i, key, value : RECURRENT recurrent-mexicocity-60-1-2-3-4-5-6-7-8-9-10-11-12-13-14-15-16-17-18-19-20-21-22-23-24 13 mean_lanes 0.003244495558357878
config.CONGESTION_TYPE, slugifiedstring, i, key, value : RECURRENT recurrent-mexicocity-60-1-2-3-4-5-6-7-8-9-10-11-12-13-14-15-16-17-18-19-20-21-22-23-24 14 m 0.004731412475571444
config.CONGESTION_TYPE, slugifiedstring, i, key, value : RECURRENT recurrent-mexicocity-60-1-2-3-4-5-6-7-8-9-10-11-12-13-14-15-16-17-18-19-20-21-22-23-24 15 streets_per_node_count_5 0.0045655814153071905
config.CONGESTION_TYPE, slugifiedstring, i, key, value : RECURRENT recurrent-mexicocity-60-1-2-3-4-5-6-7-8-9-10-11-12-13-14-15-16-17-18-19-20-21-22-23-24 16 streets_per_node_avg 0.0013704930063181853
SHAP Values for each feature:
Slug                           Feature Name         Mean Abs SHAP Value
SHAP-- recurrent-mexicocity-60-1-2-3-4-5-6-7-8-9-10-11-12-13-14-15-16-17-18-19-20-21-22-23-24 streets_per_node_count_2          0.0400
SHAP-- recurrent-mexicocity-60-1-2-3-4-5-6-7-8-9-10-11-12-13-14-15-16-17-18-19-20-21-22-23-24 total_crossings               0.0830
SHAP-- recurrent-mexicocity-60-1-2-3-4-5-6-7-8-9-10-11-12-13-14-15-16-17-18-19-20-21-22-23-24 betweenness                   0.0462
SHAP-- recurrent-mexicocity-60-1-2-3-4-5-6-7-8-9-10-11-12-13-14-15-16-17-18-19-20-21-22-23-24 streets_per_node_count_1          0.0000
SHAP-- recurrent-mexicocity-60-1-2-3-4-5-6-7-8-9-10-11-12-13-14-15-16-17-18-19-20-21-22-23-24 streets_per_node_count_4          0.0000
SHAP-- recurrent-mexicocity-60-1-2-3-4-5-6-7-8-9-10-11-12-13-14-15-16-17-18-19-20-21-22-23-24 k_avg                         0.0478
SHAP-- recurrent-mexicocity-60-1-2-3-4-5-6-7-8-9-10-11-12-13-14-15-16-17-18-19-20-21-22-23-24 non_metered_count             0.0256
SHAP-- recurrent-mexicocity-60-1-2-3-4-5-6-7-8-9-10-11-12-13-14-15-16-17-18-19-20-21-22-23-24 streets_per_node_count_6          0.1065
SHAP-- recurrent-mexicocity-60-1-2-3-4-5-6-7-8-9-10-11-12-13-14-15-16-17-18-19-20-21-22-23-24 streets_per_node_count_3          0.0740
SHAP-- recurrent-mexicocity-60-1-2-3-4-5-6-7-8-9-10-11-12-13-14-15-16-17-18-19-20-21-22-23-24 n                             0.0333
SHAP-- recurrent-mexicocity-60-1-2-3-4-5-6-7-8-9-10-11-12-13-14-15-16-17-18-19-20-21-22-23-24 metered_count                 0.1372
SHAP-- recurrent-mexicocity-60-1-2-3-4-5-6-7-8-9-10-11-12-13-14-15-16-17-18-19-20-21-22-23-24 global_betweenness            0.0315
SHAP-- recurrent-mexicocity-60-1-2-3-4-5-6-7-8-9-10-11-12-13-14-15-16-17-18-19-20-21-22-23-24 circuity_avg                  0.0035
SHAP-- recurrent-mexicocity-60-1-2-3-4-5-6-7-8-9-10-11-12-13-14-15-16-17-18-19-20-21-22-23-24 mean_lanes                    0.0197
SHAP-- recurrent-mexicocity-60-1-2-3-4-5-6-7-8-9-10-11-12-13-14-15-16-17-18-19-20-21-22-23-24 m                             0.0325
SHAP-- recurrent-mexicocity-60-1-2-3-4-5-6-7-8-9-10-11-12-13-14-15-16-17-18-19-20-21-22-23-24 streets_per_node_count_5          0.0764
SHAP-- recurrent-mexicocity-60-1-2-3-4-5-6-7-8-9-10-11-12-13-14-15-16-17-18-19-20-21-22-23-24 streets_per_node_avg          0.0944
RECURRENT MexicoCity 60 LR 0.37828982624097257 XpVar
RECURRENT MexicoCity 60 RF 0.4441488041531502 XpVar
RECURRENT MexicoCity 60 GBM 0.3534279348824349 XpVar
RECURRENT MexicoCity 60 LLR -3.172065784643304e-17 XpVar
RECURRENT MexicoCity 60 RLR 0.3789480223668809 XpVar
RECURRENT MexicoCity 60 LR 0.5022334178345316 MSE
RECURRENT MexicoCity 60 RF 0.44884661702147216 MSE
RECURRENT MexicoCity 60 GBM 0.5217770858170827 MSE
RECURRENT MexicoCity 60 LLR 0.8077556075596516 MSE
RECURRENT MexicoCity 60 RLR 0.5016946375712592 MSE
RECURRENT MexicoCity 60 LR 0.37645126880662577 R2
RECURRENT MexicoCity 60 RF 0.44166130188466957 R2
RECURRENT MexicoCity 60 GBM 0.35105814325999385 R2
RECURRENT MexicoCity 60 LLR -0.0035102184033527018 R2
RECURRENT MexicoCity 60 RLR 0.37710108901305134 R2
t_spatial, t_non_spatial, "seconds" : 1.430511474609375e-06 605.5389580726624 seconds
sorted_percentage_nan_per_column : maxspeed                         29.779132
n                                 0.000000
lane_density                      0.000000
streets_per_node_proportion_6     0.000000
streets_per_node_count_6          0.000000
streets_per_node_proportion_5     0.000000
streets_per_node_count_5          0.000000
streets_per_node_proportion_4     0.000000
streets_per_node_count_4          0.000000
streets_per_node_proportion_3     0.000000
streets_per_node_count_3          0.000000
streets_per_node_proportion_2     0.000000
streets_per_node_count_2          0.000000
streets_per_node_proportion_1     0.000000
streets_per_node_count_1          0.000000
mean_lanes                        0.000000
m                                 0.000000
betweenness                       0.000000
total_crossings                   0.000000
non_metered_count                 0.000000
metered_count                     0.000000
self_loop_proportion              0.000000
circuity_avg                      0.000000
street_length_avg                 0.000000
street_segment_count              0.000000
street_length_total               0.000000
streets_per_node_avg              0.000000
edge_length_avg                   0.000000
edge_length_total                 0.000000
k_avg                             0.000000
global_betweenness                0.000000
dtype: float64
city, scale, tod, config.shift_tile_marker, X.shape, Y.shape : MexicoCity 70 [1, 2, 3, 4, 5, 6, 7, 8, 9, 10, 11, 12, 13, 14, 15, 16, 17, 18, 19, 20, 21, 22, 23, 24] 3 (1313, 17) (1313,)
X.shape, Y.shape, "Inside the model-fitting function" : (1313, 17) (1313,) Inside the model-fitting function
Dict: model_trials.best_params_
Key: Value
{'randomforestregressor__max_depth': 10,
 'randomforestregressor__max_features': 'sqrt',
 'randomforestregressor__n_estimators': 1000}
Dict: model_trials.best_params_
Key: Value
{'xgbregressor__learning_rate': 0.01,
 'xgbregressor__max_depth': 10,
 'xgbregressor__n_estimators': 200}
Matplotlib is currently using agg, which is a non-GUI backend, so cannot show the figure.
Matplotlib is currently using agg, which is a non-GUI backend, so cannot show the figure.
Matplotlib is currently using agg, which is a non-GUI backend, so cannot show the figure.
config.CONGESTION_TYPE, slugifiedstring, i, key, value : RECURRENT recurrent-mexicocity-70-1-2-3-4-5-6-7-8-9-10-11-12-13-14-15-16-17-18-19-20-21-22-23-24 0 streets_per_node_count_2 -0.002710403397873139
config.CONGESTION_TYPE, slugifiedstring, i, key, value : RECURRENT recurrent-mexicocity-70-1-2-3-4-5-6-7-8-9-10-11-12-13-14-15-16-17-18-19-20-21-22-23-24 1 total_crossings 0.0023526760956995327
config.CONGESTION_TYPE, slugifiedstring, i, key, value : RECURRENT recurrent-mexicocity-70-1-2-3-4-5-6-7-8-9-10-11-12-13-14-15-16-17-18-19-20-21-22-23-24 2 betweenness -0.0007255504865105567
config.CONGESTION_TYPE, slugifiedstring, i, key, value : RECURRENT recurrent-mexicocity-70-1-2-3-4-5-6-7-8-9-10-11-12-13-14-15-16-17-18-19-20-21-22-23-24 3 streets_per_node_count_1 0
config.CONGESTION_TYPE, slugifiedstring, i, key, value : RECURRENT recurrent-mexicocity-70-1-2-3-4-5-6-7-8-9-10-11-12-13-14-15-16-17-18-19-20-21-22-23-24 4 streets_per_node_count_4 0
config.CONGESTION_TYPE, slugifiedstring, i, key, value : RECURRENT recurrent-mexicocity-70-1-2-3-4-5-6-7-8-9-10-11-12-13-14-15-16-17-18-19-20-21-22-23-24 5 k_avg 0.001686153578329873
config.CONGESTION_TYPE, slugifiedstring, i, key, value : RECURRENT recurrent-mexicocity-70-1-2-3-4-5-6-7-8-9-10-11-12-13-14-15-16-17-18-19-20-21-22-23-24 6 non_metered_count 0.0006234385492010216
config.CONGESTION_TYPE, slugifiedstring, i, key, value : RECURRENT recurrent-mexicocity-70-1-2-3-4-5-6-7-8-9-10-11-12-13-14-15-16-17-18-19-20-21-22-23-24 7 streets_per_node_count_6 0.0013672418454825602
config.CONGESTION_TYPE, slugifiedstring, i, key, value : RECURRENT recurrent-mexicocity-70-1-2-3-4-5-6-7-8-9-10-11-12-13-14-15-16-17-18-19-20-21-22-23-24 8 streets_per_node_count_3 0.0017926955588434725
config.CONGESTION_TYPE, slugifiedstring, i, key, value : RECURRENT recurrent-mexicocity-70-1-2-3-4-5-6-7-8-9-10-11-12-13-14-15-16-17-18-19-20-21-22-23-24 9 n -0.0012703685878480504
config.CONGESTION_TYPE, slugifiedstring, i, key, value : RECURRENT recurrent-mexicocity-70-1-2-3-4-5-6-7-8-9-10-11-12-13-14-15-16-17-18-19-20-21-22-23-24 10 metered_count 0.0850200923123159
config.CONGESTION_TYPE, slugifiedstring, i, key, value : RECURRENT recurrent-mexicocity-70-1-2-3-4-5-6-7-8-9-10-11-12-13-14-15-16-17-18-19-20-21-22-23-24 11 global_betweenness -0.0009153782777165281
config.CONGESTION_TYPE, slugifiedstring, i, key, value : RECURRENT recurrent-mexicocity-70-1-2-3-4-5-6-7-8-9-10-11-12-13-14-15-16-17-18-19-20-21-22-23-24 12 circuity_avg -0.00012158285548591692
config.CONGESTION_TYPE, slugifiedstring, i, key, value : RECURRENT recurrent-mexicocity-70-1-2-3-4-5-6-7-8-9-10-11-12-13-14-15-16-17-18-19-20-21-22-23-24 13 mean_lanes -0.0009484761340103632
config.CONGESTION_TYPE, slugifiedstring, i, key, value : RECURRENT recurrent-mexicocity-70-1-2-3-4-5-6-7-8-9-10-11-12-13-14-15-16-17-18-19-20-21-22-23-24 14 m 0.01921392612831073
config.CONGESTION_TYPE, slugifiedstring, i, key, value : RECURRENT recurrent-mexicocity-70-1-2-3-4-5-6-7-8-9-10-11-12-13-14-15-16-17-18-19-20-21-22-23-24 15 streets_per_node_count_5 0.0021965593321432685
config.CONGESTION_TYPE, slugifiedstring, i, key, value : RECURRENT recurrent-mexicocity-70-1-2-3-4-5-6-7-8-9-10-11-12-13-14-15-16-17-18-19-20-21-22-23-24 16 streets_per_node_avg 0.0012457011458855308
SHAP Values for each feature:
Slug                           Feature Name         Mean Abs SHAP Value
SHAP-- recurrent-mexicocity-70-1-2-3-4-5-6-7-8-9-10-11-12-13-14-15-16-17-18-19-20-21-22-23-24 streets_per_node_count_2          0.0274
SHAP-- recurrent-mexicocity-70-1-2-3-4-5-6-7-8-9-10-11-12-13-14-15-16-17-18-19-20-21-22-23-24 total_crossings               0.0638
SHAP-- recurrent-mexicocity-70-1-2-3-4-5-6-7-8-9-10-11-12-13-14-15-16-17-18-19-20-21-22-23-24 betweenness                   0.0214
SHAP-- recurrent-mexicocity-70-1-2-3-4-5-6-7-8-9-10-11-12-13-14-15-16-17-18-19-20-21-22-23-24 streets_per_node_count_1          0.0000
SHAP-- recurrent-mexicocity-70-1-2-3-4-5-6-7-8-9-10-11-12-13-14-15-16-17-18-19-20-21-22-23-24 streets_per_node_count_4          0.0000
SHAP-- recurrent-mexicocity-70-1-2-3-4-5-6-7-8-9-10-11-12-13-14-15-16-17-18-19-20-21-22-23-24 k_avg                         0.0453
SHAP-- recurrent-mexicocity-70-1-2-3-4-5-6-7-8-9-10-11-12-13-14-15-16-17-18-19-20-21-22-23-24 non_metered_count             0.0097
SHAP-- recurrent-mexicocity-70-1-2-3-4-5-6-7-8-9-10-11-12-13-14-15-16-17-18-19-20-21-22-23-24 streets_per_node_count_6          0.1066
SHAP-- recurrent-mexicocity-70-1-2-3-4-5-6-7-8-9-10-11-12-13-14-15-16-17-18-19-20-21-22-23-24 streets_per_node_count_3          0.0940
SHAP-- recurrent-mexicocity-70-1-2-3-4-5-6-7-8-9-10-11-12-13-14-15-16-17-18-19-20-21-22-23-24 n                             0.0216
SHAP-- recurrent-mexicocity-70-1-2-3-4-5-6-7-8-9-10-11-12-13-14-15-16-17-18-19-20-21-22-23-24 metered_count                 0.1541
SHAP-- recurrent-mexicocity-70-1-2-3-4-5-6-7-8-9-10-11-12-13-14-15-16-17-18-19-20-21-22-23-24 global_betweenness            0.0342
SHAP-- recurrent-mexicocity-70-1-2-3-4-5-6-7-8-9-10-11-12-13-14-15-16-17-18-19-20-21-22-23-24 circuity_avg                  0.0059
SHAP-- recurrent-mexicocity-70-1-2-3-4-5-6-7-8-9-10-11-12-13-14-15-16-17-18-19-20-21-22-23-24 mean_lanes                    0.0137
SHAP-- recurrent-mexicocity-70-1-2-3-4-5-6-7-8-9-10-11-12-13-14-15-16-17-18-19-20-21-22-23-24 m                             0.0281
SHAP-- recurrent-mexicocity-70-1-2-3-4-5-6-7-8-9-10-11-12-13-14-15-16-17-18-19-20-21-22-23-24 streets_per_node_count_5          0.0930
SHAP-- recurrent-mexicocity-70-1-2-3-4-5-6-7-8-9-10-11-12-13-14-15-16-17-18-19-20-21-22-23-24 streets_per_node_avg          0.0911
RECURRENT MexicoCity 70 LR 0.3688178463784582 XpVar
RECURRENT MexicoCity 70 RF 0.44057503349798877 XpVar
RECURRENT MexicoCity 70 GBM 0.365982684117051 XpVar
RECURRENT MexicoCity 70 LLR 0.0 XpVar
RECURRENT MexicoCity 70 RLR 0.3690711121865711 XpVar
RECURRENT MexicoCity 70 LR 0.5111113593037905 MSE
RECURRENT MexicoCity 70 RF 0.4530621071687654 MSE
RECURRENT MexicoCity 70 GBM 0.5128026502719447 MSE
RECURRENT MexicoCity 70 LLR 0.8144163239527759 MSE
RECURRENT MexicoCity 70 RLR 0.5108713809898727 MSE
RECURRENT MexicoCity 70 LR 0.3649291144480506 R2
RECURRENT MexicoCity 70 RF 0.43645606231127715 R2
RECURRENT MexicoCity 70 GBM 0.3627036387082791 R2
RECURRENT MexicoCity 70 LLR -0.008543970264921232 R2
RECURRENT MexicoCity 70 RLR 0.3652249670438524 R2
t_spatial, t_non_spatial, "seconds" : 2.384185791015625e-06 823.2530376911163 seconds
sorted_percentage_nan_per_column : maxspeed                         31.957473
n                                 0.000000
lane_density                      0.000000
streets_per_node_proportion_6     0.000000
streets_per_node_count_6          0.000000
streets_per_node_proportion_5     0.000000
streets_per_node_count_5          0.000000
streets_per_node_proportion_4     0.000000
streets_per_node_count_4          0.000000
streets_per_node_proportion_3     0.000000
streets_per_node_count_3          0.000000
streets_per_node_proportion_2     0.000000
streets_per_node_count_2          0.000000
streets_per_node_proportion_1     0.000000
streets_per_node_count_1          0.000000
mean_lanes                        0.000000
m                                 0.000000
betweenness                       0.000000
total_crossings                   0.000000
non_metered_count                 0.000000
metered_count                     0.000000
self_loop_proportion              0.000000
circuity_avg                      0.000000
street_length_avg                 0.000000
street_segment_count              0.000000
street_length_total               0.000000
streets_per_node_avg              0.000000
edge_length_avg                   0.000000
edge_length_total                 0.000000
k_avg                             0.000000
global_betweenness                0.000000
dtype: float64
city, scale, tod, config.shift_tile_marker, X.shape, Y.shape : MexicoCity 80 [1, 2, 3, 4, 5, 6, 7, 8, 9, 10, 11, 12, 13, 14, 15, 16, 17, 18, 19, 20, 21, 22, 23, 24] 3 (1599, 17) (1599,)
X.shape, Y.shape, "Inside the model-fitting function" : (1599, 17) (1599,) Inside the model-fitting function
Dict: model_trials.best_params_
Key: Value
{'randomforestregressor__max_depth': 10,
 'randomforestregressor__max_features': 'sqrt',
 'randomforestregressor__n_estimators': 300}
Dict: model_trials.best_params_
Key: Value
{'xgbregressor__learning_rate': 0.01,
 'xgbregressor__max_depth': 10,
 'xgbregressor__n_estimators': 200}
Matplotlib is currently using agg, which is a non-GUI backend, so cannot show the figure.
Matplotlib is currently using agg, which is a non-GUI backend, so cannot show the figure.
Matplotlib is currently using agg, which is a non-GUI backend, so cannot show the figure.
config.CONGESTION_TYPE, slugifiedstring, i, key, value : RECURRENT recurrent-mexicocity-80-1-2-3-4-5-6-7-8-9-10-11-12-13-14-15-16-17-18-19-20-21-22-23-24 0 streets_per_node_count_2 -0.01190724811826945
config.CONGESTION_TYPE, slugifiedstring, i, key, value : RECURRENT recurrent-mexicocity-80-1-2-3-4-5-6-7-8-9-10-11-12-13-14-15-16-17-18-19-20-21-22-23-24 1 total_crossings 0.0018173108129853294
config.CONGESTION_TYPE, slugifiedstring, i, key, value : RECURRENT recurrent-mexicocity-80-1-2-3-4-5-6-7-8-9-10-11-12-13-14-15-16-17-18-19-20-21-22-23-24 2 betweenness -0.001895537756197461
config.CONGESTION_TYPE, slugifiedstring, i, key, value : RECURRENT recurrent-mexicocity-80-1-2-3-4-5-6-7-8-9-10-11-12-13-14-15-16-17-18-19-20-21-22-23-24 3 streets_per_node_count_1 0
config.CONGESTION_TYPE, slugifiedstring, i, key, value : RECURRENT recurrent-mexicocity-80-1-2-3-4-5-6-7-8-9-10-11-12-13-14-15-16-17-18-19-20-21-22-23-24 4 streets_per_node_count_4 0
config.CONGESTION_TYPE, slugifiedstring, i, key, value : RECURRENT recurrent-mexicocity-80-1-2-3-4-5-6-7-8-9-10-11-12-13-14-15-16-17-18-19-20-21-22-23-24 5 k_avg 0.0015394065545981446
config.CONGESTION_TYPE, slugifiedstring, i, key, value : RECURRENT recurrent-mexicocity-80-1-2-3-4-5-6-7-8-9-10-11-12-13-14-15-16-17-18-19-20-21-22-23-24 6 non_metered_count 0.0010210564553410533
config.CONGESTION_TYPE, slugifiedstring, i, key, value : RECURRENT recurrent-mexicocity-80-1-2-3-4-5-6-7-8-9-10-11-12-13-14-15-16-17-18-19-20-21-22-23-24 7 streets_per_node_count_6 0.0010826736847697617
config.CONGESTION_TYPE, slugifiedstring, i, key, value : RECURRENT recurrent-mexicocity-80-1-2-3-4-5-6-7-8-9-10-11-12-13-14-15-16-17-18-19-20-21-22-23-24 8 streets_per_node_count_3 0.0009014636665232893
config.CONGESTION_TYPE, slugifiedstring, i, key, value : RECURRENT recurrent-mexicocity-80-1-2-3-4-5-6-7-8-9-10-11-12-13-14-15-16-17-18-19-20-21-22-23-24 9 n -0.0010161087572168707
config.CONGESTION_TYPE, slugifiedstring, i, key, value : RECURRENT recurrent-mexicocity-80-1-2-3-4-5-6-7-8-9-10-11-12-13-14-15-16-17-18-19-20-21-22-23-24 10 metered_count -0.013482318015714912
config.CONGESTION_TYPE, slugifiedstring, i, key, value : RECURRENT recurrent-mexicocity-80-1-2-3-4-5-6-7-8-9-10-11-12-13-14-15-16-17-18-19-20-21-22-23-24 11 global_betweenness -0.0015764111277392272
config.CONGESTION_TYPE, slugifiedstring, i, key, value : RECURRENT recurrent-mexicocity-80-1-2-3-4-5-6-7-8-9-10-11-12-13-14-15-16-17-18-19-20-21-22-23-24 12 circuity_avg -0.00011046946871696298
config.CONGESTION_TYPE, slugifiedstring, i, key, value : RECURRENT recurrent-mexicocity-80-1-2-3-4-5-6-7-8-9-10-11-12-13-14-15-16-17-18-19-20-21-22-23-24 13 mean_lanes 0.0017248994636191685
config.CONGESTION_TYPE, slugifiedstring, i, key, value : RECURRENT recurrent-mexicocity-80-1-2-3-4-5-6-7-8-9-10-11-12-13-14-15-16-17-18-19-20-21-22-23-24 14 m 0.0017204482491283803
config.CONGESTION_TYPE, slugifiedstring, i, key, value : RECURRENT recurrent-mexicocity-80-1-2-3-4-5-6-7-8-9-10-11-12-13-14-15-16-17-18-19-20-21-22-23-24 15 streets_per_node_count_5 0.0030366231256641874
config.CONGESTION_TYPE, slugifiedstring, i, key, value : RECURRENT recurrent-mexicocity-80-1-2-3-4-5-6-7-8-9-10-11-12-13-14-15-16-17-18-19-20-21-22-23-24 16 streets_per_node_avg 0.0012348790419346627
SHAP Values for each feature:
Slug                           Feature Name         Mean Abs SHAP Value
SHAP-- recurrent-mexicocity-80-1-2-3-4-5-6-7-8-9-10-11-12-13-14-15-16-17-18-19-20-21-22-23-24 streets_per_node_count_2          0.0372
SHAP-- recurrent-mexicocity-80-1-2-3-4-5-6-7-8-9-10-11-12-13-14-15-16-17-18-19-20-21-22-23-24 total_crossings               0.0752
SHAP-- recurrent-mexicocity-80-1-2-3-4-5-6-7-8-9-10-11-12-13-14-15-16-17-18-19-20-21-22-23-24 betweenness                   0.0225
SHAP-- recurrent-mexicocity-80-1-2-3-4-5-6-7-8-9-10-11-12-13-14-15-16-17-18-19-20-21-22-23-24 streets_per_node_count_1          0.0000
SHAP-- recurrent-mexicocity-80-1-2-3-4-5-6-7-8-9-10-11-12-13-14-15-16-17-18-19-20-21-22-23-24 streets_per_node_count_4          0.0000
SHAP-- recurrent-mexicocity-80-1-2-3-4-5-6-7-8-9-10-11-12-13-14-15-16-17-18-19-20-21-22-23-24 k_avg                         0.0468
SHAP-- recurrent-mexicocity-80-1-2-3-4-5-6-7-8-9-10-11-12-13-14-15-16-17-18-19-20-21-22-23-24 non_metered_count             0.0174
SHAP-- recurrent-mexicocity-80-1-2-3-4-5-6-7-8-9-10-11-12-13-14-15-16-17-18-19-20-21-22-23-24 streets_per_node_count_6          0.0899
SHAP-- recurrent-mexicocity-80-1-2-3-4-5-6-7-8-9-10-11-12-13-14-15-16-17-18-19-20-21-22-23-24 streets_per_node_count_3          0.0733
SHAP-- recurrent-mexicocity-80-1-2-3-4-5-6-7-8-9-10-11-12-13-14-15-16-17-18-19-20-21-22-23-24 n                             0.0231
SHAP-- recurrent-mexicocity-80-1-2-3-4-5-6-7-8-9-10-11-12-13-14-15-16-17-18-19-20-21-22-23-24 metered_count                 0.1495
SHAP-- recurrent-mexicocity-80-1-2-3-4-5-6-7-8-9-10-11-12-13-14-15-16-17-18-19-20-21-22-23-24 global_betweenness            0.0393
SHAP-- recurrent-mexicocity-80-1-2-3-4-5-6-7-8-9-10-11-12-13-14-15-16-17-18-19-20-21-22-23-24 circuity_avg                  0.0046
SHAP-- recurrent-mexicocity-80-1-2-3-4-5-6-7-8-9-10-11-12-13-14-15-16-17-18-19-20-21-22-23-24 mean_lanes                    0.0161
SHAP-- recurrent-mexicocity-80-1-2-3-4-5-6-7-8-9-10-11-12-13-14-15-16-17-18-19-20-21-22-23-24 m                             0.0348
SHAP-- recurrent-mexicocity-80-1-2-3-4-5-6-7-8-9-10-11-12-13-14-15-16-17-18-19-20-21-22-23-24 streets_per_node_count_5          0.1010
SHAP-- recurrent-mexicocity-80-1-2-3-4-5-6-7-8-9-10-11-12-13-14-15-16-17-18-19-20-21-22-23-24 streets_per_node_avg          0.1295
RECURRENT MexicoCity 80 LR 0.35528792138023313 XpVar
RECURRENT MexicoCity 80 RF 0.4198698434281208 XpVar
RECURRENT MexicoCity 80 GBM 0.32997669318210515 XpVar
RECURRENT MexicoCity 80 LLR 1.586032892321652e-17 XpVar
RECURRENT MexicoCity 80 RLR 0.355394189286832 XpVar
RECURRENT MexicoCity 80 LR 0.5477329088489784 MSE
RECURRENT MexicoCity 80 RF 0.4941783583756744 MSE
RECURRENT MexicoCity 80 GBM 0.5714911876044422 MSE
RECURRENT MexicoCity 80 LLR 0.855797499270823 MSE
RECURRENT MexicoCity 80 RLR 0.5476488472161481 MSE
RECURRENT MexicoCity 80 LR 0.35152075850198017 R2
RECURRENT MexicoCity 80 RF 0.4154127599711965 R2
RECURRENT MexicoCity 80 GBM 0.3240019735661748 R2
RECURRENT MexicoCity 80 LLR -0.010989212776426616 R2
RECURRENT MexicoCity 80 RLR 0.35162700836957417 R2
t_spatial, t_non_spatial, "seconds" : 1.6689300537109375e-06 782.1158313751221 seconds
sorted_percentage_nan_per_column : maxspeed                         34.717785
n                                 0.000000
lane_density                      0.000000
streets_per_node_proportion_6     0.000000
streets_per_node_count_6          0.000000
streets_per_node_proportion_5     0.000000
streets_per_node_count_5          0.000000
streets_per_node_proportion_4     0.000000
streets_per_node_count_4          0.000000
streets_per_node_proportion_3     0.000000
streets_per_node_count_3          0.000000
streets_per_node_proportion_2     0.000000
streets_per_node_count_2          0.000000
streets_per_node_proportion_1     0.000000
streets_per_node_count_1          0.000000
mean_lanes                        0.000000
m                                 0.000000
betweenness                       0.000000
total_crossings                   0.000000
non_metered_count                 0.000000
metered_count                     0.000000
self_loop_proportion              0.000000
circuity_avg                      0.000000
street_length_avg                 0.000000
street_segment_count              0.000000
street_length_total               0.000000
streets_per_node_avg              0.000000
edge_length_avg                   0.000000
edge_length_total                 0.000000
k_avg                             0.000000
global_betweenness                0.000000
dtype: float64
city, scale, tod, config.shift_tile_marker, X.shape, Y.shape : MexicoCity 90 [1, 2, 3, 4, 5, 6, 7, 8, 9, 10, 11, 12, 13, 14, 15, 16, 17, 18, 19, 20, 21, 22, 23, 24] 3 (1878, 17) (1878,)
X.shape, Y.shape, "Inside the model-fitting function" : (1878, 17) (1878,) Inside the model-fitting function
Dict: model_trials.best_params_
Key: Value
{'randomforestregressor__max_depth': 10,
 'randomforestregressor__max_features': 'sqrt',
 'randomforestregressor__n_estimators': 500}
Dict: model_trials.best_params_
Key: Value
{'xgbregressor__learning_rate': 0.01,
 'xgbregressor__max_depth': 10,
 'xgbregressor__n_estimators': 200}
Matplotlib is currently using agg, which is a non-GUI backend, so cannot show the figure.
Matplotlib is currently using agg, which is a non-GUI backend, so cannot show the figure.
Matplotlib is currently using agg, which is a non-GUI backend, so cannot show the figure.
config.CONGESTION_TYPE, slugifiedstring, i, key, value : RECURRENT recurrent-mexicocity-90-1-2-3-4-5-6-7-8-9-10-11-12-13-14-15-16-17-18-19-20-21-22-23-24 0 streets_per_node_count_2 -0.004575025297586081
config.CONGESTION_TYPE, slugifiedstring, i, key, value : RECURRENT recurrent-mexicocity-90-1-2-3-4-5-6-7-8-9-10-11-12-13-14-15-16-17-18-19-20-21-22-23-24 1 total_crossings 0.0021543825557353764
config.CONGESTION_TYPE, slugifiedstring, i, key, value : RECURRENT recurrent-mexicocity-90-1-2-3-4-5-6-7-8-9-10-11-12-13-14-15-16-17-18-19-20-21-22-23-24 2 betweenness -0.0003387173616421774
config.CONGESTION_TYPE, slugifiedstring, i, key, value : RECURRENT recurrent-mexicocity-90-1-2-3-4-5-6-7-8-9-10-11-12-13-14-15-16-17-18-19-20-21-22-23-24 3 streets_per_node_count_1 0
config.CONGESTION_TYPE, slugifiedstring, i, key, value : RECURRENT recurrent-mexicocity-90-1-2-3-4-5-6-7-8-9-10-11-12-13-14-15-16-17-18-19-20-21-22-23-24 4 streets_per_node_count_4 0
config.CONGESTION_TYPE, slugifiedstring, i, key, value : RECURRENT recurrent-mexicocity-90-1-2-3-4-5-6-7-8-9-10-11-12-13-14-15-16-17-18-19-20-21-22-23-24 5 k_avg 0.0010759129249566005
config.CONGESTION_TYPE, slugifiedstring, i, key, value : RECURRENT recurrent-mexicocity-90-1-2-3-4-5-6-7-8-9-10-11-12-13-14-15-16-17-18-19-20-21-22-23-24 6 non_metered_count 0.0010026354420767682
config.CONGESTION_TYPE, slugifiedstring, i, key, value : RECURRENT recurrent-mexicocity-90-1-2-3-4-5-6-7-8-9-10-11-12-13-14-15-16-17-18-19-20-21-22-23-24 7 streets_per_node_count_6 0.0013729503850973168
config.CONGESTION_TYPE, slugifiedstring, i, key, value : RECURRENT recurrent-mexicocity-90-1-2-3-4-5-6-7-8-9-10-11-12-13-14-15-16-17-18-19-20-21-22-23-24 8 streets_per_node_count_3 0.0008037995393495065
config.CONGESTION_TYPE, slugifiedstring, i, key, value : RECURRENT recurrent-mexicocity-90-1-2-3-4-5-6-7-8-9-10-11-12-13-14-15-16-17-18-19-20-21-22-23-24 9 n 0.0024651571579156492
config.CONGESTION_TYPE, slugifiedstring, i, key, value : RECURRENT recurrent-mexicocity-90-1-2-3-4-5-6-7-8-9-10-11-12-13-14-15-16-17-18-19-20-21-22-23-24 10 metered_count 0.038359712817209846
config.CONGESTION_TYPE, slugifiedstring, i, key, value : RECURRENT recurrent-mexicocity-90-1-2-3-4-5-6-7-8-9-10-11-12-13-14-15-16-17-18-19-20-21-22-23-24 11 global_betweenness -0.0007453139550943181
config.CONGESTION_TYPE, slugifiedstring, i, key, value : RECURRENT recurrent-mexicocity-90-1-2-3-4-5-6-7-8-9-10-11-12-13-14-15-16-17-18-19-20-21-22-23-24 12 circuity_avg -8.236097177643786e-05
config.CONGESTION_TYPE, slugifiedstring, i, key, value : RECURRENT recurrent-mexicocity-90-1-2-3-4-5-6-7-8-9-10-11-12-13-14-15-16-17-18-19-20-21-22-23-24 13 mean_lanes 0.00515363841632129
config.CONGESTION_TYPE, slugifiedstring, i, key, value : RECURRENT recurrent-mexicocity-90-1-2-3-4-5-6-7-8-9-10-11-12-13-14-15-16-17-18-19-20-21-22-23-24 14 m 0.003896096741073464
config.CONGESTION_TYPE, slugifiedstring, i, key, value : RECURRENT recurrent-mexicocity-90-1-2-3-4-5-6-7-8-9-10-11-12-13-14-15-16-17-18-19-20-21-22-23-24 15 streets_per_node_count_5 0.0018739326455695534
config.CONGESTION_TYPE, slugifiedstring, i, key, value : RECURRENT recurrent-mexicocity-90-1-2-3-4-5-6-7-8-9-10-11-12-13-14-15-16-17-18-19-20-21-22-23-24 16 streets_per_node_avg 0.0011663391822465472
SHAP Values for each feature:
Slug                           Feature Name         Mean Abs SHAP Value
SHAP-- recurrent-mexicocity-90-1-2-3-4-5-6-7-8-9-10-11-12-13-14-15-16-17-18-19-20-21-22-23-24 streets_per_node_count_2          0.0278
SHAP-- recurrent-mexicocity-90-1-2-3-4-5-6-7-8-9-10-11-12-13-14-15-16-17-18-19-20-21-22-23-24 total_crossings               0.0692
SHAP-- recurrent-mexicocity-90-1-2-3-4-5-6-7-8-9-10-11-12-13-14-15-16-17-18-19-20-21-22-23-24 betweenness                   0.0176
SHAP-- recurrent-mexicocity-90-1-2-3-4-5-6-7-8-9-10-11-12-13-14-15-16-17-18-19-20-21-22-23-24 streets_per_node_count_1          0.0000
SHAP-- recurrent-mexicocity-90-1-2-3-4-5-6-7-8-9-10-11-12-13-14-15-16-17-18-19-20-21-22-23-24 streets_per_node_count_4          0.0000
SHAP-- recurrent-mexicocity-90-1-2-3-4-5-6-7-8-9-10-11-12-13-14-15-16-17-18-19-20-21-22-23-24 k_avg                         0.0594
SHAP-- recurrent-mexicocity-90-1-2-3-4-5-6-7-8-9-10-11-12-13-14-15-16-17-18-19-20-21-22-23-24 non_metered_count             0.0160
SHAP-- recurrent-mexicocity-90-1-2-3-4-5-6-7-8-9-10-11-12-13-14-15-16-17-18-19-20-21-22-23-24 streets_per_node_count_6          0.1222
SHAP-- recurrent-mexicocity-90-1-2-3-4-5-6-7-8-9-10-11-12-13-14-15-16-17-18-19-20-21-22-23-24 streets_per_node_count_3          0.0696
SHAP-- recurrent-mexicocity-90-1-2-3-4-5-6-7-8-9-10-11-12-13-14-15-16-17-18-19-20-21-22-23-24 n                             0.0232
SHAP-- recurrent-mexicocity-90-1-2-3-4-5-6-7-8-9-10-11-12-13-14-15-16-17-18-19-20-21-22-23-24 metered_count                 0.1287
SHAP-- recurrent-mexicocity-90-1-2-3-4-5-6-7-8-9-10-11-12-13-14-15-16-17-18-19-20-21-22-23-24 global_betweenness            0.0352
SHAP-- recurrent-mexicocity-90-1-2-3-4-5-6-7-8-9-10-11-12-13-14-15-16-17-18-19-20-21-22-23-24 circuity_avg                  0.0037
SHAP-- recurrent-mexicocity-90-1-2-3-4-5-6-7-8-9-10-11-12-13-14-15-16-17-18-19-20-21-22-23-24 mean_lanes                    0.0158
SHAP-- recurrent-mexicocity-90-1-2-3-4-5-6-7-8-9-10-11-12-13-14-15-16-17-18-19-20-21-22-23-24 m                             0.0355
SHAP-- recurrent-mexicocity-90-1-2-3-4-5-6-7-8-9-10-11-12-13-14-15-16-17-18-19-20-21-22-23-24 streets_per_node_count_5          0.0833
SHAP-- recurrent-mexicocity-90-1-2-3-4-5-6-7-8-9-10-11-12-13-14-15-16-17-18-19-20-21-22-23-24 streets_per_node_avg          0.1084
RECURRENT MexicoCity 90 LR 0.3469285203195755 XpVar
RECURRENT MexicoCity 90 RF 0.41171109753676777 XpVar
RECURRENT MexicoCity 90 GBM 0.3562280058822668 XpVar
RECURRENT MexicoCity 90 LLR -3.172065784643304e-17 XpVar
RECURRENT MexicoCity 90 RLR 0.34700058096410935 XpVar
RECURRENT MexicoCity 90 LR 0.5431859230400918 MSE
RECURRENT MexicoCity 90 RF 0.4878883866506213 MSE
RECURRENT MexicoCity 90 GBM 0.5355540555602103 MSE
RECURRENT MexicoCity 90 LLR 0.8352720022341273 MSE
RECURRENT MexicoCity 90 RLR 0.5431304802211965 MSE
RECURRENT MexicoCity 90 LR 0.34380733193632257 R2
RECURRENT MexicoCity 90 RF 0.4100605260941398 R2
RECURRENT MexicoCity 90 GBM 0.35327442291475736 R2
RECURRENT MexicoCity 90 LLR -0.0068061074887865326 R2
RECURRENT MexicoCity 90 RLR 0.34387676279719187 R2
t_spatial, t_non_spatial, "seconds" : 1.9073486328125e-06 945.9797632694244 seconds
sorted_percentage_nan_per_column : maxspeed                         4.938272
n                                0.000000
lane_density                     0.000000
streets_per_node_proportion_6    0.000000
streets_per_node_count_6         0.000000
streets_per_node_proportion_5    0.000000
streets_per_node_count_5         0.000000
streets_per_node_proportion_4    0.000000
streets_per_node_count_4         0.000000
streets_per_node_proportion_3    0.000000
streets_per_node_count_3         0.000000
streets_per_node_proportion_2    0.000000
streets_per_node_count_2         0.000000
streets_per_node_proportion_1    0.000000
streets_per_node_count_1         0.000000
mean_lanes                       0.000000
m                                0.000000
betweenness                      0.000000
total_crossings                  0.000000
non_metered_count                0.000000
metered_count                    0.000000
self_loop_proportion             0.000000
circuity_avg                     0.000000
street_length_avg                0.000000
street_segment_count             0.000000
street_length_total              0.000000
streets_per_node_avg             0.000000
edge_length_avg                  0.000000
edge_length_total                0.000000
k_avg                            0.000000
global_betweenness               0.000000
dtype: float64
city, scale, tod, config.shift_tile_marker, X.shape, Y.shape : MexicoCity 25 [1, 2, 3, 4, 5, 6, 7, 8, 9, 10, 11, 12, 13, 14, 15, 16, 17, 18, 19, 20, 21, 22, 23, 24] 3 (243, 17) (243,)
X.shape, Y.shape, "Inside the model-fitting function" : (243, 17) (243,) Inside the model-fitting function
Dict: model_trials.best_params_
Key: Value
{'randomforestregressor__max_depth': 10,
 'randomforestregressor__max_features': 'sqrt',
 'randomforestregressor__n_estimators': 500}
Dict: model_trials.best_params_
Key: Value
{'xgbregressor__learning_rate': 0.01,
 'xgbregressor__max_depth': 10,
 'xgbregressor__n_estimators': 200}
Matplotlib is currently using agg, which is a non-GUI backend, so cannot show the figure.
Matplotlib is currently using agg, which is a non-GUI backend, so cannot show the figure.
Matplotlib is currently using agg, which is a non-GUI backend, so cannot show the figure.
config.CONGESTION_TYPE, slugifiedstring, i, key, value : RECURRENT recurrent-mexicocity-25-1-2-3-4-5-6-7-8-9-10-11-12-13-14-15-16-17-18-19-20-21-22-23-24 0 streets_per_node_count_2 -0.004708984589280039
config.CONGESTION_TYPE, slugifiedstring, i, key, value : RECURRENT recurrent-mexicocity-25-1-2-3-4-5-6-7-8-9-10-11-12-13-14-15-16-17-18-19-20-21-22-23-24 1 total_crossings 0.0037239260699759103
config.CONGESTION_TYPE, slugifiedstring, i, key, value : RECURRENT recurrent-mexicocity-25-1-2-3-4-5-6-7-8-9-10-11-12-13-14-15-16-17-18-19-20-21-22-23-24 2 betweenness 0.02669038066450715
config.CONGESTION_TYPE, slugifiedstring, i, key, value : RECURRENT recurrent-mexicocity-25-1-2-3-4-5-6-7-8-9-10-11-12-13-14-15-16-17-18-19-20-21-22-23-24 3 streets_per_node_count_1 0
config.CONGESTION_TYPE, slugifiedstring, i, key, value : RECURRENT recurrent-mexicocity-25-1-2-3-4-5-6-7-8-9-10-11-12-13-14-15-16-17-18-19-20-21-22-23-24 4 streets_per_node_count_4 0
config.CONGESTION_TYPE, slugifiedstring, i, key, value : RECURRENT recurrent-mexicocity-25-1-2-3-4-5-6-7-8-9-10-11-12-13-14-15-16-17-18-19-20-21-22-23-24 5 k_avg -0.0013223594995649915
config.CONGESTION_TYPE, slugifiedstring, i, key, value : RECURRENT recurrent-mexicocity-25-1-2-3-4-5-6-7-8-9-10-11-12-13-14-15-16-17-18-19-20-21-22-23-24 6 non_metered_count 0.0019331680809653044
config.CONGESTION_TYPE, slugifiedstring, i, key, value : RECURRENT recurrent-mexicocity-25-1-2-3-4-5-6-7-8-9-10-11-12-13-14-15-16-17-18-19-20-21-22-23-24 7 streets_per_node_count_6 0.0049035498383067
config.CONGESTION_TYPE, slugifiedstring, i, key, value : RECURRENT recurrent-mexicocity-25-1-2-3-4-5-6-7-8-9-10-11-12-13-14-15-16-17-18-19-20-21-22-23-24 8 streets_per_node_count_3 0.004961523006467126
config.CONGESTION_TYPE, slugifiedstring, i, key, value : RECURRENT recurrent-mexicocity-25-1-2-3-4-5-6-7-8-9-10-11-12-13-14-15-16-17-18-19-20-21-22-23-24 9 n -0.004636290396562864
config.CONGESTION_TYPE, slugifiedstring, i, key, value : RECURRENT recurrent-mexicocity-25-1-2-3-4-5-6-7-8-9-10-11-12-13-14-15-16-17-18-19-20-21-22-23-24 10 metered_count 0.029948374057020038
config.CONGESTION_TYPE, slugifiedstring, i, key, value : RECURRENT recurrent-mexicocity-25-1-2-3-4-5-6-7-8-9-10-11-12-13-14-15-16-17-18-19-20-21-22-23-24 11 global_betweenness -0.003691982082544745
config.CONGESTION_TYPE, slugifiedstring, i, key, value : RECURRENT recurrent-mexicocity-25-1-2-3-4-5-6-7-8-9-10-11-12-13-14-15-16-17-18-19-20-21-22-23-24 12 circuity_avg -0.00014680030203138446
config.CONGESTION_TYPE, slugifiedstring, i, key, value : RECURRENT recurrent-mexicocity-25-1-2-3-4-5-6-7-8-9-10-11-12-13-14-15-16-17-18-19-20-21-22-23-24 13 mean_lanes -0.0012310275401484368
config.CONGESTION_TYPE, slugifiedstring, i, key, value : RECURRENT recurrent-mexicocity-25-1-2-3-4-5-6-7-8-9-10-11-12-13-14-15-16-17-18-19-20-21-22-23-24 14 m -0.032193075915194075
config.CONGESTION_TYPE, slugifiedstring, i, key, value : RECURRENT recurrent-mexicocity-25-1-2-3-4-5-6-7-8-9-10-11-12-13-14-15-16-17-18-19-20-21-22-23-24 15 streets_per_node_count_5 0.00990104697947732
config.CONGESTION_TYPE, slugifiedstring, i, key, value : RECURRENT recurrent-mexicocity-25-1-2-3-4-5-6-7-8-9-10-11-12-13-14-15-16-17-18-19-20-21-22-23-24 16 streets_per_node_avg 0.005550081803893658
SHAP Values for each feature:
Slug                           Feature Name         Mean Abs SHAP Value
SHAP-- recurrent-mexicocity-25-1-2-3-4-5-6-7-8-9-10-11-12-13-14-15-16-17-18-19-20-21-22-23-24 streets_per_node_count_2          0.0198
SHAP-- recurrent-mexicocity-25-1-2-3-4-5-6-7-8-9-10-11-12-13-14-15-16-17-18-19-20-21-22-23-24 total_crossings               0.0688
SHAP-- recurrent-mexicocity-25-1-2-3-4-5-6-7-8-9-10-11-12-13-14-15-16-17-18-19-20-21-22-23-24 betweenness                   0.0337
SHAP-- recurrent-mexicocity-25-1-2-3-4-5-6-7-8-9-10-11-12-13-14-15-16-17-18-19-20-21-22-23-24 streets_per_node_count_1          0.0000
SHAP-- recurrent-mexicocity-25-1-2-3-4-5-6-7-8-9-10-11-12-13-14-15-16-17-18-19-20-21-22-23-24 streets_per_node_count_4          0.0000
SHAP-- recurrent-mexicocity-25-1-2-3-4-5-6-7-8-9-10-11-12-13-14-15-16-17-18-19-20-21-22-23-24 k_avg                         0.0168
SHAP-- recurrent-mexicocity-25-1-2-3-4-5-6-7-8-9-10-11-12-13-14-15-16-17-18-19-20-21-22-23-24 non_metered_count             0.0213
SHAP-- recurrent-mexicocity-25-1-2-3-4-5-6-7-8-9-10-11-12-13-14-15-16-17-18-19-20-21-22-23-24 streets_per_node_count_6          0.1105
SHAP-- recurrent-mexicocity-25-1-2-3-4-5-6-7-8-9-10-11-12-13-14-15-16-17-18-19-20-21-22-23-24 streets_per_node_count_3          0.0998
SHAP-- recurrent-mexicocity-25-1-2-3-4-5-6-7-8-9-10-11-12-13-14-15-16-17-18-19-20-21-22-23-24 n                             0.0264
SHAP-- recurrent-mexicocity-25-1-2-3-4-5-6-7-8-9-10-11-12-13-14-15-16-17-18-19-20-21-22-23-24 metered_count                 0.1479
SHAP-- recurrent-mexicocity-25-1-2-3-4-5-6-7-8-9-10-11-12-13-14-15-16-17-18-19-20-21-22-23-24 global_betweenness            0.0484
SHAP-- recurrent-mexicocity-25-1-2-3-4-5-6-7-8-9-10-11-12-13-14-15-16-17-18-19-20-21-22-23-24 circuity_avg                  0.0015
SHAP-- recurrent-mexicocity-25-1-2-3-4-5-6-7-8-9-10-11-12-13-14-15-16-17-18-19-20-21-22-23-24 mean_lanes                    0.0138
SHAP-- recurrent-mexicocity-25-1-2-3-4-5-6-7-8-9-10-11-12-13-14-15-16-17-18-19-20-21-22-23-24 m                             0.0304
SHAP-- recurrent-mexicocity-25-1-2-3-4-5-6-7-8-9-10-11-12-13-14-15-16-17-18-19-20-21-22-23-24 streets_per_node_count_5          0.0768
SHAP-- recurrent-mexicocity-25-1-2-3-4-5-6-7-8-9-10-11-12-13-14-15-16-17-18-19-20-21-22-23-24 streets_per_node_avg          0.1114
RECURRENT MexicoCity 25 LR 0.534342491510303 XpVar
RECURRENT MexicoCity 25 RF 0.5579224720412724 XpVar
RECURRENT MexicoCity 25 GBM 0.4658337739715875 XpVar
RECURRENT MexicoCity 25 LLR 3.172065784643304e-17 XpVar
RECURRENT MexicoCity 25 RLR 0.5390508695114342 XpVar
RECURRENT MexicoCity 25 LR 0.30167198104654336 MSE
RECURRENT MexicoCity 25 RF 0.28080448097509564 MSE
RECURRENT MexicoCity 25 GBM 0.3452058925750176 MSE
RECURRENT MexicoCity 25 LLR 0.7055389982333626 MSE
RECURRENT MexicoCity 25 RLR 0.2982584851990387 MSE
RECURRENT MexicoCity 25 LR 0.5041506790514493 R2
RECURRENT MexicoCity 25 RF 0.5410112348973619 R2
RECURRENT MexicoCity 25 GBM 0.43967118926902005 R2
RECURRENT MexicoCity 25 LLR -0.1504034142979369 R2
RECURRENT MexicoCity 25 RLR 0.5088258467307243 R2
t_spatial, t_non_spatial, "seconds" : 1.9073486328125e-06 162.21764993667603 seconds
sorted_percentage_nan_per_column : maxspeed                         22.094508
n                                 0.000000
lane_density                      0.000000
streets_per_node_proportion_6     0.000000
streets_per_node_count_6          0.000000
streets_per_node_proportion_5     0.000000
streets_per_node_count_5          0.000000
streets_per_node_proportion_4     0.000000
streets_per_node_count_4          0.000000
streets_per_node_proportion_3     0.000000
streets_per_node_count_3          0.000000
streets_per_node_proportion_2     0.000000
streets_per_node_count_2          0.000000
streets_per_node_proportion_1     0.000000
streets_per_node_count_1          0.000000
mean_lanes                        0.000000
m                                 0.000000
betweenness                       0.000000
total_crossings                   0.000000
non_metered_count                 0.000000
metered_count                     0.000000
self_loop_proportion              0.000000
circuity_avg                      0.000000
street_length_avg                 0.000000
street_segment_count              0.000000
street_length_total               0.000000
streets_per_node_avg              0.000000
edge_length_avg                   0.000000
edge_length_total                 0.000000
k_avg                             0.000000
global_betweenness                0.000000
dtype: float64
city, scale, tod, config.shift_tile_marker, X.shape, Y.shape : MexicoCity 50 [1, 2, 3, 4, 5, 6, 7, 8, 9, 10, 11, 12, 13, 14, 15, 16, 17, 18, 19, 20, 21, 22, 23, 24] 3 (783, 17) (783,)
X.shape, Y.shape, "Inside the model-fitting function" : (783, 17) (783,) Inside the model-fitting function
Dict: model_trials.best_params_
Key: Value
{'randomforestregressor__max_depth': 20,
 'randomforestregressor__max_features': 'sqrt',
 'randomforestregressor__n_estimators': 100}
Dict: model_trials.best_params_
Key: Value
{'xgbregressor__learning_rate': 0.01,
 'xgbregressor__max_depth': 10,
 'xgbregressor__n_estimators': 200}
Matplotlib is currently using agg, which is a non-GUI backend, so cannot show the figure.
Matplotlib is currently using agg, which is a non-GUI backend, so cannot show the figure.
Matplotlib is currently using agg, which is a non-GUI backend, so cannot show the figure.
config.CONGESTION_TYPE, slugifiedstring, i, key, value : RECURRENT recurrent-mexicocity-50-1-2-3-4-5-6-7-8-9-10-11-12-13-14-15-16-17-18-19-20-21-22-23-24 0 streets_per_node_count_2 -0.007469567416211314
config.CONGESTION_TYPE, slugifiedstring, i, key, value : RECURRENT recurrent-mexicocity-50-1-2-3-4-5-6-7-8-9-10-11-12-13-14-15-16-17-18-19-20-21-22-23-24 1 total_crossings 0.0028831523398115248
config.CONGESTION_TYPE, slugifiedstring, i, key, value : RECURRENT recurrent-mexicocity-50-1-2-3-4-5-6-7-8-9-10-11-12-13-14-15-16-17-18-19-20-21-22-23-24 2 betweenness -0.0007450488425947781
config.CONGESTION_TYPE, slugifiedstring, i, key, value : RECURRENT recurrent-mexicocity-50-1-2-3-4-5-6-7-8-9-10-11-12-13-14-15-16-17-18-19-20-21-22-23-24 3 streets_per_node_count_1 0
config.CONGESTION_TYPE, slugifiedstring, i, key, value : RECURRENT recurrent-mexicocity-50-1-2-3-4-5-6-7-8-9-10-11-12-13-14-15-16-17-18-19-20-21-22-23-24 4 streets_per_node_count_4 0
config.CONGESTION_TYPE, slugifiedstring, i, key, value : RECURRENT recurrent-mexicocity-50-1-2-3-4-5-6-7-8-9-10-11-12-13-14-15-16-17-18-19-20-21-22-23-24 5 k_avg 0.014155275991461897
config.CONGESTION_TYPE, slugifiedstring, i, key, value : RECURRENT recurrent-mexicocity-50-1-2-3-4-5-6-7-8-9-10-11-12-13-14-15-16-17-18-19-20-21-22-23-24 6 non_metered_count 0.0029948076807933374
config.CONGESTION_TYPE, slugifiedstring, i, key, value : RECURRENT recurrent-mexicocity-50-1-2-3-4-5-6-7-8-9-10-11-12-13-14-15-16-17-18-19-20-21-22-23-24 7 streets_per_node_count_6 0.0026441136318828937
config.CONGESTION_TYPE, slugifiedstring, i, key, value : RECURRENT recurrent-mexicocity-50-1-2-3-4-5-6-7-8-9-10-11-12-13-14-15-16-17-18-19-20-21-22-23-24 8 streets_per_node_count_3 0.0031430286394821187
config.CONGESTION_TYPE, slugifiedstring, i, key, value : RECURRENT recurrent-mexicocity-50-1-2-3-4-5-6-7-8-9-10-11-12-13-14-15-16-17-18-19-20-21-22-23-24 9 n 0.013625855238901315
config.CONGESTION_TYPE, slugifiedstring, i, key, value : RECURRENT recurrent-mexicocity-50-1-2-3-4-5-6-7-8-9-10-11-12-13-14-15-16-17-18-19-20-21-22-23-24 10 metered_count -0.0809848341247314
config.CONGESTION_TYPE, slugifiedstring, i, key, value : RECURRENT recurrent-mexicocity-50-1-2-3-4-5-6-7-8-9-10-11-12-13-14-15-16-17-18-19-20-21-22-23-24 11 global_betweenness -0.0010290973207350632
config.CONGESTION_TYPE, slugifiedstring, i, key, value : RECURRENT recurrent-mexicocity-50-1-2-3-4-5-6-7-8-9-10-11-12-13-14-15-16-17-18-19-20-21-22-23-24 12 circuity_avg -0.0002343836237397402
config.CONGESTION_TYPE, slugifiedstring, i, key, value : RECURRENT recurrent-mexicocity-50-1-2-3-4-5-6-7-8-9-10-11-12-13-14-15-16-17-18-19-20-21-22-23-24 13 mean_lanes -0.0006380876117565907
config.CONGESTION_TYPE, slugifiedstring, i, key, value : RECURRENT recurrent-mexicocity-50-1-2-3-4-5-6-7-8-9-10-11-12-13-14-15-16-17-18-19-20-21-22-23-24 14 m -0.008586305113312882
config.CONGESTION_TYPE, slugifiedstring, i, key, value : RECURRENT recurrent-mexicocity-50-1-2-3-4-5-6-7-8-9-10-11-12-13-14-15-16-17-18-19-20-21-22-23-24 15 streets_per_node_count_5 0.007910652665587685
config.CONGESTION_TYPE, slugifiedstring, i, key, value : RECURRENT recurrent-mexicocity-50-1-2-3-4-5-6-7-8-9-10-11-12-13-14-15-16-17-18-19-20-21-22-23-24 16 streets_per_node_avg 0.0022890401489651887
SHAP Values for each feature:
Slug                           Feature Name         Mean Abs SHAP Value
SHAP-- recurrent-mexicocity-50-1-2-3-4-5-6-7-8-9-10-11-12-13-14-15-16-17-18-19-20-21-22-23-24 streets_per_node_count_2          0.0340
SHAP-- recurrent-mexicocity-50-1-2-3-4-5-6-7-8-9-10-11-12-13-14-15-16-17-18-19-20-21-22-23-24 total_crossings               0.0730
SHAP-- recurrent-mexicocity-50-1-2-3-4-5-6-7-8-9-10-11-12-13-14-15-16-17-18-19-20-21-22-23-24 betweenness                   0.0228
SHAP-- recurrent-mexicocity-50-1-2-3-4-5-6-7-8-9-10-11-12-13-14-15-16-17-18-19-20-21-22-23-24 streets_per_node_count_1          0.0000
SHAP-- recurrent-mexicocity-50-1-2-3-4-5-6-7-8-9-10-11-12-13-14-15-16-17-18-19-20-21-22-23-24 streets_per_node_count_4          0.0000
SHAP-- recurrent-mexicocity-50-1-2-3-4-5-6-7-8-9-10-11-12-13-14-15-16-17-18-19-20-21-22-23-24 k_avg                         0.0364
SHAP-- recurrent-mexicocity-50-1-2-3-4-5-6-7-8-9-10-11-12-13-14-15-16-17-18-19-20-21-22-23-24 non_metered_count             0.0266
SHAP-- recurrent-mexicocity-50-1-2-3-4-5-6-7-8-9-10-11-12-13-14-15-16-17-18-19-20-21-22-23-24 streets_per_node_count_6          0.1064
SHAP-- recurrent-mexicocity-50-1-2-3-4-5-6-7-8-9-10-11-12-13-14-15-16-17-18-19-20-21-22-23-24 streets_per_node_count_3          0.1039
SHAP-- recurrent-mexicocity-50-1-2-3-4-5-6-7-8-9-10-11-12-13-14-15-16-17-18-19-20-21-22-23-24 n                             0.0339
SHAP-- recurrent-mexicocity-50-1-2-3-4-5-6-7-8-9-10-11-12-13-14-15-16-17-18-19-20-21-22-23-24 metered_count                 0.1462
SHAP-- recurrent-mexicocity-50-1-2-3-4-5-6-7-8-9-10-11-12-13-14-15-16-17-18-19-20-21-22-23-24 global_betweenness            0.0402
SHAP-- recurrent-mexicocity-50-1-2-3-4-5-6-7-8-9-10-11-12-13-14-15-16-17-18-19-20-21-22-23-24 circuity_avg                  0.0066
SHAP-- recurrent-mexicocity-50-1-2-3-4-5-6-7-8-9-10-11-12-13-14-15-16-17-18-19-20-21-22-23-24 mean_lanes                    0.0230
SHAP-- recurrent-mexicocity-50-1-2-3-4-5-6-7-8-9-10-11-12-13-14-15-16-17-18-19-20-21-22-23-24 m                             0.0376
SHAP-- recurrent-mexicocity-50-1-2-3-4-5-6-7-8-9-10-11-12-13-14-15-16-17-18-19-20-21-22-23-24 streets_per_node_count_5          0.0755
SHAP-- recurrent-mexicocity-50-1-2-3-4-5-6-7-8-9-10-11-12-13-14-15-16-17-18-19-20-21-22-23-24 streets_per_node_avg          0.1129
RECURRENT MexicoCity 50 LR 0.41960271388366327 XpVar
RECURRENT MexicoCity 50 RF 0.4720491117064037 XpVar
RECURRENT MexicoCity 50 GBM 0.3534225280619093 XpVar
RECURRENT MexicoCity 50 LLR -1.586032892321652e-17 XpVar
RECURRENT MexicoCity 50 RLR 0.4204569027824454 XpVar
RECURRENT MexicoCity 50 LR 0.4533987672813809 MSE
RECURRENT MexicoCity 50 RF 0.4122641845846842 MSE
RECURRENT MexicoCity 50 GBM 0.5056044104532524 MSE
RECURRENT MexicoCity 50 LLR 0.784923309873501 MSE
RECURRENT MexicoCity 50 RLR 0.45273285476829855 MSE
RECURRENT MexicoCity 50 LR 0.416894894431075 R2
RECURRENT MexicoCity 50 RF 0.4701831598070039 R2
RECURRENT MexicoCity 50 GBM 0.3500554872228179 R2
RECURRENT MexicoCity 50 LLR -0.007939022845148549 R2
RECURRENT MexicoCity 50 RLR 0.41774078023559164 R2
t_spatial, t_non_spatial, "seconds" : 2.86102294921875e-06 408.5920350551605 seconds
sorted_percentage_nan_per_column : maxspeed                         37.5
n                                 0.0
lane_density                      0.0
streets_per_node_proportion_6     0.0
streets_per_node_count_6          0.0
streets_per_node_proportion_5     0.0
streets_per_node_count_5          0.0
streets_per_node_proportion_4     0.0
streets_per_node_count_4          0.0
streets_per_node_proportion_3     0.0
streets_per_node_count_3          0.0
streets_per_node_proportion_2     0.0
streets_per_node_count_2          0.0
streets_per_node_proportion_1     0.0
streets_per_node_count_1          0.0
mean_lanes                        0.0
m                                 0.0
betweenness                       0.0
total_crossings                   0.0
non_metered_count                 0.0
metered_count                     0.0
self_loop_proportion              0.0
circuity_avg                      0.0
street_length_avg                 0.0
street_segment_count              0.0
street_length_total               0.0
streets_per_node_avg              0.0
edge_length_avg                   0.0
edge_length_total                 0.0
k_avg                             0.0
global_betweenness                0.0
dtype: float64
city, scale, tod, config.shift_tile_marker, X.shape, Y.shape : MexicoCity 100 [1, 2, 3, 4, 5, 6, 7, 8, 9, 10, 11, 12, 13, 14, 15, 16, 17, 18, 19, 20, 21, 22, 23, 24] 3 (2184, 17) (2184,)
X.shape, Y.shape, "Inside the model-fitting function" : (2184, 17) (2184,) Inside the model-fitting function
Dict: model_trials.best_params_
Key: Value
{'randomforestregressor__max_depth': 10,
 'randomforestregressor__max_features': 'sqrt',
 'randomforestregressor__n_estimators': 300}
Dict: model_trials.best_params_
Key: Value
{'xgbregressor__learning_rate': 0.01,
 'xgbregressor__max_depth': 10,
 'xgbregressor__n_estimators': 200}
Matplotlib is currently using agg, which is a non-GUI backend, so cannot show the figure.
config.CONGESTION_TYPE, slugifiedstring, i, key, value : RECURRENT recurrent-mexicocity-100-1-2-3-4-5-6-7-8-9-10-11-12-13-14-15-16-17-18-19-20-21-22-23-24 0 streets_per_node_count_2 -0.002910622718937777
config.CONGESTION_TYPE, slugifiedstring, i, key, value : RECURRENT recurrent-mexicocity-100-1-2-3-4-5-6-7-8-9-10-11-12-13-14-15-16-17-18-19-20-21-22-23-24 1 total_crossings 0.0026628557814500804
config.CONGESTION_TYPE, slugifiedstring, i, key, value : RECURRENT recurrent-mexicocity-100-1-2-3-4-5-6-7-8-9-10-11-12-13-14-15-16-17-18-19-20-21-22-23-24 2 betweenness -0.0006004762987889958
config.CONGESTION_TYPE, slugifiedstring, i, key, value : RECURRENT recurrent-mexicocity-100-1-2-3-4-5-6-7-8-9-10-11-12-13-14-15-16-17-18-19-20-21-22-23-24 3 streets_per_node_count_1 0
config.CONGESTION_TYPE, slugifiedstring, i, key, value : RECURRENT recurrent-mexicocity-100-1-2-3-4-5-6-7-8-9-10-11-12-13-14-15-16-17-18-19-20-21-22-23-24 4 streets_per_node_count_4 0
config.CONGESTION_TYPE, slugifiedstring, i, key, value : RECURRENT recurrent-mexicocity-100-1-2-3-4-5-6-7-8-9-10-11-12-13-14-15-16-17-18-19-20-21-22-23-24 5 k_avg 0.001331051017933603
config.CONGESTION_TYPE, slugifiedstring, i, key, value : RECURRENT recurrent-mexicocity-100-1-2-3-4-5-6-7-8-9-10-11-12-13-14-15-16-17-18-19-20-21-22-23-24 6 non_metered_count 0.0006568208953857208
config.CONGESTION_TYPE, slugifiedstring, i, key, value : RECURRENT recurrent-mexicocity-100-1-2-3-4-5-6-7-8-9-10-11-12-13-14-15-16-17-18-19-20-21-22-23-24 7 streets_per_node_count_6 0.0009726422644784643
config.CONGESTION_TYPE, slugifiedstring, i, key, value : RECURRENT recurrent-mexicocity-100-1-2-3-4-5-6-7-8-9-10-11-12-13-14-15-16-17-18-19-20-21-22-23-24 8 streets_per_node_count_3 0.0008268831863785384
config.CONGESTION_TYPE, slugifiedstring, i, key, value : RECURRENT recurrent-mexicocity-100-1-2-3-4-5-6-7-8-9-10-11-12-13-14-15-16-17-18-19-20-21-22-23-24 9 n -0.018136424718856865
config.CONGESTION_TYPE, slugifiedstring, i, key, value : RECURRENT recurrent-mexicocity-100-1-2-3-4-5-6-7-8-9-10-11-12-13-14-15-16-17-18-19-20-21-22-23-24 10 metered_count -0.010038304286822737
config.CONGESTION_TYPE, slugifiedstring, i, key, value : RECURRENT recurrent-mexicocity-100-1-2-3-4-5-6-7-8-9-10-11-12-13-14-15-16-17-18-19-20-21-22-23-24 11 global_betweenness -0.0006401481908600691
config.CONGESTION_TYPE, slugifiedstring, i, key, value : RECURRENT recurrent-mexicocity-100-1-2-3-4-5-6-7-8-9-10-11-12-13-14-15-16-17-18-19-20-21-22-23-24 12 circuity_avg -7.18754179925715e-05
config.CONGESTION_TYPE, slugifiedstring, i, key, value : RECURRENT recurrent-mexicocity-100-1-2-3-4-5-6-7-8-9-10-11-12-13-14-15-16-17-18-19-20-21-22-23-24 13 mean_lanes 0.0031763726342411277
config.CONGESTION_TYPE, slugifiedstring, i, key, value : RECURRENT recurrent-mexicocity-100-1-2-3-4-5-6-7-8-9-10-11-12-13-14-15-16-17-18-19-20-21-22-23-24 14 m -0.0021970059933845215
config.CONGESTION_TYPE, slugifiedstring, i, key, value : RECURRENT recurrent-mexicocity-100-1-2-3-4-5-6-7-8-9-10-11-12-13-14-15-16-17-18-19-20-21-22-23-24 15 streets_per_node_count_5 0.0016983030306634219
config.CONGESTION_TYPE, slugifiedstring, i, key, value : RECURRENT recurrent-mexicocity-100-1-2-3-4-5-6-7-8-9-10-11-12-13-14-15-16-17-18-19-20-21-22-23-24 16 streets_per_node_avg 0.001084197907587839
SHAP Values for each feature:
Slug                           Feature Name         Mean Abs SHAP Value
SHAP-- recurrent-mexicocity-100-1-2-3-4-5-6-7-8-9-10-11-12-13-14-15-16-17-18-19-20-21-22-23-24 streets_per_node_count_2          0.0279
SHAP-- recurrent-mexicocity-100-1-2-3-4-5-6-7-8-9-10-11-12-13-14-15-16-17-18-19-20-21-22-23-24 total_crossings               0.0823
SHAP-- recurrent-mexicocity-100-1-2-3-4-5-6-7-8-9-10-11-12-13-14-15-16-17-18-19-20-21-22-23-24 betweenness                   0.0221
SHAP-- recurrent-mexicocity-100-1-2-3-4-5-6-7-8-9-10-11-12-13-14-15-16-17-18-19-20-21-22-23-24 streets_per_node_count_1          0.0000
SHAP-- recurrent-mexicocity-100-1-2-3-4-5-6-7-8-9-10-11-12-13-14-15-16-17-18-19-20-21-22-23-24 streets_per_node_count_4          0.0000
SHAP-- recurrent-mexicocity-100-1-2-3-4-5-6-7-8-9-10-11-12-13-14-15-16-17-18-19-20-21-22-23-24 k_avg                         0.0649
SHAP-- recurrent-mexicocity-100-1-2-3-4-5-6-7-8-9-10-11-12-13-14-15-16-17-18-19-20-21-22-23-24 non_metered_count             0.0151
SHAP-- recurrent-mexicocity-100-1-2-3-4-5-6-7-8-9-10-11-12-13-14-15-16-17-18-19-20-21-22-23-24 streets_per_node_count_6          0.1065
SHAP-- recurrent-mexicocity-100-1-2-3-4-5-6-7-8-9-10-11-12-13-14-15-16-17-18-19-20-21-22-23-24 streets_per_node_count_3          0.0644
SHAP-- recurrent-mexicocity-100-1-2-3-4-5-6-7-8-9-10-11-12-13-14-15-16-17-18-19-20-21-22-23-24 n                             0.0218
SHAP-- recurrent-mexicocity-100-1-2-3-4-5-6-7-8-9-10-11-12-13-14-15-16-17-18-19-20-21-22-23-24 metered_count                 0.1301
SHAP-- recurrent-mexicocity-100-1-2-3-4-5-6-7-8-9-10-11-12-13-14-15-16-17-18-19-20-21-22-23-24 global_betweenness            0.0332
SHAP-- recurrent-mexicocity-100-1-2-3-4-5-6-7-8-9-10-11-12-13-14-15-16-17-18-19-20-21-22-23-24 circuity_avg                  0.0052
SHAP-- recurrent-mexicocity-100-1-2-3-4-5-6-7-8-9-10-11-12-13-14-15-16-17-18-19-20-21-22-23-24 mean_lanes                    0.0223
SHAP-- recurrent-mexicocity-100-1-2-3-4-5-6-7-8-9-10-11-12-13-14-15-16-17-18-19-20-21-22-23-24 m                             0.0279
SHAP-- recurrent-mexicocity-100-1-2-3-4-5-6-7-8-9-10-11-12-13-14-15-16-17-18-19-20-21-22-23-24 streets_per_node_count_5          0.0848
SHAP-- recurrent-mexicocity-100-1-2-3-4-5-6-7-8-9-10-11-12-13-14-15-16-17-18-19-20-21-22-23-24 streets_per_node_avg          0.1328
RECURRENT MexicoCity 100 LR 0.3211805330721284 XpVar
RECURRENT MexicoCity 100 RF 0.41163477137463433 XpVar
RECURRENT MexicoCity 100 GBM 0.3603981097303496 XpVar
RECURRENT MexicoCity 100 LLR 0.0 XpVar
RECURRENT MexicoCity 100 RLR 0.32138736843172405 XpVar
RECURRENT MexicoCity 100 LR 0.5879766536943861 MSE
RECURRENT MexicoCity 100 RF 0.5103456257905725 MSE
RECURRENT MexicoCity 100 GBM 0.5548742957921242 MSE
RECURRENT MexicoCity 100 LLR 0.8662085743523218 MSE
RECURRENT MexicoCity 100 RLR 0.5878034299691415 MSE
RECURRENT MexicoCity 100 LR 0.31720434705659933 R2
RECURRENT MexicoCity 100 RF 0.4073364208483708 R2
RECURRENT MexicoCity 100 GBM 0.3564417293049224 R2
RECURRENT MexicoCity 100 LLR -0.004488238927054792 R2
RECURRENT MexicoCity 100 RLR 0.3174059133527442 R2
t_spatial, t_non_spatial, "seconds" : 1.9073486328125e-06 988.6597952842712 seconds

 Complete: python urbanscales/modelling/SHAP_analysis.py

