config.CONGESTION_TYPE, slugifiedstring, i, key, value : RECURRENT recurrent-mumbai-20-1-2-3-4-5-6-7-8-9-10-11-12-13-14-15-16-17-18-19-20-21-22-23-24 0 streets_per_node_count_1 0
config.CONGESTION_TYPE, slugifiedstring, i, key, value : RECURRENT recurrent-mumbai-20-1-2-3-4-5-6-7-8-9-10-11-12-13-14-15-16-17-18-19-20-21-22-23-24 1 m -0.04063641930574813
config.CONGESTION_TYPE, slugifiedstring, i, key, value : RECURRENT recurrent-mumbai-20-1-2-3-4-5-6-7-8-9-10-11-12-13-14-15-16-17-18-19-20-21-22-23-24 2 metered_count -0.025671362918537315
config.CONGESTION_TYPE, slugifiedstring, i, key, value : RECURRENT recurrent-mumbai-20-1-2-3-4-5-6-7-8-9-10-11-12-13-14-15-16-17-18-19-20-21-22-23-24 3 total_crossings -0.01336126138183214
config.CONGESTION_TYPE, slugifiedstring, i, key, value : RECURRENT recurrent-mumbai-20-1-2-3-4-5-6-7-8-9-10-11-12-13-14-15-16-17-18-19-20-21-22-23-24 4 betweenness 0.03639857458900467
config.CONGESTION_TYPE, slugifiedstring, i, key, value : RECURRENT recurrent-mumbai-20-1-2-3-4-5-6-7-8-9-10-11-12-13-14-15-16-17-18-19-20-21-22-23-24 5 non_metered_count -0.004755400009944464
config.CONGESTION_TYPE, slugifiedstring, i, key, value : RECURRENT recurrent-mumbai-20-1-2-3-4-5-6-7-8-9-10-11-12-13-14-15-16-17-18-19-20-21-22-23-24 6 circuity_avg 0.000979332442677927
config.CONGESTION_TYPE, slugifiedstring, i, key, value : RECURRENT recurrent-mumbai-20-1-2-3-4-5-6-7-8-9-10-11-12-13-14-15-16-17-18-19-20-21-22-23-24 7 streets_per_node_count_2 0.019308861449833317
config.CONGESTION_TYPE, slugifiedstring, i, key, value : RECURRENT recurrent-mumbai-20-1-2-3-4-5-6-7-8-9-10-11-12-13-14-15-16-17-18-19-20-21-22-23-24 8 n 0.03755010180993908
config.CONGESTION_TYPE, slugifiedstring, i, key, value : RECURRENT recurrent-mumbai-20-1-2-3-4-5-6-7-8-9-10-11-12-13-14-15-16-17-18-19-20-21-22-23-24 9 streets_per_node_count_3 -0.07221115440790804
config.CONGESTION_TYPE, slugifiedstring, i, key, value : RECURRENT recurrent-mumbai-20-1-2-3-4-5-6-7-8-9-10-11-12-13-14-15-16-17-18-19-20-21-22-23-24 10 streets_per_node_count_4 0
config.CONGESTION_TYPE, slugifiedstring, i, key, value : RECURRENT recurrent-mumbai-20-1-2-3-4-5-6-7-8-9-10-11-12-13-14-15-16-17-18-19-20-21-22-23-24 11 streets_per_node_avg 0.02101747542080201
config.CONGESTION_TYPE, slugifiedstring, i, key, value : RECURRENT recurrent-mumbai-20-1-2-3-4-5-6-7-8-9-10-11-12-13-14-15-16-17-18-19-20-21-22-23-24 12 streets_per_node_count_6 0.0354017767869386
config.CONGESTION_TYPE, slugifiedstring, i, key, value : RECURRENT recurrent-mumbai-20-1-2-3-4-5-6-7-8-9-10-11-12-13-14-15-16-17-18-19-20-21-22-23-24 13 global_betweenness 0.014957045629518289
config.CONGESTION_TYPE, slugifiedstring, i, key, value : RECURRENT recurrent-mumbai-20-1-2-3-4-5-6-7-8-9-10-11-12-13-14-15-16-17-18-19-20-21-22-23-24 14 streets_per_node_count_5 0.06667181676232277
config.CONGESTION_TYPE, slugifiedstring, i, key, value : RECURRENT recurrent-mumbai-20-1-2-3-4-5-6-7-8-9-10-11-12-13-14-15-16-17-18-19-20-21-22-23-24 15 mean_lanes 0.017506724513828044
config.CONGESTION_TYPE, slugifiedstring, i, key, value : RECURRENT recurrent-mumbai-20-1-2-3-4-5-6-7-8-9-10-11-12-13-14-15-16-17-18-19-20-21-22-23-24 16 k_avg 0.017835059216602958
config.CONGESTION_TYPE, slugifiedstring, i, key, value : RECURRENT recurrent-mumbai-30-1-2-3-4-5-6-7-8-9-10-11-12-13-14-15-16-17-18-19-20-21-22-23-24 0 streets_per_node_count_1 0
config.CONGESTION_TYPE, slugifiedstring, i, key, value : RECURRENT recurrent-mumbai-30-1-2-3-4-5-6-7-8-9-10-11-12-13-14-15-16-17-18-19-20-21-22-23-24 1 m 0.02109829059508055
config.CONGESTION_TYPE, slugifiedstring, i, key, value : RECURRENT recurrent-mumbai-30-1-2-3-4-5-6-7-8-9-10-11-12-13-14-15-16-17-18-19-20-21-22-23-24 2 metered_count -0.035044376712919593
config.CONGESTION_TYPE, slugifiedstring, i, key, value : RECURRENT recurrent-mumbai-30-1-2-3-4-5-6-7-8-9-10-11-12-13-14-15-16-17-18-19-20-21-22-23-24 3 total_crossings -0.01004787938969363
config.CONGESTION_TYPE, slugifiedstring, i, key, value : RECURRENT recurrent-mumbai-30-1-2-3-4-5-6-7-8-9-10-11-12-13-14-15-16-17-18-19-20-21-22-23-24 4 betweenness 0.003510438576007427
config.CONGESTION_TYPE, slugifiedstring, i, key, value : RECURRENT recurrent-mumbai-30-1-2-3-4-5-6-7-8-9-10-11-12-13-14-15-16-17-18-19-20-21-22-23-24 5 non_metered_count -0.0025181300165603338
config.CONGESTION_TYPE, slugifiedstring, i, key, value : RECURRENT recurrent-mumbai-30-1-2-3-4-5-6-7-8-9-10-11-12-13-14-15-16-17-18-19-20-21-22-23-24 6 circuity_avg -0.0021684299879795466
config.CONGESTION_TYPE, slugifiedstring, i, key, value : RECURRENT recurrent-mumbai-30-1-2-3-4-5-6-7-8-9-10-11-12-13-14-15-16-17-18-19-20-21-22-23-24 7 streets_per_node_count_2 0.00612643240921938
config.CONGESTION_TYPE, slugifiedstring, i, key, value : RECURRENT recurrent-mumbai-30-1-2-3-4-5-6-7-8-9-10-11-12-13-14-15-16-17-18-19-20-21-22-23-24 8 n 0.010951798770970066
config.CONGESTION_TYPE, slugifiedstring, i, key, value : RECURRENT recurrent-mumbai-30-1-2-3-4-5-6-7-8-9-10-11-12-13-14-15-16-17-18-19-20-21-22-23-24 9 streets_per_node_count_3 0.07855659393943362
config.CONGESTION_TYPE, slugifiedstring, i, key, value : RECURRENT recurrent-mumbai-30-1-2-3-4-5-6-7-8-9-10-11-12-13-14-15-16-17-18-19-20-21-22-23-24 10 streets_per_node_count_4 0
config.CONGESTION_TYPE, slugifiedstring, i, key, value : RECURRENT recurrent-mumbai-30-1-2-3-4-5-6-7-8-9-10-11-12-13-14-15-16-17-18-19-20-21-22-23-24 11 streets_per_node_avg 0.0296041230101226
config.CONGESTION_TYPE, slugifiedstring, i, key, value : RECURRENT recurrent-mumbai-30-1-2-3-4-5-6-7-8-9-10-11-12-13-14-15-16-17-18-19-20-21-22-23-24 12 streets_per_node_count_6 -0.02321865775963199
config.CONGESTION_TYPE, slugifiedstring, i, key, value : RECURRENT recurrent-mumbai-30-1-2-3-4-5-6-7-8-9-10-11-12-13-14-15-16-17-18-19-20-21-22-23-24 13 global_betweenness 0.011244272802469542
config.CONGESTION_TYPE, slugifiedstring, i, key, value : RECURRENT recurrent-mumbai-30-1-2-3-4-5-6-7-8-9-10-11-12-13-14-15-16-17-18-19-20-21-22-23-24 14 streets_per_node_count_5 0.7365147034498291
config.CONGESTION_TYPE, slugifiedstring, i, key, value : RECURRENT recurrent-mumbai-30-1-2-3-4-5-6-7-8-9-10-11-12-13-14-15-16-17-18-19-20-21-22-23-24 15 mean_lanes 0.009703461134961639
config.CONGESTION_TYPE, slugifiedstring, i, key, value : RECURRENT recurrent-mumbai-30-1-2-3-4-5-6-7-8-9-10-11-12-13-14-15-16-17-18-19-20-21-22-23-24 16 k_avg 0.0056632729147998995
config.CONGESTION_TYPE, slugifiedstring, i, key, value : RECURRENT recurrent-mumbai-40-1-2-3-4-5-6-7-8-9-10-11-12-13-14-15-16-17-18-19-20-21-22-23-24 0 streets_per_node_count_1 0
config.CONGESTION_TYPE, slugifiedstring, i, key, value : RECURRENT recurrent-mumbai-40-1-2-3-4-5-6-7-8-9-10-11-12-13-14-15-16-17-18-19-20-21-22-23-24 1 m 0.010385213367338919
config.CONGESTION_TYPE, slugifiedstring, i, key, value : RECURRENT recurrent-mumbai-40-1-2-3-4-5-6-7-8-9-10-11-12-13-14-15-16-17-18-19-20-21-22-23-24 2 metered_count -0.00405205703460169
config.CONGESTION_TYPE, slugifiedstring, i, key, value : RECURRENT recurrent-mumbai-40-1-2-3-4-5-6-7-8-9-10-11-12-13-14-15-16-17-18-19-20-21-22-23-24 3 total_crossings -0.005605622953182581
config.CONGESTION_TYPE, slugifiedstring, i, key, value : RECURRENT recurrent-mumbai-40-1-2-3-4-5-6-7-8-9-10-11-12-13-14-15-16-17-18-19-20-21-22-23-24 4 betweenness 0.002997694426102496
config.CONGESTION_TYPE, slugifiedstring, i, key, value : RECURRENT recurrent-mumbai-40-1-2-3-4-5-6-7-8-9-10-11-12-13-14-15-16-17-18-19-20-21-22-23-24 5 non_metered_count -0.0010471404892720842
config.CONGESTION_TYPE, slugifiedstring, i, key, value : RECURRENT recurrent-mumbai-40-1-2-3-4-5-6-7-8-9-10-11-12-13-14-15-16-17-18-19-20-21-22-23-24 6 circuity_avg -0.011454055044190682
config.CONGESTION_TYPE, slugifiedstring, i, key, value : RECURRENT recurrent-mumbai-40-1-2-3-4-5-6-7-8-9-10-11-12-13-14-15-16-17-18-19-20-21-22-23-24 7 streets_per_node_count_2 0.004891366187312783
config.CONGESTION_TYPE, slugifiedstring, i, key, value : RECURRENT recurrent-mumbai-40-1-2-3-4-5-6-7-8-9-10-11-12-13-14-15-16-17-18-19-20-21-22-23-24 8 n 0.01825905561230237
config.CONGESTION_TYPE, slugifiedstring, i, key, value : RECURRENT recurrent-mumbai-40-1-2-3-4-5-6-7-8-9-10-11-12-13-14-15-16-17-18-19-20-21-22-23-24 9 streets_per_node_count_3 0.030246391270189042
config.CONGESTION_TYPE, slugifiedstring, i, key, value : RECURRENT recurrent-mumbai-40-1-2-3-4-5-6-7-8-9-10-11-12-13-14-15-16-17-18-19-20-21-22-23-24 10 streets_per_node_count_4 0
config.CONGESTION_TYPE, slugifiedstring, i, key, value : RECURRENT recurrent-mumbai-40-1-2-3-4-5-6-7-8-9-10-11-12-13-14-15-16-17-18-19-20-21-22-23-24 11 streets_per_node_avg 0.005596392964882301
config.CONGESTION_TYPE, slugifiedstring, i, key, value : RECURRENT recurrent-mumbai-40-1-2-3-4-5-6-7-8-9-10-11-12-13-14-15-16-17-18-19-20-21-22-23-24 12 streets_per_node_count_6 -0.010821889496565876
config.CONGESTION_TYPE, slugifiedstring, i, key, value : RECURRENT recurrent-mumbai-40-1-2-3-4-5-6-7-8-9-10-11-12-13-14-15-16-17-18-19-20-21-22-23-24 13 global_betweenness 0.004143037551492896
config.CONGESTION_TYPE, slugifiedstring, i, key, value : RECURRENT recurrent-mumbai-40-1-2-3-4-5-6-7-8-9-10-11-12-13-14-15-16-17-18-19-20-21-22-23-24 14 streets_per_node_count_5 0.005087990242212334
config.CONGESTION_TYPE, slugifiedstring, i, key, value : RECURRENT recurrent-mumbai-40-1-2-3-4-5-6-7-8-9-10-11-12-13-14-15-16-17-18-19-20-21-22-23-24 15 mean_lanes 0.006583113941969408
config.CONGESTION_TYPE, slugifiedstring, i, key, value : RECURRENT recurrent-mumbai-40-1-2-3-4-5-6-7-8-9-10-11-12-13-14-15-16-17-18-19-20-21-22-23-24 16 k_avg 0.0025072949496355613
config.CONGESTION_TYPE, slugifiedstring, i, key, value : RECURRENT recurrent-mumbai-60-1-2-3-4-5-6-7-8-9-10-11-12-13-14-15-16-17-18-19-20-21-22-23-24 0 streets_per_node_count_1 0
config.CONGESTION_TYPE, slugifiedstring, i, key, value : RECURRENT recurrent-mumbai-60-1-2-3-4-5-6-7-8-9-10-11-12-13-14-15-16-17-18-19-20-21-22-23-24 1 m 0.003723225658075916
config.CONGESTION_TYPE, slugifiedstring, i, key, value : RECURRENT recurrent-mumbai-60-1-2-3-4-5-6-7-8-9-10-11-12-13-14-15-16-17-18-19-20-21-22-23-24 2 metered_count -0.004834257862768584
config.CONGESTION_TYPE, slugifiedstring, i, key, value : RECURRENT recurrent-mumbai-60-1-2-3-4-5-6-7-8-9-10-11-12-13-14-15-16-17-18-19-20-21-22-23-24 3 total_crossings -0.0025168444611775157
config.CONGESTION_TYPE, slugifiedstring, i, key, value : RECURRENT recurrent-mumbai-60-1-2-3-4-5-6-7-8-9-10-11-12-13-14-15-16-17-18-19-20-21-22-23-24 4 betweenness 0.005489673601640738
config.CONGESTION_TYPE, slugifiedstring, i, key, value : RECURRENT recurrent-mumbai-60-1-2-3-4-5-6-7-8-9-10-11-12-13-14-15-16-17-18-19-20-21-22-23-24 5 non_metered_count -0.0020232495363272204
config.CONGESTION_TYPE, slugifiedstring, i, key, value : RECURRENT recurrent-mumbai-60-1-2-3-4-5-6-7-8-9-10-11-12-13-14-15-16-17-18-19-20-21-22-23-24 6 circuity_avg 0.0009822986893534176
config.CONGESTION_TYPE, slugifiedstring, i, key, value : RECURRENT recurrent-mumbai-60-1-2-3-4-5-6-7-8-9-10-11-12-13-14-15-16-17-18-19-20-21-22-23-24 7 streets_per_node_count_2 0.004656856660506167
config.CONGESTION_TYPE, slugifiedstring, i, key, value : RECURRENT recurrent-mumbai-60-1-2-3-4-5-6-7-8-9-10-11-12-13-14-15-16-17-18-19-20-21-22-23-24 8 n 0.00397449947522265
config.CONGESTION_TYPE, slugifiedstring, i, key, value : RECURRENT recurrent-mumbai-60-1-2-3-4-5-6-7-8-9-10-11-12-13-14-15-16-17-18-19-20-21-22-23-24 9 streets_per_node_count_3 0.014660309146451186
config.CONGESTION_TYPE, slugifiedstring, i, key, value : RECURRENT recurrent-mumbai-60-1-2-3-4-5-6-7-8-9-10-11-12-13-14-15-16-17-18-19-20-21-22-23-24 10 streets_per_node_count_4 0
config.CONGESTION_TYPE, slugifiedstring, i, key, value : RECURRENT recurrent-mumbai-60-1-2-3-4-5-6-7-8-9-10-11-12-13-14-15-16-17-18-19-20-21-22-23-24 11 streets_per_node_avg -0.004436066936152737
config.CONGESTION_TYPE, slugifiedstring, i, key, value : RECURRENT recurrent-mumbai-60-1-2-3-4-5-6-7-8-9-10-11-12-13-14-15-16-17-18-19-20-21-22-23-24 12 streets_per_node_count_6 -0.018276231235751037
config.CONGESTION_TYPE, slugifiedstring, i, key, value : RECURRENT recurrent-mumbai-60-1-2-3-4-5-6-7-8-9-10-11-12-13-14-15-16-17-18-19-20-21-22-23-24 13 global_betweenness -0.21064461666245898
config.CONGESTION_TYPE, slugifiedstring, i, key, value : RECURRENT recurrent-mumbai-60-1-2-3-4-5-6-7-8-9-10-11-12-13-14-15-16-17-18-19-20-21-22-23-24 14 streets_per_node_count_5 0.13033155492998896
config.CONGESTION_TYPE, slugifiedstring, i, key, value : RECURRENT recurrent-mumbai-60-1-2-3-4-5-6-7-8-9-10-11-12-13-14-15-16-17-18-19-20-21-22-23-24 15 mean_lanes 0.0020533336323412883
config.CONGESTION_TYPE, slugifiedstring, i, key, value : RECURRENT recurrent-mumbai-60-1-2-3-4-5-6-7-8-9-10-11-12-13-14-15-16-17-18-19-20-21-22-23-24 16 k_avg 0.0020481213333640638
config.CONGESTION_TYPE, slugifiedstring, i, key, value : RECURRENT recurrent-mumbai-70-1-2-3-4-5-6-7-8-9-10-11-12-13-14-15-16-17-18-19-20-21-22-23-24 0 streets_per_node_count_1 0
config.CONGESTION_TYPE, slugifiedstring, i, key, value : RECURRENT recurrent-mumbai-70-1-2-3-4-5-6-7-8-9-10-11-12-13-14-15-16-17-18-19-20-21-22-23-24 1 m 0.002400448952413176
config.CONGESTION_TYPE, slugifiedstring, i, key, value : RECURRENT recurrent-mumbai-70-1-2-3-4-5-6-7-8-9-10-11-12-13-14-15-16-17-18-19-20-21-22-23-24 2 metered_count -0.005301345180012676
config.CONGESTION_TYPE, slugifiedstring, i, key, value : RECURRENT recurrent-mumbai-70-1-2-3-4-5-6-7-8-9-10-11-12-13-14-15-16-17-18-19-20-21-22-23-24 3 total_crossings -0.00422828063116345
config.CONGESTION_TYPE, slugifiedstring, i, key, value : RECURRENT recurrent-mumbai-70-1-2-3-4-5-6-7-8-9-10-11-12-13-14-15-16-17-18-19-20-21-22-23-24 4 betweenness 0.004610591559122586
config.CONGESTION_TYPE, slugifiedstring, i, key, value : RECURRENT recurrent-mumbai-70-1-2-3-4-5-6-7-8-9-10-11-12-13-14-15-16-17-18-19-20-21-22-23-24 5 non_metered_count 0.00021980877587264819
config.CONGESTION_TYPE, slugifiedstring, i, key, value : RECURRENT recurrent-mumbai-70-1-2-3-4-5-6-7-8-9-10-11-12-13-14-15-16-17-18-19-20-21-22-23-24 6 circuity_avg 0.0013635620925849612
config.CONGESTION_TYPE, slugifiedstring, i, key, value : RECURRENT recurrent-mumbai-70-1-2-3-4-5-6-7-8-9-10-11-12-13-14-15-16-17-18-19-20-21-22-23-24 7 streets_per_node_count_2 0.0010685179363356936
config.CONGESTION_TYPE, slugifiedstring, i, key, value : RECURRENT recurrent-mumbai-70-1-2-3-4-5-6-7-8-9-10-11-12-13-14-15-16-17-18-19-20-21-22-23-24 8 n 0.00188202363011108
config.CONGESTION_TYPE, slugifiedstring, i, key, value : RECURRENT recurrent-mumbai-70-1-2-3-4-5-6-7-8-9-10-11-12-13-14-15-16-17-18-19-20-21-22-23-24 9 streets_per_node_count_3 -0.004849609583772385
config.CONGESTION_TYPE, slugifiedstring, i, key, value : RECURRENT recurrent-mumbai-70-1-2-3-4-5-6-7-8-9-10-11-12-13-14-15-16-17-18-19-20-21-22-23-24 10 streets_per_node_count_4 0
config.CONGESTION_TYPE, slugifiedstring, i, key, value : RECURRENT recurrent-mumbai-70-1-2-3-4-5-6-7-8-9-10-11-12-13-14-15-16-17-18-19-20-21-22-23-24 11 streets_per_node_avg 0.016928267759598208
config.CONGESTION_TYPE, slugifiedstring, i, key, value : RECURRENT recurrent-mumbai-70-1-2-3-4-5-6-7-8-9-10-11-12-13-14-15-16-17-18-19-20-21-22-23-24 12 streets_per_node_count_6 -0.003226851772858105
config.CONGESTION_TYPE, slugifiedstring, i, key, value : RECURRENT recurrent-mumbai-70-1-2-3-4-5-6-7-8-9-10-11-12-13-14-15-16-17-18-19-20-21-22-23-24 13 global_betweenness 0.007898617284300396
config.CONGESTION_TYPE, slugifiedstring, i, key, value : RECURRENT recurrent-mumbai-70-1-2-3-4-5-6-7-8-9-10-11-12-13-14-15-16-17-18-19-20-21-22-23-24 14 streets_per_node_count_5 -0.062019862582128174
config.CONGESTION_TYPE, slugifiedstring, i, key, value : RECURRENT recurrent-mumbai-70-1-2-3-4-5-6-7-8-9-10-11-12-13-14-15-16-17-18-19-20-21-22-23-24 15 mean_lanes 0.002855201649276281
config.CONGESTION_TYPE, slugifiedstring, i, key, value : RECURRENT recurrent-mumbai-70-1-2-3-4-5-6-7-8-9-10-11-12-13-14-15-16-17-18-19-20-21-22-23-24 16 k_avg 0.002240662926217883
config.CONGESTION_TYPE, slugifiedstring, i, key, value : RECURRENT recurrent-mumbai-80-1-2-3-4-5-6-7-8-9-10-11-12-13-14-15-16-17-18-19-20-21-22-23-24 0 streets_per_node_count_1 0
config.CONGESTION_TYPE, slugifiedstring, i, key, value : RECURRENT recurrent-mumbai-80-1-2-3-4-5-6-7-8-9-10-11-12-13-14-15-16-17-18-19-20-21-22-23-24 1 m 0.001825280566796795
config.CONGESTION_TYPE, slugifiedstring, i, key, value : RECURRENT recurrent-mumbai-80-1-2-3-4-5-6-7-8-9-10-11-12-13-14-15-16-17-18-19-20-21-22-23-24 2 metered_count -0.0028778809975564443
config.CONGESTION_TYPE, slugifiedstring, i, key, value : RECURRENT recurrent-mumbai-80-1-2-3-4-5-6-7-8-9-10-11-12-13-14-15-16-17-18-19-20-21-22-23-24 3 total_crossings -0.002482711483275453
config.CONGESTION_TYPE, slugifiedstring, i, key, value : RECURRENT recurrent-mumbai-80-1-2-3-4-5-6-7-8-9-10-11-12-13-14-15-16-17-18-19-20-21-22-23-24 4 betweenness 0.0016724068734552844
config.CONGESTION_TYPE, slugifiedstring, i, key, value : RECURRENT recurrent-mumbai-80-1-2-3-4-5-6-7-8-9-10-11-12-13-14-15-16-17-18-19-20-21-22-23-24 5 non_metered_count 0.0009069591180754719
config.CONGESTION_TYPE, slugifiedstring, i, key, value : RECURRENT recurrent-mumbai-80-1-2-3-4-5-6-7-8-9-10-11-12-13-14-15-16-17-18-19-20-21-22-23-24 6 circuity_avg -0.0008926975091220466
config.CONGESTION_TYPE, slugifiedstring, i, key, value : RECURRENT recurrent-mumbai-80-1-2-3-4-5-6-7-8-9-10-11-12-13-14-15-16-17-18-19-20-21-22-23-24 7 streets_per_node_count_2 0.0021784181606083817
config.CONGESTION_TYPE, slugifiedstring, i, key, value : RECURRENT recurrent-mumbai-80-1-2-3-4-5-6-7-8-9-10-11-12-13-14-15-16-17-18-19-20-21-22-23-24 8 n 0.0023494772416573187
config.CONGESTION_TYPE, slugifiedstring, i, key, value : RECURRENT recurrent-mumbai-80-1-2-3-4-5-6-7-8-9-10-11-12-13-14-15-16-17-18-19-20-21-22-23-24 9 streets_per_node_count_3 0.020666080817218047
config.CONGESTION_TYPE, slugifiedstring, i, key, value : RECURRENT recurrent-mumbai-80-1-2-3-4-5-6-7-8-9-10-11-12-13-14-15-16-17-18-19-20-21-22-23-24 10 streets_per_node_count_4 0
config.CONGESTION_TYPE, slugifiedstring, i, key, value : RECURRENT recurrent-mumbai-80-1-2-3-4-5-6-7-8-9-10-11-12-13-14-15-16-17-18-19-20-21-22-23-24 11 streets_per_node_avg -0.007574358336343472
config.CONGESTION_TYPE, slugifiedstring, i, key, value : RECURRENT recurrent-mumbai-80-1-2-3-4-5-6-7-8-9-10-11-12-13-14-15-16-17-18-19-20-21-22-23-24 12 streets_per_node_count_6 -0.026415283878461187
config.CONGESTION_TYPE, slugifiedstring, i, key, value : RECURRENT recurrent-mumbai-80-1-2-3-4-5-6-7-8-9-10-11-12-13-14-15-16-17-18-19-20-21-22-23-24 13 global_betweenness 0.009680180154772886
config.CONGESTION_TYPE, slugifiedstring, i, key, value : RECURRENT recurrent-mumbai-80-1-2-3-4-5-6-7-8-9-10-11-12-13-14-15-16-17-18-19-20-21-22-23-24 14 streets_per_node_count_5 -0.02336758399391846
config.CONGESTION_TYPE, slugifiedstring, i, key, value : RECURRENT recurrent-mumbai-80-1-2-3-4-5-6-7-8-9-10-11-12-13-14-15-16-17-18-19-20-21-22-23-24 15 mean_lanes 0.0020943337217407816
config.CONGESTION_TYPE, slugifiedstring, i, key, value : RECURRENT recurrent-mumbai-80-1-2-3-4-5-6-7-8-9-10-11-12-13-14-15-16-17-18-19-20-21-22-23-24 16 k_avg 0.0016873741315796844
config.CONGESTION_TYPE, slugifiedstring, i, key, value : RECURRENT recurrent-mumbai-90-1-2-3-4-5-6-7-8-9-10-11-12-13-14-15-16-17-18-19-20-21-22-23-24 0 streets_per_node_count_1 0
config.CONGESTION_TYPE, slugifiedstring, i, key, value : RECURRENT recurrent-mumbai-90-1-2-3-4-5-6-7-8-9-10-11-12-13-14-15-16-17-18-19-20-21-22-23-24 1 m 0.003084840087683922
config.CONGESTION_TYPE, slugifiedstring, i, key, value : RECURRENT recurrent-mumbai-90-1-2-3-4-5-6-7-8-9-10-11-12-13-14-15-16-17-18-19-20-21-22-23-24 2 metered_count -0.0032827476920611605
config.CONGESTION_TYPE, slugifiedstring, i, key, value : RECURRENT recurrent-mumbai-90-1-2-3-4-5-6-7-8-9-10-11-12-13-14-15-16-17-18-19-20-21-22-23-24 3 total_crossings -0.0021154281589718335
config.CONGESTION_TYPE, slugifiedstring, i, key, value : RECURRENT recurrent-mumbai-90-1-2-3-4-5-6-7-8-9-10-11-12-13-14-15-16-17-18-19-20-21-22-23-24 4 betweenness -0.009467845595551484
config.CONGESTION_TYPE, slugifiedstring, i, key, value : RECURRENT recurrent-mumbai-90-1-2-3-4-5-6-7-8-9-10-11-12-13-14-15-16-17-18-19-20-21-22-23-24 5 non_metered_count 0.016389049259860903
config.CONGESTION_TYPE, slugifiedstring, i, key, value : RECURRENT recurrent-mumbai-90-1-2-3-4-5-6-7-8-9-10-11-12-13-14-15-16-17-18-19-20-21-22-23-24 6 circuity_avg 0.000905392488117078
config.CONGESTION_TYPE, slugifiedstring, i, key, value : RECURRENT recurrent-mumbai-90-1-2-3-4-5-6-7-8-9-10-11-12-13-14-15-16-17-18-19-20-21-22-23-24 7 streets_per_node_count_2 0.001417539820501379
config.CONGESTION_TYPE, slugifiedstring, i, key, value : RECURRENT recurrent-mumbai-90-1-2-3-4-5-6-7-8-9-10-11-12-13-14-15-16-17-18-19-20-21-22-23-24 8 n 0.0020985239255124945
config.CONGESTION_TYPE, slugifiedstring, i, key, value : RECURRENT recurrent-mumbai-90-1-2-3-4-5-6-7-8-9-10-11-12-13-14-15-16-17-18-19-20-21-22-23-24 9 streets_per_node_count_3 -0.0028630692592211625
config.CONGESTION_TYPE, slugifiedstring, i, key, value : RECURRENT recurrent-mumbai-90-1-2-3-4-5-6-7-8-9-10-11-12-13-14-15-16-17-18-19-20-21-22-23-24 10 streets_per_node_count_4 0
config.CONGESTION_TYPE, slugifiedstring, i, key, value : RECURRENT recurrent-mumbai-90-1-2-3-4-5-6-7-8-9-10-11-12-13-14-15-16-17-18-19-20-21-22-23-24 11 streets_per_node_avg -0.005917032490667192
config.CONGESTION_TYPE, slugifiedstring, i, key, value : RECURRENT recurrent-mumbai-90-1-2-3-4-5-6-7-8-9-10-11-12-13-14-15-16-17-18-19-20-21-22-23-24 12 streets_per_node_count_6 -0.0057883611758588836
config.CONGESTION_TYPE, slugifiedstring, i, key, value : RECURRENT recurrent-mumbai-90-1-2-3-4-5-6-7-8-9-10-11-12-13-14-15-16-17-18-19-20-21-22-23-24 13 global_betweenness 0.01210420977764222
config.CONGESTION_TYPE, slugifiedstring, i, key, value : RECURRENT recurrent-mumbai-90-1-2-3-4-5-6-7-8-9-10-11-12-13-14-15-16-17-18-19-20-21-22-23-24 14 streets_per_node_count_5 0.013024593534862265
config.CONGESTION_TYPE, slugifiedstring, i, key, value : RECURRENT recurrent-mumbai-90-1-2-3-4-5-6-7-8-9-10-11-12-13-14-15-16-17-18-19-20-21-22-23-24 15 mean_lanes 0.0015990710675578765
config.CONGESTION_TYPE, slugifiedstring, i, key, value : RECURRENT recurrent-mumbai-90-1-2-3-4-5-6-7-8-9-10-11-12-13-14-15-16-17-18-19-20-21-22-23-24 16 k_avg 0.0010397142059726569
config.CONGESTION_TYPE, slugifiedstring, i, key, value : RECURRENT recurrent-mumbai-25-1-2-3-4-5-6-7-8-9-10-11-12-13-14-15-16-17-18-19-20-21-22-23-24 0 streets_per_node_count_1 0
config.CONGESTION_TYPE, slugifiedstring, i, key, value : RECURRENT recurrent-mumbai-25-1-2-3-4-5-6-7-8-9-10-11-12-13-14-15-16-17-18-19-20-21-22-23-24 1 m 0.007935362630623968
config.CONGESTION_TYPE, slugifiedstring, i, key, value : RECURRENT recurrent-mumbai-25-1-2-3-4-5-6-7-8-9-10-11-12-13-14-15-16-17-18-19-20-21-22-23-24 2 metered_count -0.05339263339265994
config.CONGESTION_TYPE, slugifiedstring, i, key, value : RECURRENT recurrent-mumbai-25-1-2-3-4-5-6-7-8-9-10-11-12-13-14-15-16-17-18-19-20-21-22-23-24 3 total_crossings -0.2972850993954566
config.CONGESTION_TYPE, slugifiedstring, i, key, value : RECURRENT recurrent-mumbai-25-1-2-3-4-5-6-7-8-9-10-11-12-13-14-15-16-17-18-19-20-21-22-23-24 4 betweenness 0.020972381821119553
config.CONGESTION_TYPE, slugifiedstring, i, key, value : RECURRENT recurrent-mumbai-25-1-2-3-4-5-6-7-8-9-10-11-12-13-14-15-16-17-18-19-20-21-22-23-24 5 non_metered_count -0.020059921855229017
config.CONGESTION_TYPE, slugifiedstring, i, key, value : RECURRENT recurrent-mumbai-25-1-2-3-4-5-6-7-8-9-10-11-12-13-14-15-16-17-18-19-20-21-22-23-24 6 circuity_avg 0.013367546285346634
config.CONGESTION_TYPE, slugifiedstring, i, key, value : RECURRENT recurrent-mumbai-25-1-2-3-4-5-6-7-8-9-10-11-12-13-14-15-16-17-18-19-20-21-22-23-24 7 streets_per_node_count_2 0.032512535342247344
config.CONGESTION_TYPE, slugifiedstring, i, key, value : RECURRENT recurrent-mumbai-25-1-2-3-4-5-6-7-8-9-10-11-12-13-14-15-16-17-18-19-20-21-22-23-24 8 n 0.018626217167820307
config.CONGESTION_TYPE, slugifiedstring, i, key, value : RECURRENT recurrent-mumbai-25-1-2-3-4-5-6-7-8-9-10-11-12-13-14-15-16-17-18-19-20-21-22-23-24 9 streets_per_node_count_3 -0.3639229629052469
config.CONGESTION_TYPE, slugifiedstring, i, key, value : RECURRENT recurrent-mumbai-25-1-2-3-4-5-6-7-8-9-10-11-12-13-14-15-16-17-18-19-20-21-22-23-24 10 streets_per_node_count_4 0
config.CONGESTION_TYPE, slugifiedstring, i, key, value : RECURRENT recurrent-mumbai-25-1-2-3-4-5-6-7-8-9-10-11-12-13-14-15-16-17-18-19-20-21-22-23-24 11 streets_per_node_avg 0.008169523244511107
config.CONGESTION_TYPE, slugifiedstring, i, key, value : RECURRENT recurrent-mumbai-25-1-2-3-4-5-6-7-8-9-10-11-12-13-14-15-16-17-18-19-20-21-22-23-24 12 streets_per_node_count_6 0.013706407983664487
config.CONGESTION_TYPE, slugifiedstring, i, key, value : RECURRENT recurrent-mumbai-25-1-2-3-4-5-6-7-8-9-10-11-12-13-14-15-16-17-18-19-20-21-22-23-24 13 global_betweenness 0.028486270871206924
config.CONGESTION_TYPE, slugifiedstring, i, key, value : RECURRENT recurrent-mumbai-25-1-2-3-4-5-6-7-8-9-10-11-12-13-14-15-16-17-18-19-20-21-22-23-24 14 streets_per_node_count_5 0.007844839907153994
config.CONGESTION_TYPE, slugifiedstring, i, key, value : RECURRENT recurrent-mumbai-25-1-2-3-4-5-6-7-8-9-10-11-12-13-14-15-16-17-18-19-20-21-22-23-24 15 mean_lanes 0.016489316770393846
config.CONGESTION_TYPE, slugifiedstring, i, key, value : RECURRENT recurrent-mumbai-25-1-2-3-4-5-6-7-8-9-10-11-12-13-14-15-16-17-18-19-20-21-22-23-24 16 k_avg 0.004142819294143513
config.CONGESTION_TYPE, slugifiedstring, i, key, value : RECURRENT recurrent-mumbai-50-1-2-3-4-5-6-7-8-9-10-11-12-13-14-15-16-17-18-19-20-21-22-23-24 0 streets_per_node_count_1 0
config.CONGESTION_TYPE, slugifiedstring, i, key, value : RECURRENT recurrent-mumbai-50-1-2-3-4-5-6-7-8-9-10-11-12-13-14-15-16-17-18-19-20-21-22-23-24 1 m 0.005374484932366399
config.CONGESTION_TYPE, slugifiedstring, i, key, value : RECURRENT recurrent-mumbai-50-1-2-3-4-5-6-7-8-9-10-11-12-13-14-15-16-17-18-19-20-21-22-23-24 2 metered_count -0.003582038278510286
config.CONGESTION_TYPE, slugifiedstring, i, key, value : RECURRENT recurrent-mumbai-50-1-2-3-4-5-6-7-8-9-10-11-12-13-14-15-16-17-18-19-20-21-22-23-24 3 total_crossings -0.0033324872674250577
config.CONGESTION_TYPE, slugifiedstring, i, key, value : RECURRENT recurrent-mumbai-50-1-2-3-4-5-6-7-8-9-10-11-12-13-14-15-16-17-18-19-20-21-22-23-24 4 betweenness 0.002216499096853221
config.CONGESTION_TYPE, slugifiedstring, i, key, value : RECURRENT recurrent-mumbai-50-1-2-3-4-5-6-7-8-9-10-11-12-13-14-15-16-17-18-19-20-21-22-23-24 5 non_metered_count -0.0011220300629021971
config.CONGESTION_TYPE, slugifiedstring, i, key, value : RECURRENT recurrent-mumbai-50-1-2-3-4-5-6-7-8-9-10-11-12-13-14-15-16-17-18-19-20-21-22-23-24 6 circuity_avg 0.0019422414644543493
config.CONGESTION_TYPE, slugifiedstring, i, key, value : RECURRENT recurrent-mumbai-50-1-2-3-4-5-6-7-8-9-10-11-12-13-14-15-16-17-18-19-20-21-22-23-24 7 streets_per_node_count_2 0.009679354020065386
config.CONGESTION_TYPE, slugifiedstring, i, key, value : RECURRENT recurrent-mumbai-50-1-2-3-4-5-6-7-8-9-10-11-12-13-14-15-16-17-18-19-20-21-22-23-24 8 n 0.0034042588001292656
config.CONGESTION_TYPE, slugifiedstring, i, key, value : RECURRENT recurrent-mumbai-50-1-2-3-4-5-6-7-8-9-10-11-12-13-14-15-16-17-18-19-20-21-22-23-24 9 streets_per_node_count_3 -0.6929728988132425
config.CONGESTION_TYPE, slugifiedstring, i, key, value : RECURRENT recurrent-mumbai-50-1-2-3-4-5-6-7-8-9-10-11-12-13-14-15-16-17-18-19-20-21-22-23-24 10 streets_per_node_count_4 0
config.CONGESTION_TYPE, slugifiedstring, i, key, value : RECURRENT recurrent-mumbai-50-1-2-3-4-5-6-7-8-9-10-11-12-13-14-15-16-17-18-19-20-21-22-23-24 11 streets_per_node_avg 0.005848161279445327
config.CONGESTION_TYPE, slugifiedstring, i, key, value : RECURRENT recurrent-mumbai-50-1-2-3-4-5-6-7-8-9-10-11-12-13-14-15-16-17-18-19-20-21-22-23-24 12 streets_per_node_count_6 0.004398252239365835
config.CONGESTION_TYPE, slugifiedstring, i, key, value : RECURRENT recurrent-mumbai-50-1-2-3-4-5-6-7-8-9-10-11-12-13-14-15-16-17-18-19-20-21-22-23-24 13 global_betweenness 0.028566193306265038
config.CONGESTION_TYPE, slugifiedstring, i, key, value : RECURRENT recurrent-mumbai-50-1-2-3-4-5-6-7-8-9-10-11-12-13-14-15-16-17-18-19-20-21-22-23-24 14 streets_per_node_count_5 0.017242158861749075
config.CONGESTION_TYPE, slugifiedstring, i, key, value : RECURRENT recurrent-mumbai-50-1-2-3-4-5-6-7-8-9-10-11-12-13-14-15-16-17-18-19-20-21-22-23-24 15 mean_lanes 0.005095499003393757
config.CONGESTION_TYPE, slugifiedstring, i, key, value : RECURRENT recurrent-mumbai-50-1-2-3-4-5-6-7-8-9-10-11-12-13-14-15-16-17-18-19-20-21-22-23-24 16 k_avg 0.0024357299933740998
config.CONGESTION_TYPE, slugifiedstring, i, key, value : RECURRENT recurrent-mumbai-100-1-2-3-4-5-6-7-8-9-10-11-12-13-14-15-16-17-18-19-20-21-22-23-24 0 streets_per_node_count_1 0
config.CONGESTION_TYPE, slugifiedstring, i, key, value : RECURRENT recurrent-mumbai-100-1-2-3-4-5-6-7-8-9-10-11-12-13-14-15-16-17-18-19-20-21-22-23-24 1 m 0.0020503007837672834
config.CONGESTION_TYPE, slugifiedstring, i, key, value : RECURRENT recurrent-mumbai-100-1-2-3-4-5-6-7-8-9-10-11-12-13-14-15-16-17-18-19-20-21-22-23-24 2 metered_count -0.0026946378183107535
config.CONGESTION_TYPE, slugifiedstring, i, key, value : RECURRENT recurrent-mumbai-100-1-2-3-4-5-6-7-8-9-10-11-12-13-14-15-16-17-18-19-20-21-22-23-24 3 total_crossings -0.0021508921947547494
config.CONGESTION_TYPE, slugifiedstring, i, key, value : RECURRENT recurrent-mumbai-100-1-2-3-4-5-6-7-8-9-10-11-12-13-14-15-16-17-18-19-20-21-22-23-24 4 betweenness 0.0097960198260617
config.CONGESTION_TYPE, slugifiedstring, i, key, value : RECURRENT recurrent-mumbai-100-1-2-3-4-5-6-7-8-9-10-11-12-13-14-15-16-17-18-19-20-21-22-23-24 5 non_metered_count -0.004999547268553659
config.CONGESTION_TYPE, slugifiedstring, i, key, value : RECURRENT recurrent-mumbai-100-1-2-3-4-5-6-7-8-9-10-11-12-13-14-15-16-17-18-19-20-21-22-23-24 6 circuity_avg 0.00097994062656355
config.CONGESTION_TYPE, slugifiedstring, i, key, value : RECURRENT recurrent-mumbai-100-1-2-3-4-5-6-7-8-9-10-11-12-13-14-15-16-17-18-19-20-21-22-23-24 7 streets_per_node_count_2 0.0024116895334306593
config.CONGESTION_TYPE, slugifiedstring, i, key, value : RECURRENT recurrent-mumbai-100-1-2-3-4-5-6-7-8-9-10-11-12-13-14-15-16-17-18-19-20-21-22-23-24 8 n 0.003227538527490091
config.CONGESTION_TYPE, slugifiedstring, i, key, value : RECURRENT recurrent-mumbai-100-1-2-3-4-5-6-7-8-9-10-11-12-13-14-15-16-17-18-19-20-21-22-23-24 9 streets_per_node_count_3 0.01073127152037831
config.CONGESTION_TYPE, slugifiedstring, i, key, value : RECURRENT recurrent-mumbai-100-1-2-3-4-5-6-7-8-9-10-11-12-13-14-15-16-17-18-19-20-21-22-23-24 10 streets_per_node_count_4 0
config.CONGESTION_TYPE, slugifiedstring, i, key, value : RECURRENT recurrent-mumbai-100-1-2-3-4-5-6-7-8-9-10-11-12-13-14-15-16-17-18-19-20-21-22-23-24 11 streets_per_node_avg 0.001560114663304487
config.CONGESTION_TYPE, slugifiedstring, i, key, value : RECURRENT recurrent-mumbai-100-1-2-3-4-5-6-7-8-9-10-11-12-13-14-15-16-17-18-19-20-21-22-23-24 12 streets_per_node_count_6 -0.002942919558067029
config.CONGESTION_TYPE, slugifiedstring, i, key, value : RECURRENT recurrent-mumbai-100-1-2-3-4-5-6-7-8-9-10-11-12-13-14-15-16-17-18-19-20-21-22-23-24 13 global_betweenness 0.017337963377619038
config.CONGESTION_TYPE, slugifiedstring, i, key, value : RECURRENT recurrent-mumbai-100-1-2-3-4-5-6-7-8-9-10-11-12-13-14-15-16-17-18-19-20-21-22-23-24 14 streets_per_node_count_5 0.02453022225818982
config.CONGESTION_TYPE, slugifiedstring, i, key, value : RECURRENT recurrent-mumbai-100-1-2-3-4-5-6-7-8-9-10-11-12-13-14-15-16-17-18-19-20-21-22-23-24 15 mean_lanes 0.0012029676796893683
config.CONGESTION_TYPE, slugifiedstring, i, key, value : RECURRENT recurrent-mumbai-100-1-2-3-4-5-6-7-8-9-10-11-12-13-14-15-16-17-18-19-20-21-22-23-24 16 k_avg 0.0009312313059605063
