Matplotlib is currently using agg, which is a non-GUI backend, so cannot show the figure.
Matplotlib is currently using agg, which is a non-GUI backend, so cannot show the figure.
Loaded config file: Prefix for name of road network object pickle file!
os.getcwd() : /home/niskumar/WCS/urbanscales/modelling
sorted_percentage_nan_per_column : maxspeed                         1.775148
n                                0.000000
lane_density                     0.000000
streets_per_node_proportion_6    0.000000
streets_per_node_count_6         0.000000
streets_per_node_proportion_5    0.000000
streets_per_node_count_5         0.000000
streets_per_node_proportion_4    0.000000
streets_per_node_count_4         0.000000
streets_per_node_proportion_3    0.000000
streets_per_node_count_3         0.000000
streets_per_node_proportion_2    0.000000
streets_per_node_count_2         0.000000
streets_per_node_proportion_1    0.000000
streets_per_node_count_1         0.000000
mean_lanes                       0.000000
m                                0.000000
betweenness                      0.000000
total_crossings                  0.000000
non_metered_count                0.000000
metered_count                    0.000000
self_loop_proportion             0.000000
circuity_avg                     0.000000
street_length_avg                0.000000
street_segment_count             0.000000
street_length_total              0.000000
streets_per_node_avg             0.000000
edge_length_avg                  0.000000
edge_length_total                0.000000
k_avg                            0.000000
global_betweenness               0.000000
dtype: float64
city, scale, tod, config.shift_tile_marker, X.shape, Y.shape : Auckland 20 [1, 2, 3, 4, 5, 6, 7, 8, 9, 10, 11, 12, 13, 14, 15, 16, 17, 18, 19, 20, 21, 22, 23, 24] 3 (169, 17) (169,)
X.shape, Y.shape, "Inside the model-fitting function" : (169, 17) (169,) Inside the model-fitting function
Dict: model_trials.best_params_
Key: Value
{'randomforestregressor__max_depth': 20,
 'randomforestregressor__max_features': 'sqrt',
 'randomforestregressor__n_estimators': 500}
Dict: model_trials.best_params_
Key: Value
{'xgbregressor__learning_rate': 0.01,
 'xgbregressor__max_depth': 10,
 'xgbregressor__n_estimators': 200}
Matplotlib is currently using agg, which is a non-GUI backend, so cannot show the figure.
divide by zero encountered in double_scalars
Matplotlib is currently using agg, which is a non-GUI backend, so cannot show the figure.
Matplotlib is currently using agg, which is a non-GUI backend, so cannot show the figure.
config.CONGESTION_TYPE, slugifiedstring, i, key, value : RECURRENT recurrent-auckland-20-1-2-3-4-5-6-7-8-9-10-11-12-13-14-15-16-17-18-19-20-21-22-23-24 0 k_avg -0.011230308995544036
config.CONGESTION_TYPE, slugifiedstring, i, key, value : RECURRENT recurrent-auckland-20-1-2-3-4-5-6-7-8-9-10-11-12-13-14-15-16-17-18-19-20-21-22-23-24 1 streets_per_node_count_5 -0.0018646028422769
config.CONGESTION_TYPE, slugifiedstring, i, key, value : RECURRENT recurrent-auckland-20-1-2-3-4-5-6-7-8-9-10-11-12-13-14-15-16-17-18-19-20-21-22-23-24 2 global_betweenness -0.01151131825550889
config.CONGESTION_TYPE, slugifiedstring, i, key, value : RECURRENT recurrent-auckland-20-1-2-3-4-5-6-7-8-9-10-11-12-13-14-15-16-17-18-19-20-21-22-23-24 3 streets_per_node_avg -0.004284424249283772
config.CONGESTION_TYPE, slugifiedstring, i, key, value : RECURRENT recurrent-auckland-20-1-2-3-4-5-6-7-8-9-10-11-12-13-14-15-16-17-18-19-20-21-22-23-24 4 circuity_avg -0.0012429105838873663
config.CONGESTION_TYPE, slugifiedstring, i, key, value : RECURRENT recurrent-auckland-20-1-2-3-4-5-6-7-8-9-10-11-12-13-14-15-16-17-18-19-20-21-22-23-24 5 metered_count -0.022245307790615062
config.CONGESTION_TYPE, slugifiedstring, i, key, value : RECURRENT recurrent-auckland-20-1-2-3-4-5-6-7-8-9-10-11-12-13-14-15-16-17-18-19-20-21-22-23-24 6 non_metered_count -0.012058005730580246
config.CONGESTION_TYPE, slugifiedstring, i, key, value : RECURRENT recurrent-auckland-20-1-2-3-4-5-6-7-8-9-10-11-12-13-14-15-16-17-18-19-20-21-22-23-24 7 total_crossings inf
config.CONGESTION_TYPE, slugifiedstring, i, key, value : RECURRENT recurrent-auckland-20-1-2-3-4-5-6-7-8-9-10-11-12-13-14-15-16-17-18-19-20-21-22-23-24 8 betweenness -0.0020190157500679148
config.CONGESTION_TYPE, slugifiedstring, i, key, value : RECURRENT recurrent-auckland-20-1-2-3-4-5-6-7-8-9-10-11-12-13-14-15-16-17-18-19-20-21-22-23-24 9 streets_per_node_count_1 0
config.CONGESTION_TYPE, slugifiedstring, i, key, value : RECURRENT recurrent-auckland-20-1-2-3-4-5-6-7-8-9-10-11-12-13-14-15-16-17-18-19-20-21-22-23-24 10 streets_per_node_count_4 0
config.CONGESTION_TYPE, slugifiedstring, i, key, value : RECURRENT recurrent-auckland-20-1-2-3-4-5-6-7-8-9-10-11-12-13-14-15-16-17-18-19-20-21-22-23-24 11 m -0.000547183646134763
config.CONGESTION_TYPE, slugifiedstring, i, key, value : RECURRENT recurrent-auckland-20-1-2-3-4-5-6-7-8-9-10-11-12-13-14-15-16-17-18-19-20-21-22-23-24 12 n -0.0027571592972704256
config.CONGESTION_TYPE, slugifiedstring, i, key, value : RECURRENT recurrent-auckland-20-1-2-3-4-5-6-7-8-9-10-11-12-13-14-15-16-17-18-19-20-21-22-23-24 13 mean_lanes -0.0005993842552729134
config.CONGESTION_TYPE, slugifiedstring, i, key, value : RECURRENT recurrent-auckland-20-1-2-3-4-5-6-7-8-9-10-11-12-13-14-15-16-17-18-19-20-21-22-23-24 14 streets_per_node_count_3 -0.00673139552358877
config.CONGESTION_TYPE, slugifiedstring, i, key, value : RECURRENT recurrent-auckland-20-1-2-3-4-5-6-7-8-9-10-11-12-13-14-15-16-17-18-19-20-21-22-23-24 15 streets_per_node_count_2 -0.0013432333543622976
config.CONGESTION_TYPE, slugifiedstring, i, key, value : RECURRENT recurrent-auckland-20-1-2-3-4-5-6-7-8-9-10-11-12-13-14-15-16-17-18-19-20-21-22-23-24 16 streets_per_node_count_6 -0.004586842088221127
SHAP Values for each feature:
Slug                           Feature Name         Mean Abs SHAP Value
SHAP-- recurrent-auckland-20-1-2-3-4-5-6-7-8-9-10-11-12-13-14-15-16-17-18-19-20-21-22-23-24 k_avg                         0.0167
SHAP-- recurrent-auckland-20-1-2-3-4-5-6-7-8-9-10-11-12-13-14-15-16-17-18-19-20-21-22-23-24 streets_per_node_count_5          0.0144
SHAP-- recurrent-auckland-20-1-2-3-4-5-6-7-8-9-10-11-12-13-14-15-16-17-18-19-20-21-22-23-24 global_betweenness            0.0181
SHAP-- recurrent-auckland-20-1-2-3-4-5-6-7-8-9-10-11-12-13-14-15-16-17-18-19-20-21-22-23-24 streets_per_node_avg          0.0262
SHAP-- recurrent-auckland-20-1-2-3-4-5-6-7-8-9-10-11-12-13-14-15-16-17-18-19-20-21-22-23-24 circuity_avg                  0.0044
SHAP-- recurrent-auckland-20-1-2-3-4-5-6-7-8-9-10-11-12-13-14-15-16-17-18-19-20-21-22-23-24 metered_count                 0.0725
SHAP-- recurrent-auckland-20-1-2-3-4-5-6-7-8-9-10-11-12-13-14-15-16-17-18-19-20-21-22-23-24 non_metered_count             0.0382
SHAP-- recurrent-auckland-20-1-2-3-4-5-6-7-8-9-10-11-12-13-14-15-16-17-18-19-20-21-22-23-24 total_crossings               0.0426
SHAP-- recurrent-auckland-20-1-2-3-4-5-6-7-8-9-10-11-12-13-14-15-16-17-18-19-20-21-22-23-24 betweenness                   0.0164
SHAP-- recurrent-auckland-20-1-2-3-4-5-6-7-8-9-10-11-12-13-14-15-16-17-18-19-20-21-22-23-24 streets_per_node_count_1          0.0000
SHAP-- recurrent-auckland-20-1-2-3-4-5-6-7-8-9-10-11-12-13-14-15-16-17-18-19-20-21-22-23-24 streets_per_node_count_4          0.0000
SHAP-- recurrent-auckland-20-1-2-3-4-5-6-7-8-9-10-11-12-13-14-15-16-17-18-19-20-21-22-23-24 m                             0.0062
SHAP-- recurrent-auckland-20-1-2-3-4-5-6-7-8-9-10-11-12-13-14-15-16-17-18-19-20-21-22-23-24 n                             0.0155
SHAP-- recurrent-auckland-20-1-2-3-4-5-6-7-8-9-10-11-12-13-14-15-16-17-18-19-20-21-22-23-24 mean_lanes                    0.0077
SHAP-- recurrent-auckland-20-1-2-3-4-5-6-7-8-9-10-11-12-13-14-15-16-17-18-19-20-21-22-23-24 streets_per_node_count_3          0.0325
SHAP-- recurrent-auckland-20-1-2-3-4-5-6-7-8-9-10-11-12-13-14-15-16-17-18-19-20-21-22-23-24 streets_per_node_count_2          0.0096
SHAP-- recurrent-auckland-20-1-2-3-4-5-6-7-8-9-10-11-12-13-14-15-16-17-18-19-20-21-22-23-24 streets_per_node_count_6          0.0238
RECURRENT Auckland 20 LR 0.3967648399064861 XpVar
RECURRENT Auckland 20 RF 0.5956653061606552 XpVar
RECURRENT Auckland 20 GBM 0.5077378954854115 XpVar
RECURRENT Auckland 20 LLR 0.0 XpVar
RECURRENT Auckland 20 RLR 0.3558247982924375 XpVar
RECURRENT Auckland 20 LR 0.06631885054602951 MSE
RECURRENT Auckland 20 RF 0.04513911160320054 MSE
RECURRENT Auckland 20 GBM 0.05643421621405483 MSE
RECURRENT Auckland 20 LLR 0.11666926229940112 MSE
RECURRENT Auckland 20 RLR 0.0700881926243687 MSE
RECURRENT Auckland 20 LR 0.3812145213198796 R2
RECURRENT Auckland 20 RF 0.5905636469694863 R2
RECURRENT Auckland 20 GBM 0.5020069232499449 R2
RECURRENT Auckland 20 LLR -0.032767478625726536 R2
RECURRENT Auckland 20 RLR 0.34298819868849534 R2
t_spatial, t_non_spatial, "seconds" : 9.5367431640625e-07 141.7635476589203 seconds
sorted_percentage_nan_per_column : maxspeed                         3.012048
n                                0.000000
lane_density                     0.000000
streets_per_node_proportion_6    0.000000
streets_per_node_count_6         0.000000
streets_per_node_proportion_5    0.000000
streets_per_node_count_5         0.000000
streets_per_node_proportion_4    0.000000
streets_per_node_count_4         0.000000
streets_per_node_proportion_3    0.000000
streets_per_node_count_3         0.000000
streets_per_node_proportion_2    0.000000
streets_per_node_count_2         0.000000
streets_per_node_proportion_1    0.000000
streets_per_node_count_1         0.000000
mean_lanes                       0.000000
m                                0.000000
betweenness                      0.000000
total_crossings                  0.000000
non_metered_count                0.000000
metered_count                    0.000000
self_loop_proportion             0.000000
circuity_avg                     0.000000
street_length_avg                0.000000
street_segment_count             0.000000
street_length_total              0.000000
streets_per_node_avg             0.000000
edge_length_avg                  0.000000
edge_length_total                0.000000
k_avg                            0.000000
global_betweenness               0.000000
dtype: float64
city, scale, tod, config.shift_tile_marker, X.shape, Y.shape : Auckland 30 [1, 2, 3, 4, 5, 6, 7, 8, 9, 10, 11, 12, 13, 14, 15, 16, 17, 18, 19, 20, 21, 22, 23, 24] 3 (332, 17) (332,)
X.shape, Y.shape, "Inside the model-fitting function" : (332, 17) (332,) Inside the model-fitting function
Dict: model_trials.best_params_
Key: Value
{'randomforestregressor__max_depth': 50,
 'randomforestregressor__max_features': 'sqrt',
 'randomforestregressor__n_estimators': 100}
Dict: model_trials.best_params_
Key: Value
{'xgbregressor__learning_rate': 0.2,
 'xgbregressor__max_depth': 50,
 'xgbregressor__n_estimators': 500}
Matplotlib is currently using agg, which is a non-GUI backend, so cannot show the figure.
Matplotlib is currently using agg, which is a non-GUI backend, so cannot show the figure.
Matplotlib is currently using agg, which is a non-GUI backend, so cannot show the figure.
config.CONGESTION_TYPE, slugifiedstring, i, key, value : RECURRENT recurrent-auckland-30-1-2-3-4-5-6-7-8-9-10-11-12-13-14-15-16-17-18-19-20-21-22-23-24 0 k_avg -0.0017290504117525494
config.CONGESTION_TYPE, slugifiedstring, i, key, value : RECURRENT recurrent-auckland-30-1-2-3-4-5-6-7-8-9-10-11-12-13-14-15-16-17-18-19-20-21-22-23-24 1 streets_per_node_count_5 -0.0018744374932389155
config.CONGESTION_TYPE, slugifiedstring, i, key, value : RECURRENT recurrent-auckland-30-1-2-3-4-5-6-7-8-9-10-11-12-13-14-15-16-17-18-19-20-21-22-23-24 2 global_betweenness -0.0008629020964436872
config.CONGESTION_TYPE, slugifiedstring, i, key, value : RECURRENT recurrent-auckland-30-1-2-3-4-5-6-7-8-9-10-11-12-13-14-15-16-17-18-19-20-21-22-23-24 3 streets_per_node_avg -0.0011601048066364795
config.CONGESTION_TYPE, slugifiedstring, i, key, value : RECURRENT recurrent-auckland-30-1-2-3-4-5-6-7-8-9-10-11-12-13-14-15-16-17-18-19-20-21-22-23-24 4 circuity_avg 0.006580379699081927
config.CONGESTION_TYPE, slugifiedstring, i, key, value : RECURRENT recurrent-auckland-30-1-2-3-4-5-6-7-8-9-10-11-12-13-14-15-16-17-18-19-20-21-22-23-24 5 metered_count -0.010008111949945993
config.CONGESTION_TYPE, slugifiedstring, i, key, value : RECURRENT recurrent-auckland-30-1-2-3-4-5-6-7-8-9-10-11-12-13-14-15-16-17-18-19-20-21-22-23-24 6 non_metered_count -0.001485684891519483
config.CONGESTION_TYPE, slugifiedstring, i, key, value : RECURRENT recurrent-auckland-30-1-2-3-4-5-6-7-8-9-10-11-12-13-14-15-16-17-18-19-20-21-22-23-24 7 total_crossings 0.005993643146063263
config.CONGESTION_TYPE, slugifiedstring, i, key, value : RECURRENT recurrent-auckland-30-1-2-3-4-5-6-7-8-9-10-11-12-13-14-15-16-17-18-19-20-21-22-23-24 8 betweenness -0.0012277508085102823
config.CONGESTION_TYPE, slugifiedstring, i, key, value : RECURRENT recurrent-auckland-30-1-2-3-4-5-6-7-8-9-10-11-12-13-14-15-16-17-18-19-20-21-22-23-24 9 streets_per_node_count_1 0
config.CONGESTION_TYPE, slugifiedstring, i, key, value : RECURRENT recurrent-auckland-30-1-2-3-4-5-6-7-8-9-10-11-12-13-14-15-16-17-18-19-20-21-22-23-24 10 streets_per_node_count_4 0
config.CONGESTION_TYPE, slugifiedstring, i, key, value : RECURRENT recurrent-auckland-30-1-2-3-4-5-6-7-8-9-10-11-12-13-14-15-16-17-18-19-20-21-22-23-24 11 m -0.0032856165871519983
config.CONGESTION_TYPE, slugifiedstring, i, key, value : RECURRENT recurrent-auckland-30-1-2-3-4-5-6-7-8-9-10-11-12-13-14-15-16-17-18-19-20-21-22-23-24 12 n -0.004246840397102115
config.CONGESTION_TYPE, slugifiedstring, i, key, value : RECURRENT recurrent-auckland-30-1-2-3-4-5-6-7-8-9-10-11-12-13-14-15-16-17-18-19-20-21-22-23-24 13 mean_lanes -0.00044159902189013417
config.CONGESTION_TYPE, slugifiedstring, i, key, value : RECURRENT recurrent-auckland-30-1-2-3-4-5-6-7-8-9-10-11-12-13-14-15-16-17-18-19-20-21-22-23-24 14 streets_per_node_count_3 -0.004892324700847704
config.CONGESTION_TYPE, slugifiedstring, i, key, value : RECURRENT recurrent-auckland-30-1-2-3-4-5-6-7-8-9-10-11-12-13-14-15-16-17-18-19-20-21-22-23-24 15 streets_per_node_count_2 -0.0022052072516905276
config.CONGESTION_TYPE, slugifiedstring, i, key, value : RECURRENT recurrent-auckland-30-1-2-3-4-5-6-7-8-9-10-11-12-13-14-15-16-17-18-19-20-21-22-23-24 16 streets_per_node_count_6 -0.007360951330991288
SHAP Values for each feature:
Slug                           Feature Name         Mean Abs SHAP Value
SHAP-- recurrent-auckland-30-1-2-3-4-5-6-7-8-9-10-11-12-13-14-15-16-17-18-19-20-21-22-23-24 k_avg                         0.0107
SHAP-- recurrent-auckland-30-1-2-3-4-5-6-7-8-9-10-11-12-13-14-15-16-17-18-19-20-21-22-23-24 streets_per_node_count_5          0.0209
SHAP-- recurrent-auckland-30-1-2-3-4-5-6-7-8-9-10-11-12-13-14-15-16-17-18-19-20-21-22-23-24 global_betweenness            0.0106
SHAP-- recurrent-auckland-30-1-2-3-4-5-6-7-8-9-10-11-12-13-14-15-16-17-18-19-20-21-22-23-24 streets_per_node_avg          0.0183
SHAP-- recurrent-auckland-30-1-2-3-4-5-6-7-8-9-10-11-12-13-14-15-16-17-18-19-20-21-22-23-24 circuity_avg                  0.0030
SHAP-- recurrent-auckland-30-1-2-3-4-5-6-7-8-9-10-11-12-13-14-15-16-17-18-19-20-21-22-23-24 metered_count                 0.0709
SHAP-- recurrent-auckland-30-1-2-3-4-5-6-7-8-9-10-11-12-13-14-15-16-17-18-19-20-21-22-23-24 non_metered_count             0.0137
SHAP-- recurrent-auckland-30-1-2-3-4-5-6-7-8-9-10-11-12-13-14-15-16-17-18-19-20-21-22-23-24 total_crossings               0.0349
SHAP-- recurrent-auckland-30-1-2-3-4-5-6-7-8-9-10-11-12-13-14-15-16-17-18-19-20-21-22-23-24 betweenness                   0.0100
SHAP-- recurrent-auckland-30-1-2-3-4-5-6-7-8-9-10-11-12-13-14-15-16-17-18-19-20-21-22-23-24 streets_per_node_count_1          0.0000
SHAP-- recurrent-auckland-30-1-2-3-4-5-6-7-8-9-10-11-12-13-14-15-16-17-18-19-20-21-22-23-24 streets_per_node_count_4          0.0000
SHAP-- recurrent-auckland-30-1-2-3-4-5-6-7-8-9-10-11-12-13-14-15-16-17-18-19-20-21-22-23-24 m                             0.0236
SHAP-- recurrent-auckland-30-1-2-3-4-5-6-7-8-9-10-11-12-13-14-15-16-17-18-19-20-21-22-23-24 n                             0.0207
SHAP-- recurrent-auckland-30-1-2-3-4-5-6-7-8-9-10-11-12-13-14-15-16-17-18-19-20-21-22-23-24 mean_lanes                    0.0126
SHAP-- recurrent-auckland-30-1-2-3-4-5-6-7-8-9-10-11-12-13-14-15-16-17-18-19-20-21-22-23-24 streets_per_node_count_3          0.0367
SHAP-- recurrent-auckland-30-1-2-3-4-5-6-7-8-9-10-11-12-13-14-15-16-17-18-19-20-21-22-23-24 streets_per_node_count_2          0.0144
SHAP-- recurrent-auckland-30-1-2-3-4-5-6-7-8-9-10-11-12-13-14-15-16-17-18-19-20-21-22-23-24 streets_per_node_count_6          0.0358
RECURRENT Auckland 30 LR 0.3590501016754763 XpVar
RECURRENT Auckland 30 RF 0.5435603729838866 XpVar
RECURRENT Auckland 30 GBM 0.4270552039679796 XpVar
RECURRENT Auckland 30 LLR -3.172065784643304e-17 XpVar
RECURRENT Auckland 30 RLR 0.3736880817603033 XpVar
RECURRENT Auckland 30 LR 0.07506523455904499 MSE
RECURRENT Auckland 30 RF 0.05256497284230939 MSE
RECURRENT Auckland 30 GBM 0.06614836568733781 MSE
RECURRENT Auckland 30 LLR 0.11639019083643455 MSE
RECURRENT Auckland 30 RLR 0.07330466103201759 MSE
RECURRENT Auckland 30 LR 0.34751036824264275 R2
RECURRENT Auckland 30 RF 0.5364267075345243 R2
RECURRENT Auckland 30 GBM 0.4151739936810382 R2
RECURRENT Auckland 30 LLR -0.02738535683398489 R2
RECURRENT Auckland 30 RLR 0.36251292578676203 R2
t_spatial, t_non_spatial, "seconds" : 2.6226043701171875e-06 223.90494680404663 seconds
sorted_percentage_nan_per_column : maxspeed                         2.45283
n                                0.00000
lane_density                     0.00000
streets_per_node_proportion_6    0.00000
streets_per_node_count_6         0.00000
streets_per_node_proportion_5    0.00000
streets_per_node_count_5         0.00000
streets_per_node_proportion_4    0.00000
streets_per_node_count_4         0.00000
streets_per_node_proportion_3    0.00000
streets_per_node_count_3         0.00000
streets_per_node_proportion_2    0.00000
streets_per_node_count_2         0.00000
streets_per_node_proportion_1    0.00000
streets_per_node_count_1         0.00000
mean_lanes                       0.00000
m                                0.00000
betweenness                      0.00000
total_crossings                  0.00000
non_metered_count                0.00000
metered_count                    0.00000
self_loop_proportion             0.00000
circuity_avg                     0.00000
street_length_avg                0.00000
street_segment_count             0.00000
street_length_total              0.00000
streets_per_node_avg             0.00000
edge_length_avg                  0.00000
edge_length_total                0.00000
k_avg                            0.00000
global_betweenness               0.00000
dtype: float64
city, scale, tod, config.shift_tile_marker, X.shape, Y.shape : Auckland 40 [1, 2, 3, 4, 5, 6, 7, 8, 9, 10, 11, 12, 13, 14, 15, 16, 17, 18, 19, 20, 21, 22, 23, 24] 3 (530, 17) (530,)
X.shape, Y.shape, "Inside the model-fitting function" : (530, 17) (530,) Inside the model-fitting function
Dict: model_trials.best_params_
Key: Value
{'randomforestregressor__max_depth': 20,
 'randomforestregressor__max_features': 'sqrt',
 'randomforestregressor__n_estimators': 1000}
Dict: model_trials.best_params_
Key: Value
{'xgbregressor__learning_rate': 0.001,
 'xgbregressor__max_depth': 10,
 'xgbregressor__n_estimators': 1000}
Matplotlib is currently using agg, which is a non-GUI backend, so cannot show the figure.
Matplotlib is currently using agg, which is a non-GUI backend, so cannot show the figure.
Matplotlib is currently using agg, which is a non-GUI backend, so cannot show the figure.
config.CONGESTION_TYPE, slugifiedstring, i, key, value : RECURRENT recurrent-auckland-40-1-2-3-4-5-6-7-8-9-10-11-12-13-14-15-16-17-18-19-20-21-22-23-24 0 k_avg -0.001338152676056354
config.CONGESTION_TYPE, slugifiedstring, i, key, value : RECURRENT recurrent-auckland-40-1-2-3-4-5-6-7-8-9-10-11-12-13-14-15-16-17-18-19-20-21-22-23-24 1 streets_per_node_count_5 -0.001974648401736781
config.CONGESTION_TYPE, slugifiedstring, i, key, value : RECURRENT recurrent-auckland-40-1-2-3-4-5-6-7-8-9-10-11-12-13-14-15-16-17-18-19-20-21-22-23-24 2 global_betweenness -0.001497492893402373
config.CONGESTION_TYPE, slugifiedstring, i, key, value : RECURRENT recurrent-auckland-40-1-2-3-4-5-6-7-8-9-10-11-12-13-14-15-16-17-18-19-20-21-22-23-24 3 streets_per_node_avg -0.0031541961545011724
config.CONGESTION_TYPE, slugifiedstring, i, key, value : RECURRENT recurrent-auckland-40-1-2-3-4-5-6-7-8-9-10-11-12-13-14-15-16-17-18-19-20-21-22-23-24 4 circuity_avg -0.00135046498014008
config.CONGESTION_TYPE, slugifiedstring, i, key, value : RECURRENT recurrent-auckland-40-1-2-3-4-5-6-7-8-9-10-11-12-13-14-15-16-17-18-19-20-21-22-23-24 5 metered_count -0.009206001961715326
config.CONGESTION_TYPE, slugifiedstring, i, key, value : RECURRENT recurrent-auckland-40-1-2-3-4-5-6-7-8-9-10-11-12-13-14-15-16-17-18-19-20-21-22-23-24 6 non_metered_count -0.000891116978512685
config.CONGESTION_TYPE, slugifiedstring, i, key, value : RECURRENT recurrent-auckland-40-1-2-3-4-5-6-7-8-9-10-11-12-13-14-15-16-17-18-19-20-21-22-23-24 7 total_crossings 0.01848823973333586
config.CONGESTION_TYPE, slugifiedstring, i, key, value : RECURRENT recurrent-auckland-40-1-2-3-4-5-6-7-8-9-10-11-12-13-14-15-16-17-18-19-20-21-22-23-24 8 betweenness -0.0007083104408171053
config.CONGESTION_TYPE, slugifiedstring, i, key, value : RECURRENT recurrent-auckland-40-1-2-3-4-5-6-7-8-9-10-11-12-13-14-15-16-17-18-19-20-21-22-23-24 9 streets_per_node_count_1 0
config.CONGESTION_TYPE, slugifiedstring, i, key, value : RECURRENT recurrent-auckland-40-1-2-3-4-5-6-7-8-9-10-11-12-13-14-15-16-17-18-19-20-21-22-23-24 10 streets_per_node_count_4 0
config.CONGESTION_TYPE, slugifiedstring, i, key, value : RECURRENT recurrent-auckland-40-1-2-3-4-5-6-7-8-9-10-11-12-13-14-15-16-17-18-19-20-21-22-23-24 11 m -0.0008400349550430554
config.CONGESTION_TYPE, slugifiedstring, i, key, value : RECURRENT recurrent-auckland-40-1-2-3-4-5-6-7-8-9-10-11-12-13-14-15-16-17-18-19-20-21-22-23-24 12 n -0.0018833720002467472
config.CONGESTION_TYPE, slugifiedstring, i, key, value : RECURRENT recurrent-auckland-40-1-2-3-4-5-6-7-8-9-10-11-12-13-14-15-16-17-18-19-20-21-22-23-24 13 mean_lanes -0.00034988864121470326
config.CONGESTION_TYPE, slugifiedstring, i, key, value : RECURRENT recurrent-auckland-40-1-2-3-4-5-6-7-8-9-10-11-12-13-14-15-16-17-18-19-20-21-22-23-24 14 streets_per_node_count_3 -0.005163459448531644
config.CONGESTION_TYPE, slugifiedstring, i, key, value : RECURRENT recurrent-auckland-40-1-2-3-4-5-6-7-8-9-10-11-12-13-14-15-16-17-18-19-20-21-22-23-24 15 streets_per_node_count_2 -0.0005695053724817521
config.CONGESTION_TYPE, slugifiedstring, i, key, value : RECURRENT recurrent-auckland-40-1-2-3-4-5-6-7-8-9-10-11-12-13-14-15-16-17-18-19-20-21-22-23-24 16 streets_per_node_count_6 -0.002051972892032716
SHAP Values for each feature:
Slug                           Feature Name         Mean Abs SHAP Value
SHAP-- recurrent-auckland-40-1-2-3-4-5-6-7-8-9-10-11-12-13-14-15-16-17-18-19-20-21-22-23-24 k_avg                         0.0104
SHAP-- recurrent-auckland-40-1-2-3-4-5-6-7-8-9-10-11-12-13-14-15-16-17-18-19-20-21-22-23-24 streets_per_node_count_5          0.0246
SHAP-- recurrent-auckland-40-1-2-3-4-5-6-7-8-9-10-11-12-13-14-15-16-17-18-19-20-21-22-23-24 global_betweenness            0.0143
SHAP-- recurrent-auckland-40-1-2-3-4-5-6-7-8-9-10-11-12-13-14-15-16-17-18-19-20-21-22-23-24 streets_per_node_avg          0.0451
SHAP-- recurrent-auckland-40-1-2-3-4-5-6-7-8-9-10-11-12-13-14-15-16-17-18-19-20-21-22-23-24 circuity_avg                  0.0066
SHAP-- recurrent-auckland-40-1-2-3-4-5-6-7-8-9-10-11-12-13-14-15-16-17-18-19-20-21-22-23-24 metered_count                 0.0773
SHAP-- recurrent-auckland-40-1-2-3-4-5-6-7-8-9-10-11-12-13-14-15-16-17-18-19-20-21-22-23-24 non_metered_count             0.0130
SHAP-- recurrent-auckland-40-1-2-3-4-5-6-7-8-9-10-11-12-13-14-15-16-17-18-19-20-21-22-23-24 total_crossings               0.0352
SHAP-- recurrent-auckland-40-1-2-3-4-5-6-7-8-9-10-11-12-13-14-15-16-17-18-19-20-21-22-23-24 betweenness                   0.0096
SHAP-- recurrent-auckland-40-1-2-3-4-5-6-7-8-9-10-11-12-13-14-15-16-17-18-19-20-21-22-23-24 streets_per_node_count_1          0.0000
SHAP-- recurrent-auckland-40-1-2-3-4-5-6-7-8-9-10-11-12-13-14-15-16-17-18-19-20-21-22-23-24 streets_per_node_count_4          0.0000
SHAP-- recurrent-auckland-40-1-2-3-4-5-6-7-8-9-10-11-12-13-14-15-16-17-18-19-20-21-22-23-24 m                             0.0155
SHAP-- recurrent-auckland-40-1-2-3-4-5-6-7-8-9-10-11-12-13-14-15-16-17-18-19-20-21-22-23-24 n                             0.0218
SHAP-- recurrent-auckland-40-1-2-3-4-5-6-7-8-9-10-11-12-13-14-15-16-17-18-19-20-21-22-23-24 mean_lanes                    0.0152
SHAP-- recurrent-auckland-40-1-2-3-4-5-6-7-8-9-10-11-12-13-14-15-16-17-18-19-20-21-22-23-24 streets_per_node_count_3          0.0383
SHAP-- recurrent-auckland-40-1-2-3-4-5-6-7-8-9-10-11-12-13-14-15-16-17-18-19-20-21-22-23-24 streets_per_node_count_2          0.0111
SHAP-- recurrent-auckland-40-1-2-3-4-5-6-7-8-9-10-11-12-13-14-15-16-17-18-19-20-21-22-23-24 streets_per_node_count_6          0.0337
RECURRENT Auckland 40 LR 0.3360672419219527 XpVar
RECURRENT Auckland 40 RF 0.4532452390357541 XpVar
RECURRENT Auckland 40 GBM 0.35152240811521196 XpVar
RECURRENT Auckland 40 LLR 0.0 XpVar
RECURRENT Auckland 40 RLR 0.3393797954768969 XpVar
RECURRENT Auckland 40 LR 0.1055793178034503 MSE
RECURRENT Auckland 40 RF 0.0885006291815514 MSE
RECURRENT Auckland 40 GBM 0.10327199472122942 MSE
RECURRENT Auckland 40 LLR 0.1536048912402623 MSE
RECURRENT Auckland 40 RLR 0.10511766158953426 MSE
RECURRENT Auckland 40 LR 0.32203497393654124 R2
RECURRENT Auckland 40 RF 0.439296930831227 R2
RECURRENT Auckland 40 GBM 0.3345876850187083 R2
RECURRENT Auckland 40 LLR -0.03616836338128742 R2
RECURRENT Auckland 40 RLR 0.3260881636509159 R2
t_spatial, t_non_spatial, "seconds" : 1.6689300537109375e-06 429.56217551231384 seconds
sorted_percentage_nan_per_column : maxspeed                         3.769841
n                                0.000000
lane_density                     0.000000
streets_per_node_proportion_6    0.000000
streets_per_node_count_6         0.000000
streets_per_node_proportion_5    0.000000
streets_per_node_count_5         0.000000
streets_per_node_proportion_4    0.000000
streets_per_node_count_4         0.000000
streets_per_node_proportion_3    0.000000
streets_per_node_count_3         0.000000
streets_per_node_proportion_2    0.000000
streets_per_node_count_2         0.000000
streets_per_node_proportion_1    0.000000
streets_per_node_count_1         0.000000
mean_lanes                       0.000000
m                                0.000000
betweenness                      0.000000
total_crossings                  0.000000
non_metered_count                0.000000
metered_count                    0.000000
self_loop_proportion             0.000000
circuity_avg                     0.000000
street_length_avg                0.000000
street_segment_count             0.000000
street_length_total              0.000000
streets_per_node_avg             0.000000
edge_length_avg                  0.000000
edge_length_total                0.000000
k_avg                            0.000000
global_betweenness               0.000000
dtype: float64
city, scale, tod, config.shift_tile_marker, X.shape, Y.shape : Auckland 60 [1, 2, 3, 4, 5, 6, 7, 8, 9, 10, 11, 12, 13, 14, 15, 16, 17, 18, 19, 20, 21, 22, 23, 24] 3 (1008, 17) (1008,)
X.shape, Y.shape, "Inside the model-fitting function" : (1008, 17) (1008,) Inside the model-fitting function
Dict: model_trials.best_params_
Key: Value
{'randomforestregressor__max_depth': 10,
 'randomforestregressor__max_features': 'sqrt',
 'randomforestregressor__n_estimators': 200}
Dict: model_trials.best_params_
Key: Value
{'xgbregressor__learning_rate': 0.001,
 'xgbregressor__max_depth': 10,
 'xgbregressor__n_estimators': 400}
Matplotlib is currently using agg, which is a non-GUI backend, so cannot show the figure.
Matplotlib is currently using agg, which is a non-GUI backend, so cannot show the figure.
Matplotlib is currently using agg, which is a non-GUI backend, so cannot show the figure.
config.CONGESTION_TYPE, slugifiedstring, i, key, value : RECURRENT recurrent-auckland-60-1-2-3-4-5-6-7-8-9-10-11-12-13-14-15-16-17-18-19-20-21-22-23-24 0 k_avg -0.00033233548743456033
config.CONGESTION_TYPE, slugifiedstring, i, key, value : RECURRENT recurrent-auckland-60-1-2-3-4-5-6-7-8-9-10-11-12-13-14-15-16-17-18-19-20-21-22-23-24 1 streets_per_node_count_5 -0.0012599590997167051
config.CONGESTION_TYPE, slugifiedstring, i, key, value : RECURRENT recurrent-auckland-60-1-2-3-4-5-6-7-8-9-10-11-12-13-14-15-16-17-18-19-20-21-22-23-24 2 global_betweenness 0.0019550734268878648
config.CONGESTION_TYPE, slugifiedstring, i, key, value : RECURRENT recurrent-auckland-60-1-2-3-4-5-6-7-8-9-10-11-12-13-14-15-16-17-18-19-20-21-22-23-24 3 streets_per_node_avg -0.0009584777463961218
config.CONGESTION_TYPE, slugifiedstring, i, key, value : RECURRENT recurrent-auckland-60-1-2-3-4-5-6-7-8-9-10-11-12-13-14-15-16-17-18-19-20-21-22-23-24 4 circuity_avg -0.00010336336031708332
config.CONGESTION_TYPE, slugifiedstring, i, key, value : RECURRENT recurrent-auckland-60-1-2-3-4-5-6-7-8-9-10-11-12-13-14-15-16-17-18-19-20-21-22-23-24 5 metered_count -0.004772777242230153
config.CONGESTION_TYPE, slugifiedstring, i, key, value : RECURRENT recurrent-auckland-60-1-2-3-4-5-6-7-8-9-10-11-12-13-14-15-16-17-18-19-20-21-22-23-24 6 non_metered_count -0.0007398090250940723
config.CONGESTION_TYPE, slugifiedstring, i, key, value : RECURRENT recurrent-auckland-60-1-2-3-4-5-6-7-8-9-10-11-12-13-14-15-16-17-18-19-20-21-22-23-24 7 total_crossings -0.009683912987686508
config.CONGESTION_TYPE, slugifiedstring, i, key, value : RECURRENT recurrent-auckland-60-1-2-3-4-5-6-7-8-9-10-11-12-13-14-15-16-17-18-19-20-21-22-23-24 8 betweenness -0.0537791586295766
config.CONGESTION_TYPE, slugifiedstring, i, key, value : RECURRENT recurrent-auckland-60-1-2-3-4-5-6-7-8-9-10-11-12-13-14-15-16-17-18-19-20-21-22-23-24 9 streets_per_node_count_1 0
config.CONGESTION_TYPE, slugifiedstring, i, key, value : RECURRENT recurrent-auckland-60-1-2-3-4-5-6-7-8-9-10-11-12-13-14-15-16-17-18-19-20-21-22-23-24 10 streets_per_node_count_4 0
config.CONGESTION_TYPE, slugifiedstring, i, key, value : RECURRENT recurrent-auckland-60-1-2-3-4-5-6-7-8-9-10-11-12-13-14-15-16-17-18-19-20-21-22-23-24 11 m -0.00045367665177258536
config.CONGESTION_TYPE, slugifiedstring, i, key, value : RECURRENT recurrent-auckland-60-1-2-3-4-5-6-7-8-9-10-11-12-13-14-15-16-17-18-19-20-21-22-23-24 12 n -0.0006948090322608236
config.CONGESTION_TYPE, slugifiedstring, i, key, value : RECURRENT recurrent-auckland-60-1-2-3-4-5-6-7-8-9-10-11-12-13-14-15-16-17-18-19-20-21-22-23-24 13 mean_lanes -0.000178287963331598
config.CONGESTION_TYPE, slugifiedstring, i, key, value : RECURRENT recurrent-auckland-60-1-2-3-4-5-6-7-8-9-10-11-12-13-14-15-16-17-18-19-20-21-22-23-24 14 streets_per_node_count_3 -0.002646128389241572
config.CONGESTION_TYPE, slugifiedstring, i, key, value : RECURRENT recurrent-auckland-60-1-2-3-4-5-6-7-8-9-10-11-12-13-14-15-16-17-18-19-20-21-22-23-24 15 streets_per_node_count_2 -0.0005180441985608317
config.CONGESTION_TYPE, slugifiedstring, i, key, value : RECURRENT recurrent-auckland-60-1-2-3-4-5-6-7-8-9-10-11-12-13-14-15-16-17-18-19-20-21-22-23-24 16 streets_per_node_count_6 -0.0011349522357384887
SHAP Values for each feature:
Slug                           Feature Name         Mean Abs SHAP Value
SHAP-- recurrent-auckland-60-1-2-3-4-5-6-7-8-9-10-11-12-13-14-15-16-17-18-19-20-21-22-23-24 k_avg                         0.0081
SHAP-- recurrent-auckland-60-1-2-3-4-5-6-7-8-9-10-11-12-13-14-15-16-17-18-19-20-21-22-23-24 streets_per_node_count_5          0.0285
SHAP-- recurrent-auckland-60-1-2-3-4-5-6-7-8-9-10-11-12-13-14-15-16-17-18-19-20-21-22-23-24 global_betweenness            0.0111
SHAP-- recurrent-auckland-60-1-2-3-4-5-6-7-8-9-10-11-12-13-14-15-16-17-18-19-20-21-22-23-24 streets_per_node_avg          0.0339
SHAP-- recurrent-auckland-60-1-2-3-4-5-6-7-8-9-10-11-12-13-14-15-16-17-18-19-20-21-22-23-24 circuity_avg                  0.0035
SHAP-- recurrent-auckland-60-1-2-3-4-5-6-7-8-9-10-11-12-13-14-15-16-17-18-19-20-21-22-23-24 metered_count                 0.0676
SHAP-- recurrent-auckland-60-1-2-3-4-5-6-7-8-9-10-11-12-13-14-15-16-17-18-19-20-21-22-23-24 non_metered_count             0.0134
SHAP-- recurrent-auckland-60-1-2-3-4-5-6-7-8-9-10-11-12-13-14-15-16-17-18-19-20-21-22-23-24 total_crossings               0.0453
SHAP-- recurrent-auckland-60-1-2-3-4-5-6-7-8-9-10-11-12-13-14-15-16-17-18-19-20-21-22-23-24 betweenness                   0.0123
SHAP-- recurrent-auckland-60-1-2-3-4-5-6-7-8-9-10-11-12-13-14-15-16-17-18-19-20-21-22-23-24 streets_per_node_count_1          0.0000
SHAP-- recurrent-auckland-60-1-2-3-4-5-6-7-8-9-10-11-12-13-14-15-16-17-18-19-20-21-22-23-24 streets_per_node_count_4          0.0000
SHAP-- recurrent-auckland-60-1-2-3-4-5-6-7-8-9-10-11-12-13-14-15-16-17-18-19-20-21-22-23-24 m                             0.0168
SHAP-- recurrent-auckland-60-1-2-3-4-5-6-7-8-9-10-11-12-13-14-15-16-17-18-19-20-21-22-23-24 n                             0.0253
SHAP-- recurrent-auckland-60-1-2-3-4-5-6-7-8-9-10-11-12-13-14-15-16-17-18-19-20-21-22-23-24 mean_lanes                    0.0110
SHAP-- recurrent-auckland-60-1-2-3-4-5-6-7-8-9-10-11-12-13-14-15-16-17-18-19-20-21-22-23-24 streets_per_node_count_3          0.0448
SHAP-- recurrent-auckland-60-1-2-3-4-5-6-7-8-9-10-11-12-13-14-15-16-17-18-19-20-21-22-23-24 streets_per_node_count_2          0.0176
SHAP-- recurrent-auckland-60-1-2-3-4-5-6-7-8-9-10-11-12-13-14-15-16-17-18-19-20-21-22-23-24 streets_per_node_count_6          0.0394
RECURRENT Auckland 60 LR 0.32998634081175066 XpVar
RECURRENT Auckland 60 RF 0.4362979053280555 XpVar
RECURRENT Auckland 60 GBM 0.14132338482693962 XpVar
RECURRENT Auckland 60 LLR 0.0 XpVar
RECURRENT Auckland 60 RLR 0.3306994051525149 XpVar
RECURRENT Auckland 60 LR 0.1215957803040157 MSE
RECURRENT Auckland 60 RF 0.10815666901432788 MSE
RECURRENT Auckland 60 GBM 0.1518167248775983 MSE
RECURRENT Auckland 60 LLR 0.1713222389652232 MSE
RECURRENT Auckland 60 RLR 0.12148060845930042 MSE
RECURRENT Auckland 60 LR 0.3221116164365149 R2
RECURRENT Auckland 60 RF 0.42965568490758327 R2
RECURRENT Auckland 60 GBM 0.13451076582745974 R2
RECURRENT Auckland 60 LLR -0.006425910586997485 R2
RECURRENT Auckland 60 RLR 0.32284505479147657 R2
t_spatial, t_non_spatial, "seconds" : 1.1920928955078125e-06 573.038670539856 seconds
sorted_percentage_nan_per_column : maxspeed                         3.294118
n                                0.000000
lane_density                     0.000000
streets_per_node_proportion_6    0.000000
streets_per_node_count_6         0.000000
streets_per_node_proportion_5    0.000000
streets_per_node_count_5         0.000000
streets_per_node_proportion_4    0.000000
streets_per_node_count_4         0.000000
streets_per_node_proportion_3    0.000000
streets_per_node_count_3         0.000000
streets_per_node_proportion_2    0.000000
streets_per_node_count_2         0.000000
streets_per_node_proportion_1    0.000000
streets_per_node_count_1         0.000000
mean_lanes                       0.000000
m                                0.000000
betweenness                      0.000000
total_crossings                  0.000000
non_metered_count                0.000000
metered_count                    0.000000
self_loop_proportion             0.000000
circuity_avg                     0.000000
street_length_avg                0.000000
street_segment_count             0.000000
street_length_total              0.000000
streets_per_node_avg             0.000000
edge_length_avg                  0.000000
edge_length_total                0.000000
k_avg                            0.000000
global_betweenness               0.000000
dtype: float64
city, scale, tod, config.shift_tile_marker, X.shape, Y.shape : Auckland 70 [1, 2, 3, 4, 5, 6, 7, 8, 9, 10, 11, 12, 13, 14, 15, 16, 17, 18, 19, 20, 21, 22, 23, 24] 3 (1275, 17) (1275,)
X.shape, Y.shape, "Inside the model-fitting function" : (1275, 17) (1275,) Inside the model-fitting function
Dict: model_trials.best_params_
Key: Value
{'randomforestregressor__max_depth': 10,
 'randomforestregressor__max_features': 'sqrt',
 'randomforestregressor__n_estimators': 500}
Dict: model_trials.best_params_
Key: Value
{'xgbregressor__learning_rate': 0.01,
 'xgbregressor__max_depth': 10,
 'xgbregressor__n_estimators': 200}
Matplotlib is currently using agg, which is a non-GUI backend, so cannot show the figure.
Matplotlib is currently using agg, which is a non-GUI backend, so cannot show the figure.
Matplotlib is currently using agg, which is a non-GUI backend, so cannot show the figure.
config.CONGESTION_TYPE, slugifiedstring, i, key, value : RECURRENT recurrent-auckland-70-1-2-3-4-5-6-7-8-9-10-11-12-13-14-15-16-17-18-19-20-21-22-23-24 0 k_avg -0.0005514731294386147
config.CONGESTION_TYPE, slugifiedstring, i, key, value : RECURRENT recurrent-auckland-70-1-2-3-4-5-6-7-8-9-10-11-12-13-14-15-16-17-18-19-20-21-22-23-24 1 streets_per_node_count_5 -0.0008058288259567125
config.CONGESTION_TYPE, slugifiedstring, i, key, value : RECURRENT recurrent-auckland-70-1-2-3-4-5-6-7-8-9-10-11-12-13-14-15-16-17-18-19-20-21-22-23-24 2 global_betweenness -0.00040243847200973265
config.CONGESTION_TYPE, slugifiedstring, i, key, value : RECURRENT recurrent-auckland-70-1-2-3-4-5-6-7-8-9-10-11-12-13-14-15-16-17-18-19-20-21-22-23-24 3 streets_per_node_avg -0.0006763001988226382
config.CONGESTION_TYPE, slugifiedstring, i, key, value : RECURRENT recurrent-auckland-70-1-2-3-4-5-6-7-8-9-10-11-12-13-14-15-16-17-18-19-20-21-22-23-24 4 circuity_avg -0.00013635842497678241
config.CONGESTION_TYPE, slugifiedstring, i, key, value : RECURRENT recurrent-auckland-70-1-2-3-4-5-6-7-8-9-10-11-12-13-14-15-16-17-18-19-20-21-22-23-24 5 metered_count -0.004255542405095211
config.CONGESTION_TYPE, slugifiedstring, i, key, value : RECURRENT recurrent-auckland-70-1-2-3-4-5-6-7-8-9-10-11-12-13-14-15-16-17-18-19-20-21-22-23-24 6 non_metered_count -0.0010888129321742416
config.CONGESTION_TYPE, slugifiedstring, i, key, value : RECURRENT recurrent-auckland-70-1-2-3-4-5-6-7-8-9-10-11-12-13-14-15-16-17-18-19-20-21-22-23-24 7 total_crossings 0.0025714384107143203
config.CONGESTION_TYPE, slugifiedstring, i, key, value : RECURRENT recurrent-auckland-70-1-2-3-4-5-6-7-8-9-10-11-12-13-14-15-16-17-18-19-20-21-22-23-24 8 betweenness -0.0024463718896138922
config.CONGESTION_TYPE, slugifiedstring, i, key, value : RECURRENT recurrent-auckland-70-1-2-3-4-5-6-7-8-9-10-11-12-13-14-15-16-17-18-19-20-21-22-23-24 9 streets_per_node_count_1 0
config.CONGESTION_TYPE, slugifiedstring, i, key, value : RECURRENT recurrent-auckland-70-1-2-3-4-5-6-7-8-9-10-11-12-13-14-15-16-17-18-19-20-21-22-23-24 10 streets_per_node_count_4 0
config.CONGESTION_TYPE, slugifiedstring, i, key, value : RECURRENT recurrent-auckland-70-1-2-3-4-5-6-7-8-9-10-11-12-13-14-15-16-17-18-19-20-21-22-23-24 11 m -0.0011870397448976778
config.CONGESTION_TYPE, slugifiedstring, i, key, value : RECURRENT recurrent-auckland-70-1-2-3-4-5-6-7-8-9-10-11-12-13-14-15-16-17-18-19-20-21-22-23-24 12 n -0.06383244412241451
config.CONGESTION_TYPE, slugifiedstring, i, key, value : RECURRENT recurrent-auckland-70-1-2-3-4-5-6-7-8-9-10-11-12-13-14-15-16-17-18-19-20-21-22-23-24 13 mean_lanes -0.00018381790268156282
config.CONGESTION_TYPE, slugifiedstring, i, key, value : RECURRENT recurrent-auckland-70-1-2-3-4-5-6-7-8-9-10-11-12-13-14-15-16-17-18-19-20-21-22-23-24 14 streets_per_node_count_3 -0.0005541238995917099
config.CONGESTION_TYPE, slugifiedstring, i, key, value : RECURRENT recurrent-auckland-70-1-2-3-4-5-6-7-8-9-10-11-12-13-14-15-16-17-18-19-20-21-22-23-24 15 streets_per_node_count_2 -0.0007185111797620904
config.CONGESTION_TYPE, slugifiedstring, i, key, value : RECURRENT recurrent-auckland-70-1-2-3-4-5-6-7-8-9-10-11-12-13-14-15-16-17-18-19-20-21-22-23-24 16 streets_per_node_count_6 -0.0007262401175574352
SHAP Values for each feature:
Slug                           Feature Name         Mean Abs SHAP Value
SHAP-- recurrent-auckland-70-1-2-3-4-5-6-7-8-9-10-11-12-13-14-15-16-17-18-19-20-21-22-23-24 k_avg                         0.0105
SHAP-- recurrent-auckland-70-1-2-3-4-5-6-7-8-9-10-11-12-13-14-15-16-17-18-19-20-21-22-23-24 streets_per_node_count_5          0.0315
SHAP-- recurrent-auckland-70-1-2-3-4-5-6-7-8-9-10-11-12-13-14-15-16-17-18-19-20-21-22-23-24 global_betweenness            0.0109
SHAP-- recurrent-auckland-70-1-2-3-4-5-6-7-8-9-10-11-12-13-14-15-16-17-18-19-20-21-22-23-24 streets_per_node_avg          0.0297
SHAP-- recurrent-auckland-70-1-2-3-4-5-6-7-8-9-10-11-12-13-14-15-16-17-18-19-20-21-22-23-24 circuity_avg                  0.0032
SHAP-- recurrent-auckland-70-1-2-3-4-5-6-7-8-9-10-11-12-13-14-15-16-17-18-19-20-21-22-23-24 metered_count                 0.0782
SHAP-- recurrent-auckland-70-1-2-3-4-5-6-7-8-9-10-11-12-13-14-15-16-17-18-19-20-21-22-23-24 non_metered_count             0.0076
SHAP-- recurrent-auckland-70-1-2-3-4-5-6-7-8-9-10-11-12-13-14-15-16-17-18-19-20-21-22-23-24 total_crossings               0.0398
SHAP-- recurrent-auckland-70-1-2-3-4-5-6-7-8-9-10-11-12-13-14-15-16-17-18-19-20-21-22-23-24 betweenness                   0.0138
SHAP-- recurrent-auckland-70-1-2-3-4-5-6-7-8-9-10-11-12-13-14-15-16-17-18-19-20-21-22-23-24 streets_per_node_count_1          0.0000
SHAP-- recurrent-auckland-70-1-2-3-4-5-6-7-8-9-10-11-12-13-14-15-16-17-18-19-20-21-22-23-24 streets_per_node_count_4          0.0000
SHAP-- recurrent-auckland-70-1-2-3-4-5-6-7-8-9-10-11-12-13-14-15-16-17-18-19-20-21-22-23-24 m                             0.0277
SHAP-- recurrent-auckland-70-1-2-3-4-5-6-7-8-9-10-11-12-13-14-15-16-17-18-19-20-21-22-23-24 n                             0.0413
SHAP-- recurrent-auckland-70-1-2-3-4-5-6-7-8-9-10-11-12-13-14-15-16-17-18-19-20-21-22-23-24 mean_lanes                    0.0194
SHAP-- recurrent-auckland-70-1-2-3-4-5-6-7-8-9-10-11-12-13-14-15-16-17-18-19-20-21-22-23-24 streets_per_node_count_3          0.0145
SHAP-- recurrent-auckland-70-1-2-3-4-5-6-7-8-9-10-11-12-13-14-15-16-17-18-19-20-21-22-23-24 streets_per_node_count_2          0.0180
SHAP-- recurrent-auckland-70-1-2-3-4-5-6-7-8-9-10-11-12-13-14-15-16-17-18-19-20-21-22-23-24 streets_per_node_count_6          0.0245
RECURRENT Auckland 70 LR 0.3512659206129002 XpVar
RECURRENT Auckland 70 RF 0.44089615367789436 XpVar
RECURRENT Auckland 70 GBM 0.34487625793250765 XpVar
RECURRENT Auckland 70 LLR 0.0 XpVar
RECURRENT Auckland 70 RLR 0.35195880748141606 XpVar
RECURRENT Auckland 70 LR 0.09589419123366863 MSE
RECURRENT Auckland 70 RF 0.08204209229229573 MSE
RECURRENT Auckland 70 GBM 0.09538600691533443 MSE
RECURRENT Auckland 70 LLR 0.14742716051403057 MSE
RECURRENT Auckland 70 RLR 0.09581085921370074 MSE
RECURRENT Auckland 70 LR 0.3475060790827886 R2
RECURRENT Auckland 70 RF 0.4390281463442162 R2
RECURRENT Auckland 70 GBM 0.34193781293265435 R2
RECURRENT Auckland 70 LLR -0.009190506559649972 R2
RECURRENT Auckland 70 RLR 0.34818556563727965 R2
t_spatial, t_non_spatial, "seconds" : 1.430511474609375e-06 686.134311914444 seconds
sorted_percentage_nan_per_column : maxspeed                         2.783172
n                                0.000000
lane_density                     0.000000
streets_per_node_proportion_6    0.000000
streets_per_node_count_6         0.000000
streets_per_node_proportion_5    0.000000
streets_per_node_count_5         0.000000
streets_per_node_proportion_4    0.000000
streets_per_node_count_4         0.000000
streets_per_node_proportion_3    0.000000
streets_per_node_count_3         0.000000
streets_per_node_proportion_2    0.000000
streets_per_node_count_2         0.000000
streets_per_node_proportion_1    0.000000
streets_per_node_count_1         0.000000
mean_lanes                       0.000000
m                                0.000000
betweenness                      0.000000
total_crossings                  0.000000
non_metered_count                0.000000
metered_count                    0.000000
self_loop_proportion             0.000000
circuity_avg                     0.000000
street_length_avg                0.000000
street_segment_count             0.000000
street_length_total              0.000000
streets_per_node_avg             0.000000
edge_length_avg                  0.000000
edge_length_total                0.000000
k_avg                            0.000000
global_betweenness               0.000000
dtype: float64
city, scale, tod, config.shift_tile_marker, X.shape, Y.shape : Auckland 80 [1, 2, 3, 4, 5, 6, 7, 8, 9, 10, 11, 12, 13, 14, 15, 16, 17, 18, 19, 20, 21, 22, 23, 24] 3 (1545, 17) (1545,)
X.shape, Y.shape, "Inside the model-fitting function" : (1545, 17) (1545,) Inside the model-fitting function
Dict: model_trials.best_params_
Key: Value
{'randomforestregressor__max_depth': 10,
 'randomforestregressor__max_features': 'sqrt',
 'randomforestregressor__n_estimators': 400}
Dict: model_trials.best_params_
Key: Value
{'xgbregressor__learning_rate': 0.01,
 'xgbregressor__max_depth': 10,
 'xgbregressor__n_estimators': 100}
Matplotlib is currently using agg, which is a non-GUI backend, so cannot show the figure.
Matplotlib is currently using agg, which is a non-GUI backend, so cannot show the figure.
Matplotlib is currently using agg, which is a non-GUI backend, so cannot show the figure.
config.CONGESTION_TYPE, slugifiedstring, i, key, value : RECURRENT recurrent-auckland-80-1-2-3-4-5-6-7-8-9-10-11-12-13-14-15-16-17-18-19-20-21-22-23-24 0 k_avg -0.0009022075706534519
config.CONGESTION_TYPE, slugifiedstring, i, key, value : RECURRENT recurrent-auckland-80-1-2-3-4-5-6-7-8-9-10-11-12-13-14-15-16-17-18-19-20-21-22-23-24 1 streets_per_node_count_5 -0.0006435264903003744
config.CONGESTION_TYPE, slugifiedstring, i, key, value : RECURRENT recurrent-auckland-80-1-2-3-4-5-6-7-8-9-10-11-12-13-14-15-16-17-18-19-20-21-22-23-24 2 global_betweenness -0.0005790148069273581
config.CONGESTION_TYPE, slugifiedstring, i, key, value : RECURRENT recurrent-auckland-80-1-2-3-4-5-6-7-8-9-10-11-12-13-14-15-16-17-18-19-20-21-22-23-24 3 streets_per_node_avg -0.000598971177219696
config.CONGESTION_TYPE, slugifiedstring, i, key, value : RECURRENT recurrent-auckland-80-1-2-3-4-5-6-7-8-9-10-11-12-13-14-15-16-17-18-19-20-21-22-23-24 4 circuity_avg -6.158447604427474e-05
config.CONGESTION_TYPE, slugifiedstring, i, key, value : RECURRENT recurrent-auckland-80-1-2-3-4-5-6-7-8-9-10-11-12-13-14-15-16-17-18-19-20-21-22-23-24 5 metered_count -0.00294936690215469
config.CONGESTION_TYPE, slugifiedstring, i, key, value : RECURRENT recurrent-auckland-80-1-2-3-4-5-6-7-8-9-10-11-12-13-14-15-16-17-18-19-20-21-22-23-24 6 non_metered_count -0.0031549094238007467
config.CONGESTION_TYPE, slugifiedstring, i, key, value : RECURRENT recurrent-auckland-80-1-2-3-4-5-6-7-8-9-10-11-12-13-14-15-16-17-18-19-20-21-22-23-24 7 total_crossings 0.004966753052296453
config.CONGESTION_TYPE, slugifiedstring, i, key, value : RECURRENT recurrent-auckland-80-1-2-3-4-5-6-7-8-9-10-11-12-13-14-15-16-17-18-19-20-21-22-23-24 8 betweenness -0.0015043397172805986
config.CONGESTION_TYPE, slugifiedstring, i, key, value : RECURRENT recurrent-auckland-80-1-2-3-4-5-6-7-8-9-10-11-12-13-14-15-16-17-18-19-20-21-22-23-24 9 streets_per_node_count_1 0
config.CONGESTION_TYPE, slugifiedstring, i, key, value : RECURRENT recurrent-auckland-80-1-2-3-4-5-6-7-8-9-10-11-12-13-14-15-16-17-18-19-20-21-22-23-24 10 streets_per_node_count_4 0
config.CONGESTION_TYPE, slugifiedstring, i, key, value : RECURRENT recurrent-auckland-80-1-2-3-4-5-6-7-8-9-10-11-12-13-14-15-16-17-18-19-20-21-22-23-24 11 m -0.0011725186403076756
config.CONGESTION_TYPE, slugifiedstring, i, key, value : RECURRENT recurrent-auckland-80-1-2-3-4-5-6-7-8-9-10-11-12-13-14-15-16-17-18-19-20-21-22-23-24 12 n -0.0019551660419822006
config.CONGESTION_TYPE, slugifiedstring, i, key, value : RECURRENT recurrent-auckland-80-1-2-3-4-5-6-7-8-9-10-11-12-13-14-15-16-17-18-19-20-21-22-23-24 13 mean_lanes -0.00012126168440671461
config.CONGESTION_TYPE, slugifiedstring, i, key, value : RECURRENT recurrent-auckland-80-1-2-3-4-5-6-7-8-9-10-11-12-13-14-15-16-17-18-19-20-21-22-23-24 14 streets_per_node_count_3 -0.0008719896748930381
config.CONGESTION_TYPE, slugifiedstring, i, key, value : RECURRENT recurrent-auckland-80-1-2-3-4-5-6-7-8-9-10-11-12-13-14-15-16-17-18-19-20-21-22-23-24 15 streets_per_node_count_2 -0.00028075029751685856
config.CONGESTION_TYPE, slugifiedstring, i, key, value : RECURRENT recurrent-auckland-80-1-2-3-4-5-6-7-8-9-10-11-12-13-14-15-16-17-18-19-20-21-22-23-24 16 streets_per_node_count_6 -0.0006019052866032618
SHAP Values for each feature:
Slug                           Feature Name         Mean Abs SHAP Value
SHAP-- recurrent-auckland-80-1-2-3-4-5-6-7-8-9-10-11-12-13-14-15-16-17-18-19-20-21-22-23-24 k_avg                         0.0088
SHAP-- recurrent-auckland-80-1-2-3-4-5-6-7-8-9-10-11-12-13-14-15-16-17-18-19-20-21-22-23-24 streets_per_node_count_5          0.0316
SHAP-- recurrent-auckland-80-1-2-3-4-5-6-7-8-9-10-11-12-13-14-15-16-17-18-19-20-21-22-23-24 global_betweenness            0.0110
SHAP-- recurrent-auckland-80-1-2-3-4-5-6-7-8-9-10-11-12-13-14-15-16-17-18-19-20-21-22-23-24 streets_per_node_avg          0.0264
SHAP-- recurrent-auckland-80-1-2-3-4-5-6-7-8-9-10-11-12-13-14-15-16-17-18-19-20-21-22-23-24 circuity_avg                  0.0034
SHAP-- recurrent-auckland-80-1-2-3-4-5-6-7-8-9-10-11-12-13-14-15-16-17-18-19-20-21-22-23-24 metered_count                 0.0686
SHAP-- recurrent-auckland-80-1-2-3-4-5-6-7-8-9-10-11-12-13-14-15-16-17-18-19-20-21-22-23-24 non_metered_count             0.0134
SHAP-- recurrent-auckland-80-1-2-3-4-5-6-7-8-9-10-11-12-13-14-15-16-17-18-19-20-21-22-23-24 total_crossings               0.0560
SHAP-- recurrent-auckland-80-1-2-3-4-5-6-7-8-9-10-11-12-13-14-15-16-17-18-19-20-21-22-23-24 betweenness                   0.0128
SHAP-- recurrent-auckland-80-1-2-3-4-5-6-7-8-9-10-11-12-13-14-15-16-17-18-19-20-21-22-23-24 streets_per_node_count_1          0.0000
SHAP-- recurrent-auckland-80-1-2-3-4-5-6-7-8-9-10-11-12-13-14-15-16-17-18-19-20-21-22-23-24 streets_per_node_count_4          0.0000
SHAP-- recurrent-auckland-80-1-2-3-4-5-6-7-8-9-10-11-12-13-14-15-16-17-18-19-20-21-22-23-24 m                             0.0216
SHAP-- recurrent-auckland-80-1-2-3-4-5-6-7-8-9-10-11-12-13-14-15-16-17-18-19-20-21-22-23-24 n                             0.0250
SHAP-- recurrent-auckland-80-1-2-3-4-5-6-7-8-9-10-11-12-13-14-15-16-17-18-19-20-21-22-23-24 mean_lanes                    0.0141
SHAP-- recurrent-auckland-80-1-2-3-4-5-6-7-8-9-10-11-12-13-14-15-16-17-18-19-20-21-22-23-24 streets_per_node_count_3          0.0337
SHAP-- recurrent-auckland-80-1-2-3-4-5-6-7-8-9-10-11-12-13-14-15-16-17-18-19-20-21-22-23-24 streets_per_node_count_2          0.0137
SHAP-- recurrent-auckland-80-1-2-3-4-5-6-7-8-9-10-11-12-13-14-15-16-17-18-19-20-21-22-23-24 streets_per_node_count_6          0.0305
RECURRENT Auckland 80 LR 0.3009586288493159 XpVar
RECURRENT Auckland 80 RF 0.3678379217573347 XpVar
RECURRENT Auckland 80 GBM 0.27887624283044915 XpVar
RECURRENT Auckland 80 LLR 6.344131569286608e-17 XpVar
RECURRENT Auckland 80 RLR 0.30174621713632316 XpVar
RECURRENT Auckland 80 LR 0.13770562512356901 MSE
RECURRENT Auckland 80 RF 0.12819789256249392 MSE
RECURRENT Auckland 80 GBM 0.1424606501735099 MSE
RECURRENT Auckland 80 LLR 0.18509072440811694 MSE
RECURRENT Auckland 80 RLR 0.13755566586024418 MSE
RECURRENT Auckland 80 LR 0.2951916594386178 R2
RECURRENT Auckland 80 RF 0.36394899202350917 R2
RECURRENT Auckland 80 GBM 0.2730653661627019 R2
RECURRENT Auckland 80 LLR -0.011241626333745116 R2
RECURRENT Auckland 80 RLR 0.29597625171881436 R2
t_spatial, t_non_spatial, "seconds" : 1.1920928955078125e-06 729.837548494339 seconds
sorted_percentage_nan_per_column : maxspeed                         3.693645
n                                0.000000
lane_density                     0.000000
streets_per_node_proportion_6    0.000000
streets_per_node_count_6         0.000000
streets_per_node_proportion_5    0.000000
streets_per_node_count_5         0.000000
streets_per_node_proportion_4    0.000000
streets_per_node_count_4         0.000000
streets_per_node_proportion_3    0.000000
streets_per_node_count_3         0.000000
streets_per_node_proportion_2    0.000000
streets_per_node_count_2         0.000000
streets_per_node_proportion_1    0.000000
streets_per_node_count_1         0.000000
mean_lanes                       0.000000
m                                0.000000
betweenness                      0.000000
total_crossings                  0.000000
non_metered_count                0.000000
metered_count                    0.000000
self_loop_proportion             0.000000
circuity_avg                     0.000000
street_length_avg                0.000000
street_segment_count             0.000000
street_length_total              0.000000
streets_per_node_avg             0.000000
edge_length_avg                  0.000000
edge_length_total                0.000000
k_avg                            0.000000
global_betweenness               0.000000
dtype: float64
city, scale, tod, config.shift_tile_marker, X.shape, Y.shape : Auckland 90 [1, 2, 3, 4, 5, 6, 7, 8, 9, 10, 11, 12, 13, 14, 15, 16, 17, 18, 19, 20, 21, 22, 23, 24] 3 (1841, 17) (1841,)
X.shape, Y.shape, "Inside the model-fitting function" : (1841, 17) (1841,) Inside the model-fitting function
Dict: model_trials.best_params_
Key: Value
{'randomforestregressor__max_depth': 10,
 'randomforestregressor__max_features': 'sqrt',
 'randomforestregressor__n_estimators': 500}
Dict: model_trials.best_params_
Key: Value
{'xgbregressor__learning_rate': 0.01,
 'xgbregressor__max_depth': 10,
 'xgbregressor__n_estimators': 200}
Matplotlib is currently using agg, which is a non-GUI backend, so cannot show the figure.
Matplotlib is currently using agg, which is a non-GUI backend, so cannot show the figure.
Matplotlib is currently using agg, which is a non-GUI backend, so cannot show the figure.
config.CONGESTION_TYPE, slugifiedstring, i, key, value : RECURRENT recurrent-auckland-90-1-2-3-4-5-6-7-8-9-10-11-12-13-14-15-16-17-18-19-20-21-22-23-24 0 k_avg 0.0018138616780738913
config.CONGESTION_TYPE, slugifiedstring, i, key, value : RECURRENT recurrent-auckland-90-1-2-3-4-5-6-7-8-9-10-11-12-13-14-15-16-17-18-19-20-21-22-23-24 1 streets_per_node_count_5 -0.0009772127139826099
config.CONGESTION_TYPE, slugifiedstring, i, key, value : RECURRENT recurrent-auckland-90-1-2-3-4-5-6-7-8-9-10-11-12-13-14-15-16-17-18-19-20-21-22-23-24 2 global_betweenness -0.009456252925762815
config.CONGESTION_TYPE, slugifiedstring, i, key, value : RECURRENT recurrent-auckland-90-1-2-3-4-5-6-7-8-9-10-11-12-13-14-15-16-17-18-19-20-21-22-23-24 3 streets_per_node_avg -0.0003966786416542943
config.CONGESTION_TYPE, slugifiedstring, i, key, value : RECURRENT recurrent-auckland-90-1-2-3-4-5-6-7-8-9-10-11-12-13-14-15-16-17-18-19-20-21-22-23-24 4 circuity_avg -7.182591153535193e-05
config.CONGESTION_TYPE, slugifiedstring, i, key, value : RECURRENT recurrent-auckland-90-1-2-3-4-5-6-7-8-9-10-11-12-13-14-15-16-17-18-19-20-21-22-23-24 5 metered_count -0.003034422210147464
config.CONGESTION_TYPE, slugifiedstring, i, key, value : RECURRENT recurrent-auckland-90-1-2-3-4-5-6-7-8-9-10-11-12-13-14-15-16-17-18-19-20-21-22-23-24 6 non_metered_count -0.0005462489783805596
config.CONGESTION_TYPE, slugifiedstring, i, key, value : RECURRENT recurrent-auckland-90-1-2-3-4-5-6-7-8-9-10-11-12-13-14-15-16-17-18-19-20-21-22-23-24 7 total_crossings 0.0026026393236022577
config.CONGESTION_TYPE, slugifiedstring, i, key, value : RECURRENT recurrent-auckland-90-1-2-3-4-5-6-7-8-9-10-11-12-13-14-15-16-17-18-19-20-21-22-23-24 8 betweenness -0.0008312158574646283
config.CONGESTION_TYPE, slugifiedstring, i, key, value : RECURRENT recurrent-auckland-90-1-2-3-4-5-6-7-8-9-10-11-12-13-14-15-16-17-18-19-20-21-22-23-24 9 streets_per_node_count_1 0
config.CONGESTION_TYPE, slugifiedstring, i, key, value : RECURRENT recurrent-auckland-90-1-2-3-4-5-6-7-8-9-10-11-12-13-14-15-16-17-18-19-20-21-22-23-24 10 streets_per_node_count_4 0
config.CONGESTION_TYPE, slugifiedstring, i, key, value : RECURRENT recurrent-auckland-90-1-2-3-4-5-6-7-8-9-10-11-12-13-14-15-16-17-18-19-20-21-22-23-24 11 m -0.0008630786812354443
config.CONGESTION_TYPE, slugifiedstring, i, key, value : RECURRENT recurrent-auckland-90-1-2-3-4-5-6-7-8-9-10-11-12-13-14-15-16-17-18-19-20-21-22-23-24 12 n -0.003701476639399153
config.CONGESTION_TYPE, slugifiedstring, i, key, value : RECURRENT recurrent-auckland-90-1-2-3-4-5-6-7-8-9-10-11-12-13-14-15-16-17-18-19-20-21-22-23-24 13 mean_lanes -0.0001330064540519515
config.CONGESTION_TYPE, slugifiedstring, i, key, value : RECURRENT recurrent-auckland-90-1-2-3-4-5-6-7-8-9-10-11-12-13-14-15-16-17-18-19-20-21-22-23-24 14 streets_per_node_count_3 -0.0005663512754833578
config.CONGESTION_TYPE, slugifiedstring, i, key, value : RECURRENT recurrent-auckland-90-1-2-3-4-5-6-7-8-9-10-11-12-13-14-15-16-17-18-19-20-21-22-23-24 15 streets_per_node_count_2 -0.0002654075876008744
config.CONGESTION_TYPE, slugifiedstring, i, key, value : RECURRENT recurrent-auckland-90-1-2-3-4-5-6-7-8-9-10-11-12-13-14-15-16-17-18-19-20-21-22-23-24 16 streets_per_node_count_6 -0.0008647667331165345
SHAP Values for each feature:
Slug                           Feature Name         Mean Abs SHAP Value
SHAP-- recurrent-auckland-90-1-2-3-4-5-6-7-8-9-10-11-12-13-14-15-16-17-18-19-20-21-22-23-24 k_avg                         0.0087
SHAP-- recurrent-auckland-90-1-2-3-4-5-6-7-8-9-10-11-12-13-14-15-16-17-18-19-20-21-22-23-24 streets_per_node_count_5          0.0358
SHAP-- recurrent-auckland-90-1-2-3-4-5-6-7-8-9-10-11-12-13-14-15-16-17-18-19-20-21-22-23-24 global_betweenness            0.0119
SHAP-- recurrent-auckland-90-1-2-3-4-5-6-7-8-9-10-11-12-13-14-15-16-17-18-19-20-21-22-23-24 streets_per_node_avg          0.0226
SHAP-- recurrent-auckland-90-1-2-3-4-5-6-7-8-9-10-11-12-13-14-15-16-17-18-19-20-21-22-23-24 circuity_avg                  0.0040
SHAP-- recurrent-auckland-90-1-2-3-4-5-6-7-8-9-10-11-12-13-14-15-16-17-18-19-20-21-22-23-24 metered_count                 0.0689
SHAP-- recurrent-auckland-90-1-2-3-4-5-6-7-8-9-10-11-12-13-14-15-16-17-18-19-20-21-22-23-24 non_metered_count             0.0073
SHAP-- recurrent-auckland-90-1-2-3-4-5-6-7-8-9-10-11-12-13-14-15-16-17-18-19-20-21-22-23-24 total_crossings               0.0513
SHAP-- recurrent-auckland-90-1-2-3-4-5-6-7-8-9-10-11-12-13-14-15-16-17-18-19-20-21-22-23-24 betweenness                   0.0168
SHAP-- recurrent-auckland-90-1-2-3-4-5-6-7-8-9-10-11-12-13-14-15-16-17-18-19-20-21-22-23-24 streets_per_node_count_1          0.0000
SHAP-- recurrent-auckland-90-1-2-3-4-5-6-7-8-9-10-11-12-13-14-15-16-17-18-19-20-21-22-23-24 streets_per_node_count_4          0.0000
SHAP-- recurrent-auckland-90-1-2-3-4-5-6-7-8-9-10-11-12-13-14-15-16-17-18-19-20-21-22-23-24 m                             0.0251
SHAP-- recurrent-auckland-90-1-2-3-4-5-6-7-8-9-10-11-12-13-14-15-16-17-18-19-20-21-22-23-24 n                             0.0371
SHAP-- recurrent-auckland-90-1-2-3-4-5-6-7-8-9-10-11-12-13-14-15-16-17-18-19-20-21-22-23-24 mean_lanes                    0.0163
SHAP-- recurrent-auckland-90-1-2-3-4-5-6-7-8-9-10-11-12-13-14-15-16-17-18-19-20-21-22-23-24 streets_per_node_count_3          0.0198
SHAP-- recurrent-auckland-90-1-2-3-4-5-6-7-8-9-10-11-12-13-14-15-16-17-18-19-20-21-22-23-24 streets_per_node_count_2          0.0094
SHAP-- recurrent-auckland-90-1-2-3-4-5-6-7-8-9-10-11-12-13-14-15-16-17-18-19-20-21-22-23-24 streets_per_node_count_6          0.0341
RECURRENT Auckland 90 LR 0.30177287023572624 XpVar
RECURRENT Auckland 90 RF 0.39916480010041994 XpVar
RECURRENT Auckland 90 GBM 0.3353752544465532 XpVar
RECURRENT Auckland 90 LLR 1.586032892321652e-17 XpVar
RECURRENT Auckland 90 RLR 0.3023507525484255 XpVar
RECURRENT Auckland 90 LR 0.11676820346836014 MSE
RECURRENT Auckland 90 RF 0.10186965989303005 MSE
RECURRENT Auckland 90 GBM 0.11112460421608475 MSE
RECURRENT Auckland 90 LLR 0.16582296527251636 MSE
RECURRENT Auckland 90 RLR 0.11667485502470118 MSE
RECURRENT Auckland 90 LR 0.29986025356126594 R2
RECURRENT Auckland 90 RF 0.39743307456504606 R2
RECURRENT Auckland 90 GBM 0.33283399567393473 R2
RECURRENT Auckland 90 LLR -0.005674472558480114 R2
RECURRENT Auckland 90 RLR 0.3004374665195207 R2
t_spatial, t_non_spatial, "seconds" : 1.6689300537109375e-06 862.2699191570282 seconds
sorted_percentage_nan_per_column : maxspeed                         2.371542
n                                0.000000
lane_density                     0.000000
streets_per_node_proportion_6    0.000000
streets_per_node_count_6         0.000000
streets_per_node_proportion_5    0.000000
streets_per_node_count_5         0.000000
streets_per_node_proportion_4    0.000000
streets_per_node_count_4         0.000000
streets_per_node_proportion_3    0.000000
streets_per_node_count_3         0.000000
streets_per_node_proportion_2    0.000000
streets_per_node_count_2         0.000000
streets_per_node_proportion_1    0.000000
streets_per_node_count_1         0.000000
mean_lanes                       0.000000
m                                0.000000
betweenness                      0.000000
total_crossings                  0.000000
non_metered_count                0.000000
metered_count                    0.000000
self_loop_proportion             0.000000
circuity_avg                     0.000000
street_length_avg                0.000000
street_segment_count             0.000000
street_length_total              0.000000
streets_per_node_avg             0.000000
edge_length_avg                  0.000000
edge_length_total                0.000000
k_avg                            0.000000
global_betweenness               0.000000
dtype: float64
city, scale, tod, config.shift_tile_marker, X.shape, Y.shape : Auckland 25 [1, 2, 3, 4, 5, 6, 7, 8, 9, 10, 11, 12, 13, 14, 15, 16, 17, 18, 19, 20, 21, 22, 23, 24] 3 (253, 17) (253,)
X.shape, Y.shape, "Inside the model-fitting function" : (253, 17) (253,) Inside the model-fitting function
Dict: model_trials.best_params_
Key: Value
{'randomforestregressor__max_depth': 20,
 'randomforestregressor__max_features': 'sqrt',
 'randomforestregressor__n_estimators': 100}
Dict: model_trials.best_params_
Key: Value
{'xgbregressor__learning_rate': 0.01,
 'xgbregressor__max_depth': 20,
 'xgbregressor__n_estimators': 300}
Matplotlib is currently using agg, which is a non-GUI backend, so cannot show the figure.
Matplotlib is currently using agg, which is a non-GUI backend, so cannot show the figure.
Matplotlib is currently using agg, which is a non-GUI backend, so cannot show the figure.
config.CONGESTION_TYPE, slugifiedstring, i, key, value : RECURRENT recurrent-auckland-25-1-2-3-4-5-6-7-8-9-10-11-12-13-14-15-16-17-18-19-20-21-22-23-24 0 k_avg -0.0024766934169766076
config.CONGESTION_TYPE, slugifiedstring, i, key, value : RECURRENT recurrent-auckland-25-1-2-3-4-5-6-7-8-9-10-11-12-13-14-15-16-17-18-19-20-21-22-23-24 1 streets_per_node_count_5 -0.0013119689592102223
config.CONGESTION_TYPE, slugifiedstring, i, key, value : RECURRENT recurrent-auckland-25-1-2-3-4-5-6-7-8-9-10-11-12-13-14-15-16-17-18-19-20-21-22-23-24 2 global_betweenness -0.003636048167525458
config.CONGESTION_TYPE, slugifiedstring, i, key, value : RECURRENT recurrent-auckland-25-1-2-3-4-5-6-7-8-9-10-11-12-13-14-15-16-17-18-19-20-21-22-23-24 3 streets_per_node_avg -0.002554174231242509
config.CONGESTION_TYPE, slugifiedstring, i, key, value : RECURRENT recurrent-auckland-25-1-2-3-4-5-6-7-8-9-10-11-12-13-14-15-16-17-18-19-20-21-22-23-24 4 circuity_avg -0.00038492101498351707
config.CONGESTION_TYPE, slugifiedstring, i, key, value : RECURRENT recurrent-auckland-25-1-2-3-4-5-6-7-8-9-10-11-12-13-14-15-16-17-18-19-20-21-22-23-24 5 metered_count -0.006426183214473789
config.CONGESTION_TYPE, slugifiedstring, i, key, value : RECURRENT recurrent-auckland-25-1-2-3-4-5-6-7-8-9-10-11-12-13-14-15-16-17-18-19-20-21-22-23-24 6 non_metered_count 0.01554086437019737
config.CONGESTION_TYPE, slugifiedstring, i, key, value : RECURRENT recurrent-auckland-25-1-2-3-4-5-6-7-8-9-10-11-12-13-14-15-16-17-18-19-20-21-22-23-24 7 total_crossings 0.007960554956126947
config.CONGESTION_TYPE, slugifiedstring, i, key, value : RECURRENT recurrent-auckland-25-1-2-3-4-5-6-7-8-9-10-11-12-13-14-15-16-17-18-19-20-21-22-23-24 8 betweenness -0.0011733447869845958
config.CONGESTION_TYPE, slugifiedstring, i, key, value : RECURRENT recurrent-auckland-25-1-2-3-4-5-6-7-8-9-10-11-12-13-14-15-16-17-18-19-20-21-22-23-24 9 streets_per_node_count_1 0
config.CONGESTION_TYPE, slugifiedstring, i, key, value : RECURRENT recurrent-auckland-25-1-2-3-4-5-6-7-8-9-10-11-12-13-14-15-16-17-18-19-20-21-22-23-24 10 streets_per_node_count_4 0
config.CONGESTION_TYPE, slugifiedstring, i, key, value : RECURRENT recurrent-auckland-25-1-2-3-4-5-6-7-8-9-10-11-12-13-14-15-16-17-18-19-20-21-22-23-24 11 m -0.0005064713836070095
config.CONGESTION_TYPE, slugifiedstring, i, key, value : RECURRENT recurrent-auckland-25-1-2-3-4-5-6-7-8-9-10-11-12-13-14-15-16-17-18-19-20-21-22-23-24 12 n -0.0005551416266266351
config.CONGESTION_TYPE, slugifiedstring, i, key, value : RECURRENT recurrent-auckland-25-1-2-3-4-5-6-7-8-9-10-11-12-13-14-15-16-17-18-19-20-21-22-23-24 13 mean_lanes -0.0006924700458115271
config.CONGESTION_TYPE, slugifiedstring, i, key, value : RECURRENT recurrent-auckland-25-1-2-3-4-5-6-7-8-9-10-11-12-13-14-15-16-17-18-19-20-21-22-23-24 14 streets_per_node_count_3 -0.0032418175789039453
config.CONGESTION_TYPE, slugifiedstring, i, key, value : RECURRENT recurrent-auckland-25-1-2-3-4-5-6-7-8-9-10-11-12-13-14-15-16-17-18-19-20-21-22-23-24 15 streets_per_node_count_2 -0.001223607183659307
config.CONGESTION_TYPE, slugifiedstring, i, key, value : RECURRENT recurrent-auckland-25-1-2-3-4-5-6-7-8-9-10-11-12-13-14-15-16-17-18-19-20-21-22-23-24 16 streets_per_node_count_6 -0.0045794749873233715
SHAP Values for each feature:
Slug                           Feature Name         Mean Abs SHAP Value
SHAP-- recurrent-auckland-25-1-2-3-4-5-6-7-8-9-10-11-12-13-14-15-16-17-18-19-20-21-22-23-24 k_avg                         0.0091
SHAP-- recurrent-auckland-25-1-2-3-4-5-6-7-8-9-10-11-12-13-14-15-16-17-18-19-20-21-22-23-24 streets_per_node_count_5          0.0164
SHAP-- recurrent-auckland-25-1-2-3-4-5-6-7-8-9-10-11-12-13-14-15-16-17-18-19-20-21-22-23-24 global_betweenness            0.0139
SHAP-- recurrent-auckland-25-1-2-3-4-5-6-7-8-9-10-11-12-13-14-15-16-17-18-19-20-21-22-23-24 streets_per_node_avg          0.0253
SHAP-- recurrent-auckland-25-1-2-3-4-5-6-7-8-9-10-11-12-13-14-15-16-17-18-19-20-21-22-23-24 circuity_avg                  0.0029
SHAP-- recurrent-auckland-25-1-2-3-4-5-6-7-8-9-10-11-12-13-14-15-16-17-18-19-20-21-22-23-24 metered_count                 0.0545
SHAP-- recurrent-auckland-25-1-2-3-4-5-6-7-8-9-10-11-12-13-14-15-16-17-18-19-20-21-22-23-24 non_metered_count             0.0435
SHAP-- recurrent-auckland-25-1-2-3-4-5-6-7-8-9-10-11-12-13-14-15-16-17-18-19-20-21-22-23-24 total_crossings               0.0356
SHAP-- recurrent-auckland-25-1-2-3-4-5-6-7-8-9-10-11-12-13-14-15-16-17-18-19-20-21-22-23-24 betweenness                   0.0141
SHAP-- recurrent-auckland-25-1-2-3-4-5-6-7-8-9-10-11-12-13-14-15-16-17-18-19-20-21-22-23-24 streets_per_node_count_1          0.0000
SHAP-- recurrent-auckland-25-1-2-3-4-5-6-7-8-9-10-11-12-13-14-15-16-17-18-19-20-21-22-23-24 streets_per_node_count_4          0.0000
SHAP-- recurrent-auckland-25-1-2-3-4-5-6-7-8-9-10-11-12-13-14-15-16-17-18-19-20-21-22-23-24 m                             0.0062
SHAP-- recurrent-auckland-25-1-2-3-4-5-6-7-8-9-10-11-12-13-14-15-16-17-18-19-20-21-22-23-24 n                             0.0088
SHAP-- recurrent-auckland-25-1-2-3-4-5-6-7-8-9-10-11-12-13-14-15-16-17-18-19-20-21-22-23-24 mean_lanes                    0.0092
SHAP-- recurrent-auckland-25-1-2-3-4-5-6-7-8-9-10-11-12-13-14-15-16-17-18-19-20-21-22-23-24 streets_per_node_count_3          0.0350
SHAP-- recurrent-auckland-25-1-2-3-4-5-6-7-8-9-10-11-12-13-14-15-16-17-18-19-20-21-22-23-24 streets_per_node_count_2          0.0100
SHAP-- recurrent-auckland-25-1-2-3-4-5-6-7-8-9-10-11-12-13-14-15-16-17-18-19-20-21-22-23-24 streets_per_node_count_6          0.0456
RECURRENT Auckland 25 LR 0.45638522701317524 XpVar
RECURRENT Auckland 25 RF 0.5441510603963203 XpVar
RECURRENT Auckland 25 GBM 0.3995312427041897 XpVar
RECURRENT Auckland 25 LLR 7.930164461608261e-17 XpVar
RECURRENT Auckland 25 RLR 0.46714739334319105 XpVar
RECURRENT Auckland 25 LR 0.06235141918255275 MSE
RECURRENT Auckland 25 RF 0.051387967643541275 MSE
RECURRENT Auckland 25 GBM 0.06889159315732761 MSE
RECURRENT Auckland 25 LLR 0.11530198089470764 MSE
RECURRENT Auckland 25 RLR 0.06158631669251705 MSE
RECURRENT Auckland 25 LR 0.43085654717570215 R2
RECURRENT Auckland 25 RF 0.5265776034125053 R2
RECURRENT Auckland 25 GBM 0.3606338900451001 R2
RECURRENT Auckland 25 LLR -0.0778907190130427 R2
RECURRENT Auckland 25 RLR 0.43833685424761265 R2
t_spatial, t_non_spatial, "seconds" : 9.5367431640625e-07 173.58346009254456 seconds
sorted_percentage_nan_per_column : maxspeed                         3.766234
n                                0.000000
lane_density                     0.000000
streets_per_node_proportion_6    0.000000
streets_per_node_count_6         0.000000
streets_per_node_proportion_5    0.000000
streets_per_node_count_5         0.000000
streets_per_node_proportion_4    0.000000
streets_per_node_count_4         0.000000
streets_per_node_proportion_3    0.000000
streets_per_node_count_3         0.000000
streets_per_node_proportion_2    0.000000
streets_per_node_count_2         0.000000
streets_per_node_proportion_1    0.000000
streets_per_node_count_1         0.000000
mean_lanes                       0.000000
m                                0.000000
betweenness                      0.000000
total_crossings                  0.000000
non_metered_count                0.000000
metered_count                    0.000000
self_loop_proportion             0.000000
circuity_avg                     0.000000
street_length_avg                0.000000
street_segment_count             0.000000
street_length_total              0.000000
streets_per_node_avg             0.000000
edge_length_avg                  0.000000
edge_length_total                0.000000
k_avg                            0.000000
global_betweenness               0.000000
dtype: float64
city, scale, tod, config.shift_tile_marker, X.shape, Y.shape : Auckland 50 [1, 2, 3, 4, 5, 6, 7, 8, 9, 10, 11, 12, 13, 14, 15, 16, 17, 18, 19, 20, 21, 22, 23, 24] 3 (770, 17) (770,)
X.shape, Y.shape, "Inside the model-fitting function" : (770, 17) (770,) Inside the model-fitting function
Dict: model_trials.best_params_
Key: Value
{'randomforestregressor__max_depth': 10,
 'randomforestregressor__max_features': 'sqrt',
 'randomforestregressor__n_estimators': 400}
Dict: model_trials.best_params_
Key: Value
{'xgbregressor__learning_rate': 0.01,
 'xgbregressor__max_depth': 10,
 'xgbregressor__n_estimators': 200}
Matplotlib is currently using agg, which is a non-GUI backend, so cannot show the figure.
Matplotlib is currently using agg, which is a non-GUI backend, so cannot show the figure.
Matplotlib is currently using agg, which is a non-GUI backend, so cannot show the figure.
config.CONGESTION_TYPE, slugifiedstring, i, key, value : RECURRENT recurrent-auckland-50-1-2-3-4-5-6-7-8-9-10-11-12-13-14-15-16-17-18-19-20-21-22-23-24 0 k_avg -0.0015316474926361325
config.CONGESTION_TYPE, slugifiedstring, i, key, value : RECURRENT recurrent-auckland-50-1-2-3-4-5-6-7-8-9-10-11-12-13-14-15-16-17-18-19-20-21-22-23-24 1 streets_per_node_count_5 -0.0004913070022193502
config.CONGESTION_TYPE, slugifiedstring, i, key, value : RECURRENT recurrent-auckland-50-1-2-3-4-5-6-7-8-9-10-11-12-13-14-15-16-17-18-19-20-21-22-23-24 2 global_betweenness -0.0005999064959885556
config.CONGESTION_TYPE, slugifiedstring, i, key, value : RECURRENT recurrent-auckland-50-1-2-3-4-5-6-7-8-9-10-11-12-13-14-15-16-17-18-19-20-21-22-23-24 3 streets_per_node_avg -0.0005830953741151456
config.CONGESTION_TYPE, slugifiedstring, i, key, value : RECURRENT recurrent-auckland-50-1-2-3-4-5-6-7-8-9-10-11-12-13-14-15-16-17-18-19-20-21-22-23-24 4 circuity_avg -0.00023993466289393183
config.CONGESTION_TYPE, slugifiedstring, i, key, value : RECURRENT recurrent-auckland-50-1-2-3-4-5-6-7-8-9-10-11-12-13-14-15-16-17-18-19-20-21-22-23-24 5 metered_count -0.007054527349071892
config.CONGESTION_TYPE, slugifiedstring, i, key, value : RECURRENT recurrent-auckland-50-1-2-3-4-5-6-7-8-9-10-11-12-13-14-15-16-17-18-19-20-21-22-23-24 6 non_metered_count -0.04632899247761184
config.CONGESTION_TYPE, slugifiedstring, i, key, value : RECURRENT recurrent-auckland-50-1-2-3-4-5-6-7-8-9-10-11-12-13-14-15-16-17-18-19-20-21-22-23-24 7 total_crossings 0.010548159824395671
config.CONGESTION_TYPE, slugifiedstring, i, key, value : RECURRENT recurrent-auckland-50-1-2-3-4-5-6-7-8-9-10-11-12-13-14-15-16-17-18-19-20-21-22-23-24 8 betweenness 0.0031671623338406125
config.CONGESTION_TYPE, slugifiedstring, i, key, value : RECURRENT recurrent-auckland-50-1-2-3-4-5-6-7-8-9-10-11-12-13-14-15-16-17-18-19-20-21-22-23-24 9 streets_per_node_count_1 0
config.CONGESTION_TYPE, slugifiedstring, i, key, value : RECURRENT recurrent-auckland-50-1-2-3-4-5-6-7-8-9-10-11-12-13-14-15-16-17-18-19-20-21-22-23-24 10 streets_per_node_count_4 0
config.CONGESTION_TYPE, slugifiedstring, i, key, value : RECURRENT recurrent-auckland-50-1-2-3-4-5-6-7-8-9-10-11-12-13-14-15-16-17-18-19-20-21-22-23-24 11 m -0.0005276968560203146
config.CONGESTION_TYPE, slugifiedstring, i, key, value : RECURRENT recurrent-auckland-50-1-2-3-4-5-6-7-8-9-10-11-12-13-14-15-16-17-18-19-20-21-22-23-24 12 n -0.003534012181929554
config.CONGESTION_TYPE, slugifiedstring, i, key, value : RECURRENT recurrent-auckland-50-1-2-3-4-5-6-7-8-9-10-11-12-13-14-15-16-17-18-19-20-21-22-23-24 13 mean_lanes -0.0002563850938130352
config.CONGESTION_TYPE, slugifiedstring, i, key, value : RECURRENT recurrent-auckland-50-1-2-3-4-5-6-7-8-9-10-11-12-13-14-15-16-17-18-19-20-21-22-23-24 14 streets_per_node_count_3 -0.0012495515171906087
config.CONGESTION_TYPE, slugifiedstring, i, key, value : RECURRENT recurrent-auckland-50-1-2-3-4-5-6-7-8-9-10-11-12-13-14-15-16-17-18-19-20-21-22-23-24 15 streets_per_node_count_2 -0.0006900176870509906
config.CONGESTION_TYPE, slugifiedstring, i, key, value : RECURRENT recurrent-auckland-50-1-2-3-4-5-6-7-8-9-10-11-12-13-14-15-16-17-18-19-20-21-22-23-24 16 streets_per_node_count_6 -0.001299973524546109
SHAP Values for each feature:
Slug                           Feature Name         Mean Abs SHAP Value
SHAP-- recurrent-auckland-50-1-2-3-4-5-6-7-8-9-10-11-12-13-14-15-16-17-18-19-20-21-22-23-24 k_avg                         0.0123
SHAP-- recurrent-auckland-50-1-2-3-4-5-6-7-8-9-10-11-12-13-14-15-16-17-18-19-20-21-22-23-24 streets_per_node_count_5          0.0259
SHAP-- recurrent-auckland-50-1-2-3-4-5-6-7-8-9-10-11-12-13-14-15-16-17-18-19-20-21-22-23-24 global_betweenness            0.0120
SHAP-- recurrent-auckland-50-1-2-3-4-5-6-7-8-9-10-11-12-13-14-15-16-17-18-19-20-21-22-23-24 streets_per_node_avg          0.0192
SHAP-- recurrent-auckland-50-1-2-3-4-5-6-7-8-9-10-11-12-13-14-15-16-17-18-19-20-21-22-23-24 circuity_avg                  0.0034
SHAP-- recurrent-auckland-50-1-2-3-4-5-6-7-8-9-10-11-12-13-14-15-16-17-18-19-20-21-22-23-24 metered_count                 0.0641
SHAP-- recurrent-auckland-50-1-2-3-4-5-6-7-8-9-10-11-12-13-14-15-16-17-18-19-20-21-22-23-24 non_metered_count             0.0313
SHAP-- recurrent-auckland-50-1-2-3-4-5-6-7-8-9-10-11-12-13-14-15-16-17-18-19-20-21-22-23-24 total_crossings               0.0686
SHAP-- recurrent-auckland-50-1-2-3-4-5-6-7-8-9-10-11-12-13-14-15-16-17-18-19-20-21-22-23-24 betweenness                   0.0117
SHAP-- recurrent-auckland-50-1-2-3-4-5-6-7-8-9-10-11-12-13-14-15-16-17-18-19-20-21-22-23-24 streets_per_node_count_1          0.0000
SHAP-- recurrent-auckland-50-1-2-3-4-5-6-7-8-9-10-11-12-13-14-15-16-17-18-19-20-21-22-23-24 streets_per_node_count_4          0.0000
SHAP-- recurrent-auckland-50-1-2-3-4-5-6-7-8-9-10-11-12-13-14-15-16-17-18-19-20-21-22-23-24 m                             0.0138
SHAP-- recurrent-auckland-50-1-2-3-4-5-6-7-8-9-10-11-12-13-14-15-16-17-18-19-20-21-22-23-24 n                             0.0317
SHAP-- recurrent-auckland-50-1-2-3-4-5-6-7-8-9-10-11-12-13-14-15-16-17-18-19-20-21-22-23-24 mean_lanes                    0.0132
SHAP-- recurrent-auckland-50-1-2-3-4-5-6-7-8-9-10-11-12-13-14-15-16-17-18-19-20-21-22-23-24 streets_per_node_count_3          0.0250
SHAP-- recurrent-auckland-50-1-2-3-4-5-6-7-8-9-10-11-12-13-14-15-16-17-18-19-20-21-22-23-24 streets_per_node_count_2          0.0169
SHAP-- recurrent-auckland-50-1-2-3-4-5-6-7-8-9-10-11-12-13-14-15-16-17-18-19-20-21-22-23-24 streets_per_node_count_6          0.0310
RECURRENT Auckland 50 LR 0.29129669588319146 XpVar
RECURRENT Auckland 50 RF 0.41995795876165537 XpVar
RECURRENT Auckland 50 GBM 0.35751094768354613 XpVar
RECURRENT Auckland 50 LLR 1.1102230246251565e-16 XpVar
RECURRENT Auckland 50 RLR 0.29388004770663934 XpVar
RECURRENT Auckland 50 LR 0.1143429679692941 MSE
RECURRENT Auckland 50 RF 0.0941013127562185 MSE
RECURRENT Auckland 50 GBM 0.10211173189523919 MSE
RECURRENT Auckland 50 LLR 0.15744838469831163 MSE
RECURRENT Auckland 50 RLR 0.11390793872664125 MSE
RECURRENT Auckland 50 LR 0.28068063344202515 R2
RECURRENT Auckland 50 RF 0.41505689810127055 R2
RECURRENT Auckland 50 GBM 0.35153637852660025 R2
RECURRENT Auckland 50 LLR -0.02851794485690278 R2
RECURRENT Auckland 50 RLR 0.28312296430683975 R2
t_spatial, t_non_spatial, "seconds" : 1.9073486328125e-06 378.27125215530396 seconds
sorted_percentage_nan_per_column : maxspeed                         3.927069
n                                0.000000
lane_density                     0.000000
streets_per_node_proportion_6    0.000000
streets_per_node_count_6         0.000000
streets_per_node_proportion_5    0.000000
streets_per_node_count_5         0.000000
streets_per_node_proportion_4    0.000000
streets_per_node_count_4         0.000000
streets_per_node_proportion_3    0.000000
streets_per_node_count_3         0.000000
streets_per_node_proportion_2    0.000000
streets_per_node_count_2         0.000000
streets_per_node_proportion_1    0.000000
streets_per_node_count_1         0.000000
mean_lanes                       0.000000
m                                0.000000
betweenness                      0.000000
total_crossings                  0.000000
non_metered_count                0.000000
metered_count                    0.000000
self_loop_proportion             0.000000
circuity_avg                     0.000000
street_length_avg                0.000000
street_segment_count             0.000000
street_length_total              0.000000
streets_per_node_avg             0.000000
edge_length_avg                  0.000000
edge_length_total                0.000000
k_avg                            0.000000
global_betweenness               0.000000
dtype: float64
city, scale, tod, config.shift_tile_marker, X.shape, Y.shape : Auckland 100 [1, 2, 3, 4, 5, 6, 7, 8, 9, 10, 11, 12, 13, 14, 15, 16, 17, 18, 19, 20, 21, 22, 23, 24] 3 (2139, 17) (2139,)
X.shape, Y.shape, "Inside the model-fitting function" : (2139, 17) (2139,) Inside the model-fitting function
Dict: model_trials.best_params_
Key: Value
{'randomforestregressor__max_depth': 10,
 'randomforestregressor__max_features': 'sqrt',
 'randomforestregressor__n_estimators': 200}
Dict: model_trials.best_params_
Key: Value
{'xgbregressor__learning_rate': 0.001,
 'xgbregressor__max_depth': 10,
 'xgbregressor__n_estimators': 1000}
Matplotlib is currently using agg, which is a non-GUI backend, so cannot show the figure.
config.CONGESTION_TYPE, slugifiedstring, i, key, value : RECURRENT recurrent-auckland-100-1-2-3-4-5-6-7-8-9-10-11-12-13-14-15-16-17-18-19-20-21-22-23-24 0 k_avg -0.0005553839733466734
config.CONGESTION_TYPE, slugifiedstring, i, key, value : RECURRENT recurrent-auckland-100-1-2-3-4-5-6-7-8-9-10-11-12-13-14-15-16-17-18-19-20-21-22-23-24 1 streets_per_node_count_5 -0.0005651395041307692
config.CONGESTION_TYPE, slugifiedstring, i, key, value : RECURRENT recurrent-auckland-100-1-2-3-4-5-6-7-8-9-10-11-12-13-14-15-16-17-18-19-20-21-22-23-24 2 global_betweenness -0.004024866876036702
config.CONGESTION_TYPE, slugifiedstring, i, key, value : RECURRENT recurrent-auckland-100-1-2-3-4-5-6-7-8-9-10-11-12-13-14-15-16-17-18-19-20-21-22-23-24 3 streets_per_node_avg -0.00036517312675326126
config.CONGESTION_TYPE, slugifiedstring, i, key, value : RECURRENT recurrent-auckland-100-1-2-3-4-5-6-7-8-9-10-11-12-13-14-15-16-17-18-19-20-21-22-23-24 4 circuity_avg -0.0003873954439733725
config.CONGESTION_TYPE, slugifiedstring, i, key, value : RECURRENT recurrent-auckland-100-1-2-3-4-5-6-7-8-9-10-11-12-13-14-15-16-17-18-19-20-21-22-23-24 5 metered_count -0.0036584077513475443
config.CONGESTION_TYPE, slugifiedstring, i, key, value : RECURRENT recurrent-auckland-100-1-2-3-4-5-6-7-8-9-10-11-12-13-14-15-16-17-18-19-20-21-22-23-24 6 non_metered_count -0.011499525908551647
config.CONGESTION_TYPE, slugifiedstring, i, key, value : RECURRENT recurrent-auckland-100-1-2-3-4-5-6-7-8-9-10-11-12-13-14-15-16-17-18-19-20-21-22-23-24 7 total_crossings 0.0020077759901403446
config.CONGESTION_TYPE, slugifiedstring, i, key, value : RECURRENT recurrent-auckland-100-1-2-3-4-5-6-7-8-9-10-11-12-13-14-15-16-17-18-19-20-21-22-23-24 8 betweenness -0.0007454090874702393
config.CONGESTION_TYPE, slugifiedstring, i, key, value : RECURRENT recurrent-auckland-100-1-2-3-4-5-6-7-8-9-10-11-12-13-14-15-16-17-18-19-20-21-22-23-24 9 streets_per_node_count_1 0
config.CONGESTION_TYPE, slugifiedstring, i, key, value : RECURRENT recurrent-auckland-100-1-2-3-4-5-6-7-8-9-10-11-12-13-14-15-16-17-18-19-20-21-22-23-24 10 streets_per_node_count_4 0
config.CONGESTION_TYPE, slugifiedstring, i, key, value : RECURRENT recurrent-auckland-100-1-2-3-4-5-6-7-8-9-10-11-12-13-14-15-16-17-18-19-20-21-22-23-24 11 m -0.017367309608677526
config.CONGESTION_TYPE, slugifiedstring, i, key, value : RECURRENT recurrent-auckland-100-1-2-3-4-5-6-7-8-9-10-11-12-13-14-15-16-17-18-19-20-21-22-23-24 12 n -0.009588059117046731
config.CONGESTION_TYPE, slugifiedstring, i, key, value : RECURRENT recurrent-auckland-100-1-2-3-4-5-6-7-8-9-10-11-12-13-14-15-16-17-18-19-20-21-22-23-24 13 mean_lanes -0.0001027190332923132
config.CONGESTION_TYPE, slugifiedstring, i, key, value : RECURRENT recurrent-auckland-100-1-2-3-4-5-6-7-8-9-10-11-12-13-14-15-16-17-18-19-20-21-22-23-24 14 streets_per_node_count_3 -0.00035280778057940245
config.CONGESTION_TYPE, slugifiedstring, i, key, value : RECURRENT recurrent-auckland-100-1-2-3-4-5-6-7-8-9-10-11-12-13-14-15-16-17-18-19-20-21-22-23-24 15 streets_per_node_count_2 -0.0005329996690210789
config.CONGESTION_TYPE, slugifiedstring, i, key, value : RECURRENT recurrent-auckland-100-1-2-3-4-5-6-7-8-9-10-11-12-13-14-15-16-17-18-19-20-21-22-23-24 16 streets_per_node_count_6 -0.0006406368484075047
SHAP Values for each feature:
Slug                           Feature Name         Mean Abs SHAP Value
SHAP-- recurrent-auckland-100-1-2-3-4-5-6-7-8-9-10-11-12-13-14-15-16-17-18-19-20-21-22-23-24 k_avg                         0.0123
SHAP-- recurrent-auckland-100-1-2-3-4-5-6-7-8-9-10-11-12-13-14-15-16-17-18-19-20-21-22-23-24 streets_per_node_count_5          0.0375
SHAP-- recurrent-auckland-100-1-2-3-4-5-6-7-8-9-10-11-12-13-14-15-16-17-18-19-20-21-22-23-24 global_betweenness            0.0135
SHAP-- recurrent-auckland-100-1-2-3-4-5-6-7-8-9-10-11-12-13-14-15-16-17-18-19-20-21-22-23-24 streets_per_node_avg          0.0289
SHAP-- recurrent-auckland-100-1-2-3-4-5-6-7-8-9-10-11-12-13-14-15-16-17-18-19-20-21-22-23-24 circuity_avg                  0.0039
SHAP-- recurrent-auckland-100-1-2-3-4-5-6-7-8-9-10-11-12-13-14-15-16-17-18-19-20-21-22-23-24 metered_count                 0.0586
SHAP-- recurrent-auckland-100-1-2-3-4-5-6-7-8-9-10-11-12-13-14-15-16-17-18-19-20-21-22-23-24 non_metered_count             0.0085
SHAP-- recurrent-auckland-100-1-2-3-4-5-6-7-8-9-10-11-12-13-14-15-16-17-18-19-20-21-22-23-24 total_crossings               0.0469
SHAP-- recurrent-auckland-100-1-2-3-4-5-6-7-8-9-10-11-12-13-14-15-16-17-18-19-20-21-22-23-24 betweenness                   0.0143
SHAP-- recurrent-auckland-100-1-2-3-4-5-6-7-8-9-10-11-12-13-14-15-16-17-18-19-20-21-22-23-24 streets_per_node_count_1          0.0000
SHAP-- recurrent-auckland-100-1-2-3-4-5-6-7-8-9-10-11-12-13-14-15-16-17-18-19-20-21-22-23-24 streets_per_node_count_4          0.0000
SHAP-- recurrent-auckland-100-1-2-3-4-5-6-7-8-9-10-11-12-13-14-15-16-17-18-19-20-21-22-23-24 m                             0.0343
SHAP-- recurrent-auckland-100-1-2-3-4-5-6-7-8-9-10-11-12-13-14-15-16-17-18-19-20-21-22-23-24 n                             0.0433
SHAP-- recurrent-auckland-100-1-2-3-4-5-6-7-8-9-10-11-12-13-14-15-16-17-18-19-20-21-22-23-24 mean_lanes                    0.0158
SHAP-- recurrent-auckland-100-1-2-3-4-5-6-7-8-9-10-11-12-13-14-15-16-17-18-19-20-21-22-23-24 streets_per_node_count_3          0.0129
SHAP-- recurrent-auckland-100-1-2-3-4-5-6-7-8-9-10-11-12-13-14-15-16-17-18-19-20-21-22-23-24 streets_per_node_count_2          0.0222
SHAP-- recurrent-auckland-100-1-2-3-4-5-6-7-8-9-10-11-12-13-14-15-16-17-18-19-20-21-22-23-24 streets_per_node_count_6          0.0297
RECURRENT Auckland 100 LR 0.2736862158230438 XpVar
RECURRENT Auckland 100 RF 0.35392009403189045 XpVar
RECURRENT Auckland 100 GBM 0.2830245379582226 XpVar
RECURRENT Auckland 100 LLR 3.172065784643304e-17 XpVar
RECURRENT Auckland 100 RLR 0.2740824591209389 XpVar
RECURRENT Auckland 100 LR 0.12982723081296382 MSE
RECURRENT Auckland 100 RF 0.11826525091332671 MSE
RECURRENT Auckland 100 GBM 0.12966742103912335 MSE
RECURRENT Auckland 100 LLR 0.17385505792601555 MSE
RECURRENT Auckland 100 RLR 0.12975030853903427 MSE
RECURRENT Auckland 100 LR 0.26819135514868936 R2
RECURRENT Auckland 100 RF 0.34848255193226 R2
RECURRENT Auckland 100 GBM 0.2766634947251802 R2
RECURRENT Auckland 100 LLR -0.008857273812732285 R2
RECURRENT Auckland 100 RLR 0.26857258234030196 R2
t_spatial, t_non_spatial, "seconds" : 2.384185791015625e-06 920.2634770870209 seconds

 Complete: python urbanscales/modelling/SHAP_analysis.py

